session_id,timestamp,queue_count,throughput_per_min,data_source
B_20260901,2026-09-01T05:30:00,3,2,SYNTHETIC_DEMO
B_20260901,2026-09-01T05:30:30,3,2,SYNTHETIC_DEMO
B_20260901,2026-09-01T05:31:00,3,3,SYNTHETIC_DEMO
B_20260901,2026-09-01T05:31:30,4,3,SYNTHETIC_DEMO
B_20260901,2026-09-01T05:32:00,2,2,SYNTHETIC_DEMO
B_20260901,2026-09-01T05:32:30,1,2,SYNTHETIC_DEMO
B_20260901,2026-09-01T05:33:00,4,2,SYNTHETIC_DEMO
B_20260901,2026-09-01T05:33:30,3,3,SYNTHETIC_DEMO
B_20260901,2026-09-01T05:34:00,4,3,SYNTHETIC_DEMO
B_20260901,2026-09-01T05:34:30,3,3,SYNTHETIC_DEMO
B_20260901,2026-09-01T05:35:00,3,3,SYNTHETIC_DEMO
B_20260901,2026-09-01T05:35:30,3,2,SYNTHETIC_DEMO
B_20260901,2026-09-01T05:36:00,4,1,SYNTHETIC_DEMO
B_20260901,2026-09-01T05:36:30,5,3,SYNTHETIC_DEMO
B_20260901,2026-09-01T05:37:00,3,3,SYNTHETIC_DEMO
B_20260901,2026-09-01T05:37:30,4,3,SYNTHETIC_DEMO
B_20260901,2026-09-01T05:38:00,3,3,SYNTHETIC_DEMO
B_20260901,2026-09-01T05:38:30,3,3,SYNTHETIC_DEMO
B_20260901,2026-09-01T05:39:00,6,4,SYNTHETIC_DEMO
B_20260901,2026-09-01T05:39:30,4,2,SYNTHETIC_DEMO
B_20260901,2026-09-01T05:40:00,4,3,SYNTHETIC_DEMO
B_20260901,2026-09-01T05:40:30,4,2,SYNTHETIC_DEMO
B_20260901,2026-09-01T05:41:00,6,4,SYNTHETIC_DEMO
B_20260901,2026-09-01T05:41:30,7,4,SYNTHETIC_DEMO
B_20260901,2026-09-01T05:42:00,5,3,SYNTHETIC_DEMO
B_20260901,2026-09-01T05:42:30,6,2,SYNTHETIC_DEMO
B_20260901,2026-09-01T05:43:00,7,4,SYNTHETIC_DEMO
B_20260901,2026-09-01T05:43:30,6,3,SYNTHETIC_DEMO
B_20260901,2026-09-01T05:44:00,5,4,SYNTHETIC_DEMO
B_20260901,2026-09-01T05:44:30,5,3,SYNTHETIC_DEMO
B_20260901,2026-09-01T05:45:00,6,3,SYNTHETIC_DEMO
B_20260901,2026-09-01T05:45:30,5,4,SYNTHETIC_DEMO
B_20260901,2026-09-01T05:46:00,7,4,SYNTHETIC_DEMO
B_20260901,2026-09-01T05:46:30,6,3,SYNTHETIC_DEMO
B_20260901,2026-09-01T05:47:00,5,3,SYNTHETIC_DEMO
B_20260901,2026-09-01T05:47:30,6,3,SYNTHETIC_DEMO
B_20260901,2026-09-01T05:48:00,6,3,SYNTHETIC_DEMO
B_20260901,2026-09-01T05:48:30,6,3,SYNTHETIC_DEMO
B_20260901,2026-09-01T05:49:00,6,2,SYNTHETIC_DEMO
B_20260901,2026-09-01T05:49:30,7,3,SYNTHETIC_DEMO
B_20260901,2026-09-01T05:50:00,8,4,SYNTHETIC_DEMO
B_20260901,2026-09-01T05:50:30,8,4,SYNTHETIC_DEMO
B_20260901,2026-09-01T05:51:00,8,3,SYNTHETIC_DEMO
B_20260901,2026-09-01T05:51:30,8,4,SYNTHETIC_DEMO
B_20260901,2026-09-01T05:52:00,8,4,SYNTHETIC_DEMO
B_20260901,2026-09-01T05:52:30,9,3,SYNTHETIC_DEMO
B_20260901,2026-09-01T05:53:00,8,4,SYNTHETIC_DEMO
B_20260901,2026-09-01T05:53:30,10,4,SYNTHETIC_DEMO
B_20260901,2026-09-01T05:54:00,8,3,SYNTHETIC_DEMO
B_20260901,2026-09-01T05:54:30,9,4,SYNTHETIC_DEMO
B_20260901,2026-09-01T05:55:00,9,4,SYNTHETIC_DEMO
B_20260901,2026-09-01T05:55:30,10,3,SYNTHETIC_DEMO
B_20260901,2026-09-01T05:56:00,10,4,SYNTHETIC_DEMO
B_20260901,2026-09-01T05:56:30,9,4,SYNTHETIC_DEMO
B_20260901,2026-09-01T05:57:00,9,3,SYNTHETIC_DEMO
B_20260901,2026-09-01T05:57:30,9,3,SYNTHETIC_DEMO
B_20260901,2026-09-01T05:58:00,10,4,SYNTHETIC_DEMO
B_20260901,2026-09-01T05:58:30,9,4,SYNTHETIC_DEMO
B_20260901,2026-09-01T05:59:00,8,4,SYNTHETIC_DEMO
B_20260901,2026-09-01T05:59:30,11,3,SYNTHETIC_DEMO
B_20260901,2026-09-01T06:00:00,9,3,SYNTHETIC_DEMO
B_20260901,2026-09-01T06:00:30,9,3,SYNTHETIC_DEMO
B_20260901,2026-09-01T06:01:00,9,3,SYNTHETIC_DEMO
B_20260901,2026-09-01T06:01:30,9,3,SYNTHETIC_DEMO
B_20260901,2026-09-01T06:02:00,10,4,SYNTHETIC_DEMO
B_20260901,2026-09-01T06:02:30,10,4,SYNTHETIC_DEMO
B_20260901,2026-09-01T06:03:00,11,5,SYNTHETIC_DEMO
B_20260901,2026-09-01T06:03:30,10,3,SYNTHETIC_DEMO
B_20260901,2026-09-01T06:04:00,10,4,SYNTHETIC_DEMO
B_20260901,2026-09-01T06:04:30,11,3,SYNTHETIC_DEMO
B_20260901,2026-09-01T06:05:00,12,4,SYNTHETIC_DEMO
B_20260901,2026-09-01T06:05:30,10,4,SYNTHETIC_DEMO
B_20260901,2026-09-01T06:06:00,10,4,SYNTHETIC_DEMO
B_20260901,2026-09-01T06:06:30,11,5,SYNTHETIC_DEMO
B_20260901,2026-09-01T06:07:00,9,4,SYNTHETIC_DEMO
B_20260901,2026-09-01T06:07:30,11,4,SYNTHETIC_DEMO
B_20260901,2026-09-01T06:08:00,10,4,SYNTHETIC_DEMO
B_20260901,2026-09-01T06:08:30,10,4,SYNTHETIC_DEMO
B_20260901,2026-09-01T06:09:00,10,5,SYNTHETIC_DEMO
B_20260901,2026-09-01T06:09:30,11,4,SYNTHETIC_DEMO
B_20260901,2026-09-01T06:10:00,10,5,SYNTHETIC_DEMO
B_20260901,2026-09-01T06:10:30,11,4,SYNTHETIC_DEMO
B_20260901,2026-09-01T06:11:00,10,4,SYNTHETIC_DEMO
B_20260901,2026-09-01T06:11:30,9,4,SYNTHETIC_DEMO
B_20260901,2026-09-01T06:12:00,10,4,SYNTHETIC_DEMO
B_20260901,2026-09-01T06:12:30,12,4,SYNTHETIC_DEMO
B_20260901,2026-09-01T06:13:00,9,4,SYNTHETIC_DEMO
B_20260901,2026-09-01T06:13:30,9,3,SYNTHETIC_DEMO
B_20260901,2026-09-01T06:14:00,10,4,SYNTHETIC_DEMO
B_20260901,2026-09-01T06:14:30,9,3,SYNTHETIC_DEMO
B_20260901,2026-09-01T06:15:00,8,3,SYNTHETIC_DEMO
B_20260901,2026-09-01T06:15:30,8,4,SYNTHETIC_DEMO
B_20260901,2026-09-01T06:16:00,8,4,SYNTHETIC_DEMO
B_20260901,2026-09-01T06:16:30,9,4,SYNTHETIC_DEMO
B_20260901,2026-09-01T06:17:00,6,3,SYNTHETIC_DEMO
B_20260901,2026-09-01T06:17:30,10,4,SYNTHETIC_DEMO
B_20260901,2026-09-01T06:18:00,6,3,SYNTHETIC_DEMO
B_20260901,2026-09-01T06:18:30,8,3,SYNTHETIC_DEMO
B_20260901,2026-09-01T06:19:00,8,3,SYNTHETIC_DEMO
B_20260901,2026-09-01T06:19:30,8,4,SYNTHETIC_DEMO
B_20260901,2026-09-01T06:20:00,7,3,SYNTHETIC_DEMO
B_20260901,2026-09-01T06:20:30,6,3,SYNTHETIC_DEMO
B_20260901,2026-09-01T06:21:00,7,3,SYNTHETIC_DEMO
B_20260901,2026-09-01T06:21:30,7,4,SYNTHETIC_DEMO
B_20260901,2026-09-01T06:22:00,7,4,SYNTHETIC_DEMO
B_20260901,2026-09-01T06:22:30,6,2,SYNTHETIC_DEMO
B_20260901,2026-09-01T06:23:00,6,3,SYNTHETIC_DEMO
B_20260901,2026-09-01T06:23:30,7,4,SYNTHETIC_DEMO
B_20260901,2026-09-01T06:24:00,8,2,SYNTHETIC_DEMO
B_20260901,2026-09-01T06:24:30,6,4,SYNTHETIC_DEMO
B_20260901,2026-09-01T06:25:00,6,2,SYNTHETIC_DEMO
B_20260901,2026-09-01T06:25:30,7,3,SYNTHETIC_DEMO
B_20260901,2026-09-01T06:26:00,6,4,SYNTHETIC_DEMO
B_20260901,2026-09-01T06:26:30,7,4,SYNTHETIC_DEMO
B_20260901,2026-09-01T06:27:00,6,4,SYNTHETIC_DEMO
B_20260901,2026-09-01T06:27:30,5,4,SYNTHETIC_DEMO
B_20260901,2026-09-01T06:28:00,4,3,SYNTHETIC_DEMO
B_20260901,2026-09-01T06:28:30,4,3,SYNTHETIC_DEMO
B_20260901,2026-09-01T06:29:00,6,2,SYNTHETIC_DEMO
B_20260901,2026-09-01T06:29:30,6,3,SYNTHETIC_DEMO
B_20260901,2026-09-01T06:30:00,3,2,SYNTHETIC_DEMO
B_20260901,2026-09-01T06:30:30,4,3,SYNTHETIC_DEMO
B_20260901,2026-09-01T06:31:00,4,2,SYNTHETIC_DEMO
B_20260901,2026-09-01T06:31:30,4,3,SYNTHETIC_DEMO
B_20260901,2026-09-01T06:32:00,4,2,SYNTHETIC_DEMO
B_20260901,2026-09-01T06:32:30,4,3,SYNTHETIC_DEMO
B_20260901,2026-09-01T06:33:00,5,3,SYNTHETIC_DEMO
B_20260901,2026-09-01T06:33:30,3,3,SYNTHETIC_DEMO
B_20260901,2026-09-01T06:34:00,4,3,SYNTHETIC_DEMO
B_20260901,2026-09-01T06:34:30,3,2,SYNTHETIC_DEMO
B_20260901,2026-09-01T06:35:00,5,3,SYNTHETIC_DEMO
B_20260901,2026-09-01T06:35:30,4,2,SYNTHETIC_DEMO
B_20260901,2026-09-01T06:36:00,3,2,SYNTHETIC_DEMO
B_20260901,2026-09-01T06:36:30,3,2,SYNTHETIC_DEMO
B_20260901,2026-09-01T06:37:00,3,3,SYNTHETIC_DEMO
B_20260901,2026-09-01T06:37:30,3,3,SYNTHETIC_DEMO
B_20260901,2026-09-01T06:38:00,3,2,SYNTHETIC_DEMO
B_20260901,2026-09-01T06:38:30,1,3,SYNTHETIC_DEMO
B_20260901,2026-09-01T06:39:00,3,3,SYNTHETIC_DEMO
B_20260901,2026-09-01T06:39:30,3,2,SYNTHETIC_DEMO
B_20260901,2026-09-01T06:40:00,2,2,SYNTHETIC_DEMO
B_20260901,2026-09-01T06:40:30,2,3,SYNTHETIC_DEMO
B_20260901,2026-09-01T06:41:00,3,2,SYNTHETIC_DEMO
B_20260901,2026-09-01T06:41:30,2,3,SYNTHETIC_DEMO
B_20260901,2026-09-01T06:42:00,2,2,SYNTHETIC_DEMO
B_20260901,2026-09-01T06:42:30,3,3,SYNTHETIC_DEMO
B_20260901,2026-09-01T06:43:00,2,1,SYNTHETIC_DEMO
B_20260901,2026-09-01T06:43:30,1,3,SYNTHETIC_DEMO
B_20260901,2026-09-01T06:44:00,1,2,SYNTHETIC_DEMO
B_20260901,2026-09-01T06:44:30,4,2,SYNTHETIC_DEMO
B_20260901,2026-09-01T06:45:00,1,2,SYNTHETIC_DEMO
B_20260901,2026-09-01T06:45:30,1,2,SYNTHETIC_DEMO
B_20260901,2026-09-01T06:46:00,1,2,SYNTHETIC_DEMO
B_20260901,2026-09-01T06:46:30,2,2,SYNTHETIC_DEMO
B_20260901,2026-09-01T06:47:00,2,2,SYNTHETIC_DEMO
B_20260901,2026-09-01T06:47:30,2,3,SYNTHETIC_DEMO
B_20260901,2026-09-01T06:48:00,1,2,SYNTHETIC_DEMO
B_20260901,2026-09-01T06:48:30,1,2,SYNTHETIC_DEMO
B_20260901,2026-09-01T06:49:00,2,2,SYNTHETIC_DEMO
B_20260901,2026-09-01T06:49:30,2,2,SYNTHETIC_DEMO
B_20260901,2026-09-01T06:50:00,1,2,SYNTHETIC_DEMO
B_20260901,2026-09-01T06:50:30,1,3,SYNTHETIC_DEMO
B_20260901,2026-09-01T06:51:00,3,3,SYNTHETIC_DEMO
B_20260901,2026-09-01T06:51:30,0,1,SYNTHETIC_DEMO
B_20260901,2026-09-01T06:52:00,2,2,SYNTHETIC_DEMO
B_20260901,2026-09-01T06:52:30,2,3,SYNTHETIC_DEMO
B_20260901,2026-09-01T06:53:00,1,1,SYNTHETIC_DEMO
B_20260901,2026-09-01T06:53:30,1,2,SYNTHETIC_DEMO
B_20260901,2026-09-01T06:54:00,2,2,SYNTHETIC_DEMO
B_20260901,2026-09-01T06:54:30,3,3,SYNTHETIC_DEMO
B_20260901,2026-09-01T06:55:00,0,2,SYNTHETIC_DEMO
B_20260901,2026-09-01T06:55:30,1,1,SYNTHETIC_DEMO
B_20260901,2026-09-01T06:56:00,1,2,SYNTHETIC_DEMO
B_20260901,2026-09-01T06:56:30,0,2,SYNTHETIC_DEMO
B_20260901,2026-09-01T06:57:00,1,3,SYNTHETIC_DEMO
B_20260901,2026-09-01T06:57:30,1,2,SYNTHETIC_DEMO
B_20260901,2026-09-01T06:58:00,0,1,SYNTHETIC_DEMO
B_20260901,2026-09-01T06:58:30,1,2,SYNTHETIC_DEMO
B_20260901,2026-09-01T06:59:00,0,2,SYNTHETIC_DEMO
B_20260901,2026-09-01T06:59:30,1,2,SYNTHETIC_DEMO
B_20260901,2026-09-01T07:00:00,0,2,SYNTHETIC_DEMO
B_20260901,2026-09-01T07:00:30,0,2,SYNTHETIC_DEMO
B_20260901,2026-09-01T07:01:00,2,2,SYNTHETIC_DEMO
B_20260901,2026-09-01T07:01:30,2,2,SYNTHETIC_DEMO
B_20260901,2026-09-01T07:02:00,0,2,SYNTHETIC_DEMO
B_20260901,2026-09-01T07:02:30,2,3,SYNTHETIC_DEMO
B_20260901,2026-09-01T07:03:00,1,3,SYNTHETIC_DEMO
B_20260901,2026-09-01T07:03:30,2,2,SYNTHETIC_DEMO
B_20260901,2026-09-01T07:04:00,0,2,SYNTHETIC_DEMO
B_20260901,2026-09-01T07:04:30,1,2,SYNTHETIC_DEMO
B_20260901,2026-09-01T07:05:00,1,2,SYNTHETIC_DEMO
B_20260901,2026-09-01T07:05:30,2,3,SYNTHETIC_DEMO
B_20260901,2026-09-01T07:06:00,2,3,SYNTHETIC_DEMO
B_20260901,2026-09-01T07:06:30,1,2,SYNTHETIC_DEMO
B_20260901,2026-09-01T07:07:00,2,3,SYNTHETIC_DEMO
B_20260901,2026-09-01T07:07:30,0,2,SYNTHETIC_DEMO
B_20260901,2026-09-01T07:08:00,4,3,SYNTHETIC_DEMO
B_20260901,2026-09-01T07:08:30,2,2,SYNTHETIC_DEMO
B_20260901,2026-09-01T07:09:00,2,3,SYNTHETIC_DEMO
B_20260901,2026-09-01T07:09:30,0,1,SYNTHETIC_DEMO
B_20260901,2026-09-01T07:10:00,2,3,SYNTHETIC_DEMO
B_20260901,2026-09-01T07:10:30,0,2,SYNTHETIC_DEMO
B_20260901,2026-09-01T07:11:00,1,3,SYNTHETIC_DEMO
B_20260901,2026-09-01T07:11:30,2,2,SYNTHETIC_DEMO
B_20260901,2026-09-01T07:12:00,1,2,SYNTHETIC_DEMO
B_20260901,2026-09-01T07:12:30,2,2,SYNTHETIC_DEMO
B_20260901,2026-09-01T07:13:00,2,1,SYNTHETIC_DEMO
B_20260901,2026-09-01T07:13:30,1,2,SYNTHETIC_DEMO
B_20260901,2026-09-01T07:14:00,2,1,SYNTHETIC_DEMO
B_20260901,2026-09-01T07:14:30,1,2,SYNTHETIC_DEMO
B_20260901,2026-09-01T07:15:00,1,2,SYNTHETIC_DEMO
B_20260901,2026-09-01T07:15:30,0,1,SYNTHETIC_DEMO
B_20260901,2026-09-01T07:16:00,0,2,SYNTHETIC_DEMO
B_20260901,2026-09-01T07:16:30,2,3,SYNTHETIC_DEMO
B_20260901,2026-09-01T07:17:00,2,2,SYNTHETIC_DEMO
B_20260901,2026-09-01T07:17:30,1,2,SYNTHETIC_DEMO
B_20260901,2026-09-01T07:18:00,1,1,SYNTHETIC_DEMO
B_20260901,2026-09-01T07:18:30,1,2,SYNTHETIC_DEMO
B_20260901,2026-09-01T07:19:00,0,2,SYNTHETIC_DEMO
B_20260901,2026-09-01T07:19:30,3,3,SYNTHETIC_DEMO
B_20260901,2026-09-01T07:20:00,0,2,SYNTHETIC_DEMO
B_20260901,2026-09-01T07:20:30,1,3,SYNTHETIC_DEMO
B_20260901,2026-09-01T07:21:00,1,2,SYNTHETIC_DEMO
B_20260901,2026-09-01T07:21:30,1,3,SYNTHETIC_DEMO
B_20260901,2026-09-01T07:22:00,0,2,SYNTHETIC_DEMO
B_20260901,2026-09-01T07:22:30,1,2,SYNTHETIC_DEMO
B_20260901,2026-09-01T07:23:00,1,2,SYNTHETIC_DEMO
B_20260901,2026-09-01T07:23:30,1,1,SYNTHETIC_DEMO
B_20260901,2026-09-01T07:24:00,1,3,SYNTHETIC_DEMO
B_20260901,2026-09-01T07:24:30,1,2,SYNTHETIC_DEMO
B_20260901,2026-09-01T07:25:00,1,2,SYNTHETIC_DEMO
B_20260901,2026-09-01T07:25:30,2,2,SYNTHETIC_DEMO
B_20260901,2026-09-01T07:26:00,1,2,SYNTHETIC_DEMO
B_20260901,2026-09-01T07:26:30,0,3,SYNTHETIC_DEMO
B_20260901,2026-09-01T07:27:00,2,3,SYNTHETIC_DEMO
B_20260901,2026-09-01T07:27:30,2,2,SYNTHETIC_DEMO
B_20260901,2026-09-01T07:28:00,1,2,SYNTHETIC_DEMO
B_20260901,2026-09-01T07:28:30,2,1,SYNTHETIC_DEMO
B_20260901,2026-09-01T07:29:00,0,2,SYNTHETIC_DEMO
B_20260901,2026-09-01T07:29:30,0,2,SYNTHETIC_DEMO
L_20260901,2026-09-01T11:30:00,6,4,SYNTHETIC_DEMO
L_20260901,2026-09-01T11:30:30,7,3,SYNTHETIC_DEMO
L_20260901,2026-09-01T11:31:00,8,3,SYNTHETIC_DEMO
L_20260901,2026-09-01T11:31:30,7,4,SYNTHETIC_DEMO
L_20260901,2026-09-01T11:32:00,7,3,SYNTHETIC_DEMO
L_20260901,2026-09-01T11:32:30,8,4,SYNTHETIC_DEMO
L_20260901,2026-09-01T11:33:00,9,3,SYNTHETIC_DEMO
L_20260901,2026-09-01T11:33:30,8,3,SYNTHETIC_DEMO
L_20260901,2026-09-01T11:34:00,11,5,SYNTHETIC_DEMO
L_20260901,2026-09-01T11:34:30,9,3,SYNTHETIC_DEMO
L_20260901,2026-09-01T11:35:00,11,4,SYNTHETIC_DEMO
L_20260901,2026-09-01T11:35:30,10,4,SYNTHETIC_DEMO
L_20260901,2026-09-01T11:36:00,10,6,SYNTHETIC_DEMO
L_20260901,2026-09-01T11:36:30,12,5,SYNTHETIC_DEMO
L_20260901,2026-09-01T11:37:00,11,4,SYNTHETIC_DEMO
L_20260901,2026-09-01T11:37:30,12,4,SYNTHETIC_DEMO
L_20260901,2026-09-01T11:38:00,10,4,SYNTHETIC_DEMO
L_20260901,2026-09-01T11:38:30,13,5,SYNTHETIC_DEMO
L_20260901,2026-09-01T11:39:00,11,3,SYNTHETIC_DEMO
L_20260901,2026-09-01T11:39:30,15,5,SYNTHETIC_DEMO
L_20260901,2026-09-01T11:40:00,14,4,SYNTHETIC_DEMO
L_20260901,2026-09-01T11:40:30,13,5,SYNTHETIC_DEMO
L_20260901,2026-09-01T11:41:00,16,5,SYNTHETIC_DEMO
L_20260901,2026-09-01T11:41:30,17,6,SYNTHETIC_DEMO
L_20260901,2026-09-01T11:42:00,17,4,SYNTHETIC_DEMO
L_20260901,2026-09-01T11:42:30,17,5,SYNTHETIC_DEMO
L_20260901,2026-09-01T11:43:00,16,4,SYNTHETIC_DEMO
L_20260901,2026-09-01T11:43:30,17,6,SYNTHETIC_DEMO
L_20260901,2026-09-01T11:44:00,17,5,SYNTHETIC_DEMO
L_20260901,2026-09-01T11:44:30,17,6,SYNTHETIC_DEMO
L_20260901,2026-09-01T11:45:00,18,4,SYNTHETIC_DEMO
L_20260901,2026-09-01T11:45:30,18,6,SYNTHETIC_DEMO
L_20260901,2026-09-01T11:46:00,19,6,SYNTHETIC_DEMO
L_20260901,2026-09-01T11:46:30,20,6,SYNTHETIC_DEMO
L_20260901,2026-09-01T11:47:00,19,6,SYNTHETIC_DEMO
L_20260901,2026-09-01T11:47:30,19,5,SYNTHETIC_DEMO
L_20260901,2026-09-01T11:48:00,20,6,SYNTHETIC_DEMO
L_20260901,2026-09-01T11:48:30,20,5,SYNTHETIC_DEMO
L_20260901,2026-09-01T11:49:00,20,6,SYNTHETIC_DEMO
L_20260901,2026-09-01T11:49:30,20,5,SYNTHETIC_DEMO
L_20260901,2026-09-01T11:50:00,22,6,SYNTHETIC_DEMO
L_20260901,2026-09-01T11:50:30,22,6,SYNTHETIC_DEMO
L_20260901,2026-09-01T11:51:00,21,6,SYNTHETIC_DEMO
L_20260901,2026-09-01T11:51:30,21,5,SYNTHETIC_DEMO
L_20260901,2026-09-01T11:52:00,23,6,SYNTHETIC_DEMO
L_20260901,2026-09-01T11:52:30,22,6,SYNTHETIC_DEMO
L_20260901,2026-09-01T11:53:00,24,7,SYNTHETIC_DEMO
L_20260901,2026-09-01T11:53:30,23,6,SYNTHETIC_DEMO
L_20260901,2026-09-01T11:54:00,22,6,SYNTHETIC_DEMO
L_20260901,2026-09-01T11:54:30,23,6,SYNTHETIC_DEMO
L_20260901,2026-09-01T11:55:00,24,7,SYNTHETIC_DEMO
L_20260901,2026-09-01T11:55:30,25,7,SYNTHETIC_DEMO
L_20260901,2026-09-01T11:56:00,24,6,SYNTHETIC_DEMO
L_20260901,2026-09-01T11:56:30,25,6,SYNTHETIC_DEMO
L_20260901,2026-09-01T11:57:00,26,7,SYNTHETIC_DEMO
L_20260901,2026-09-01T11:57:30,26,7,SYNTHETIC_DEMO
L_20260901,2026-09-01T11:58:00,25,7,SYNTHETIC_DEMO
L_20260901,2026-09-01T11:58:30,23,6,SYNTHETIC_DEMO
L_20260901,2026-09-01T11:59:00,25,6,SYNTHETIC_DEMO
L_20260901,2026-09-01T11:59:30,25,6,SYNTHETIC_DEMO
L_20260901,2026-09-01T12:00:00,25,7,SYNTHETIC_DEMO
L_20260901,2026-09-01T12:00:30,25,6,SYNTHETIC_DEMO
L_20260901,2026-09-01T12:01:00,24,5,SYNTHETIC_DEMO
L_20260901,2026-09-01T12:01:30,25,7,SYNTHETIC_DEMO
L_20260901,2026-09-01T12:02:00,24,7,SYNTHETIC_DEMO
L_20260901,2026-09-01T12:02:30,25,7,SYNTHETIC_DEMO
L_20260901,2026-09-01T12:03:00,24,6,SYNTHETIC_DEMO
L_20260901,2026-09-01T12:03:30,25,7,SYNTHETIC_DEMO
L_20260901,2026-09-01T12:04:00,24,6,SYNTHETIC_DEMO
L_20260901,2026-09-01T12:04:30,23,6,SYNTHETIC_DEMO
L_20260901,2026-09-01T12:05:00,24,5,SYNTHETIC_DEMO
L_20260901,2026-09-01T12:05:30,24,6,SYNTHETIC_DEMO
L_20260901,2026-09-01T12:06:00,22,6,SYNTHETIC_DEMO
L_20260901,2026-09-01T12:06:30,24,7,SYNTHETIC_DEMO
L_20260901,2026-09-01T12:07:00,22,6,SYNTHETIC_DEMO
L_20260901,2026-09-01T12:07:30,23,6,SYNTHETIC_DEMO
L_20260901,2026-09-01T12:08:00,23,6,SYNTHETIC_DEMO
L_20260901,2026-09-01T12:08:30,23,7,SYNTHETIC_DEMO
L_20260901,2026-09-01T12:09:00,21,5,SYNTHETIC_DEMO
L_20260901,2026-09-01T12:09:30,22,6,SYNTHETIC_DEMO
L_20260901,2026-09-01T12:10:00,22,5,SYNTHETIC_DEMO
L_20260901,2026-09-01T12:10:30,20,5,SYNTHETIC_DEMO
L_20260901,2026-09-01T12:11:00,20,5,SYNTHETIC_DEMO
L_20260901,2026-09-01T12:11:30,21,6,SYNTHETIC_DEMO
L_20260901,2026-09-01T12:12:00,22,6,SYNTHETIC_DEMO
L_20260901,2026-09-01T12:12:30,20,5,SYNTHETIC_DEMO
L_20260901,2026-09-01T12:13:00,20,6,SYNTHETIC_DEMO
L_20260901,2026-09-01T12:13:30,19,5,SYNTHETIC_DEMO
L_20260901,2026-09-01T12:14:00,20,6,SYNTHETIC_DEMO
L_20260901,2026-09-01T12:14:30,18,4,SYNTHETIC_DEMO
L_20260901,2026-09-01T12:15:00,17,5,SYNTHETIC_DEMO
L_20260901,2026-09-01T12:15:30,17,5,SYNTHETIC_DEMO
L_20260901,2026-09-01T12:16:00,18,6,SYNTHETIC_DEMO
L_20260901,2026-09-01T12:16:30,16,5,SYNTHETIC_DEMO
L_20260901,2026-09-01T12:17:00,17,6,SYNTHETIC_DEMO
L_20260901,2026-09-01T12:17:30,16,5,SYNTHETIC_DEMO
L_20260901,2026-09-01T12:18:00,15,5,SYNTHETIC_DEMO
L_20260901,2026-09-01T12:18:30,15,5,SYNTHETIC_DEMO
L_20260901,2026-09-01T12:19:00,14,4,SYNTHETIC_DEMO
L_20260901,2026-09-01T12:19:30,14,4,SYNTHETIC_DEMO
L_20260901,2026-09-01T12:20:00,14,4,SYNTHETIC_DEMO
L_20260901,2026-09-01T12:20:30,13,4,SYNTHETIC_DEMO
L_20260901,2026-09-01T12:21:00,15,5,SYNTHETIC_DEMO
L_20260901,2026-09-01T12:21:30,13,5,SYNTHETIC_DEMO
L_20260901,2026-09-01T12:22:00,13,5,SYNTHETIC_DEMO
L_20260901,2026-09-01T12:22:30,10,4,SYNTHETIC_DEMO
L_20260901,2026-09-01T12:23:00,13,5,SYNTHETIC_DEMO
L_20260901,2026-09-01T12:23:30,10,4,SYNTHETIC_DEMO
L_20260901,2026-09-01T12:24:00,12,4,SYNTHETIC_DEMO
L_20260901,2026-09-01T12:24:30,9,3,SYNTHETIC_DEMO
L_20260901,2026-09-01T12:25:00,10,4,SYNTHETIC_DEMO
L_20260901,2026-09-01T12:25:30,9,4,SYNTHETIC_DEMO
L_20260901,2026-09-01T12:26:00,9,3,SYNTHETIC_DEMO
L_20260901,2026-09-01T12:26:30,8,4,SYNTHETIC_DEMO
L_20260901,2026-09-01T12:27:00,9,3,SYNTHETIC_DEMO
L_20260901,2026-09-01T12:27:30,9,4,SYNTHETIC_DEMO
L_20260901,2026-09-01T12:28:00,8,3,SYNTHETIC_DEMO
L_20260901,2026-09-01T12:28:30,6,3,SYNTHETIC_DEMO
L_20260901,2026-09-01T12:29:00,7,4,SYNTHETIC_DEMO
L_20260901,2026-09-01T12:29:30,7,4,SYNTHETIC_DEMO
L_20260901,2026-09-01T12:30:00,8,3,SYNTHETIC_DEMO
L_20260901,2026-09-01T12:30:30,7,3,SYNTHETIC_DEMO
L_20260901,2026-09-01T12:31:00,8,3,SYNTHETIC_DEMO
L_20260901,2026-09-01T12:31:30,6,3,SYNTHETIC_DEMO
L_20260901,2026-09-01T12:32:00,7,3,SYNTHETIC_DEMO
L_20260901,2026-09-01T12:32:30,6,3,SYNTHETIC_DEMO
L_20260901,2026-09-01T12:33:00,7,4,SYNTHETIC_DEMO
L_20260901,2026-09-01T12:33:30,6,4,SYNTHETIC_DEMO
L_20260901,2026-09-01T12:34:00,5,3,SYNTHETIC_DEMO
L_20260901,2026-09-01T12:34:30,5,2,SYNTHETIC_DEMO
L_20260901,2026-09-01T12:35:00,5,3,SYNTHETIC_DEMO
L_20260901,2026-09-01T12:35:30,6,3,SYNTHETIC_DEMO
L_20260901,2026-09-01T12:36:00,5,2,SYNTHETIC_DEMO
L_20260901,2026-09-01T12:36:30,3,3,SYNTHETIC_DEMO
L_20260901,2026-09-01T12:37:00,3,3,SYNTHETIC_DEMO
L_20260901,2026-09-01T12:37:30,4,3,SYNTHETIC_DEMO
L_20260901,2026-09-01T12:38:00,4,3,SYNTHETIC_DEMO
L_20260901,2026-09-01T12:38:30,5,4,SYNTHETIC_DEMO
L_20260901,2026-09-01T12:39:00,5,3,SYNTHETIC_DEMO
L_20260901,2026-09-01T12:39:30,2,2,SYNTHETIC_DEMO
L_20260901,2026-09-01T12:40:00,3,2,SYNTHETIC_DEMO
L_20260901,2026-09-01T12:40:30,4,3,SYNTHETIC_DEMO
L_20260901,2026-09-01T12:41:00,3,2,SYNTHETIC_DEMO
L_20260901,2026-09-01T12:41:30,2,3,SYNTHETIC_DEMO
L_20260901,2026-09-01T12:42:00,4,3,SYNTHETIC_DEMO
L_20260901,2026-09-01T12:42:30,3,3,SYNTHETIC_DEMO
L_20260901,2026-09-01T12:43:00,3,2,SYNTHETIC_DEMO
L_20260901,2026-09-01T12:43:30,3,3,SYNTHETIC_DEMO
L_20260901,2026-09-01T12:44:00,2,2,SYNTHETIC_DEMO
L_20260901,2026-09-01T12:44:30,1,2,SYNTHETIC_DEMO
L_20260901,2026-09-01T12:45:00,3,1,SYNTHETIC_DEMO
L_20260901,2026-09-01T12:45:30,1,3,SYNTHETIC_DEMO
L_20260901,2026-09-01T12:46:00,3,3,SYNTHETIC_DEMO
L_20260901,2026-09-01T12:46:30,2,3,SYNTHETIC_DEMO
L_20260901,2026-09-01T12:47:00,2,2,SYNTHETIC_DEMO
L_20260901,2026-09-01T12:47:30,2,3,SYNTHETIC_DEMO
L_20260901,2026-09-01T12:48:00,1,2,SYNTHETIC_DEMO
L_20260901,2026-09-01T12:48:30,3,3,SYNTHETIC_DEMO
L_20260901,2026-09-01T12:49:00,2,3,SYNTHETIC_DEMO
L_20260901,2026-09-01T12:49:30,2,3,SYNTHETIC_DEMO
L_20260901,2026-09-01T12:50:00,1,2,SYNTHETIC_DEMO
L_20260901,2026-09-01T12:50:30,1,2,SYNTHETIC_DEMO
L_20260901,2026-09-01T12:51:00,1,3,SYNTHETIC_DEMO
L_20260901,2026-09-01T12:51:30,1,2,SYNTHETIC_DEMO
L_20260901,2026-09-01T12:52:00,0,2,SYNTHETIC_DEMO
L_20260901,2026-09-01T12:52:30,0,3,SYNTHETIC_DEMO
L_20260901,2026-09-01T12:53:00,1,3,SYNTHETIC_DEMO
L_20260901,2026-09-01T12:53:30,2,3,SYNTHETIC_DEMO
L_20260901,2026-09-01T12:54:00,1,2,SYNTHETIC_DEMO
L_20260901,2026-09-01T12:54:30,0,2,SYNTHETIC_DEMO
L_20260901,2026-09-01T12:55:00,0,2,SYNTHETIC_DEMO
L_20260901,2026-09-01T12:55:30,1,2,SYNTHETIC_DEMO
L_20260901,2026-09-01T12:56:00,1,3,SYNTHETIC_DEMO
L_20260901,2026-09-01T12:56:30,1,2,SYNTHETIC_DEMO
L_20260901,2026-09-01T12:57:00,1,2,SYNTHETIC_DEMO
L_20260901,2026-09-01T12:57:30,1,2,SYNTHETIC_DEMO
L_20260901,2026-09-01T12:58:00,2,2,SYNTHETIC_DEMO
L_20260901,2026-09-01T12:58:30,1,2,SYNTHETIC_DEMO
L_20260901,2026-09-01T12:59:00,1,3,SYNTHETIC_DEMO
L_20260901,2026-09-01T12:59:30,2,3,SYNTHETIC_DEMO
L_20260901,2026-09-01T13:00:00,1,3,SYNTHETIC_DEMO
L_20260901,2026-09-01T13:00:30,2,3,SYNTHETIC_DEMO
L_20260901,2026-09-01T13:01:00,2,2,SYNTHETIC_DEMO
L_20260901,2026-09-01T13:01:30,1,2,SYNTHETIC_DEMO
L_20260901,2026-09-01T13:02:00,0,1,SYNTHETIC_DEMO
L_20260901,2026-09-01T13:02:30,1,2,SYNTHETIC_DEMO
L_20260901,2026-09-01T13:03:00,1,2,SYNTHETIC_DEMO
L_20260901,2026-09-01T13:03:30,0,1,SYNTHETIC_DEMO
L_20260901,2026-09-01T13:04:00,0,1,SYNTHETIC_DEMO
L_20260901,2026-09-01T13:04:30,0,1,SYNTHETIC_DEMO
L_20260901,2026-09-01T13:05:00,0,1,SYNTHETIC_DEMO
L_20260901,2026-09-01T13:05:30,0,3,SYNTHETIC_DEMO
L_20260901,2026-09-01T13:06:00,1,2,SYNTHETIC_DEMO
L_20260901,2026-09-01T13:06:30,2,3,SYNTHETIC_DEMO
L_20260901,2026-09-01T13:07:00,1,1,SYNTHETIC_DEMO
L_20260901,2026-09-01T13:07:30,2,2,SYNTHETIC_DEMO
L_20260901,2026-09-01T13:08:00,1,2,SYNTHETIC_DEMO
L_20260901,2026-09-01T13:08:30,2,2,SYNTHETIC_DEMO
L_20260901,2026-09-01T13:09:00,2,2,SYNTHETIC_DEMO
L_20260901,2026-09-01T13:09:30,1,2,SYNTHETIC_DEMO
L_20260901,2026-09-01T13:10:00,2,2,SYNTHETIC_DEMO
L_20260901,2026-09-01T13:10:30,0,2,SYNTHETIC_DEMO
L_20260901,2026-09-01T13:11:00,2,2,SYNTHETIC_DEMO
L_20260901,2026-09-01T13:11:30,1,2,SYNTHETIC_DEMO
L_20260901,2026-09-01T13:12:00,3,2,SYNTHETIC_DEMO
L_20260901,2026-09-01T13:12:30,1,1,SYNTHETIC_DEMO
L_20260901,2026-09-01T13:13:00,1,3,SYNTHETIC_DEMO
L_20260901,2026-09-01T13:13:30,1,3,SYNTHETIC_DEMO
L_20260901,2026-09-01T13:14:00,1,2,SYNTHETIC_DEMO
L_20260901,2026-09-01T13:14:30,2,3,SYNTHETIC_DEMO
L_20260901,2026-09-01T13:15:00,1,3,SYNTHETIC_DEMO
L_20260901,2026-09-01T13:15:30,1,2,SYNTHETIC_DEMO
L_20260901,2026-09-01T13:16:00,0,3,SYNTHETIC_DEMO
L_20260901,2026-09-01T13:16:30,3,3,SYNTHETIC_DEMO
L_20260901,2026-09-01T13:17:00,1,2,SYNTHETIC_DEMO
L_20260901,2026-09-01T13:17:30,0,2,SYNTHETIC_DEMO
L_20260901,2026-09-01T13:18:00,1,2,SYNTHETIC_DEMO
L_20260901,2026-09-01T13:18:30,0,2,SYNTHETIC_DEMO
L_20260901,2026-09-01T13:19:00,0,3,SYNTHETIC_DEMO
L_20260901,2026-09-01T13:19:30,0,2,SYNTHETIC_DEMO
L_20260901,2026-09-01T13:20:00,1,3,SYNTHETIC_DEMO
L_20260901,2026-09-01T13:20:30,2,1,SYNTHETIC_DEMO
L_20260901,2026-09-01T13:21:00,1,2,SYNTHETIC_DEMO
L_20260901,2026-09-01T13:21:30,0,2,SYNTHETIC_DEMO
L_20260901,2026-09-01T13:22:00,1,2,SYNTHETIC_DEMO
L_20260901,2026-09-01T13:22:30,3,2,SYNTHETIC_DEMO
L_20260901,2026-09-01T13:23:00,2,2,SYNTHETIC_DEMO
L_20260901,2026-09-01T13:23:30,1,1,SYNTHETIC_DEMO
L_20260901,2026-09-01T13:24:00,1,2,SYNTHETIC_DEMO
L_20260901,2026-09-01T13:24:30,1,2,SYNTHETIC_DEMO
L_20260901,2026-09-01T13:25:00,1,1,SYNTHETIC_DEMO
L_20260901,2026-09-01T13:25:30,1,3,SYNTHETIC_DEMO
L_20260901,2026-09-01T13:26:00,0,1,SYNTHETIC_DEMO
L_20260901,2026-09-01T13:26:30,2,3,SYNTHETIC_DEMO
L_20260901,2026-09-01T13:27:00,1,2,SYNTHETIC_DEMO
L_20260901,2026-09-01T13:27:30,1,2,SYNTHETIC_DEMO
L_20260901,2026-09-01T13:28:00,1,2,SYNTHETIC_DEMO
L_20260901,2026-09-01T13:28:30,1,2,SYNTHETIC_DEMO
L_20260901,2026-09-01T13:29:00,1,2,SYNTHETIC_DEMO
L_20260901,2026-09-01T13:29:30,1,3,SYNTHETIC_DEMO
D_20260901,2026-09-01T17:00:00,2,2,SYNTHETIC_DEMO
D_20260901,2026-09-01T17:00:30,4,3,SYNTHETIC_DEMO
D_20260901,2026-09-01T17:01:00,3,3,SYNTHETIC_DEMO
D_20260901,2026-09-01T17:01:30,2,2,SYNTHETIC_DEMO
D_20260901,2026-09-01T17:02:00,1,2,SYNTHETIC_DEMO
D_20260901,2026-09-01T17:02:30,3,2,SYNTHETIC_DEMO
D_20260901,2026-09-01T17:03:00,4,2,SYNTHETIC_DEMO
D_20260901,2026-09-01T17:03:30,3,2,SYNTHETIC_DEMO
D_20260901,2026-09-01T17:04:00,4,3,SYNTHETIC_DEMO
D_20260901,2026-09-01T17:04:30,3,2,SYNTHETIC_DEMO
D_20260901,2026-09-01T17:05:00,2,2,SYNTHETIC_DEMO
D_20260901,2026-09-01T17:05:30,3,3,SYNTHETIC_DEMO
D_20260901,2026-09-01T17:06:00,4,3,SYNTHETIC_DEMO
D_20260901,2026-09-01T17:06:30,4,3,SYNTHETIC_DEMO
D_20260901,2026-09-01T17:07:00,3,3,SYNTHETIC_DEMO
D_20260901,2026-09-01T17:07:30,4,3,SYNTHETIC_DEMO
D_20260901,2026-09-01T17:08:00,4,2,SYNTHETIC_DEMO
D_20260901,2026-09-01T17:08:30,5,3,SYNTHETIC_DEMO
D_20260901,2026-09-01T17:09:00,5,2,SYNTHETIC_DEMO
D_20260901,2026-09-01T17:09:30,5,3,SYNTHETIC_DEMO
D_20260901,2026-09-01T17:10:00,5,3,SYNTHETIC_DEMO
D_20260901,2026-09-01T17:10:30,4,3,SYNTHETIC_DEMO
D_20260901,2026-09-01T17:11:00,4,3,SYNTHETIC_DEMO
D_20260901,2026-09-01T17:11:30,5,3,SYNTHETIC_DEMO
D_20260901,2026-09-01T17:12:00,6,4,SYNTHETIC_DEMO
D_20260901,2026-09-01T17:12:30,6,2,SYNTHETIC_DEMO
D_20260901,2026-09-01T17:13:00,6,3,SYNTHETIC_DEMO
D_20260901,2026-09-01T17:13:30,4,3,SYNTHETIC_DEMO
D_20260901,2026-09-01T17:14:00,5,4,SYNTHETIC_DEMO
D_20260901,2026-09-01T17:14:30,7,4,SYNTHETIC_DEMO
D_20260901,2026-09-01T17:15:00,6,4,SYNTHETIC_DEMO
D_20260901,2026-09-01T17:15:30,5,3,SYNTHETIC_DEMO
D_20260901,2026-09-01T17:16:00,7,4,SYNTHETIC_DEMO
D_20260901,2026-09-01T17:16:30,7,3,SYNTHETIC_DEMO
D_20260901,2026-09-01T17:17:00,9,3,SYNTHETIC_DEMO
D_20260901,2026-09-01T17:17:30,8,5,SYNTHETIC_DEMO
D_20260901,2026-09-01T17:18:00,8,3,SYNTHETIC_DEMO
D_20260901,2026-09-01T17:18:30,8,3,SYNTHETIC_DEMO
D_20260901,2026-09-01T17:19:00,8,3,SYNTHETIC_DEMO
D_20260901,2026-09-01T17:19:30,8,3,SYNTHETIC_DEMO
D_20260901,2026-09-01T17:20:00,7,4,SYNTHETIC_DEMO
D_20260901,2026-09-01T17:20:30,9,4,SYNTHETIC_DEMO
D_20260901,2026-09-01T17:21:00,9,4,SYNTHETIC_DEMO
D_20260901,2026-09-01T17:21:30,7,4,SYNTHETIC_DEMO
D_20260901,2026-09-01T17:22:00,9,3,SYNTHETIC_DEMO
D_20260901,2026-09-01T17:22:30,9,4,SYNTHETIC_DEMO
D_20260901,2026-09-01T17:23:00,11,4,SYNTHETIC_DEMO
D_20260901,2026-09-01T17:23:30,10,5,SYNTHETIC_DEMO
D_20260901,2026-09-01T17:24:00,11,5,SYNTHETIC_DEMO
D_20260901,2026-09-01T17:24:30,9,5,SYNTHETIC_DEMO
D_20260901,2026-09-01T17:25:00,10,4,SYNTHETIC_DEMO
D_20260901,2026-09-01T17:25:30,12,4,SYNTHETIC_DEMO
D_20260901,2026-09-01T17:26:00,11,4,SYNTHETIC_DEMO
D_20260901,2026-09-01T17:26:30,11,4,SYNTHETIC_DEMO
D_20260901,2026-09-01T17:27:00,11,3,SYNTHETIC_DEMO
D_20260901,2026-09-01T17:27:30,11,4,SYNTHETIC_DEMO
D_20260901,2026-09-01T17:28:00,12,4,SYNTHETIC_DEMO
D_20260901,2026-09-01T17:28:30,13,5,SYNTHETIC_DEMO
D_20260901,2026-09-01T17:29:00,11,4,SYNTHETIC_DEMO
D_20260901,2026-09-01T17:29:30,12,4,SYNTHETIC_DEMO
D_20260901,2026-09-01T17:30:00,13,4,SYNTHETIC_DEMO
D_20260901,2026-09-01T17:30:30,13,4,SYNTHETIC_DEMO
D_20260901,2026-09-01T17:31:00,14,4,SYNTHETIC_DEMO
D_20260901,2026-09-01T17:31:30,13,6,SYNTHETIC_DEMO
D_20260901,2026-09-01T17:32:00,13,4,SYNTHETIC_DEMO
D_20260901,2026-09-01T17:32:30,13,4,SYNTHETIC_DEMO
D_20260901,2026-09-01T17:33:00,12,5,SYNTHETIC_DEMO
D_20260901,2026-09-01T17:33:30,14,4,SYNTHETIC_DEMO
D_20260901,2026-09-01T17:34:00,14,4,SYNTHETIC_DEMO
D_20260901,2026-09-01T17:34:30,15,4,SYNTHETIC_DEMO
D_20260901,2026-09-01T17:35:00,14,5,SYNTHETIC_DEMO
D_20260901,2026-09-01T17:35:30,16,5,SYNTHETIC_DEMO
D_20260901,2026-09-01T17:36:00,14,5,SYNTHETIC_DEMO
D_20260901,2026-09-01T17:36:30,14,4,SYNTHETIC_DEMO
D_20260901,2026-09-01T17:37:00,15,5,SYNTHETIC_DEMO
D_20260901,2026-09-01T17:37:30,14,5,SYNTHETIC_DEMO
D_20260901,2026-09-01T17:38:00,15,5,SYNTHETIC_DEMO
D_20260901,2026-09-01T17:38:30,13,4,SYNTHETIC_DEMO
D_20260901,2026-09-01T17:39:00,15,5,SYNTHETIC_DEMO
D_20260901,2026-09-01T17:39:30,15,4,SYNTHETIC_DEMO
D_20260901,2026-09-01T17:40:00,15,5,SYNTHETIC_DEMO
D_20260901,2026-09-01T17:40:30,15,5,SYNTHETIC_DEMO
D_20260901,2026-09-01T17:41:00,14,4,SYNTHETIC_DEMO
D_20260901,2026-09-01T17:41:30,14,5,SYNTHETIC_DEMO
D_20260901,2026-09-01T17:42:00,16,5,SYNTHETIC_DEMO
D_20260901,2026-09-01T17:42:30,15,5,SYNTHETIC_DEMO
D_20260901,2026-09-01T17:43:00,14,5,SYNTHETIC_DEMO
D_20260901,2026-09-01T17:43:30,15,5,SYNTHETIC_DEMO
D_20260901,2026-09-01T17:44:00,15,4,SYNTHETIC_DEMO
D_20260901,2026-09-01T17:44:30,16,5,SYNTHETIC_DEMO
D_20260901,2026-09-01T17:45:00,15,5,SYNTHETIC_DEMO
D_20260901,2026-09-01T17:45:30,14,5,SYNTHETIC_DEMO
D_20260901,2026-09-01T17:46:00,14,5,SYNTHETIC_DEMO
D_20260901,2026-09-01T17:46:30,15,5,SYNTHETIC_DEMO
D_20260901,2026-09-01T17:47:00,14,4,SYNTHETIC_DEMO
D_20260901,2026-09-01T17:47:30,13,5,SYNTHETIC_DEMO
D_20260901,2026-09-01T17:48:00,12,4,SYNTHETIC_DEMO
D_20260901,2026-09-01T17:48:30,13,5,SYNTHETIC_DEMO
D_20260901,2026-09-01T17:49:00,13,5,SYNTHETIC_DEMO
D_20260901,2026-09-01T17:49:30,14,5,SYNTHETIC_DEMO
D_20260901,2026-09-01T17:50:00,14,6,SYNTHETIC_DEMO
D_20260901,2026-09-01T17:50:30,14,4,SYNTHETIC_DEMO
D_20260901,2026-09-01T17:51:00,13,4,SYNTHETIC_DEMO
D_20260901,2026-09-01T17:51:30,13,4,SYNTHETIC_DEMO
D_20260901,2026-09-01T17:52:00,14,4,SYNTHETIC_DEMO
D_20260901,2026-09-01T17:52:30,13,5,SYNTHETIC_DEMO
D_20260901,2026-09-01T17:53:00,13,4,SYNTHETIC_DEMO
D_20260901,2026-09-01T17:53:30,10,4,SYNTHETIC_DEMO
D_20260901,2026-09-01T17:54:00,11,4,SYNTHETIC_DEMO
D_20260901,2026-09-01T17:54:30,10,4,SYNTHETIC_DEMO
D_20260901,2026-09-01T17:55:00,9,3,SYNTHETIC_DEMO
D_20260901,2026-09-01T17:55:30,11,4,SYNTHETIC_DEMO
D_20260901,2026-09-01T17:56:00,11,4,SYNTHETIC_DEMO
D_20260901,2026-09-01T17:56:30,10,4,SYNTHETIC_DEMO
D_20260901,2026-09-01T17:57:00,10,4,SYNTHETIC_DEMO
D_20260901,2026-09-01T17:57:30,9,4,SYNTHETIC_DEMO
D_20260901,2026-09-01T17:58:00,9,3,SYNTHETIC_DEMO
D_20260901,2026-09-01T17:58:30,9,3,SYNTHETIC_DEMO
D_20260901,2026-09-01T17:59:00,8,4,SYNTHETIC_DEMO
D_20260901,2026-09-01T17:59:30,10,4,SYNTHETIC_DEMO
D_20260901,2026-09-01T18:00:00,7,4,SYNTHETIC_DEMO
D_20260901,2026-09-01T18:00:30,8,3,SYNTHETIC_DEMO
D_20260901,2026-09-01T18:01:00,8,3,SYNTHETIC_DEMO
D_20260901,2026-09-01T18:01:30,9,3,SYNTHETIC_DEMO
D_20260901,2026-09-01T18:02:00,8,3,SYNTHETIC_DEMO
D_20260901,2026-09-01T18:02:30,6,3,SYNTHETIC_DEMO
D_20260901,2026-09-01T18:03:00,5,3,SYNTHETIC_DEMO
D_20260901,2026-09-01T18:03:30,6,2,SYNTHETIC_DEMO
D_20260901,2026-09-01T18:04:00,6,3,SYNTHETIC_DEMO
D_20260901,2026-09-01T18:04:30,6,3,SYNTHETIC_DEMO
D_20260901,2026-09-01T18:05:00,6,3,SYNTHETIC_DEMO
D_20260901,2026-09-01T18:05:30,7,4,SYNTHETIC_DEMO
D_20260901,2026-09-01T18:06:00,5,3,SYNTHETIC_DEMO
D_20260901,2026-09-01T18:06:30,4,3,SYNTHETIC_DEMO
D_20260901,2026-09-01T18:07:00,6,4,SYNTHETIC_DEMO
D_20260901,2026-09-01T18:07:30,5,3,SYNTHETIC_DEMO
D_20260901,2026-09-01T18:08:00,5,3,SYNTHETIC_DEMO
D_20260901,2026-09-01T18:08:30,4,3,SYNTHETIC_DEMO
D_20260901,2026-09-01T18:09:00,5,2,SYNTHETIC_DEMO
D_20260901,2026-09-01T18:09:30,6,3,SYNTHETIC_DEMO
D_20260901,2026-09-01T18:10:00,3,3,SYNTHETIC_DEMO
D_20260901,2026-09-01T18:10:30,3,3,SYNTHETIC_DEMO
D_20260901,2026-09-01T18:11:00,5,3,SYNTHETIC_DEMO
D_20260901,2026-09-01T18:11:30,5,2,SYNTHETIC_DEMO
D_20260901,2026-09-01T18:12:00,4,3,SYNTHETIC_DEMO
D_20260901,2026-09-01T18:12:30,3,3,SYNTHETIC_DEMO
D_20260901,2026-09-01T18:13:00,2,2,SYNTHETIC_DEMO
D_20260901,2026-09-01T18:13:30,4,2,SYNTHETIC_DEMO
D_20260901,2026-09-01T18:14:00,2,2,SYNTHETIC_DEMO
D_20260901,2026-09-01T18:14:30,5,2,SYNTHETIC_DEMO
D_20260901,2026-09-01T18:15:00,5,3,SYNTHETIC_DEMO
D_20260901,2026-09-01T18:15:30,3,2,SYNTHETIC_DEMO
D_20260901,2026-09-01T18:16:00,3,2,SYNTHETIC_DEMO
D_20260901,2026-09-01T18:16:30,3,2,SYNTHETIC_DEMO
D_20260901,2026-09-01T18:17:00,4,3,SYNTHETIC_DEMO
D_20260901,2026-09-01T18:17:30,3,3,SYNTHETIC_DEMO
D_20260901,2026-09-01T18:18:00,3,3,SYNTHETIC_DEMO
D_20260901,2026-09-01T18:18:30,3,2,SYNTHETIC_DEMO
D_20260901,2026-09-01T18:19:00,3,2,SYNTHETIC_DEMO
D_20260901,2026-09-01T18:19:30,4,3,SYNTHETIC_DEMO
D_20260901,2026-09-01T18:20:00,1,2,SYNTHETIC_DEMO
D_20260901,2026-09-01T18:20:30,2,2,SYNTHETIC_DEMO
D_20260901,2026-09-01T18:21:00,1,2,SYNTHETIC_DEMO
D_20260901,2026-09-01T18:21:30,3,2,SYNTHETIC_DEMO
D_20260901,2026-09-01T18:22:00,2,2,SYNTHETIC_DEMO
D_20260901,2026-09-01T18:22:30,2,2,SYNTHETIC_DEMO
D_20260901,2026-09-01T18:23:00,1,3,SYNTHETIC_DEMO
D_20260901,2026-09-01T18:23:30,2,2,SYNTHETIC_DEMO
D_20260901,2026-09-01T18:24:00,4,2,SYNTHETIC_DEMO
D_20260901,2026-09-01T18:24:30,3,3,SYNTHETIC_DEMO
D_20260901,2026-09-01T18:25:00,0,3,SYNTHETIC_DEMO
D_20260901,2026-09-01T18:25:30,2,2,SYNTHETIC_DEMO
D_20260901,2026-09-01T18:26:00,2,2,SYNTHETIC_DEMO
D_20260901,2026-09-01T18:26:30,1,2,SYNTHETIC_DEMO
D_20260901,2026-09-01T18:27:00,1,2,SYNTHETIC_DEMO
D_20260901,2026-09-01T18:27:30,2,3,SYNTHETIC_DEMO
D_20260901,2026-09-01T18:28:00,1,1,SYNTHETIC_DEMO
D_20260901,2026-09-01T18:28:30,2,2,SYNTHETIC_DEMO
D_20260901,2026-09-01T18:29:00,1,3,SYNTHETIC_DEMO
D_20260901,2026-09-01T18:29:30,3,3,SYNTHETIC_DEMO
D_20260901,2026-09-01T18:30:00,1,2,SYNTHETIC_DEMO
D_20260901,2026-09-01T18:30:30,1,2,SYNTHETIC_DEMO
D_20260901,2026-09-01T18:31:00,2,2,SYNTHETIC_DEMO
D_20260901,2026-09-01T18:31:30,2,2,SYNTHETIC_DEMO
D_20260901,2026-09-01T18:32:00,0,3,SYNTHETIC_DEMO
D_20260901,2026-09-01T18:32:30,2,2,SYNTHETIC_DEMO
D_20260901,2026-09-01T18:33:00,0,1,SYNTHETIC_DEMO
D_20260901,2026-09-01T18:33:30,1,3,SYNTHETIC_DEMO
D_20260901,2026-09-01T18:34:00,1,3,SYNTHETIC_DEMO
D_20260901,2026-09-01T18:34:30,1,2,SYNTHETIC_DEMO
D_20260901,2026-09-01T18:35:00,2,3,SYNTHETIC_DEMO
D_20260901,2026-09-01T18:35:30,0,2,SYNTHETIC_DEMO
D_20260901,2026-09-01T18:36:00,1,2,SYNTHETIC_DEMO
D_20260901,2026-09-01T18:36:30,0,2,SYNTHETIC_DEMO
D_20260901,2026-09-01T18:37:00,2,2,SYNTHETIC_DEMO
D_20260901,2026-09-01T18:37:30,2,2,SYNTHETIC_DEMO
D_20260901,2026-09-01T18:38:00,2,2,SYNTHETIC_DEMO
D_20260901,2026-09-01T18:38:30,2,3,SYNTHETIC_DEMO
D_20260901,2026-09-01T18:39:00,0,2,SYNTHETIC_DEMO
D_20260901,2026-09-01T18:39:30,1,2,SYNTHETIC_DEMO
D_20260901,2026-09-01T18:40:00,0,2,SYNTHETIC_DEMO
D_20260901,2026-09-01T18:40:30,1,2,SYNTHETIC_DEMO
D_20260901,2026-09-01T18:41:00,1,2,SYNTHETIC_DEMO
D_20260901,2026-09-01T18:41:30,1,2,SYNTHETIC_DEMO
D_20260901,2026-09-01T18:42:00,2,1,SYNTHETIC_DEMO
D_20260901,2026-09-01T18:42:30,0,3,SYNTHETIC_DEMO
D_20260901,2026-09-01T18:43:00,0,3,SYNTHETIC_DEMO
D_20260901,2026-09-01T18:43:30,0,3,SYNTHETIC_DEMO
D_20260901,2026-09-01T18:44:00,0,2,SYNTHETIC_DEMO
D_20260901,2026-09-01T18:44:30,2,3,SYNTHETIC_DEMO
D_20260901,2026-09-01T18:45:00,1,2,SYNTHETIC_DEMO
D_20260901,2026-09-01T18:45:30,2,2,SYNTHETIC_DEMO
D_20260901,2026-09-01T18:46:00,2,2,SYNTHETIC_DEMO
D_20260901,2026-09-01T18:46:30,1,2,SYNTHETIC_DEMO
D_20260901,2026-09-01T18:47:00,0,1,SYNTHETIC_DEMO
D_20260901,2026-09-01T18:47:30,2,3,SYNTHETIC_DEMO
D_20260901,2026-09-01T18:48:00,0,2,SYNTHETIC_DEMO
D_20260901,2026-09-01T18:48:30,0,2,SYNTHETIC_DEMO
D_20260901,2026-09-01T18:49:00,0,2,SYNTHETIC_DEMO
D_20260901,2026-09-01T18:49:30,1,2,SYNTHETIC_DEMO
D_20260901,2026-09-01T18:50:00,2,3,SYNTHETIC_DEMO
D_20260901,2026-09-01T18:50:30,1,2,SYNTHETIC_DEMO
D_20260901,2026-09-01T18:51:00,2,2,SYNTHETIC_DEMO
D_20260901,2026-09-01T18:51:30,1,2,SYNTHETIC_DEMO
D_20260901,2026-09-01T18:52:00,1,3,SYNTHETIC_DEMO
D_20260901,2026-09-01T18:52:30,3,3,SYNTHETIC_DEMO
D_20260901,2026-09-01T18:53:00,2,2,SYNTHETIC_DEMO
D_20260901,2026-09-01T18:53:30,1,2,SYNTHETIC_DEMO
D_20260901,2026-09-01T18:54:00,0,1,SYNTHETIC_DEMO
D_20260901,2026-09-01T18:54:30,0,2,SYNTHETIC_DEMO
D_20260901,2026-09-01T18:55:00,1,2,SYNTHETIC_DEMO
D_20260901,2026-09-01T18:55:30,1,3,SYNTHETIC_DEMO
D_20260901,2026-09-01T18:56:00,1,2,SYNTHETIC_DEMO
D_20260901,2026-09-01T18:56:30,1,3,SYNTHETIC_DEMO
D_20260901,2026-09-01T18:57:00,1,2,SYNTHETIC_DEMO
D_20260901,2026-09-01T18:57:30,2,2,SYNTHETIC_DEMO
D_20260901,2026-09-01T18:58:00,1,2,SYNTHETIC_DEMO
D_20260901,2026-09-01T18:58:30,0,2,SYNTHETIC_DEMO
D_20260901,2026-09-01T18:59:00,0,2,SYNTHETIC_DEMO
D_20260901,2026-09-01T18:59:30,1,2,SYNTHETIC_DEMO
B_20260902,2026-09-02T05:30:00,3,2,SYNTHETIC_DEMO
B_20260902,2026-09-02T05:30:30,3,3,SYNTHETIC_DEMO
B_20260902,2026-09-02T05:31:00,2,3,SYNTHETIC_DEMO
B_20260902,2026-09-02T05:31:30,4,3,SYNTHETIC_DEMO
B_20260902,2026-09-02T05:32:00,3,3,SYNTHETIC_DEMO
B_20260902,2026-09-02T05:32:30,3,3,SYNTHETIC_DEMO
B_20260902,2026-09-02T05:33:00,3,2,SYNTHETIC_DEMO
B_20260902,2026-09-02T05:33:30,3,3,SYNTHETIC_DEMO
B_20260902,2026-09-02T05:34:00,3,2,SYNTHETIC_DEMO
B_20260902,2026-09-02T05:34:30,4,3,SYNTHETIC_DEMO
B_20260902,2026-09-02T05:35:00,4,3,SYNTHETIC_DEMO
B_20260902,2026-09-02T05:35:30,3,3,SYNTHETIC_DEMO
B_20260902,2026-09-02T05:36:00,3,3,SYNTHETIC_DEMO
B_20260902,2026-09-02T05:36:30,5,3,SYNTHETIC_DEMO
B_20260902,2026-09-02T05:37:00,4,3,SYNTHETIC_DEMO
B_20260902,2026-09-02T05:37:30,5,3,SYNTHETIC_DEMO
B_20260902,2026-09-02T05:38:00,6,3,SYNTHETIC_DEMO
B_20260902,2026-09-02T05:38:30,3,3,SYNTHETIC_DEMO
B_20260902,2026-09-02T05:39:00,6,4,SYNTHETIC_DEMO
B_20260902,2026-09-02T05:39:30,6,3,SYNTHETIC_DEMO
B_20260902,2026-09-02T05:40:00,4,2,SYNTHETIC_DEMO
B_20260902,2026-09-02T05:40:30,6,3,SYNTHETIC_DEMO
B_20260902,2026-09-02T05:41:00,5,3,SYNTHETIC_DEMO
B_20260902,2026-09-02T05:41:30,5,2,SYNTHETIC_DEMO
B_20260902,2026-09-02T05:42:00,6,2,SYNTHETIC_DEMO
B_20260902,2026-09-02T05:42:30,8,3,SYNTHETIC_DEMO
B_20260902,2026-09-02T05:43:00,7,2,SYNTHETIC_DEMO
B_20260902,2026-09-02T05:43:30,6,3,SYNTHETIC_DEMO
B_20260902,2026-09-02T05:44:00,7,3,SYNTHETIC_DEMO
B_20260902,2026-09-02T05:44:30,6,3,SYNTHETIC_DEMO
B_20260902,2026-09-02T05:45:00,8,4,SYNTHETIC_DEMO
B_20260902,2026-09-02T05:45:30,8,3,SYNTHETIC_DEMO
B_20260902,2026-09-02T05:46:00,8,2,SYNTHETIC_DEMO
B_20260902,2026-09-02T05:46:30,7,3,SYNTHETIC_DEMO
B_20260902,2026-09-02T05:47:00,9,4,SYNTHETIC_DEMO
B_20260902,2026-09-02T05:47:30,8,3,SYNTHETIC_DEMO
B_20260902,2026-09-02T05:48:00,9,3,SYNTHETIC_DEMO
B_20260902,2026-09-02T05:48:30,9,3,SYNTHETIC_DEMO
B_20260902,2026-09-02T05:49:00,9,4,SYNTHETIC_DEMO
B_20260902,2026-09-02T05:49:30,8,3,SYNTHETIC_DEMO
B_20260902,2026-09-02T05:50:00,10,5,SYNTHETIC_DEMO
B_20260902,2026-09-02T05:50:30,9,3,SYNTHETIC_DEMO
B_20260902,2026-09-02T05:51:00,9,4,SYNTHETIC_DEMO
B_20260902,2026-09-02T05:51:30,10,4,SYNTHETIC_DEMO
B_20260902,2026-09-02T05:52:00,10,2,SYNTHETIC_DEMO
B_20260902,2026-09-02T05:52:30,10,4,SYNTHETIC_DEMO
B_20260902,2026-09-02T05:53:00,10,2,SYNTHETIC_DEMO
B_20260902,2026-09-02T05:53:30,10,4,SYNTHETIC_DEMO
B_20260902,2026-09-02T05:54:00,10,3,SYNTHETIC_DEMO
B_20260902,2026-09-02T05:54:30,10,3,SYNTHETIC_DEMO
B_20260902,2026-09-02T05:55:00,10,4,SYNTHETIC_DEMO
B_20260902,2026-09-02T05:55:30,11,5,SYNTHETIC_DEMO
B_20260902,2026-09-02T05:56:00,11,4,SYNTHETIC_DEMO
B_20260902,2026-09-02T05:56:30,11,4,SYNTHETIC_DEMO
B_20260902,2026-09-02T05:57:00,11,4,SYNTHETIC_DEMO
B_20260902,2026-09-02T05:57:30,12,4,SYNTHETIC_DEMO
B_20260902,2026-09-02T05:58:00,12,4,SYNTHETIC_DEMO
B_20260902,2026-09-02T05:58:30,13,5,SYNTHETIC_DEMO
B_20260902,2026-09-02T05:59:00,10,3,SYNTHETIC_DEMO
B_20260902,2026-09-02T05:59:30,11,4,SYNTHETIC_DEMO
B_20260902,2026-09-02T06:00:00,12,4,SYNTHETIC_DEMO
B_20260902,2026-09-02T06:00:30,10,3,SYNTHETIC_DEMO
B_20260902,2026-09-02T06:01:00,13,4,SYNTHETIC_DEMO
B_20260902,2026-09-02T06:01:30,12,4,SYNTHETIC_DEMO
B_20260902,2026-09-02T06:02:00,11,4,SYNTHETIC_DEMO
B_20260902,2026-09-02T06:02:30,13,4,SYNTHETIC_DEMO
B_20260902,2026-09-02T06:03:00,10,3,SYNTHETIC_DEMO
B_20260902,2026-09-02T06:03:30,12,4,SYNTHETIC_DEMO
B_20260902,2026-09-02T06:04:00,11,5,SYNTHETIC_DEMO
B_20260902,2026-09-02T06:04:30,12,4,SYNTHETIC_DEMO
B_20260902,2026-09-02T06:05:00,12,4,SYNTHETIC_DEMO
B_20260902,2026-09-02T06:05:30,13,4,SYNTHETIC_DEMO
B_20260902,2026-09-02T06:06:00,12,4,SYNTHETIC_DEMO
B_20260902,2026-09-02T06:06:30,14,5,SYNTHETIC_DEMO
B_20260902,2026-09-02T06:07:00,12,4,SYNTHETIC_DEMO
B_20260902,2026-09-02T06:07:30,12,5,SYNTHETIC_DEMO
B_20260902,2026-09-02T06:08:00,13,4,SYNTHETIC_DEMO
B_20260902,2026-09-02T06:08:30,12,5,SYNTHETIC_DEMO
B_20260902,2026-09-02T06:09:00,12,4,SYNTHETIC_DEMO
B_20260902,2026-09-02T06:09:30,9,4,SYNTHETIC_DEMO
B_20260902,2026-09-02T06:10:00,12,4,SYNTHETIC_DEMO
B_20260902,2026-09-02T06:10:30,12,4,SYNTHETIC_DEMO
B_20260902,2026-09-02T06:11:00,11,3,SYNTHETIC_DEMO
B_20260902,2026-09-02T06:11:30,11,3,SYNTHETIC_DEMO
B_20260902,2026-09-02T06:12:00,12,5,SYNTHETIC_DEMO
B_20260902,2026-09-02T06:12:30,10,4,SYNTHETIC_DEMO
B_20260902,2026-09-02T06:13:00,14,4,SYNTHETIC_DEMO
B_20260902,2026-09-02T06:13:30,12,4,SYNTHETIC_DEMO
B_20260902,2026-09-02T06:14:00,11,4,SYNTHETIC_DEMO
B_20260902,2026-09-02T06:14:30,12,3,SYNTHETIC_DEMO
B_20260902,2026-09-02T06:15:00,11,4,SYNTHETIC_DEMO
B_20260902,2026-09-02T06:15:30,10,4,SYNTHETIC_DEMO
B_20260902,2026-09-02T06:16:00,11,4,SYNTHETIC_DEMO
B_20260902,2026-09-02T06:16:30,9,3,SYNTHETIC_DEMO
B_20260902,2026-09-02T06:17:00,10,4,SYNTHETIC_DEMO
B_20260902,2026-09-02T06:17:30,11,5,SYNTHETIC_DEMO
B_20260902,2026-09-02T06:18:00,10,4,SYNTHETIC_DEMO
B_20260902,2026-09-02T06:18:30,8,3,SYNTHETIC_DEMO
B_20260902,2026-09-02T06:19:00,9,4,SYNTHETIC_DEMO
B_20260902,2026-09-02T06:19:30,9,3,SYNTHETIC_DEMO
B_20260902,2026-09-02T06:20:00,8,4,SYNTHETIC_DEMO
B_20260902,2026-09-02T06:20:30,7,3,SYNTHETIC_DEMO
B_20260902,2026-09-02T06:21:00,8,4,SYNTHETIC_DEMO
B_20260902,2026-09-02T06:21:30,8,3,SYNTHETIC_DEMO
B_20260902,2026-09-02T06:22:00,9,3,SYNTHETIC_DEMO
B_20260902,2026-09-02T06:22:30,10,4,SYNTHETIC_DEMO
B_20260902,2026-09-02T06:23:00,8,4,SYNTHETIC_DEMO
B_20260902,2026-09-02T06:23:30,7,4,SYNTHETIC_DEMO
B_20260902,2026-09-02T06:24:00,7,4,SYNTHETIC_DEMO
B_20260902,2026-09-02T06:24:30,8,3,SYNTHETIC_DEMO
B_20260902,2026-09-02T06:25:00,7,3,SYNTHETIC_DEMO
B_20260902,2026-09-02T06:25:30,7,2,SYNTHETIC_DEMO
B_20260902,2026-09-02T06:26:00,7,4,SYNTHETIC_DEMO
B_20260902,2026-09-02T06:26:30,7,3,SYNTHETIC_DEMO
B_20260902,2026-09-02T06:27:00,8,4,SYNTHETIC_DEMO
B_20260902,2026-09-02T06:27:30,6,3,SYNTHETIC_DEMO
B_20260902,2026-09-02T06:28:00,6,3,SYNTHETIC_DEMO
B_20260902,2026-09-02T06:28:30,6,3,SYNTHETIC_DEMO
B_20260902,2026-09-02T06:29:00,5,4,SYNTHETIC_DEMO
B_20260902,2026-09-02T06:29:30,4,2,SYNTHETIC_DEMO
B_20260902,2026-09-02T06:30:00,6,3,SYNTHETIC_DEMO
B_20260902,2026-09-02T06:30:30,4,3,SYNTHETIC_DEMO
B_20260902,2026-09-02T06:31:00,6,4,SYNTHETIC_DEMO
B_20260902,2026-09-02T06:31:30,5,2,SYNTHETIC_DEMO
B_20260902,2026-09-02T06:32:00,6,3,SYNTHETIC_DEMO
B_20260902,2026-09-02T06:32:30,4,3,SYNTHETIC_DEMO
B_20260902,2026-09-02T06:33:00,5,4,SYNTHETIC_DEMO
B_20260902,2026-09-02T06:33:30,3,2,SYNTHETIC_DEMO
B_20260902,2026-09-02T06:34:00,5,3,SYNTHETIC_DEMO
B_20260902,2026-09-02T06:34:30,4,4,SYNTHETIC_DEMO
B_20260902,2026-09-02T06:35:00,5,2,SYNTHETIC_DEMO
B_20260902,2026-09-02T06:35:30,3,3,SYNTHETIC_DEMO
B_20260902,2026-09-02T06:36:00,4,3,SYNTHETIC_DEMO
B_20260902,2026-09-02T06:36:30,4,3,SYNTHETIC_DEMO
B_20260902,2026-09-02T06:37:00,4,2,SYNTHETIC_DEMO
B_20260902,2026-09-02T06:37:30,4,3,SYNTHETIC_DEMO
B_20260902,2026-09-02T06:38:00,4,3,SYNTHETIC_DEMO
B_20260902,2026-09-02T06:38:30,3,3,SYNTHETIC_DEMO
B_20260902,2026-09-02T06:39:00,4,2,SYNTHETIC_DEMO
B_20260902,2026-09-02T06:39:30,2,2,SYNTHETIC_DEMO
B_20260902,2026-09-02T06:40:00,4,3,SYNTHETIC_DEMO
B_20260902,2026-09-02T06:40:30,4,4,SYNTHETIC_DEMO
B_20260902,2026-09-02T06:41:00,2,2,SYNTHETIC_DEMO
B_20260902,2026-09-02T06:41:30,1,1,SYNTHETIC_DEMO
B_20260902,2026-09-02T06:42:00,2,2,SYNTHETIC_DEMO
B_20260902,2026-09-02T06:42:30,2,3,SYNTHETIC_DEMO
B_20260902,2026-09-02T06:43:00,2,3,SYNTHETIC_DEMO
B_20260902,2026-09-02T06:43:30,2,3,SYNTHETIC_DEMO
B_20260902,2026-09-02T06:44:00,2,3,SYNTHETIC_DEMO
B_20260902,2026-09-02T06:44:30,3,2,SYNTHETIC_DEMO
B_20260902,2026-09-02T06:45:00,3,2,SYNTHETIC_DEMO
B_20260902,2026-09-02T06:45:30,3,2,SYNTHETIC_DEMO
B_20260902,2026-09-02T06:46:00,4,3,SYNTHETIC_DEMO
B_20260902,2026-09-02T06:46:30,1,3,SYNTHETIC_DEMO
B_20260902,2026-09-02T06:47:00,0,3,SYNTHETIC_DEMO
B_20260902,2026-09-02T06:47:30,3,3,SYNTHETIC_DEMO
B_20260902,2026-09-02T06:48:00,2,2,SYNTHETIC_DEMO
B_20260902,2026-09-02T06:48:30,2,2,SYNTHETIC_DEMO
B_20260902,2026-09-02T06:49:00,0,3,SYNTHETIC_DEMO
B_20260902,2026-09-02T06:49:30,0,2,SYNTHETIC_DEMO
B_20260902,2026-09-02T06:50:00,2,2,SYNTHETIC_DEMO
B_20260902,2026-09-02T06:50:30,1,2,SYNTHETIC_DEMO
B_20260902,2026-09-02T06:51:00,0,2,SYNTHETIC_DEMO
B_20260902,2026-09-02T06:51:30,1,3,SYNTHETIC_DEMO
B_20260902,2026-09-02T06:52:00,2,2,SYNTHETIC_DEMO
B_20260902,2026-09-02T06:52:30,2,4,SYNTHETIC_DEMO
B_20260902,2026-09-02T06:53:00,1,2,SYNTHETIC_DEMO
B_20260902,2026-09-02T06:53:30,4,2,SYNTHETIC_DEMO
B_20260902,2026-09-02T06:54:00,2,2,SYNTHETIC_DEMO
B_20260902,2026-09-02T06:54:30,3,3,SYNTHETIC_DEMO
B_20260902,2026-09-02T06:55:00,2,2,SYNTHETIC_DEMO
B_20260902,2026-09-02T06:55:30,2,3,SYNTHETIC_DEMO
B_20260902,2026-09-02T06:56:00,0,2,SYNTHETIC_DEMO
B_20260902,2026-09-02T06:56:30,0,1,SYNTHETIC_DEMO
B_20260902,2026-09-02T06:57:00,1,2,SYNTHETIC_DEMO
B_20260902,2026-09-02T06:57:30,1,2,SYNTHETIC_DEMO
B_20260902,2026-09-02T06:58:00,1,1,SYNTHETIC_DEMO
B_20260902,2026-09-02T06:58:30,1,2,SYNTHETIC_DEMO
B_20260902,2026-09-02T06:59:00,1,2,SYNTHETIC_DEMO
B_20260902,2026-09-02T06:59:30,1,2,SYNTHETIC_DEMO
B_20260902,2026-09-02T07:00:00,2,2,SYNTHETIC_DEMO
B_20260902,2026-09-02T07:00:30,1,2,SYNTHETIC_DEMO
B_20260902,2026-09-02T07:01:00,1,2,SYNTHETIC_DEMO
B_20260902,2026-09-02T07:01:30,0,2,SYNTHETIC_DEMO
B_20260902,2026-09-02T07:02:00,2,4,SYNTHETIC_DEMO
B_20260902,2026-09-02T07:02:30,0,3,SYNTHETIC_DEMO
B_20260902,2026-09-02T07:03:00,0,1,SYNTHETIC_DEMO
B_20260902,2026-09-02T07:03:30,2,2,SYNTHETIC_DEMO
B_20260902,2026-09-02T07:04:00,2,2,SYNTHETIC_DEMO
B_20260902,2026-09-02T07:04:30,2,3,SYNTHETIC_DEMO
B_20260902,2026-09-02T07:05:00,2,3,SYNTHETIC_DEMO
B_20260902,2026-09-02T07:05:30,0,2,SYNTHETIC_DEMO
B_20260902,2026-09-02T07:06:00,1,3,SYNTHETIC_DEMO
B_20260902,2026-09-02T07:06:30,1,3,SYNTHETIC_DEMO
B_20260902,2026-09-02T07:07:00,2,3,SYNTHETIC_DEMO
B_20260902,2026-09-02T07:07:30,2,2,SYNTHETIC_DEMO
B_20260902,2026-09-02T07:08:00,1,2,SYNTHETIC_DEMO
B_20260902,2026-09-02T07:08:30,2,2,SYNTHETIC_DEMO
B_20260902,2026-09-02T07:09:00,1,2,SYNTHETIC_DEMO
B_20260902,2026-09-02T07:09:30,1,2,SYNTHETIC_DEMO
B_20260902,2026-09-02T07:10:00,1,2,SYNTHETIC_DEMO
B_20260902,2026-09-02T07:10:30,2,2,SYNTHETIC_DEMO
B_20260902,2026-09-02T07:11:00,1,3,SYNTHETIC_DEMO
B_20260902,2026-09-02T07:11:30,0,2,SYNTHETIC_DEMO
B_20260902,2026-09-02T07:12:00,1,2,SYNTHETIC_DEMO
B_20260902,2026-09-02T07:12:30,1,2,SYNTHETIC_DEMO
B_20260902,2026-09-02T07:13:00,0,3,SYNTHETIC_DEMO
B_20260902,2026-09-02T07:13:30,0,2,SYNTHETIC_DEMO
B_20260902,2026-09-02T07:14:00,1,2,SYNTHETIC_DEMO
B_20260902,2026-09-02T07:14:30,1,2,SYNTHETIC_DEMO
B_20260902,2026-09-02T07:15:00,1,2,SYNTHETIC_DEMO
B_20260902,2026-09-02T07:15:30,1,2,SYNTHETIC_DEMO
B_20260902,2026-09-02T07:16:00,1,1,SYNTHETIC_DEMO
B_20260902,2026-09-02T07:16:30,1,2,SYNTHETIC_DEMO
B_20260902,2026-09-02T07:17:00,1,3,SYNTHETIC_DEMO
B_20260902,2026-09-02T07:17:30,1,2,SYNTHETIC_DEMO
B_20260902,2026-09-02T07:18:00,1,1,SYNTHETIC_DEMO
B_20260902,2026-09-02T07:18:30,2,2,SYNTHETIC_DEMO
B_20260902,2026-09-02T07:19:00,1,3,SYNTHETIC_DEMO
B_20260902,2026-09-02T07:19:30,0,1,SYNTHETIC_DEMO
B_20260902,2026-09-02T07:20:00,1,2,SYNTHETIC_DEMO
B_20260902,2026-09-02T07:20:30,2,3,SYNTHETIC_DEMO
B_20260902,2026-09-02T07:21:00,1,2,SYNTHETIC_DEMO
B_20260902,2026-09-02T07:21:30,1,2,SYNTHETIC_DEMO
B_20260902,2026-09-02T07:22:00,0,2,SYNTHETIC_DEMO
B_20260902,2026-09-02T07:22:30,0,1,SYNTHETIC_DEMO
B_20260902,2026-09-02T07:23:00,1,2,SYNTHETIC_DEMO
B_20260902,2026-09-02T07:23:30,2,3,SYNTHETIC_DEMO
B_20260902,2026-09-02T07:24:00,0,2,SYNTHETIC_DEMO
B_20260902,2026-09-02T07:24:30,1,2,SYNTHETIC_DEMO
B_20260902,2026-09-02T07:25:00,0,1,SYNTHETIC_DEMO
B_20260902,2026-09-02T07:25:30,0,3,SYNTHETIC_DEMO
B_20260902,2026-09-02T07:26:00,1,2,SYNTHETIC_DEMO
B_20260902,2026-09-02T07:26:30,1,3,SYNTHETIC_DEMO
B_20260902,2026-09-02T07:27:00,1,2,SYNTHETIC_DEMO
B_20260902,2026-09-02T07:27:30,2,3,SYNTHETIC_DEMO
B_20260902,2026-09-02T07:28:00,2,2,SYNTHETIC_DEMO
B_20260902,2026-09-02T07:28:30,2,3,SYNTHETIC_DEMO
B_20260902,2026-09-02T07:29:00,1,1,SYNTHETIC_DEMO
B_20260902,2026-09-02T07:29:30,2,3,SYNTHETIC_DEMO
L_20260902,2026-09-02T11:30:00,4,4,SYNTHETIC_DEMO
L_20260902,2026-09-02T11:30:30,5,3,SYNTHETIC_DEMO
L_20260902,2026-09-02T11:31:00,5,3,SYNTHETIC_DEMO
L_20260902,2026-09-02T11:31:30,4,2,SYNTHETIC_DEMO
L_20260902,2026-09-02T11:32:00,6,3,SYNTHETIC_DEMO
L_20260902,2026-09-02T11:32:30,5,3,SYNTHETIC_DEMO
L_20260902,2026-09-02T11:33:00,6,2,SYNTHETIC_DEMO
L_20260902,2026-09-02T11:33:30,5,3,SYNTHETIC_DEMO
L_20260902,2026-09-02T11:34:00,7,3,SYNTHETIC_DEMO
L_20260902,2026-09-02T11:34:30,5,3,SYNTHETIC_DEMO
L_20260902,2026-09-02T11:35:00,6,3,SYNTHETIC_DEMO
L_20260902,2026-09-02T11:35:30,7,2,SYNTHETIC_DEMO
L_20260902,2026-09-02T11:36:00,6,4,SYNTHETIC_DEMO
L_20260902,2026-09-02T11:36:30,6,3,SYNTHETIC_DEMO
L_20260902,2026-09-02T11:37:00,7,3,SYNTHETIC_DEMO
L_20260902,2026-09-02T11:37:30,8,4,SYNTHETIC_DEMO
L_20260902,2026-09-02T11:38:00,8,4,SYNTHETIC_DEMO
L_20260902,2026-09-02T11:38:30,7,4,SYNTHETIC_DEMO
L_20260902,2026-09-02T11:39:00,8,3,SYNTHETIC_DEMO
L_20260902,2026-09-02T11:39:30,8,3,SYNTHETIC_DEMO
L_20260902,2026-09-02T11:40:00,6,2,SYNTHETIC_DEMO
L_20260902,2026-09-02T11:40:30,10,5,SYNTHETIC_DEMO
L_20260902,2026-09-02T11:41:00,11,4,SYNTHETIC_DEMO
L_20260902,2026-09-02T11:41:30,10,4,SYNTHETIC_DEMO
L_20260902,2026-09-02T11:42:00,10,4,SYNTHETIC_DEMO
L_20260902,2026-09-02T11:42:30,9,3,SYNTHETIC_DEMO
L_20260902,2026-09-02T11:43:00,11,5,SYNTHETIC_DEMO
L_20260902,2026-09-02T11:43:30,11,4,SYNTHETIC_DEMO
L_20260902,2026-09-02T11:44:00,11,4,SYNTHETIC_DEMO
L_20260902,2026-09-02T11:44:30,11,5,SYNTHETIC_DEMO
L_20260902,2026-09-02T11:45:00,11,3,SYNTHETIC_DEMO
L_20260902,2026-09-02T11:45:30,11,4,SYNTHETIC_DEMO
L_20260902,2026-09-02T11:46:00,10,3,SYNTHETIC_DEMO
L_20260902,2026-09-02T11:46:30,12,5,SYNTHETIC_DEMO
L_20260902,2026-09-02T11:47:00,14,4,SYNTHETIC_DEMO
L_20260902,2026-09-02T11:47:30,13,4,SYNTHETIC_DEMO
L_20260902,2026-09-02T11:48:00,11,4,SYNTHETIC_DEMO
L_20260902,2026-09-02T11:48:30,12,4,SYNTHETIC_DEMO
L_20260902,2026-09-02T11:49:00,12,5,SYNTHETIC_DEMO
L_20260902,2026-09-02T11:49:30,12,4,SYNTHETIC_DEMO
L_20260902,2026-09-02T11:50:00,13,4,SYNTHETIC_DEMO
L_20260902,2026-09-02T11:50:30,15,5,SYNTHETIC_DEMO
L_20260902,2026-09-02T11:51:00,13,4,SYNTHETIC_DEMO
L_20260902,2026-09-02T11:51:30,14,5,SYNTHETIC_DEMO
L_20260902,2026-09-02T11:52:00,14,5,SYNTHETIC_DEMO
L_20260902,2026-09-02T11:52:30,13,4,SYNTHETIC_DEMO
L_20260902,2026-09-02T11:53:00,15,5,SYNTHETIC_DEMO
L_20260902,2026-09-02T11:53:30,14,4,SYNTHETIC_DEMO
L_20260902,2026-09-02T11:54:00,15,5,SYNTHETIC_DEMO
L_20260902,2026-09-02T11:54:30,14,5,SYNTHETIC_DEMO
L_20260902,2026-09-02T11:55:00,14,4,SYNTHETIC_DEMO
L_20260902,2026-09-02T11:55:30,15,5,SYNTHETIC_DEMO
L_20260902,2026-09-02T11:56:00,14,5,SYNTHETIC_DEMO
L_20260902,2026-09-02T11:56:30,16,5,SYNTHETIC_DEMO
L_20260902,2026-09-02T11:57:00,15,5,SYNTHETIC_DEMO
L_20260902,2026-09-02T11:57:30,14,4,SYNTHETIC_DEMO
L_20260902,2026-09-02T11:58:00,15,4,SYNTHETIC_DEMO
L_20260902,2026-09-02T11:58:30,17,5,SYNTHETIC_DEMO
L_20260902,2026-09-02T11:59:00,15,5,SYNTHETIC_DEMO
L_20260902,2026-09-02T11:59:30,15,5,SYNTHETIC_DEMO
L_20260902,2026-09-02T12:00:00,14,4,SYNTHETIC_DEMO
L_20260902,2026-09-02T12:00:30,15,5,SYNTHETIC_DEMO
L_20260902,2026-09-02T12:01:00,15,4,SYNTHETIC_DEMO
L_20260902,2026-09-02T12:01:30,15,4,SYNTHETIC_DEMO
L_20260902,2026-09-02T12:02:00,15,5,SYNTHETIC_DEMO
L_20260902,2026-09-02T12:02:30,16,5,SYNTHETIC_DEMO
L_20260902,2026-09-02T12:03:00,14,4,SYNTHETIC_DEMO
L_20260902,2026-09-02T12:03:30,14,4,SYNTHETIC_DEMO
L_20260902,2026-09-02T12:04:00,15,4,SYNTHETIC_DEMO
L_20260902,2026-09-02T12:04:30,15,5,SYNTHETIC_DEMO
L_20260902,2026-09-02T12:05:00,15,5,SYNTHETIC_DEMO
L_20260902,2026-09-02T12:05:30,14,5,SYNTHETIC_DEMO
L_20260902,2026-09-02T12:06:00,15,5,SYNTHETIC_DEMO
L_20260902,2026-09-02T12:06:30,14,4,SYNTHETIC_DEMO
L_20260902,2026-09-02T12:07:00,14,3,SYNTHETIC_DEMO
L_20260902,2026-09-02T12:07:30,15,5,SYNTHETIC_DEMO
L_20260902,2026-09-02T12:08:00,15,4,SYNTHETIC_DEMO
L_20260902,2026-09-02T12:08:30,14,4,SYNTHETIC_DEMO
L_20260902,2026-09-02T12:09:00,14,4,SYNTHETIC_DEMO
L_20260902,2026-09-02T12:09:30,12,3,SYNTHETIC_DEMO
L_20260902,2026-09-02T12:10:00,12,4,SYNTHETIC_DEMO
L_20260902,2026-09-02T12:10:30,13,4,SYNTHETIC_DEMO
L_20260902,2026-09-02T12:11:00,12,4,SYNTHETIC_DEMO
L_20260902,2026-09-02T12:11:30,14,4,SYNTHETIC_DEMO
L_20260902,2026-09-02T12:12:00,12,4,SYNTHETIC_DEMO
L_20260902,2026-09-02T12:12:30,12,4,SYNTHETIC_DEMO
L_20260902,2026-09-02T12:13:00,14,4,SYNTHETIC_DEMO
L_20260902,2026-09-02T12:13:30,13,4,SYNTHETIC_DEMO
L_20260902,2026-09-02T12:14:00,12,3,SYNTHETIC_DEMO
L_20260902,2026-09-02T12:14:30,10,3,SYNTHETIC_DEMO
L_20260902,2026-09-02T12:15:00,11,4,SYNTHETIC_DEMO
L_20260902,2026-09-02T12:15:30,10,3,SYNTHETIC_DEMO
L_20260902,2026-09-02T12:16:00,10,4,SYNTHETIC_DEMO
L_20260902,2026-09-02T12:16:30,10,4,SYNTHETIC_DEMO
L_20260902,2026-09-02T12:17:00,10,4,SYNTHETIC_DEMO
L_20260902,2026-09-02T12:17:30,8,3,SYNTHETIC_DEMO
L_20260902,2026-09-02T12:18:00,10,4,SYNTHETIC_DEMO
L_20260902,2026-09-02T12:18:30,11,4,SYNTHETIC_DEMO
L_20260902,2026-09-02T12:19:00,10,4,SYNTHETIC_DEMO
L_20260902,2026-09-02T12:19:30,8,4,SYNTHETIC_DEMO
L_20260902,2026-09-02T12:20:00,7,2,SYNTHETIC_DEMO
L_20260902,2026-09-02T12:20:30,9,3,SYNTHETIC_DEMO
L_20260902,2026-09-02T12:21:00,9,3,SYNTHETIC_DEMO
L_20260902,2026-09-02T12:21:30,9,3,SYNTHETIC_DEMO
L_20260902,2026-09-02T12:22:00,9,3,SYNTHETIC_DEMO
L_20260902,2026-09-02T12:22:30,8,3,SYNTHETIC_DEMO
L_20260902,2026-09-02T12:23:00,8,4,SYNTHETIC_DEMO
L_20260902,2026-09-02T12:23:30,7,3,SYNTHETIC_DEMO
L_20260902,2026-09-02T12:24:00,7,4,SYNTHETIC_DEMO
L_20260902,2026-09-02T12:24:30,7,3,SYNTHETIC_DEMO
L_20260902,2026-09-02T12:25:00,8,3,SYNTHETIC_DEMO
L_20260902,2026-09-02T12:25:30,7,3,SYNTHETIC_DEMO
L_20260902,2026-09-02T12:26:00,7,3,SYNTHETIC_DEMO
L_20260902,2026-09-02T12:26:30,5,2,SYNTHETIC_DEMO
L_20260902,2026-09-02T12:27:00,5,3,SYNTHETIC_DEMO
L_20260902,2026-09-02T12:27:30,6,3,SYNTHETIC_DEMO
L_20260902,2026-09-02T12:28:00,5,4,SYNTHETIC_DEMO
L_20260902,2026-09-02T12:28:30,6,3,SYNTHETIC_DEMO
L_20260902,2026-09-02T12:29:00,5,2,SYNTHETIC_DEMO
L_20260902,2026-09-02T12:29:30,5,3,SYNTHETIC_DEMO
L_20260902,2026-09-02T12:30:00,4,3,SYNTHETIC_DEMO
L_20260902,2026-09-02T12:30:30,4,2,SYNTHETIC_DEMO
L_20260902,2026-09-02T12:31:00,4,2,SYNTHETIC_DEMO
L_20260902,2026-09-02T12:31:30,4,3,SYNTHETIC_DEMO
L_20260902,2026-09-02T12:32:00,4,2,SYNTHETIC_DEMO
L_20260902,2026-09-02T12:32:30,3,3,SYNTHETIC_DEMO
L_20260902,2026-09-02T12:33:00,3,2,SYNTHETIC_DEMO
L_20260902,2026-09-02T12:33:30,4,3,SYNTHETIC_DEMO
L_20260902,2026-09-02T12:34:00,3,3,SYNTHETIC_DEMO
L_20260902,2026-09-02T12:34:30,2,2,SYNTHETIC_DEMO
L_20260902,2026-09-02T12:35:00,3,2,SYNTHETIC_DEMO
L_20260902,2026-09-02T12:35:30,5,3,SYNTHETIC_DEMO
L_20260902,2026-09-02T12:36:00,2,2,SYNTHETIC_DEMO
L_20260902,2026-09-02T12:36:30,4,4,SYNTHETIC_DEMO
L_20260902,2026-09-02T12:37:00,3,3,SYNTHETIC_DEMO
L_20260902,2026-09-02T12:37:30,3,2,SYNTHETIC_DEMO
L_20260902,2026-09-02T12:38:00,3,2,SYNTHETIC_DEMO
L_20260902,2026-09-02T12:38:30,4,2,SYNTHETIC_DEMO
L_20260902,2026-09-02T12:39:00,3,3,SYNTHETIC_DEMO
L_20260902,2026-09-02T12:39:30,1,2,SYNTHETIC_DEMO
L_20260902,2026-09-02T12:40:00,2,2,SYNTHETIC_DEMO
L_20260902,2026-09-02T12:40:30,3,2,SYNTHETIC_DEMO
L_20260902,2026-09-02T12:41:00,2,2,SYNTHETIC_DEMO
L_20260902,2026-09-02T12:41:30,4,3,SYNTHETIC_DEMO
L_20260902,2026-09-02T12:42:00,4,2,SYNTHETIC_DEMO
L_20260902,2026-09-02T12:42:30,2,3,SYNTHETIC_DEMO
L_20260902,2026-09-02T12:43:00,1,2,SYNTHETIC_DEMO
L_20260902,2026-09-02T12:43:30,0,2,SYNTHETIC_DEMO
L_20260902,2026-09-02T12:44:00,3,3,SYNTHETIC_DEMO
L_20260902,2026-09-02T12:44:30,2,3,SYNTHETIC_DEMO
L_20260902,2026-09-02T12:45:00,2,2,SYNTHETIC_DEMO
L_20260902,2026-09-02T12:45:30,2,2,SYNTHETIC_DEMO
L_20260902,2026-09-02T12:46:00,1,2,SYNTHETIC_DEMO
L_20260902,2026-09-02T12:46:30,1,2,SYNTHETIC_DEMO
L_20260902,2026-09-02T12:47:00,1,1,SYNTHETIC_DEMO
L_20260902,2026-09-02T12:47:30,1,1,SYNTHETIC_DEMO
L_20260902,2026-09-02T12:48:00,2,2,SYNTHETIC_DEMO
L_20260902,2026-09-02T12:48:30,3,3,SYNTHETIC_DEMO
L_20260902,2026-09-02T12:49:00,1,2,SYNTHETIC_DEMO
L_20260902,2026-09-02T12:49:30,1,2,SYNTHETIC_DEMO
L_20260902,2026-09-02T12:50:00,3,3,SYNTHETIC_DEMO
L_20260902,2026-09-02T12:50:30,0,3,SYNTHETIC_DEMO
L_20260902,2026-09-02T12:51:00,2,1,SYNTHETIC_DEMO
L_20260902,2026-09-02T12:51:30,2,3,SYNTHETIC_DEMO
L_20260902,2026-09-02T12:52:00,1,1,SYNTHETIC_DEMO
L_20260902,2026-09-02T12:52:30,1,2,SYNTHETIC_DEMO
L_20260902,2026-09-02T12:53:00,2,2,SYNTHETIC_DEMO
L_20260902,2026-09-02T12:53:30,2,3,SYNTHETIC_DEMO
L_20260902,2026-09-02T12:54:00,1,2,SYNTHETIC_DEMO
L_20260902,2026-09-02T12:54:30,1,2,SYNTHETIC_DEMO
L_20260902,2026-09-02T12:55:00,1,2,SYNTHETIC_DEMO
L_20260902,2026-09-02T12:55:30,0,3,SYNTHETIC_DEMO
L_20260902,2026-09-02T12:56:00,0,2,SYNTHETIC_DEMO
L_20260902,2026-09-02T12:56:30,1,2,SYNTHETIC_DEMO
L_20260902,2026-09-02T12:57:00,2,1,SYNTHETIC_DEMO
L_20260902,2026-09-02T12:57:30,2,2,SYNTHETIC_DEMO
L_20260902,2026-09-02T12:58:00,1,2,SYNTHETIC_DEMO
L_20260902,2026-09-02T12:58:30,2,2,SYNTHETIC_DEMO
L_20260902,2026-09-02T12:59:00,0,2,SYNTHETIC_DEMO
L_20260902,2026-09-02T12:59:30,0,2,SYNTHETIC_DEMO
L_20260902,2026-09-02T13:00:00,0,1,SYNTHETIC_DEMO
L_20260902,2026-09-02T13:00:30,2,3,SYNTHETIC_DEMO
L_20260902,2026-09-02T13:01:00,1,2,SYNTHETIC_DEMO
L_20260902,2026-09-02T13:01:30,2,1,SYNTHETIC_DEMO
L_20260902,2026-09-02T13:02:00,2,2,SYNTHETIC_DEMO
L_20260902,2026-09-02T13:02:30,1,2,SYNTHETIC_DEMO
L_20260902,2026-09-02T13:03:00,0,2,SYNTHETIC_DEMO
L_20260902,2026-09-02T13:03:30,1,2,SYNTHETIC_DEMO
L_20260902,2026-09-02T13:04:00,0,2,SYNTHETIC_DEMO
L_20260902,2026-09-02T13:04:30,0,2,SYNTHETIC_DEMO
L_20260902,2026-09-02T13:05:00,2,2,SYNTHETIC_DEMO
L_20260902,2026-09-02T13:05:30,2,1,SYNTHETIC_DEMO
L_20260902,2026-09-02T13:06:00,2,2,SYNTHETIC_DEMO
L_20260902,2026-09-02T13:06:30,0,2,SYNTHETIC_DEMO
L_20260902,2026-09-02T13:07:00,1,2,SYNTHETIC_DEMO
L_20260902,2026-09-02T13:07:30,2,4,SYNTHETIC_DEMO
L_20260902,2026-09-02T13:08:00,1,3,SYNTHETIC_DEMO
L_20260902,2026-09-02T13:08:30,0,2,SYNTHETIC_DEMO
L_20260902,2026-09-02T13:09:00,1,2,SYNTHETIC_DEMO
L_20260902,2026-09-02T13:09:30,1,3,SYNTHETIC_DEMO
L_20260902,2026-09-02T13:10:00,0,3,SYNTHETIC_DEMO
L_20260902,2026-09-02T13:10:30,2,2,SYNTHETIC_DEMO
L_20260902,2026-09-02T13:11:00,1,3,SYNTHETIC_DEMO
L_20260902,2026-09-02T13:11:30,2,2,SYNTHETIC_DEMO
L_20260902,2026-09-02T13:12:00,0,2,SYNTHETIC_DEMO
L_20260902,2026-09-02T13:12:30,1,3,SYNTHETIC_DEMO
L_20260902,2026-09-02T13:13:00,1,1,SYNTHETIC_DEMO
L_20260902,2026-09-02T13:13:30,1,2,SYNTHETIC_DEMO
L_20260902,2026-09-02T13:14:00,1,2,SYNTHETIC_DEMO
L_20260902,2026-09-02T13:14:30,1,2,SYNTHETIC_DEMO
L_20260902,2026-09-02T13:15:00,1,2,SYNTHETIC_DEMO
L_20260902,2026-09-02T13:15:30,2,3,SYNTHETIC_DEMO
L_20260902,2026-09-02T13:16:00,1,2,SYNTHETIC_DEMO
L_20260902,2026-09-02T13:16:30,1,2,SYNTHETIC_DEMO
L_20260902,2026-09-02T13:17:00,1,2,SYNTHETIC_DEMO
L_20260902,2026-09-02T13:17:30,0,2,SYNTHETIC_DEMO
L_20260902,2026-09-02T13:18:00,1,2,SYNTHETIC_DEMO
L_20260902,2026-09-02T13:18:30,0,2,SYNTHETIC_DEMO
L_20260902,2026-09-02T13:19:00,2,2,SYNTHETIC_DEMO
L_20260902,2026-09-02T13:19:30,0,2,SYNTHETIC_DEMO
L_20260902,2026-09-02T13:20:00,1,2,SYNTHETIC_DEMO
L_20260902,2026-09-02T13:20:30,0,1,SYNTHETIC_DEMO
L_20260902,2026-09-02T13:21:00,1,1,SYNTHETIC_DEMO
L_20260902,2026-09-02T13:21:30,0,2,SYNTHETIC_DEMO
L_20260902,2026-09-02T13:22:00,2,2,SYNTHETIC_DEMO
L_20260902,2026-09-02T13:22:30,1,2,SYNTHETIC_DEMO
L_20260902,2026-09-02T13:23:00,2,2,SYNTHETIC_DEMO
L_20260902,2026-09-02T13:23:30,0,3,SYNTHETIC_DEMO
L_20260902,2026-09-02T13:24:00,1,2,SYNTHETIC_DEMO
L_20260902,2026-09-02T13:24:30,1,3,SYNTHETIC_DEMO
L_20260902,2026-09-02T13:25:00,0,2,SYNTHETIC_DEMO
L_20260902,2026-09-02T13:25:30,2,3,SYNTHETIC_DEMO
L_20260902,2026-09-02T13:26:00,0,2,SYNTHETIC_DEMO
L_20260902,2026-09-02T13:26:30,0,2,SYNTHETIC_DEMO
L_20260902,2026-09-02T13:27:00,2,2,SYNTHETIC_DEMO
L_20260902,2026-09-02T13:27:30,2,2,SYNTHETIC_DEMO
L_20260902,2026-09-02T13:28:00,2,2,SYNTHETIC_DEMO
L_20260902,2026-09-02T13:28:30,1,2,SYNTHETIC_DEMO
L_20260902,2026-09-02T13:29:00,2,3,SYNTHETIC_DEMO
L_20260902,2026-09-02T13:29:30,1,3,SYNTHETIC_DEMO
D_20260902,2026-09-02T17:00:00,2,2,SYNTHETIC_DEMO
D_20260902,2026-09-02T17:00:30,4,2,SYNTHETIC_DEMO
D_20260902,2026-09-02T17:01:00,4,3,SYNTHETIC_DEMO
D_20260902,2026-09-02T17:01:30,3,2,SYNTHETIC_DEMO
D_20260902,2026-09-02T17:02:00,2,2,SYNTHETIC_DEMO
D_20260902,2026-09-02T17:02:30,3,2,SYNTHETIC_DEMO
D_20260902,2026-09-02T17:03:00,3,2,SYNTHETIC_DEMO
D_20260902,2026-09-02T17:03:30,4,4,SYNTHETIC_DEMO
D_20260902,2026-09-02T17:04:00,4,2,SYNTHETIC_DEMO
D_20260902,2026-09-02T17:04:30,4,3,SYNTHETIC_DEMO
D_20260902,2026-09-02T17:05:00,5,3,SYNTHETIC_DEMO
D_20260902,2026-09-02T17:05:30,4,3,SYNTHETIC_DEMO
D_20260902,2026-09-02T17:06:00,5,3,SYNTHETIC_DEMO
D_20260902,2026-09-02T17:06:30,4,3,SYNTHETIC_DEMO
D_20260902,2026-09-02T17:07:00,4,3,SYNTHETIC_DEMO
D_20260902,2026-09-02T17:07:30,5,3,SYNTHETIC_DEMO
D_20260902,2026-09-02T17:08:00,5,3,SYNTHETIC_DEMO
D_20260902,2026-09-02T17:08:30,4,2,SYNTHETIC_DEMO
D_20260902,2026-09-02T17:09:00,4,4,SYNTHETIC_DEMO
D_20260902,2026-09-02T17:09:30,6,3,SYNTHETIC_DEMO
D_20260902,2026-09-02T17:10:00,5,3,SYNTHETIC_DEMO
D_20260902,2026-09-02T17:10:30,5,4,SYNTHETIC_DEMO
D_20260902,2026-09-02T17:11:00,7,3,SYNTHETIC_DEMO
D_20260902,2026-09-02T17:11:30,7,3,SYNTHETIC_DEMO
D_20260902,2026-09-02T17:12:00,8,4,SYNTHETIC_DEMO
D_20260902,2026-09-02T17:12:30,6,3,SYNTHETIC_DEMO
D_20260902,2026-09-02T17:13:00,7,3,SYNTHETIC_DEMO
D_20260902,2026-09-02T17:13:30,7,4,SYNTHETIC_DEMO
D_20260902,2026-09-02T17:14:00,7,3,SYNTHETIC_DEMO
D_20260902,2026-09-02T17:14:30,7,3,SYNTHETIC_DEMO
D_20260902,2026-09-02T17:15:00,7,3,SYNTHETIC_DEMO
D_20260902,2026-09-02T17:15:30,8,3,SYNTHETIC_DEMO
D_20260902,2026-09-02T17:16:00,8,4,SYNTHETIC_DEMO
D_20260902,2026-09-02T17:16:30,9,4,SYNTHETIC_DEMO
D_20260902,2026-09-02T17:17:00,9,5,SYNTHETIC_DEMO
D_20260902,2026-09-02T17:17:30,10,4,SYNTHETIC_DEMO
D_20260902,2026-09-02T17:18:00,9,3,SYNTHETIC_DEMO
D_20260902,2026-09-02T17:18:30,10,3,SYNTHETIC_DEMO
D_20260902,2026-09-02T17:19:00,10,3,SYNTHETIC_DEMO
D_20260902,2026-09-02T17:19:30,9,5,SYNTHETIC_DEMO
D_20260902,2026-09-02T17:20:00,10,4,SYNTHETIC_DEMO
D_20260902,2026-09-02T17:20:30,10,4,SYNTHETIC_DEMO
D_20260902,2026-09-02T17:21:00,10,4,SYNTHETIC_DEMO
D_20260902,2026-09-02T17:21:30,10,4,SYNTHETIC_DEMO
D_20260902,2026-09-02T17:22:00,12,4,SYNTHETIC_DEMO
D_20260902,2026-09-02T17:22:30,12,4,SYNTHETIC_DEMO
D_20260902,2026-09-02T17:23:00,12,3,SYNTHETIC_DEMO
D_20260902,2026-09-02T17:23:30,14,4,SYNTHETIC_DEMO
D_20260902,2026-09-02T17:24:00,12,4,SYNTHETIC_DEMO
D_20260902,2026-09-02T17:24:30,13,5,SYNTHETIC_DEMO
D_20260902,2026-09-02T17:25:00,13,3,SYNTHETIC_DEMO
D_20260902,2026-09-02T17:25:30,13,4,SYNTHETIC_DEMO
D_20260902,2026-09-02T17:26:00,13,5,SYNTHETIC_DEMO
D_20260902,2026-09-02T17:26:30,14,5,SYNTHETIC_DEMO
D_20260902,2026-09-02T17:27:00,15,4,SYNTHETIC_DEMO
D_20260902,2026-09-02T17:27:30,13,5,SYNTHETIC_DEMO
D_20260902,2026-09-02T17:28:00,15,5,SYNTHETIC_DEMO
D_20260902,2026-09-02T17:28:30,15,5,SYNTHETIC_DEMO
D_20260902,2026-09-02T17:29:00,16,4,SYNTHETIC_DEMO
D_20260902,2026-09-02T17:29:30,14,4,SYNTHETIC_DEMO
D_20260902,2026-09-02T17:30:00,16,5,SYNTHETIC_DEMO
D_20260902,2026-09-02T17:30:30,17,6,SYNTHETIC_DEMO
D_20260902,2026-09-02T17:31:00,16,5,SYNTHETIC_DEMO
D_20260902,2026-09-02T17:31:30,16,5,SYNTHETIC_DEMO
D_20260902,2026-09-02T17:32:00,16,4,SYNTHETIC_DEMO
D_20260902,2026-09-02T17:32:30,18,5,SYNTHETIC_DEMO
D_20260902,2026-09-02T17:33:00,16,5,SYNTHETIC_DEMO
D_20260902,2026-09-02T17:33:30,17,5,SYNTHETIC_DEMO
D_20260902,2026-09-02T17:34:00,16,5,SYNTHETIC_DEMO
D_20260902,2026-09-02T17:34:30,17,4,SYNTHETIC_DEMO
D_20260902,2026-09-02T17:35:00,18,6,SYNTHETIC_DEMO
D_20260902,2026-09-02T17:35:30,17,5,SYNTHETIC_DEMO
D_20260902,2026-09-02T17:36:00,18,5,SYNTHETIC_DEMO
D_20260902,2026-09-02T17:36:30,19,4,SYNTHETIC_DEMO
D_20260902,2026-09-02T17:37:00,17,5,SYNTHETIC_DEMO
D_20260902,2026-09-02T17:37:30,19,5,SYNTHETIC_DEMO
D_20260902,2026-09-02T17:38:00,18,5,SYNTHETIC_DEMO
D_20260902,2026-09-02T17:38:30,19,5,SYNTHETIC_DEMO
D_20260902,2026-09-02T17:39:00,17,3,SYNTHETIC_DEMO
D_20260902,2026-09-02T17:39:30,19,5,SYNTHETIC_DEMO
D_20260902,2026-09-02T17:40:00,18,5,SYNTHETIC_DEMO
D_20260902,2026-09-02T17:40:30,20,6,SYNTHETIC_DEMO
D_20260902,2026-09-02T17:41:00,17,5,SYNTHETIC_DEMO
D_20260902,2026-09-02T17:41:30,18,5,SYNTHETIC_DEMO
D_20260902,2026-09-02T17:42:00,17,5,SYNTHETIC_DEMO
D_20260902,2026-09-02T17:42:30,17,5,SYNTHETIC_DEMO
D_20260902,2026-09-02T17:43:00,19,6,SYNTHETIC_DEMO
D_20260902,2026-09-02T17:43:30,17,6,SYNTHETIC_DEMO
D_20260902,2026-09-02T17:44:00,19,5,SYNTHETIC_DEMO
D_20260902,2026-09-02T17:44:30,18,4,SYNTHETIC_DEMO
D_20260902,2026-09-02T17:45:00,17,5,SYNTHETIC_DEMO
D_20260902,2026-09-02T17:45:30,18,5,SYNTHETIC_DEMO
D_20260902,2026-09-02T17:46:00,18,5,SYNTHETIC_DEMO
D_20260902,2026-09-02T17:46:30,16,5,SYNTHETIC_DEMO
D_20260902,2026-09-02T17:47:00,17,6,SYNTHETIC_DEMO
D_20260902,2026-09-02T17:47:30,17,4,SYNTHETIC_DEMO
D_20260902,2026-09-02T17:48:00,17,6,SYNTHETIC_DEMO
D_20260902,2026-09-02T17:48:30,16,5,SYNTHETIC_DEMO
D_20260902,2026-09-02T17:49:00,16,5,SYNTHETIC_DEMO
D_20260902,2026-09-02T17:49:30,15,5,SYNTHETIC_DEMO
D_20260902,2026-09-02T17:50:00,16,5,SYNTHETIC_DEMO
D_20260902,2026-09-02T17:50:30,16,5,SYNTHETIC_DEMO
D_20260902,2026-09-02T17:51:00,17,5,SYNTHETIC_DEMO
D_20260902,2026-09-02T17:51:30,15,5,SYNTHETIC_DEMO
D_20260902,2026-09-02T17:52:00,14,5,SYNTHETIC_DEMO
D_20260902,2026-09-02T17:52:30,15,4,SYNTHETIC_DEMO
D_20260902,2026-09-02T17:53:00,14,4,SYNTHETIC_DEMO
D_20260902,2026-09-02T17:53:30,14,5,SYNTHETIC_DEMO
D_20260902,2026-09-02T17:54:00,12,5,SYNTHETIC_DEMO
D_20260902,2026-09-02T17:54:30,13,4,SYNTHETIC_DEMO
D_20260902,2026-09-02T17:55:00,13,4,SYNTHETIC_DEMO
D_20260902,2026-09-02T17:55:30,12,5,SYNTHETIC_DEMO
D_20260902,2026-09-02T17:56:00,12,4,SYNTHETIC_DEMO
D_20260902,2026-09-02T17:56:30,11,4,SYNTHETIC_DEMO
D_20260902,2026-09-02T17:57:00,14,5,SYNTHETIC_DEMO
D_20260902,2026-09-02T17:57:30,14,5,SYNTHETIC_DEMO
D_20260902,2026-09-02T17:58:00,12,4,SYNTHETIC_DEMO
D_20260902,2026-09-02T17:58:30,11,5,SYNTHETIC_DEMO
D_20260902,2026-09-02T17:59:00,12,5,SYNTHETIC_DEMO
D_20260902,2026-09-02T17:59:30,10,3,SYNTHETIC_DEMO
D_20260902,2026-09-02T18:00:00,10,3,SYNTHETIC_DEMO
D_20260902,2026-09-02T18:00:30,11,4,SYNTHETIC_DEMO
D_20260902,2026-09-02T18:01:00,10,3,SYNTHETIC_DEMO
D_20260902,2026-09-02T18:01:30,9,3,SYNTHETIC_DEMO
D_20260902,2026-09-02T18:02:00,8,3,SYNTHETIC_DEMO
D_20260902,2026-09-02T18:02:30,10,4,SYNTHETIC_DEMO
D_20260902,2026-09-02T18:03:00,8,4,SYNTHETIC_DEMO
D_20260902,2026-09-02T18:03:30,7,3,SYNTHETIC_DEMO
D_20260902,2026-09-02T18:04:00,9,4,SYNTHETIC_DEMO
D_20260902,2026-09-02T18:04:30,7,2,SYNTHETIC_DEMO
D_20260902,2026-09-02T18:05:00,7,3,SYNTHETIC_DEMO
D_20260902,2026-09-02T18:05:30,8,4,SYNTHETIC_DEMO
D_20260902,2026-09-02T18:06:00,9,3,SYNTHETIC_DEMO
D_20260902,2026-09-02T18:06:30,6,4,SYNTHETIC_DEMO
D_20260902,2026-09-02T18:07:00,7,3,SYNTHETIC_DEMO
D_20260902,2026-09-02T18:07:30,6,4,SYNTHETIC_DEMO
D_20260902,2026-09-02T18:08:00,6,3,SYNTHETIC_DEMO
D_20260902,2026-09-02T18:08:30,5,2,SYNTHETIC_DEMO
D_20260902,2026-09-02T18:09:00,6,2,SYNTHETIC_DEMO
D_20260902,2026-09-02T18:09:30,7,4,SYNTHETIC_DEMO
D_20260902,2026-09-02T18:10:00,5,3,SYNTHETIC_DEMO
D_20260902,2026-09-02T18:10:30,5,3,SYNTHETIC_DEMO
D_20260902,2026-09-02T18:11:00,4,3,SYNTHETIC_DEMO
D_20260902,2026-09-02T18:11:30,4,3,SYNTHETIC_DEMO
D_20260902,2026-09-02T18:12:00,5,3,SYNTHETIC_DEMO
D_20260902,2026-09-02T18:12:30,6,3,SYNTHETIC_DEMO
D_20260902,2026-09-02T18:13:00,3,2,SYNTHETIC_DEMO
D_20260902,2026-09-02T18:13:30,5,3,SYNTHETIC_DEMO
D_20260902,2026-09-02T18:14:00,3,3,SYNTHETIC_DEMO
D_20260902,2026-09-02T18:14:30,4,2,SYNTHETIC_DEMO
D_20260902,2026-09-02T18:15:00,3,2,SYNTHETIC_DEMO
D_20260902,2026-09-02T18:15:30,3,2,SYNTHETIC_DEMO
D_20260902,2026-09-02T18:16:00,2,3,SYNTHETIC_DEMO
D_20260902,2026-09-02T18:16:30,4,3,SYNTHETIC_DEMO
D_20260902,2026-09-02T18:17:00,3,2,SYNTHETIC_DEMO
D_20260902,2026-09-02T18:17:30,3,3,SYNTHETIC_DEMO
D_20260902,2026-09-02T18:18:00,3,1,SYNTHETIC_DEMO
D_20260902,2026-09-02T18:18:30,3,3,SYNTHETIC_DEMO
D_20260902,2026-09-02T18:19:00,3,3,SYNTHETIC_DEMO
D_20260902,2026-09-02T18:19:30,2,3,SYNTHETIC_DEMO
D_20260902,2026-09-02T18:20:00,2,3,SYNTHETIC_DEMO
D_20260902,2026-09-02T18:20:30,3,3,SYNTHETIC_DEMO
D_20260902,2026-09-02T18:21:00,2,3,SYNTHETIC_DEMO
D_20260902,2026-09-02T18:21:30,0,1,SYNTHETIC_DEMO
D_20260902,2026-09-02T18:22:00,2,2,SYNTHETIC_DEMO
D_20260902,2026-09-02T18:22:30,2,2,SYNTHETIC_DEMO
D_20260902,2026-09-02T18:23:00,4,2,SYNTHETIC_DEMO
D_20260902,2026-09-02T18:23:30,1,2,SYNTHETIC_DEMO
D_20260902,2026-09-02T18:24:00,2,3,SYNTHETIC_DEMO
D_20260902,2026-09-02T18:24:30,1,3,SYNTHETIC_DEMO
D_20260902,2026-09-02T18:25:00,1,2,SYNTHETIC_DEMO
D_20260902,2026-09-02T18:25:30,2,2,SYNTHETIC_DEMO
D_20260902,2026-09-02T18:26:00,2,2,SYNTHETIC_DEMO
D_20260902,2026-09-02T18:26:30,2,2,SYNTHETIC_DEMO
D_20260902,2026-09-02T18:27:00,3,3,SYNTHETIC_DEMO
D_20260902,2026-09-02T18:27:30,2,2,SYNTHETIC_DEMO
D_20260902,2026-09-02T18:28:00,1,3,SYNTHETIC_DEMO
D_20260902,2026-09-02T18:28:30,2,2,SYNTHETIC_DEMO
D_20260902,2026-09-02T18:29:00,0,3,SYNTHETIC_DEMO
D_20260902,2026-09-02T18:29:30,1,3,SYNTHETIC_DEMO
D_20260902,2026-09-02T18:30:00,1,1,SYNTHETIC_DEMO
D_20260902,2026-09-02T18:30:30,1,2,SYNTHETIC_DEMO
D_20260902,2026-09-02T18:31:00,2,2,SYNTHETIC_DEMO
D_20260902,2026-09-02T18:31:30,0,2,SYNTHETIC_DEMO
D_20260902,2026-09-02T18:32:00,0,3,SYNTHETIC_DEMO
D_20260902,2026-09-02T18:32:30,1,2,SYNTHETIC_DEMO
D_20260902,2026-09-02T18:33:00,1,2,SYNTHETIC_DEMO
D_20260902,2026-09-02T18:33:30,1,2,SYNTHETIC_DEMO
D_20260902,2026-09-02T18:34:00,2,2,SYNTHETIC_DEMO
D_20260902,2026-09-02T18:34:30,1,2,SYNTHETIC_DEMO
D_20260902,2026-09-02T18:35:00,0,1,SYNTHETIC_DEMO
D_20260902,2026-09-02T18:35:30,2,2,SYNTHETIC_DEMO
D_20260902,2026-09-02T18:36:00,0,2,SYNTHETIC_DEMO
D_20260902,2026-09-02T18:36:30,1,3,SYNTHETIC_DEMO
D_20260902,2026-09-02T18:37:00,1,2,SYNTHETIC_DEMO
D_20260902,2026-09-02T18:37:30,1,3,SYNTHETIC_DEMO
D_20260902,2026-09-02T18:38:00,1,2,SYNTHETIC_DEMO
D_20260902,2026-09-02T18:38:30,2,3,SYNTHETIC_DEMO
D_20260902,2026-09-02T18:39:00,1,2,SYNTHETIC_DEMO
D_20260902,2026-09-02T18:39:30,2,3,SYNTHETIC_DEMO
D_20260902,2026-09-02T18:40:00,0,2,SYNTHETIC_DEMO
D_20260902,2026-09-02T18:40:30,1,2,SYNTHETIC_DEMO
D_20260902,2026-09-02T18:41:00,1,2,SYNTHETIC_DEMO
D_20260902,2026-09-02T18:41:30,1,3,SYNTHETIC_DEMO
D_20260902,2026-09-02T18:42:00,1,3,SYNTHETIC_DEMO
D_20260902,2026-09-02T18:42:30,1,2,SYNTHETIC_DEMO
D_20260902,2026-09-02T18:43:00,1,2,SYNTHETIC_DEMO
D_20260902,2026-09-02T18:43:30,0,2,SYNTHETIC_DEMO
D_20260902,2026-09-02T18:44:00,1,2,SYNTHETIC_DEMO
D_20260902,2026-09-02T18:44:30,1,3,SYNTHETIC_DEMO
D_20260902,2026-09-02T18:45:00,1,3,SYNTHETIC_DEMO
D_20260902,2026-09-02T18:45:30,0,3,SYNTHETIC_DEMO
D_20260902,2026-09-02T18:46:00,1,2,SYNTHETIC_DEMO
D_20260902,2026-09-02T18:46:30,1,3,SYNTHETIC_DEMO
D_20260902,2026-09-02T18:47:00,0,3,SYNTHETIC_DEMO
D_20260902,2026-09-02T18:47:30,1,2,SYNTHETIC_DEMO
D_20260902,2026-09-02T18:48:00,1,2,SYNTHETIC_DEMO
D_20260902,2026-09-02T18:48:30,2,3,SYNTHETIC_DEMO
D_20260902,2026-09-02T18:49:00,1,3,SYNTHETIC_DEMO
D_20260902,2026-09-02T18:49:30,0,2,SYNTHETIC_DEMO
D_20260902,2026-09-02T18:50:00,0,2,SYNTHETIC_DEMO
D_20260902,2026-09-02T18:50:30,1,2,SYNTHETIC_DEMO
D_20260902,2026-09-02T18:51:00,0,2,SYNTHETIC_DEMO
D_20260902,2026-09-02T18:51:30,0,2,SYNTHETIC_DEMO
D_20260902,2026-09-02T18:52:00,1,2,SYNTHETIC_DEMO
D_20260902,2026-09-02T18:52:30,0,3,SYNTHETIC_DEMO
D_20260902,2026-09-02T18:53:00,1,1,SYNTHETIC_DEMO
D_20260902,2026-09-02T18:53:30,1,2,SYNTHETIC_DEMO
D_20260902,2026-09-02T18:54:00,0,2,SYNTHETIC_DEMO
D_20260902,2026-09-02T18:54:30,1,2,SYNTHETIC_DEMO
D_20260902,2026-09-02T18:55:00,0,2,SYNTHETIC_DEMO
D_20260902,2026-09-02T18:55:30,1,3,SYNTHETIC_DEMO
D_20260902,2026-09-02T18:56:00,1,2,SYNTHETIC_DEMO
D_20260902,2026-09-02T18:56:30,0,1,SYNTHETIC_DEMO
D_20260902,2026-09-02T18:57:00,2,1,SYNTHETIC_DEMO
D_20260902,2026-09-02T18:57:30,1,2,SYNTHETIC_DEMO
D_20260902,2026-09-02T18:58:00,0,2,SYNTHETIC_DEMO
D_20260902,2026-09-02T18:58:30,2,2,SYNTHETIC_DEMO
D_20260902,2026-09-02T18:59:00,2,3,SYNTHETIC_DEMO
D_20260902,2026-09-02T18:59:30,0,3,SYNTHETIC_DEMO
B_20260903,2026-09-03T05:30:00,3,3,SYNTHETIC_DEMO
B_20260903,2026-09-03T05:30:30,2,2,SYNTHETIC_DEMO
B_20260903,2026-09-03T05:31:00,1,1,SYNTHETIC_DEMO
B_20260903,2026-09-03T05:31:30,2,2,SYNTHETIC_DEMO
B_20260903,2026-09-03T05:32:00,1,2,SYNTHETIC_DEMO
B_20260903,2026-09-03T05:32:30,3,3,SYNTHETIC_DEMO
B_20260903,2026-09-03T05:33:00,2,2,SYNTHETIC_DEMO
B_20260903,2026-09-03T05:33:30,2,2,SYNTHETIC_DEMO
B_20260903,2026-09-03T05:34:00,2,3,SYNTHETIC_DEMO
B_20260903,2026-09-03T05:34:30,3,3,SYNTHETIC_DEMO
B_20260903,2026-09-03T05:35:00,3,3,SYNTHETIC_DEMO
B_20260903,2026-09-03T05:35:30,2,3,SYNTHETIC_DEMO
B_20260903,2026-09-03T05:36:00,2,2,SYNTHETIC_DEMO
B_20260903,2026-09-03T05:36:30,3,2,SYNTHETIC_DEMO
B_20260903,2026-09-03T05:37:00,3,3,SYNTHETIC_DEMO
B_20260903,2026-09-03T05:37:30,4,3,SYNTHETIC_DEMO
B_20260903,2026-09-03T05:38:00,3,2,SYNTHETIC_DEMO
B_20260903,2026-09-03T05:38:30,3,3,SYNTHETIC_DEMO
B_20260903,2026-09-03T05:39:00,3,3,SYNTHETIC_DEMO
B_20260903,2026-09-03T05:39:30,3,2,SYNTHETIC_DEMO
B_20260903,2026-09-03T05:40:00,3,3,SYNTHETIC_DEMO
B_20260903,2026-09-03T05:40:30,4,3,SYNTHETIC_DEMO
B_20260903,2026-09-03T05:41:00,2,1,SYNTHETIC_DEMO
B_20260903,2026-09-03T05:41:30,3,3,SYNTHETIC_DEMO
B_20260903,2026-09-03T05:42:00,4,2,SYNTHETIC_DEMO
B_20260903,2026-09-03T05:42:30,4,2,SYNTHETIC_DEMO
B_20260903,2026-09-03T05:43:00,4,2,SYNTHETIC_DEMO
B_20260903,2026-09-03T05:43:30,4,3,SYNTHETIC_DEMO
B_20260903,2026-09-03T05:44:00,5,3,SYNTHETIC_DEMO
B_20260903,2026-09-03T05:44:30,4,3,SYNTHETIC_DEMO
B_20260903,2026-09-03T05:45:00,5,4,SYNTHETIC_DEMO
B_20260903,2026-09-03T05:45:30,5,3,SYNTHETIC_DEMO
B_20260903,2026-09-03T05:46:00,5,2,SYNTHETIC_DEMO
B_20260903,2026-09-03T05:46:30,5,3,SYNTHETIC_DEMO
B_20260903,2026-09-03T05:47:00,5,3,SYNTHETIC_DEMO
B_20260903,2026-09-03T05:47:30,5,3,SYNTHETIC_DEMO
B_20260903,2026-09-03T05:48:00,5,3,SYNTHETIC_DEMO
B_20260903,2026-09-03T05:48:30,7,3,SYNTHETIC_DEMO
B_20260903,2026-09-03T05:49:00,5,2,SYNTHETIC_DEMO
B_20260903,2026-09-03T05:49:30,5,3,SYNTHETIC_DEMO
B_20260903,2026-09-03T05:50:00,6,3,SYNTHETIC_DEMO
B_20260903,2026-09-03T05:50:30,6,3,SYNTHETIC_DEMO
B_20260903,2026-09-03T05:51:00,6,3,SYNTHETIC_DEMO
B_20260903,2026-09-03T05:51:30,5,3,SYNTHETIC_DEMO
B_20260903,2026-09-03T05:52:00,6,3,SYNTHETIC_DEMO
B_20260903,2026-09-03T05:52:30,8,3,SYNTHETIC_DEMO
B_20260903,2026-09-03T05:53:00,5,3,SYNTHETIC_DEMO
B_20260903,2026-09-03T05:53:30,7,4,SYNTHETIC_DEMO
B_20260903,2026-09-03T05:54:00,7,4,SYNTHETIC_DEMO
B_20260903,2026-09-03T05:54:30,7,3,SYNTHETIC_DEMO
B_20260903,2026-09-03T05:55:00,6,2,SYNTHETIC_DEMO
B_20260903,2026-09-03T05:55:30,8,3,SYNTHETIC_DEMO
B_20260903,2026-09-03T05:56:00,8,3,SYNTHETIC_DEMO
B_20260903,2026-09-03T05:56:30,8,3,SYNTHETIC_DEMO
B_20260903,2026-09-03T05:57:00,7,3,SYNTHETIC_DEMO
B_20260903,2026-09-03T05:57:30,6,3,SYNTHETIC_DEMO
B_20260903,2026-09-03T05:58:00,6,4,SYNTHETIC_DEMO
B_20260903,2026-09-03T05:58:30,7,3,SYNTHETIC_DEMO
B_20260903,2026-09-03T05:59:00,8,3,SYNTHETIC_DEMO
B_20260903,2026-09-03T05:59:30,8,4,SYNTHETIC_DEMO
B_20260903,2026-09-03T06:00:00,7,3,SYNTHETIC_DEMO
B_20260903,2026-09-03T06:00:30,8,4,SYNTHETIC_DEMO
B_20260903,2026-09-03T06:01:00,8,3,SYNTHETIC_DEMO
B_20260903,2026-09-03T06:01:30,7,3,SYNTHETIC_DEMO
B_20260903,2026-09-03T06:02:00,9,4,SYNTHETIC_DEMO
B_20260903,2026-09-03T06:02:30,7,4,SYNTHETIC_DEMO
B_20260903,2026-09-03T06:03:00,8,4,SYNTHETIC_DEMO
B_20260903,2026-09-03T06:03:30,7,3,SYNTHETIC_DEMO
B_20260903,2026-09-03T06:04:00,7,4,SYNTHETIC_DEMO
B_20260903,2026-09-03T06:04:30,10,4,SYNTHETIC_DEMO
B_20260903,2026-09-03T06:05:00,7,3,SYNTHETIC_DEMO
B_20260903,2026-09-03T06:05:30,8,4,SYNTHETIC_DEMO
B_20260903,2026-09-03T06:06:00,9,4,SYNTHETIC_DEMO
B_20260903,2026-09-03T06:06:30,8,3,SYNTHETIC_DEMO
B_20260903,2026-09-03T06:07:00,7,3,SYNTHETIC_DEMO
B_20260903,2026-09-03T06:07:30,8,3,SYNTHETIC_DEMO
B_20260903,2026-09-03T06:08:00,8,4,SYNTHETIC_DEMO
B_20260903,2026-09-03T06:08:30,7,3,SYNTHETIC_DEMO
B_20260903,2026-09-03T06:09:00,6,3,SYNTHETIC_DEMO
B_20260903,2026-09-03T06:09:30,8,3,SYNTHETIC_DEMO
B_20260903,2026-09-03T06:10:00,9,4,SYNTHETIC_DEMO
B_20260903,2026-09-03T06:10:30,7,3,SYNTHETIC_DEMO
B_20260903,2026-09-03T06:11:00,7,3,SYNTHETIC_DEMO
B_20260903,2026-09-03T06:11:30,9,3,SYNTHETIC_DEMO
B_20260903,2026-09-03T06:12:00,7,3,SYNTHETIC_DEMO
B_20260903,2026-09-03T06:12:30,5,3,SYNTHETIC_DEMO
B_20260903,2026-09-03T06:13:00,8,3,SYNTHETIC_DEMO
B_20260903,2026-09-03T06:13:30,7,4,SYNTHETIC_DEMO
B_20260903,2026-09-03T06:14:00,8,4,SYNTHETIC_DEMO
B_20260903,2026-09-03T06:14:30,7,4,SYNTHETIC_DEMO
B_20260903,2026-09-03T06:15:00,7,4,SYNTHETIC_DEMO
B_20260903,2026-09-03T06:15:30,7,3,SYNTHETIC_DEMO
B_20260903,2026-09-03T06:16:00,7,4,SYNTHETIC_DEMO
B_20260903,2026-09-03T06:16:30,7,3,SYNTHETIC_DEMO
B_20260903,2026-09-03T06:17:00,7,3,SYNTHETIC_DEMO
B_20260903,2026-09-03T06:17:30,7,4,SYNTHETIC_DEMO
B_20260903,2026-09-03T06:18:00,7,3,SYNTHETIC_DEMO
B_20260903,2026-09-03T06:18:30,7,3,SYNTHETIC_DEMO
B_20260903,2026-09-03T06:19:00,7,3,SYNTHETIC_DEMO
B_20260903,2026-09-03T06:19:30,8,3,SYNTHETIC_DEMO
B_20260903,2026-09-03T06:20:00,7,3,SYNTHETIC_DEMO
B_20260903,2026-09-03T06:20:30,6,3,SYNTHETIC_DEMO
B_20260903,2026-09-03T06:21:00,5,3,SYNTHETIC_DEMO
B_20260903,2026-09-03T06:21:30,4,3,SYNTHETIC_DEMO
B_20260903,2026-09-03T06:22:00,5,3,SYNTHETIC_DEMO
B_20260903,2026-09-03T06:22:30,6,3,SYNTHETIC_DEMO
B_20260903,2026-09-03T06:23:00,5,3,SYNTHETIC_DEMO
B_20260903,2026-09-03T06:23:30,5,3,SYNTHETIC_DEMO
B_20260903,2026-09-03T06:24:00,5,3,SYNTHETIC_DEMO
B_20260903,2026-09-03T06:24:30,5,3,SYNTHETIC_DEMO
B_20260903,2026-09-03T06:25:00,5,4,SYNTHETIC_DEMO
B_20260903,2026-09-03T06:25:30,3,3,SYNTHETIC_DEMO
B_20260903,2026-09-03T06:26:00,4,2,SYNTHETIC_DEMO
B_20260903,2026-09-03T06:26:30,4,2,SYNTHETIC_DEMO
B_20260903,2026-09-03T06:27:00,3,3,SYNTHETIC_DEMO
B_20260903,2026-09-03T06:27:30,4,3,SYNTHETIC_DEMO
B_20260903,2026-09-03T06:28:00,4,3,SYNTHETIC_DEMO
B_20260903,2026-09-03T06:28:30,3,3,SYNTHETIC_DEMO
B_20260903,2026-09-03T06:29:00,3,3,SYNTHETIC_DEMO
B_20260903,2026-09-03T06:29:30,3,3,SYNTHETIC_DEMO
B_20260903,2026-09-03T06:30:00,3,2,SYNTHETIC_DEMO
B_20260903,2026-09-03T06:30:30,3,2,SYNTHETIC_DEMO
B_20260903,2026-09-03T06:31:00,2,3,SYNTHETIC_DEMO
B_20260903,2026-09-03T06:31:30,3,3,SYNTHETIC_DEMO
B_20260903,2026-09-03T06:32:00,3,3,SYNTHETIC_DEMO
B_20260903,2026-09-03T06:32:30,5,3,SYNTHETIC_DEMO
B_20260903,2026-09-03T06:33:00,3,3,SYNTHETIC_DEMO
B_20260903,2026-09-03T06:33:30,4,2,SYNTHETIC_DEMO
B_20260903,2026-09-03T06:34:00,3,2,SYNTHETIC_DEMO
B_20260903,2026-09-03T06:34:30,4,2,SYNTHETIC_DEMO
B_20260903,2026-09-03T06:35:00,3,3,SYNTHETIC_DEMO
B_20260903,2026-09-03T06:35:30,3,2,SYNTHETIC_DEMO
B_20260903,2026-09-03T06:36:00,4,2,SYNTHETIC_DEMO
B_20260903,2026-09-03T06:36:30,2,2,SYNTHETIC_DEMO
B_20260903,2026-09-03T06:37:00,3,3,SYNTHETIC_DEMO
B_20260903,2026-09-03T06:37:30,3,3,SYNTHETIC_DEMO
B_20260903,2026-09-03T06:38:00,3,3,SYNTHETIC_DEMO
B_20260903,2026-09-03T06:38:30,3,2,SYNTHETIC_DEMO
B_20260903,2026-09-03T06:39:00,2,2,SYNTHETIC_DEMO
B_20260903,2026-09-03T06:39:30,0,1,SYNTHETIC_DEMO
B_20260903,2026-09-03T06:40:00,2,3,SYNTHETIC_DEMO
B_20260903,2026-09-03T06:40:30,2,3,SYNTHETIC_DEMO
B_20260903,2026-09-03T06:41:00,4,4,SYNTHETIC_DEMO
B_20260903,2026-09-03T06:41:30,4,3,SYNTHETIC_DEMO
B_20260903,2026-09-03T06:42:00,1,3,SYNTHETIC_DEMO
B_20260903,2026-09-03T06:42:30,1,2,SYNTHETIC_DEMO
B_20260903,2026-09-03T06:43:00,1,3,SYNTHETIC_DEMO
B_20260903,2026-09-03T06:43:30,2,2,SYNTHETIC_DEMO
B_20260903,2026-09-03T06:44:00,1,2,SYNTHETIC_DEMO
B_20260903,2026-09-03T06:44:30,0,2,SYNTHETIC_DEMO
B_20260903,2026-09-03T06:45:00,2,2,SYNTHETIC_DEMO
B_20260903,2026-09-03T06:45:30,2,2,SYNTHETIC_DEMO
B_20260903,2026-09-03T06:46:00,0,3,SYNTHETIC_DEMO
B_20260903,2026-09-03T06:46:30,2,1,SYNTHETIC_DEMO
B_20260903,2026-09-03T06:47:00,1,2,SYNTHETIC_DEMO
B_20260903,2026-09-03T06:47:30,1,2,SYNTHETIC_DEMO
B_20260903,2026-09-03T06:48:00,3,2,SYNTHETIC_DEMO
B_20260903,2026-09-03T06:48:30,2,3,SYNTHETIC_DEMO
B_20260903,2026-09-03T06:49:00,2,2,SYNTHETIC_DEMO
B_20260903,2026-09-03T06:49:30,0,3,SYNTHETIC_DEMO
B_20260903,2026-09-03T06:50:00,2,2,SYNTHETIC_DEMO
B_20260903,2026-09-03T06:50:30,1,2,SYNTHETIC_DEMO
B_20260903,2026-09-03T06:51:00,2,2,SYNTHETIC_DEMO
B_20260903,2026-09-03T06:51:30,1,2,SYNTHETIC_DEMO
B_20260903,2026-09-03T06:52:00,0,2,SYNTHETIC_DEMO
B_20260903,2026-09-03T06:52:30,1,2,SYNTHETIC_DEMO
B_20260903,2026-09-03T06:53:00,1,2,SYNTHETIC_DEMO
B_20260903,2026-09-03T06:53:30,3,3,SYNTHETIC_DEMO
B_20260903,2026-09-03T06:54:00,2,2,SYNTHETIC_DEMO
B_20260903,2026-09-03T06:54:30,1,2,SYNTHETIC_DEMO
B_20260903,2026-09-03T06:55:00,2,2,SYNTHETIC_DEMO
B_20260903,2026-09-03T06:55:30,1,1,SYNTHETIC_DEMO
B_20260903,2026-09-03T06:56:00,2,2,SYNTHETIC_DEMO
B_20260903,2026-09-03T06:56:30,0,3,SYNTHETIC_DEMO
B_20260903,2026-09-03T06:57:00,2,3,SYNTHETIC_DEMO
B_20260903,2026-09-03T06:57:30,1,2,SYNTHETIC_DEMO
B_20260903,2026-09-03T06:58:00,2,3,SYNTHETIC_DEMO
B_20260903,2026-09-03T06:58:30,2,2,SYNTHETIC_DEMO
B_20260903,2026-09-03T06:59:00,2,3,SYNTHETIC_DEMO
B_20260903,2026-09-03T06:59:30,1,1,SYNTHETIC_DEMO
B_20260903,2026-09-03T07:00:00,1,2,SYNTHETIC_DEMO
B_20260903,2026-09-03T07:00:30,1,2,SYNTHETIC_DEMO
B_20260903,2026-09-03T07:01:00,1,2,SYNTHETIC_DEMO
B_20260903,2026-09-03T07:01:30,1,2,SYNTHETIC_DEMO
B_20260903,2026-09-03T07:02:00,1,2,SYNTHETIC_DEMO
B_20260903,2026-09-03T07:02:30,2,3,SYNTHETIC_DEMO
B_20260903,2026-09-03T07:03:00,1,2,SYNTHETIC_DEMO
B_20260903,2026-09-03T07:03:30,1,2,SYNTHETIC_DEMO
B_20260903,2026-09-03T07:04:00,0,1,SYNTHETIC_DEMO
B_20260903,2026-09-03T07:04:30,1,3,SYNTHETIC_DEMO
B_20260903,2026-09-03T07:05:00,1,3,SYNTHETIC_DEMO
B_20260903,2026-09-03T07:05:30,1,2,SYNTHETIC_DEMO
B_20260903,2026-09-03T07:06:00,2,3,SYNTHETIC_DEMO
B_20260903,2026-09-03T07:06:30,2,2,SYNTHETIC_DEMO
B_20260903,2026-09-03T07:07:00,0,2,SYNTHETIC_DEMO
B_20260903,2026-09-03T07:07:30,0,2,SYNTHETIC_DEMO
B_20260903,2026-09-03T07:08:00,2,3,SYNTHETIC_DEMO
B_20260903,2026-09-03T07:08:30,1,3,SYNTHETIC_DEMO
B_20260903,2026-09-03T07:09:00,0,2,SYNTHETIC_DEMO
B_20260903,2026-09-03T07:09:30,1,2,SYNTHETIC_DEMO
B_20260903,2026-09-03T07:10:00,1,2,SYNTHETIC_DEMO
B_20260903,2026-09-03T07:10:30,1,2,SYNTHETIC_DEMO
B_20260903,2026-09-03T07:11:00,1,2,SYNTHETIC_DEMO
B_20260903,2026-09-03T07:11:30,0,1,SYNTHETIC_DEMO
B_20260903,2026-09-03T07:12:00,1,1,SYNTHETIC_DEMO
B_20260903,2026-09-03T07:12:30,0,2,SYNTHETIC_DEMO
B_20260903,2026-09-03T07:13:00,1,3,SYNTHETIC_DEMO
B_20260903,2026-09-03T07:13:30,1,1,SYNTHETIC_DEMO
B_20260903,2026-09-03T07:14:00,1,2,SYNTHETIC_DEMO
B_20260903,2026-09-03T07:14:30,2,3,SYNTHETIC_DEMO
B_20260903,2026-09-03T07:15:00,0,3,SYNTHETIC_DEMO
B_20260903,2026-09-03T07:15:30,1,2,SYNTHETIC_DEMO
B_20260903,2026-09-03T07:16:00,1,2,SYNTHETIC_DEMO
B_20260903,2026-09-03T07:16:30,3,3,SYNTHETIC_DEMO
B_20260903,2026-09-03T07:17:00,1,2,SYNTHETIC_DEMO
B_20260903,2026-09-03T07:17:30,0,2,SYNTHETIC_DEMO
B_20260903,2026-09-03T07:18:00,1,2,SYNTHETIC_DEMO
B_20260903,2026-09-03T07:18:30,1,2,SYNTHETIC_DEMO
B_20260903,2026-09-03T07:19:00,1,2,SYNTHETIC_DEMO
B_20260903,2026-09-03T07:19:30,0,2,SYNTHETIC_DEMO
B_20260903,2026-09-03T07:20:00,1,2,SYNTHETIC_DEMO
B_20260903,2026-09-03T07:20:30,0,1,SYNTHETIC_DEMO
B_20260903,2026-09-03T07:21:00,2,2,SYNTHETIC_DEMO
B_20260903,2026-09-03T07:21:30,0,2,SYNTHETIC_DEMO
B_20260903,2026-09-03T07:22:00,1,2,SYNTHETIC_DEMO
B_20260903,2026-09-03T07:22:30,2,3,SYNTHETIC_DEMO
B_20260903,2026-09-03T07:23:00,2,2,SYNTHETIC_DEMO
B_20260903,2026-09-03T07:23:30,1,3,SYNTHETIC_DEMO
B_20260903,2026-09-03T07:24:00,0,1,SYNTHETIC_DEMO
B_20260903,2026-09-03T07:24:30,3,2,SYNTHETIC_DEMO
B_20260903,2026-09-03T07:25:00,0,2,SYNTHETIC_DEMO
B_20260903,2026-09-03T07:25:30,1,2,SYNTHETIC_DEMO
B_20260903,2026-09-03T07:26:00,2,2,SYNTHETIC_DEMO
B_20260903,2026-09-03T07:26:30,1,2,SYNTHETIC_DEMO
B_20260903,2026-09-03T07:27:00,1,2,SYNTHETIC_DEMO
B_20260903,2026-09-03T07:27:30,1,3,SYNTHETIC_DEMO
B_20260903,2026-09-03T07:28:00,0,1,SYNTHETIC_DEMO
B_20260903,2026-09-03T07:28:30,1,2,SYNTHETIC_DEMO
B_20260903,2026-09-03T07:29:00,1,2,SYNTHETIC_DEMO
B_20260903,2026-09-03T07:29:30,1,2,SYNTHETIC_DEMO
L_20260903,2026-09-03T11:30:00,6,3,SYNTHETIC_DEMO
L_20260903,2026-09-03T11:30:30,5,3,SYNTHETIC_DEMO
L_20260903,2026-09-03T11:31:00,7,4,SYNTHETIC_DEMO
L_20260903,2026-09-03T11:31:30,7,4,SYNTHETIC_DEMO
L_20260903,2026-09-03T11:32:00,6,4,SYNTHETIC_DEMO
L_20260903,2026-09-03T11:32:30,8,3,SYNTHETIC_DEMO
L_20260903,2026-09-03T11:33:00,7,4,SYNTHETIC_DEMO
L_20260903,2026-09-03T11:33:30,6,3,SYNTHETIC_DEMO
L_20260903,2026-09-03T11:34:00,8,4,SYNTHETIC_DEMO
L_20260903,2026-09-03T11:34:30,7,4,SYNTHETIC_DEMO
L_20260903,2026-09-03T11:35:00,8,4,SYNTHETIC_DEMO
L_20260903,2026-09-03T11:35:30,9,3,SYNTHETIC_DEMO
L_20260903,2026-09-03T11:36:00,10,5,SYNTHETIC_DEMO
L_20260903,2026-09-03T11:36:30,10,4,SYNTHETIC_DEMO
L_20260903,2026-09-03T11:37:00,10,3,SYNTHETIC_DEMO
L_20260903,2026-09-03T11:37:30,12,3,SYNTHETIC_DEMO
L_20260903,2026-09-03T11:38:00,12,5,SYNTHETIC_DEMO
L_20260903,2026-09-03T11:38:30,11,3,SYNTHETIC_DEMO
L_20260903,2026-09-03T11:39:00,12,4,SYNTHETIC_DEMO
L_20260903,2026-09-03T11:39:30,11,4,SYNTHETIC_DEMO
L_20260903,2026-09-03T11:40:00,12,4,SYNTHETIC_DEMO
L_20260903,2026-09-03T11:40:30,12,5,SYNTHETIC_DEMO
L_20260903,2026-09-03T11:41:00,12,3,SYNTHETIC_DEMO
L_20260903,2026-09-03T11:41:30,14,5,SYNTHETIC_DEMO
L_20260903,2026-09-03T11:42:00,13,4,SYNTHETIC_DEMO
L_20260903,2026-09-03T11:42:30,14,4,SYNTHETIC_DEMO
L_20260903,2026-09-03T11:43:00,12,4,SYNTHETIC_DEMO
L_20260903,2026-09-03T11:43:30,15,4,SYNTHETIC_DEMO
L_20260903,2026-09-03T11:44:00,13,4,SYNTHETIC_DEMO
L_20260903,2026-09-03T11:44:30,14,4,SYNTHETIC_DEMO
L_20260903,2026-09-03T11:45:00,15,4,SYNTHETIC_DEMO
L_20260903,2026-09-03T11:45:30,16,5,SYNTHETIC_DEMO
L_20260903,2026-09-03T11:46:00,17,6,SYNTHETIC_DEMO
L_20260903,2026-09-03T11:46:30,15,5,SYNTHETIC_DEMO
L_20260903,2026-09-03T11:47:00,17,5,SYNTHETIC_DEMO
L_20260903,2026-09-03T11:47:30,17,5,SYNTHETIC_DEMO
L_20260903,2026-09-03T11:48:00,16,4,SYNTHETIC_DEMO
L_20260903,2026-09-03T11:48:30,17,5,SYNTHETIC_DEMO
L_20260903,2026-09-03T11:49:00,17,5,SYNTHETIC_DEMO
L_20260903,2026-09-03T11:49:30,18,6,SYNTHETIC_DEMO
L_20260903,2026-09-03T11:50:00,19,6,SYNTHETIC_DEMO
L_20260903,2026-09-03T11:50:30,19,5,SYNTHETIC_DEMO
L_20260903,2026-09-03T11:51:00,19,6,SYNTHETIC_DEMO
L_20260903,2026-09-03T11:51:30,17,5,SYNTHETIC_DEMO
L_20260903,2026-09-03T11:52:00,19,5,SYNTHETIC_DEMO
L_20260903,2026-09-03T11:52:30,19,6,SYNTHETIC_DEMO
L_20260903,2026-09-03T11:53:00,20,6,SYNTHETIC_DEMO
L_20260903,2026-09-03T11:53:30,19,5,SYNTHETIC_DEMO
L_20260903,2026-09-03T11:54:00,20,5,SYNTHETIC_DEMO
L_20260903,2026-09-03T11:54:30,19,5,SYNTHETIC_DEMO
L_20260903,2026-09-03T11:55:00,19,5,SYNTHETIC_DEMO
L_20260903,2026-09-03T11:55:30,21,6,SYNTHETIC_DEMO
L_20260903,2026-09-03T11:56:00,19,5,SYNTHETIC_DEMO
L_20260903,2026-09-03T11:56:30,23,7,SYNTHETIC_DEMO
L_20260903,2026-09-03T11:57:00,20,7,SYNTHETIC_DEMO
L_20260903,2026-09-03T11:57:30,20,5,SYNTHETIC_DEMO
L_20260903,2026-09-03T11:58:00,21,5,SYNTHETIC_DEMO
L_20260903,2026-09-03T11:58:30,20,5,SYNTHETIC_DEMO
L_20260903,2026-09-03T11:59:00,21,6,SYNTHETIC_DEMO
L_20260903,2026-09-03T11:59:30,20,5,SYNTHETIC_DEMO
L_20260903,2026-09-03T12:00:00,21,6,SYNTHETIC_DEMO
L_20260903,2026-09-03T12:00:30,21,5,SYNTHETIC_DEMO
L_20260903,2026-09-03T12:01:00,21,6,SYNTHETIC_DEMO
L_20260903,2026-09-03T12:01:30,21,7,SYNTHETIC_DEMO
L_20260903,2026-09-03T12:02:00,20,5,SYNTHETIC_DEMO
L_20260903,2026-09-03T12:02:30,20,5,SYNTHETIC_DEMO
L_20260903,2026-09-03T12:03:00,22,6,SYNTHETIC_DEMO
L_20260903,2026-09-03T12:03:30,20,6,SYNTHETIC_DEMO
L_20260903,2026-09-03T12:04:00,21,6,SYNTHETIC_DEMO
L_20260903,2026-09-03T12:04:30,20,6,SYNTHETIC_DEMO
L_20260903,2026-09-03T12:05:00,20,6,SYNTHETIC_DEMO
L_20260903,2026-09-03T12:05:30,19,5,SYNTHETIC_DEMO
L_20260903,2026-09-03T12:06:00,18,5,SYNTHETIC_DEMO
L_20260903,2026-09-03T12:06:30,19,6,SYNTHETIC_DEMO
L_20260903,2026-09-03T12:07:00,19,6,SYNTHETIC_DEMO
L_20260903,2026-09-03T12:07:30,19,6,SYNTHETIC_DEMO
L_20260903,2026-09-03T12:08:00,20,5,SYNTHETIC_DEMO
L_20260903,2026-09-03T12:08:30,19,6,SYNTHETIC_DEMO
L_20260903,2026-09-03T12:09:00,18,6,SYNTHETIC_DEMO
L_20260903,2026-09-03T12:09:30,18,4,SYNTHETIC_DEMO
L_20260903,2026-09-03T12:10:00,17,5,SYNTHETIC_DEMO
L_20260903,2026-09-03T12:10:30,17,5,SYNTHETIC_DEMO
L_20260903,2026-09-03T12:11:00,18,5,SYNTHETIC_DEMO
L_20260903,2026-09-03T12:11:30,16,5,SYNTHETIC_DEMO
L_20260903,2026-09-03T12:12:00,15,5,SYNTHETIC_DEMO
L_20260903,2026-09-03T12:12:30,15,5,SYNTHETIC_DEMO
L_20260903,2026-09-03T12:13:00,15,5,SYNTHETIC_DEMO
L_20260903,2026-09-03T12:13:30,16,5,SYNTHETIC_DEMO
L_20260903,2026-09-03T12:14:00,15,5,SYNTHETIC_DEMO
L_20260903,2026-09-03T12:14:30,15,5,SYNTHETIC_DEMO
L_20260903,2026-09-03T12:15:00,15,5,SYNTHETIC_DEMO
L_20260903,2026-09-03T12:15:30,13,4,SYNTHETIC_DEMO
L_20260903,2026-09-03T12:16:00,14,5,SYNTHETIC_DEMO
L_20260903,2026-09-03T12:16:30,14,5,SYNTHETIC_DEMO
L_20260903,2026-09-03T12:17:00,13,4,SYNTHETIC_DEMO
L_20260903,2026-09-03T12:17:30,12,4,SYNTHETIC_DEMO
L_20260903,2026-09-03T12:18:00,12,4,SYNTHETIC_DEMO
L_20260903,2026-09-03T12:18:30,13,3,SYNTHETIC_DEMO
L_20260903,2026-09-03T12:19:00,14,4,SYNTHETIC_DEMO
L_20260903,2026-09-03T12:19:30,11,4,SYNTHETIC_DEMO
L_20260903,2026-09-03T12:20:00,12,4,SYNTHETIC_DEMO
L_20260903,2026-09-03T12:20:30,11,4,SYNTHETIC_DEMO
L_20260903,2026-09-03T12:21:00,11,5,SYNTHETIC_DEMO
L_20260903,2026-09-03T12:21:30,10,4,SYNTHETIC_DEMO
L_20260903,2026-09-03T12:22:00,8,4,SYNTHETIC_DEMO
L_20260903,2026-09-03T12:22:30,11,3,SYNTHETIC_DEMO
L_20260903,2026-09-03T12:23:00,10,4,SYNTHETIC_DEMO
L_20260903,2026-09-03T12:23:30,9,3,SYNTHETIC_DEMO
L_20260903,2026-09-03T12:24:00,10,4,SYNTHETIC_DEMO
L_20260903,2026-09-03T12:24:30,9,4,SYNTHETIC_DEMO
L_20260903,2026-09-03T12:25:00,9,4,SYNTHETIC_DEMO
L_20260903,2026-09-03T12:25:30,8,3,SYNTHETIC_DEMO
L_20260903,2026-09-03T12:26:00,8,4,SYNTHETIC_DEMO
L_20260903,2026-09-03T12:26:30,6,3,SYNTHETIC_DEMO
L_20260903,2026-09-03T12:27:00,8,3,SYNTHETIC_DEMO
L_20260903,2026-09-03T12:27:30,7,3,SYNTHETIC_DEMO
L_20260903,2026-09-03T12:28:00,7,3,SYNTHETIC_DEMO
L_20260903,2026-09-03T12:28:30,7,3,SYNTHETIC_DEMO
L_20260903,2026-09-03T12:29:00,6,3,SYNTHETIC_DEMO
L_20260903,2026-09-03T12:29:30,6,3,SYNTHETIC_DEMO
L_20260903,2026-09-03T12:30:00,6,4,SYNTHETIC_DEMO
L_20260903,2026-09-03T12:30:30,6,4,SYNTHETIC_DEMO
L_20260903,2026-09-03T12:31:00,6,3,SYNTHETIC_DEMO
L_20260903,2026-09-03T12:31:30,5,3,SYNTHETIC_DEMO
L_20260903,2026-09-03T12:32:00,5,3,SYNTHETIC_DEMO
L_20260903,2026-09-03T12:32:30,5,3,SYNTHETIC_DEMO
L_20260903,2026-09-03T12:33:00,6,3,SYNTHETIC_DEMO
L_20260903,2026-09-03T12:33:30,4,2,SYNTHETIC_DEMO
L_20260903,2026-09-03T12:34:00,6,3,SYNTHETIC_DEMO
L_20260903,2026-09-03T12:34:30,5,3,SYNTHETIC_DEMO
L_20260903,2026-09-03T12:35:00,5,2,SYNTHETIC_DEMO
L_20260903,2026-09-03T12:35:30,5,4,SYNTHETIC_DEMO
L_20260903,2026-09-03T12:36:00,3,2,SYNTHETIC_DEMO
L_20260903,2026-09-03T12:36:30,5,3,SYNTHETIC_DEMO
L_20260903,2026-09-03T12:37:00,3,3,SYNTHETIC_DEMO
L_20260903,2026-09-03T12:37:30,3,3,SYNTHETIC_DEMO
L_20260903,2026-09-03T12:38:00,2,2,SYNTHETIC_DEMO
L_20260903,2026-09-03T12:38:30,3,3,SYNTHETIC_DEMO
L_20260903,2026-09-03T12:39:00,3,3,SYNTHETIC_DEMO
L_20260903,2026-09-03T12:39:30,2,2,SYNTHETIC_DEMO
L_20260903,2026-09-03T12:40:00,2,2,SYNTHETIC_DEMO
L_20260903,2026-09-03T12:40:30,2,3,SYNTHETIC_DEMO
L_20260903,2026-09-03T12:41:00,2,3,SYNTHETIC_DEMO
L_20260903,2026-09-03T12:41:30,1,1,SYNTHETIC_DEMO
L_20260903,2026-09-03T12:42:00,1,2,SYNTHETIC_DEMO
L_20260903,2026-09-03T12:42:30,2,2,SYNTHETIC_DEMO
L_20260903,2026-09-03T12:43:00,3,3,SYNTHETIC_DEMO
L_20260903,2026-09-03T12:43:30,1,2,SYNTHETIC_DEMO
L_20260903,2026-09-03T12:44:00,1,3,SYNTHETIC_DEMO
L_20260903,2026-09-03T12:44:30,2,1,SYNTHETIC_DEMO
L_20260903,2026-09-03T12:45:00,2,3,SYNTHETIC_DEMO
L_20260903,2026-09-03T12:45:30,0,2,SYNTHETIC_DEMO
L_20260903,2026-09-03T12:46:00,1,2,SYNTHETIC_DEMO
L_20260903,2026-09-03T12:46:30,1,2,SYNTHETIC_DEMO
L_20260903,2026-09-03T12:47:00,1,3,SYNTHETIC_DEMO
L_20260903,2026-09-03T12:47:30,2,3,SYNTHETIC_DEMO
L_20260903,2026-09-03T12:48:00,1,2,SYNTHETIC_DEMO
L_20260903,2026-09-03T12:48:30,2,2,SYNTHETIC_DEMO
L_20260903,2026-09-03T12:49:00,2,3,SYNTHETIC_DEMO
L_20260903,2026-09-03T12:49:30,3,2,SYNTHETIC_DEMO
L_20260903,2026-09-03T12:50:00,2,2,SYNTHETIC_DEMO
L_20260903,2026-09-03T12:50:30,2,2,SYNTHETIC_DEMO
L_20260903,2026-09-03T12:51:00,1,2,SYNTHETIC_DEMO
L_20260903,2026-09-03T12:51:30,1,2,SYNTHETIC_DEMO
L_20260903,2026-09-03T12:52:00,1,2,SYNTHETIC_DEMO
L_20260903,2026-09-03T12:52:30,2,3,SYNTHETIC_DEMO
L_20260903,2026-09-03T12:53:00,2,2,SYNTHETIC_DEMO
L_20260903,2026-09-03T12:53:30,1,2,SYNTHETIC_DEMO
L_20260903,2026-09-03T12:54:00,1,2,SYNTHETIC_DEMO
L_20260903,2026-09-03T12:54:30,2,3,SYNTHETIC_DEMO
L_20260903,2026-09-03T12:55:00,2,2,SYNTHETIC_DEMO
L_20260903,2026-09-03T12:55:30,0,2,SYNTHETIC_DEMO
L_20260903,2026-09-03T12:56:00,0,2,SYNTHETIC_DEMO
L_20260903,2026-09-03T12:56:30,1,3,SYNTHETIC_DEMO
L_20260903,2026-09-03T12:57:00,1,3,SYNTHETIC_DEMO
L_20260903,2026-09-03T12:57:30,1,2,SYNTHETIC_DEMO
L_20260903,2026-09-03T12:58:00,1,2,SYNTHETIC_DEMO
L_20260903,2026-09-03T12:58:30,1,2,SYNTHETIC_DEMO
L_20260903,2026-09-03T12:59:00,1,1,SYNTHETIC_DEMO
L_20260903,2026-09-03T12:59:30,1,2,SYNTHETIC_DEMO
L_20260903,2026-09-03T13:00:00,1,2,SYNTHETIC_DEMO
L_20260903,2026-09-03T13:00:30,0,1,SYNTHETIC_DEMO
L_20260903,2026-09-03T13:01:00,1,3,SYNTHETIC_DEMO
L_20260903,2026-09-03T13:01:30,2,2,SYNTHETIC_DEMO
L_20260903,2026-09-03T13:02:00,2,2,SYNTHETIC_DEMO
L_20260903,2026-09-03T13:02:30,2,3,SYNTHETIC_DEMO
L_20260903,2026-09-03T13:03:00,2,2,SYNTHETIC_DEMO
L_20260903,2026-09-03T13:03:30,2,2,SYNTHETIC_DEMO
L_20260903,2026-09-03T13:04:00,1,2,SYNTHETIC_DEMO
L_20260903,2026-09-03T13:04:30,1,3,SYNTHETIC_DEMO
L_20260903,2026-09-03T13:05:00,1,2,SYNTHETIC_DEMO
L_20260903,2026-09-03T13:05:30,1,2,SYNTHETIC_DEMO
L_20260903,2026-09-03T13:06:00,2,3,SYNTHETIC_DEMO
L_20260903,2026-09-03T13:06:30,1,2,SYNTHETIC_DEMO
L_20260903,2026-09-03T13:07:00,0,3,SYNTHETIC_DEMO
L_20260903,2026-09-03T13:07:30,1,3,SYNTHETIC_DEMO
L_20260903,2026-09-03T13:08:00,0,1,SYNTHETIC_DEMO
L_20260903,2026-09-03T13:08:30,0,2,SYNTHETIC_DEMO
L_20260903,2026-09-03T13:09:00,1,2,SYNTHETIC_DEMO
L_20260903,2026-09-03T13:09:30,3,3,SYNTHETIC_DEMO
L_20260903,2026-09-03T13:10:00,1,2,SYNTHETIC_DEMO
L_20260903,2026-09-03T13:10:30,1,2,SYNTHETIC_DEMO
L_20260903,2026-09-03T13:11:00,2,2,SYNTHETIC_DEMO
L_20260903,2026-09-03T13:11:30,2,3,SYNTHETIC_DEMO
L_20260903,2026-09-03T13:12:00,0,2,SYNTHETIC_DEMO
L_20260903,2026-09-03T13:12:30,0,1,SYNTHETIC_DEMO
L_20260903,2026-09-03T13:13:00,2,2,SYNTHETIC_DEMO
L_20260903,2026-09-03T13:13:30,2,2,SYNTHETIC_DEMO
L_20260903,2026-09-03T13:14:00,1,2,SYNTHETIC_DEMO
L_20260903,2026-09-03T13:14:30,1,3,SYNTHETIC_DEMO
L_20260903,2026-09-03T13:15:00,1,2,SYNTHETIC_DEMO
L_20260903,2026-09-03T13:15:30,2,2,SYNTHETIC_DEMO
L_20260903,2026-09-03T13:16:00,0,2,SYNTHETIC_DEMO
L_20260903,2026-09-03T13:16:30,0,2,SYNTHETIC_DEMO
L_20260903,2026-09-03T13:17:00,2,2,SYNTHETIC_DEMO
L_20260903,2026-09-03T13:17:30,1,3,SYNTHETIC_DEMO
L_20260903,2026-09-03T13:18:00,0,1,SYNTHETIC_DEMO
L_20260903,2026-09-03T13:18:30,1,3,SYNTHETIC_DEMO
L_20260903,2026-09-03T13:19:00,2,3,SYNTHETIC_DEMO
L_20260903,2026-09-03T13:19:30,1,1,SYNTHETIC_DEMO
L_20260903,2026-09-03T13:20:00,0,1,SYNTHETIC_DEMO
L_20260903,2026-09-03T13:20:30,0,2,SYNTHETIC_DEMO
L_20260903,2026-09-03T13:21:00,0,2,SYNTHETIC_DEMO
L_20260903,2026-09-03T13:21:30,1,2,SYNTHETIC_DEMO
L_20260903,2026-09-03T13:22:00,1,2,SYNTHETIC_DEMO
L_20260903,2026-09-03T13:22:30,1,2,SYNTHETIC_DEMO
L_20260903,2026-09-03T13:23:00,1,2,SYNTHETIC_DEMO
L_20260903,2026-09-03T13:23:30,1,3,SYNTHETIC_DEMO
L_20260903,2026-09-03T13:24:00,3,2,SYNTHETIC_DEMO
L_20260903,2026-09-03T13:24:30,1,1,SYNTHETIC_DEMO
L_20260903,2026-09-03T13:25:00,1,2,SYNTHETIC_DEMO
L_20260903,2026-09-03T13:25:30,2,2,SYNTHETIC_DEMO
L_20260903,2026-09-03T13:26:00,0,2,SYNTHETIC_DEMO
L_20260903,2026-09-03T13:26:30,0,2,SYNTHETIC_DEMO
L_20260903,2026-09-03T13:27:00,0,1,SYNTHETIC_DEMO
L_20260903,2026-09-03T13:27:30,0,2,SYNTHETIC_DEMO
L_20260903,2026-09-03T13:28:00,1,2,SYNTHETIC_DEMO
L_20260903,2026-09-03T13:28:30,2,3,SYNTHETIC_DEMO
L_20260903,2026-09-03T13:29:00,0,2,SYNTHETIC_DEMO
L_20260903,2026-09-03T13:29:30,1,1,SYNTHETIC_DEMO
D_20260903,2026-09-03T17:00:00,2,2,SYNTHETIC_DEMO
D_20260903,2026-09-03T17:00:30,3,3,SYNTHETIC_DEMO
D_20260903,2026-09-03T17:01:00,2,2,SYNTHETIC_DEMO
D_20260903,2026-09-03T17:01:30,1,2,SYNTHETIC_DEMO
D_20260903,2026-09-03T17:02:00,1,2,SYNTHETIC_DEMO
D_20260903,2026-09-03T17:02:30,3,3,SYNTHETIC_DEMO
D_20260903,2026-09-03T17:03:00,3,3,SYNTHETIC_DEMO
D_20260903,2026-09-03T17:03:30,2,3,SYNTHETIC_DEMO
D_20260903,2026-09-03T17:04:00,1,2,SYNTHETIC_DEMO
D_20260903,2026-09-03T17:04:30,2,2,SYNTHETIC_DEMO
D_20260903,2026-09-03T17:05:00,2,3,SYNTHETIC_DEMO
D_20260903,2026-09-03T17:05:30,3,3,SYNTHETIC_DEMO
D_20260903,2026-09-03T17:06:00,3,2,SYNTHETIC_DEMO
D_20260903,2026-09-03T17:06:30,4,2,SYNTHETIC_DEMO
D_20260903,2026-09-03T17:07:00,3,2,SYNTHETIC_DEMO
D_20260903,2026-09-03T17:07:30,3,3,SYNTHETIC_DEMO
D_20260903,2026-09-03T17:08:00,2,3,SYNTHETIC_DEMO
D_20260903,2026-09-03T17:08:30,3,3,SYNTHETIC_DEMO
D_20260903,2026-09-03T17:09:00,2,2,SYNTHETIC_DEMO
D_20260903,2026-09-03T17:09:30,4,3,SYNTHETIC_DEMO
D_20260903,2026-09-03T17:10:00,4,3,SYNTHETIC_DEMO
D_20260903,2026-09-03T17:10:30,2,3,SYNTHETIC_DEMO
D_20260903,2026-09-03T17:11:00,4,3,SYNTHETIC_DEMO
D_20260903,2026-09-03T17:11:30,4,3,SYNTHETIC_DEMO
D_20260903,2026-09-03T17:12:00,3,3,SYNTHETIC_DEMO
D_20260903,2026-09-03T17:12:30,5,3,SYNTHETIC_DEMO
D_20260903,2026-09-03T17:13:00,4,2,SYNTHETIC_DEMO
D_20260903,2026-09-03T17:13:30,4,3,SYNTHETIC_DEMO
D_20260903,2026-09-03T17:14:00,4,2,SYNTHETIC_DEMO
D_20260903,2026-09-03T17:14:30,5,2,SYNTHETIC_DEMO
D_20260903,2026-09-03T17:15:00,5,2,SYNTHETIC_DEMO
D_20260903,2026-09-03T17:15:30,4,3,SYNTHETIC_DEMO
D_20260903,2026-09-03T17:16:00,3,3,SYNTHETIC_DEMO
D_20260903,2026-09-03T17:16:30,6,3,SYNTHETIC_DEMO
D_20260903,2026-09-03T17:17:00,5,2,SYNTHETIC_DEMO
D_20260903,2026-09-03T17:17:30,6,3,SYNTHETIC_DEMO
D_20260903,2026-09-03T17:18:00,5,3,SYNTHETIC_DEMO
D_20260903,2026-09-03T17:18:30,5,3,SYNTHETIC_DEMO
D_20260903,2026-09-03T17:19:00,6,3,SYNTHETIC_DEMO
D_20260903,2026-09-03T17:19:30,6,3,SYNTHETIC_DEMO
D_20260903,2026-09-03T17:20:00,7,3,SYNTHETIC_DEMO
D_20260903,2026-09-03T17:20:30,6,3,SYNTHETIC_DEMO
D_20260903,2026-09-03T17:21:00,7,3,SYNTHETIC_DEMO
D_20260903,2026-09-03T17:21:30,8,4,SYNTHETIC_DEMO
D_20260903,2026-09-03T17:22:00,7,3,SYNTHETIC_DEMO
D_20260903,2026-09-03T17:22:30,8,5,SYNTHETIC_DEMO
D_20260903,2026-09-03T17:23:00,9,4,SYNTHETIC_DEMO
D_20260903,2026-09-03T17:23:30,9,4,SYNTHETIC_DEMO
D_20260903,2026-09-03T17:24:00,8,4,SYNTHETIC_DEMO
D_20260903,2026-09-03T17:24:30,9,4,SYNTHETIC_DEMO
D_20260903,2026-09-03T17:25:00,8,4,SYNTHETIC_DEMO
D_20260903,2026-09-03T17:25:30,8,3,SYNTHETIC_DEMO
D_20260903,2026-09-03T17:26:00,8,5,SYNTHETIC_DEMO
D_20260903,2026-09-03T17:26:30,9,4,SYNTHETIC_DEMO
D_20260903,2026-09-03T17:27:00,10,5,SYNTHETIC_DEMO
D_20260903,2026-09-03T17:27:30,10,4,SYNTHETIC_DEMO
D_20260903,2026-09-03T17:28:00,9,3,SYNTHETIC_DEMO
D_20260903,2026-09-03T17:28:30,10,3,SYNTHETIC_DEMO
D_20260903,2026-09-03T17:29:00,9,4,SYNTHETIC_DEMO
D_20260903,2026-09-03T17:29:30,10,4,SYNTHETIC_DEMO
D_20260903,2026-09-03T17:30:00,9,4,SYNTHETIC_DEMO
D_20260903,2026-09-03T17:30:30,10,3,SYNTHETIC_DEMO
D_20260903,2026-09-03T17:31:00,11,3,SYNTHETIC_DEMO
D_20260903,2026-09-03T17:31:30,11,3,SYNTHETIC_DEMO
D_20260903,2026-09-03T17:32:00,11,4,SYNTHETIC_DEMO
D_20260903,2026-09-03T17:32:30,11,4,SYNTHETIC_DEMO
D_20260903,2026-09-03T17:33:00,11,4,SYNTHETIC_DEMO
D_20260903,2026-09-03T17:33:30,11,4,SYNTHETIC_DEMO
D_20260903,2026-09-03T17:34:00,10,4,SYNTHETIC_DEMO
D_20260903,2026-09-03T17:34:30,11,4,SYNTHETIC_DEMO
D_20260903,2026-09-03T17:35:00,12,5,SYNTHETIC_DEMO
D_20260903,2026-09-03T17:35:30,12,4,SYNTHETIC_DEMO
D_20260903,2026-09-03T17:36:00,11,4,SYNTHETIC_DEMO
D_20260903,2026-09-03T17:36:30,12,4,SYNTHETIC_DEMO
D_20260903,2026-09-03T17:37:00,11,4,SYNTHETIC_DEMO
D_20260903,2026-09-03T17:37:30,12,5,SYNTHETIC_DEMO
D_20260903,2026-09-03T17:38:00,11,4,SYNTHETIC_DEMO
D_20260903,2026-09-03T17:38:30,13,5,SYNTHETIC_DEMO
D_20260903,2026-09-03T17:39:00,12,5,SYNTHETIC_DEMO
D_20260903,2026-09-03T17:39:30,13,5,SYNTHETIC_DEMO
D_20260903,2026-09-03T17:40:00,12,3,SYNTHETIC_DEMO
D_20260903,2026-09-03T17:40:30,10,4,SYNTHETIC_DEMO
D_20260903,2026-09-03T17:41:00,12,3,SYNTHETIC_DEMO
D_20260903,2026-09-03T17:41:30,13,4,SYNTHETIC_DEMO
D_20260903,2026-09-03T17:42:00,13,4,SYNTHETIC_DEMO
D_20260903,2026-09-03T17:42:30,13,3,SYNTHETIC_DEMO
D_20260903,2026-09-03T17:43:00,11,5,SYNTHETIC_DEMO
D_20260903,2026-09-03T17:43:30,10,3,SYNTHETIC_DEMO
D_20260903,2026-09-03T17:44:00,11,4,SYNTHETIC_DEMO
D_20260903,2026-09-03T17:44:30,13,5,SYNTHETIC_DEMO
D_20260903,2026-09-03T17:45:00,11,4,SYNTHETIC_DEMO
D_20260903,2026-09-03T17:45:30,12,5,SYNTHETIC_DEMO
D_20260903,2026-09-03T17:46:00,13,3,SYNTHETIC_DEMO
D_20260903,2026-09-03T17:46:30,11,5,SYNTHETIC_DEMO
D_20260903,2026-09-03T17:47:00,11,4,SYNTHETIC_DEMO
D_20260903,2026-09-03T17:47:30,10,4,SYNTHETIC_DEMO
D_20260903,2026-09-03T17:48:00,12,5,SYNTHETIC_DEMO
D_20260903,2026-09-03T17:48:30,11,5,SYNTHETIC_DEMO
D_20260903,2026-09-03T17:49:00,12,4,SYNTHETIC_DEMO
D_20260903,2026-09-03T17:49:30,10,3,SYNTHETIC_DEMO
D_20260903,2026-09-03T17:50:00,10,4,SYNTHETIC_DEMO
D_20260903,2026-09-03T17:50:30,10,4,SYNTHETIC_DEMO
D_20260903,2026-09-03T17:51:00,10,5,SYNTHETIC_DEMO
D_20260903,2026-09-03T17:51:30,9,4,SYNTHETIC_DEMO
D_20260903,2026-09-03T17:52:00,10,3,SYNTHETIC_DEMO
D_20260903,2026-09-03T17:52:30,10,4,SYNTHETIC_DEMO
D_20260903,2026-09-03T17:53:00,8,3,SYNTHETIC_DEMO
D_20260903,2026-09-03T17:53:30,9,3,SYNTHETIC_DEMO
D_20260903,2026-09-03T17:54:00,9,4,SYNTHETIC_DEMO
D_20260903,2026-09-03T17:54:30,8,3,SYNTHETIC_DEMO
D_20260903,2026-09-03T17:55:00,10,5,SYNTHETIC_DEMO
D_20260903,2026-09-03T17:55:30,9,4,SYNTHETIC_DEMO
D_20260903,2026-09-03T17:56:00,6,3,SYNTHETIC_DEMO
D_20260903,2026-09-03T17:56:30,9,4,SYNTHETIC_DEMO
D_20260903,2026-09-03T17:57:00,7,3,SYNTHETIC_DEMO
D_20260903,2026-09-03T17:57:30,8,4,SYNTHETIC_DEMO
D_20260903,2026-09-03T17:58:00,8,4,SYNTHETIC_DEMO
D_20260903,2026-09-03T17:58:30,7,3,SYNTHETIC_DEMO
D_20260903,2026-09-03T17:59:00,8,3,SYNTHETIC_DEMO
D_20260903,2026-09-03T17:59:30,8,3,SYNTHETIC_DEMO
D_20260903,2026-09-03T18:00:00,6,3,SYNTHETIC_DEMO
D_20260903,2026-09-03T18:00:30,8,4,SYNTHETIC_DEMO
D_20260903,2026-09-03T18:01:00,5,3,SYNTHETIC_DEMO
D_20260903,2026-09-03T18:01:30,6,4,SYNTHETIC_DEMO
D_20260903,2026-09-03T18:02:00,6,4,SYNTHETIC_DEMO
D_20260903,2026-09-03T18:02:30,6,3,SYNTHETIC_DEMO
D_20260903,2026-09-03T18:03:00,4,3,SYNTHETIC_DEMO
D_20260903,2026-09-03T18:03:30,6,3,SYNTHETIC_DEMO
D_20260903,2026-09-03T18:04:00,5,3,SYNTHETIC_DEMO
D_20260903,2026-09-03T18:04:30,4,4,SYNTHETIC_DEMO
D_20260903,2026-09-03T18:05:00,5,4,SYNTHETIC_DEMO
D_20260903,2026-09-03T18:05:30,6,3,SYNTHETIC_DEMO
D_20260903,2026-09-03T18:06:00,5,2,SYNTHETIC_DEMO
D_20260903,2026-09-03T18:06:30,5,3,SYNTHETIC_DEMO
D_20260903,2026-09-03T18:07:00,6,3,SYNTHETIC_DEMO
D_20260903,2026-09-03T18:07:30,6,3,SYNTHETIC_DEMO
D_20260903,2026-09-03T18:08:00,5,3,SYNTHETIC_DEMO
D_20260903,2026-09-03T18:08:30,4,2,SYNTHETIC_DEMO
D_20260903,2026-09-03T18:09:00,4,3,SYNTHETIC_DEMO
D_20260903,2026-09-03T18:09:30,2,3,SYNTHETIC_DEMO
D_20260903,2026-09-03T18:10:00,3,4,SYNTHETIC_DEMO
D_20260903,2026-09-03T18:10:30,3,2,SYNTHETIC_DEMO
D_20260903,2026-09-03T18:11:00,2,3,SYNTHETIC_DEMO
D_20260903,2026-09-03T18:11:30,5,2,SYNTHETIC_DEMO
D_20260903,2026-09-03T18:12:00,4,3,SYNTHETIC_DEMO
D_20260903,2026-09-03T18:12:30,3,4,SYNTHETIC_DEMO
D_20260903,2026-09-03T18:13:00,2,2,SYNTHETIC_DEMO
D_20260903,2026-09-03T18:13:30,3,2,SYNTHETIC_DEMO
D_20260903,2026-09-03T18:14:00,4,3,SYNTHETIC_DEMO
D_20260903,2026-09-03T18:14:30,2,2,SYNTHETIC_DEMO
D_20260903,2026-09-03T18:15:00,2,1,SYNTHETIC_DEMO
D_20260903,2026-09-03T18:15:30,3,3,SYNTHETIC_DEMO
D_20260903,2026-09-03T18:16:00,2,4,SYNTHETIC_DEMO
D_20260903,2026-09-03T18:16:30,2,3,SYNTHETIC_DEMO
D_20260903,2026-09-03T18:17:00,3,3,SYNTHETIC_DEMO
D_20260903,2026-09-03T18:17:30,1,2,SYNTHETIC_DEMO
D_20260903,2026-09-03T18:18:00,3,3,SYNTHETIC_DEMO
D_20260903,2026-09-03T18:18:30,2,3,SYNTHETIC_DEMO
D_20260903,2026-09-03T18:19:00,3,3,SYNTHETIC_DEMO
D_20260903,2026-09-03T18:19:30,2,2,SYNTHETIC_DEMO
D_20260903,2026-09-03T18:20:00,2,2,SYNTHETIC_DEMO
D_20260903,2026-09-03T18:20:30,2,2,SYNTHETIC_DEMO
D_20260903,2026-09-03T18:21:00,1,2,SYNTHETIC_DEMO
D_20260903,2026-09-03T18:21:30,2,2,SYNTHETIC_DEMO
D_20260903,2026-09-03T18:22:00,2,3,SYNTHETIC_DEMO
D_20260903,2026-09-03T18:22:30,2,3,SYNTHETIC_DEMO
D_20260903,2026-09-03T18:23:00,1,2,SYNTHETIC_DEMO
D_20260903,2026-09-03T18:23:30,3,2,SYNTHETIC_DEMO
D_20260903,2026-09-03T18:24:00,0,1,SYNTHETIC_DEMO
D_20260903,2026-09-03T18:24:30,3,2,SYNTHETIC_DEMO
D_20260903,2026-09-03T18:25:00,2,3,SYNTHETIC_DEMO
D_20260903,2026-09-03T18:25:30,2,3,SYNTHETIC_DEMO
D_20260903,2026-09-03T18:26:00,1,1,SYNTHETIC_DEMO
D_20260903,2026-09-03T18:26:30,1,2,SYNTHETIC_DEMO
D_20260903,2026-09-03T18:27:00,2,2,SYNTHETIC_DEMO
D_20260903,2026-09-03T18:27:30,1,3,SYNTHETIC_DEMO
D_20260903,2026-09-03T18:28:00,2,2,SYNTHETIC_DEMO
D_20260903,2026-09-03T18:28:30,1,2,SYNTHETIC_DEMO
D_20260903,2026-09-03T18:29:00,2,2,SYNTHETIC_DEMO
D_20260903,2026-09-03T18:29:30,0,2,SYNTHETIC_DEMO
D_20260903,2026-09-03T18:30:00,2,3,SYNTHETIC_DEMO
D_20260903,2026-09-03T18:30:30,2,3,SYNTHETIC_DEMO
D_20260903,2026-09-03T18:31:00,1,1,SYNTHETIC_DEMO
D_20260903,2026-09-03T18:31:30,2,2,SYNTHETIC_DEMO
D_20260903,2026-09-03T18:32:00,1,2,SYNTHETIC_DEMO
D_20260903,2026-09-03T18:32:30,0,2,SYNTHETIC_DEMO
D_20260903,2026-09-03T18:33:00,2,3,SYNTHETIC_DEMO
D_20260903,2026-09-03T18:33:30,3,2,SYNTHETIC_DEMO
D_20260903,2026-09-03T18:34:00,0,1,SYNTHETIC_DEMO
D_20260903,2026-09-03T18:34:30,2,2,SYNTHETIC_DEMO
D_20260903,2026-09-03T18:35:00,1,2,SYNTHETIC_DEMO
D_20260903,2026-09-03T18:35:30,1,3,SYNTHETIC_DEMO
D_20260903,2026-09-03T18:36:00,1,2,SYNTHETIC_DEMO
D_20260903,2026-09-03T18:36:30,2,3,SYNTHETIC_DEMO
D_20260903,2026-09-03T18:37:00,0,1,SYNTHETIC_DEMO
D_20260903,2026-09-03T18:37:30,1,2,SYNTHETIC_DEMO
D_20260903,2026-09-03T18:38:00,1,2,SYNTHETIC_DEMO
D_20260903,2026-09-03T18:38:30,1,3,SYNTHETIC_DEMO
D_20260903,2026-09-03T18:39:00,0,2,SYNTHETIC_DEMO
D_20260903,2026-09-03T18:39:30,0,3,SYNTHETIC_DEMO
D_20260903,2026-09-03T18:40:00,0,3,SYNTHETIC_DEMO
D_20260903,2026-09-03T18:40:30,2,2,SYNTHETIC_DEMO
D_20260903,2026-09-03T18:41:00,1,2,SYNTHETIC_DEMO
D_20260903,2026-09-03T18:41:30,0,2,SYNTHETIC_DEMO
D_20260903,2026-09-03T18:42:00,2,2,SYNTHETIC_DEMO
D_20260903,2026-09-03T18:42:30,0,2,SYNTHETIC_DEMO
D_20260903,2026-09-03T18:43:00,1,2,SYNTHETIC_DEMO
D_20260903,2026-09-03T18:43:30,1,3,SYNTHETIC_DEMO
D_20260903,2026-09-03T18:44:00,0,2,SYNTHETIC_DEMO
D_20260903,2026-09-03T18:44:30,0,2,SYNTHETIC_DEMO
D_20260903,2026-09-03T18:45:00,0,2,SYNTHETIC_DEMO
D_20260903,2026-09-03T18:45:30,2,2,SYNTHETIC_DEMO
D_20260903,2026-09-03T18:46:00,1,3,SYNTHETIC_DEMO
D_20260903,2026-09-03T18:46:30,1,1,SYNTHETIC_DEMO
D_20260903,2026-09-03T18:47:00,1,3,SYNTHETIC_DEMO
D_20260903,2026-09-03T18:47:30,1,3,SYNTHETIC_DEMO
D_20260903,2026-09-03T18:48:00,1,3,SYNTHETIC_DEMO
D_20260903,2026-09-03T18:48:30,1,3,SYNTHETIC_DEMO
D_20260903,2026-09-03T18:49:00,2,3,SYNTHETIC_DEMO
D_20260903,2026-09-03T18:49:30,0,2,SYNTHETIC_DEMO
D_20260903,2026-09-03T18:50:00,1,2,SYNTHETIC_DEMO
D_20260903,2026-09-03T18:50:30,1,2,SYNTHETIC_DEMO
D_20260903,2026-09-03T18:51:00,1,2,SYNTHETIC_DEMO
D_20260903,2026-09-03T18:51:30,0,1,SYNTHETIC_DEMO
D_20260903,2026-09-03T18:52:00,2,2,SYNTHETIC_DEMO
D_20260903,2026-09-03T18:52:30,1,2,SYNTHETIC_DEMO
D_20260903,2026-09-03T18:53:00,1,2,SYNTHETIC_DEMO
D_20260903,2026-09-03T18:53:30,1,3,SYNTHETIC_DEMO
D_20260903,2026-09-03T18:54:00,0,2,SYNTHETIC_DEMO
D_20260903,2026-09-03T18:54:30,2,3,SYNTHETIC_DEMO
D_20260903,2026-09-03T18:55:00,0,2,SYNTHETIC_DEMO
D_20260903,2026-09-03T18:55:30,1,2,SYNTHETIC_DEMO
D_20260903,2026-09-03T18:56:00,1,2,SYNTHETIC_DEMO
D_20260903,2026-09-03T18:56:30,1,2,SYNTHETIC_DEMO
D_20260903,2026-09-03T18:57:00,1,2,SYNTHETIC_DEMO
D_20260903,2026-09-03T18:57:30,1,2,SYNTHETIC_DEMO
D_20260903,2026-09-03T18:58:00,2,1,SYNTHETIC_DEMO
D_20260903,2026-09-03T18:58:30,1,1,SYNTHETIC_DEMO
D_20260903,2026-09-03T18:59:00,1,2,SYNTHETIC_DEMO
D_20260903,2026-09-03T18:59:30,0,2,SYNTHETIC_DEMO
B_20260904,2026-09-04T05:30:00,2,2,SYNTHETIC_DEMO
B_20260904,2026-09-04T05:30:30,2,2,SYNTHETIC_DEMO
B_20260904,2026-09-04T05:31:00,4,3,SYNTHETIC_DEMO
B_20260904,2026-09-04T05:31:30,5,3,SYNTHETIC_DEMO
B_20260904,2026-09-04T05:32:00,3,2,SYNTHETIC_DEMO
B_20260904,2026-09-04T05:32:30,3,3,SYNTHETIC_DEMO
B_20260904,2026-09-04T05:33:00,3,2,SYNTHETIC_DEMO
B_20260904,2026-09-04T05:33:30,3,3,SYNTHETIC_DEMO
B_20260904,2026-09-04T05:34:00,3,3,SYNTHETIC_DEMO
B_20260904,2026-09-04T05:34:30,4,3,SYNTHETIC_DEMO
B_20260904,2026-09-04T05:35:00,3,3,SYNTHETIC_DEMO
B_20260904,2026-09-04T05:35:30,3,3,SYNTHETIC_DEMO
B_20260904,2026-09-04T05:36:00,3,3,SYNTHETIC_DEMO
B_20260904,2026-09-04T05:36:30,3,3,SYNTHETIC_DEMO
B_20260904,2026-09-04T05:37:00,4,3,SYNTHETIC_DEMO
B_20260904,2026-09-04T05:37:30,5,3,SYNTHETIC_DEMO
B_20260904,2026-09-04T05:38:00,4,3,SYNTHETIC_DEMO
B_20260904,2026-09-04T05:38:30,4,4,SYNTHETIC_DEMO
B_20260904,2026-09-04T05:39:00,5,3,SYNTHETIC_DEMO
B_20260904,2026-09-04T05:39:30,5,3,SYNTHETIC_DEMO
B_20260904,2026-09-04T05:40:00,5,3,SYNTHETIC_DEMO
B_20260904,2026-09-04T05:40:30,5,3,SYNTHETIC_DEMO
B_20260904,2026-09-04T05:41:00,6,2,SYNTHETIC_DEMO
B_20260904,2026-09-04T05:41:30,6,3,SYNTHETIC_DEMO
B_20260904,2026-09-04T05:42:00,6,3,SYNTHETIC_DEMO
B_20260904,2026-09-04T05:42:30,7,4,SYNTHETIC_DEMO
B_20260904,2026-09-04T05:43:00,5,2,SYNTHETIC_DEMO
B_20260904,2026-09-04T05:43:30,7,4,SYNTHETIC_DEMO
B_20260904,2026-09-04T05:44:00,5,2,SYNTHETIC_DEMO
B_20260904,2026-09-04T05:44:30,6,3,SYNTHETIC_DEMO
B_20260904,2026-09-04T05:45:00,6,3,SYNTHETIC_DEMO
B_20260904,2026-09-04T05:45:30,5,3,SYNTHETIC_DEMO
B_20260904,2026-09-04T05:46:00,5,2,SYNTHETIC_DEMO
B_20260904,2026-09-04T05:46:30,6,4,SYNTHETIC_DEMO
B_20260904,2026-09-04T05:47:00,7,4,SYNTHETIC_DEMO
B_20260904,2026-09-04T05:47:30,7,4,SYNTHETIC_DEMO
B_20260904,2026-09-04T05:48:00,8,4,SYNTHETIC_DEMO
B_20260904,2026-09-04T05:48:30,7,4,SYNTHETIC_DEMO
B_20260904,2026-09-04T05:49:00,7,4,SYNTHETIC_DEMO
B_20260904,2026-09-04T05:49:30,9,3,SYNTHETIC_DEMO
B_20260904,2026-09-04T05:50:00,9,4,SYNTHETIC_DEMO
B_20260904,2026-09-04T05:50:30,8,4,SYNTHETIC_DEMO
B_20260904,2026-09-04T05:51:00,7,3,SYNTHETIC_DEMO
B_20260904,2026-09-04T05:51:30,7,3,SYNTHETIC_DEMO
B_20260904,2026-09-04T05:52:00,8,3,SYNTHETIC_DEMO
B_20260904,2026-09-04T05:52:30,9,3,SYNTHETIC_DEMO
B_20260904,2026-09-04T05:53:00,10,4,SYNTHETIC_DEMO
B_20260904,2026-09-04T05:53:30,9,2,SYNTHETIC_DEMO
B_20260904,2026-09-04T05:54:00,9,4,SYNTHETIC_DEMO
B_20260904,2026-09-04T05:54:30,9,4,SYNTHETIC_DEMO
B_20260904,2026-09-04T05:55:00,8,4,SYNTHETIC_DEMO
B_20260904,2026-09-04T05:55:30,10,4,SYNTHETIC_DEMO
B_20260904,2026-09-04T05:56:00,11,4,SYNTHETIC_DEMO
B_20260904,2026-09-04T05:56:30,10,4,SYNTHETIC_DEMO
B_20260904,2026-09-04T05:57:00,11,5,SYNTHETIC_DEMO
B_20260904,2026-09-04T05:57:30,10,3,SYNTHETIC_DEMO
B_20260904,2026-09-04T05:58:00,10,5,SYNTHETIC_DEMO
B_20260904,2026-09-04T05:58:30,11,3,SYNTHETIC_DEMO
B_20260904,2026-09-04T05:59:00,10,4,SYNTHETIC_DEMO
B_20260904,2026-09-04T05:59:30,10,3,SYNTHETIC_DEMO
B_20260904,2026-09-04T06:00:00,12,4,SYNTHETIC_DEMO
B_20260904,2026-09-04T06:00:30,10,3,SYNTHETIC_DEMO
B_20260904,2026-09-04T06:01:00,10,4,SYNTHETIC_DEMO
B_20260904,2026-09-04T06:01:30,10,4,SYNTHETIC_DEMO
B_20260904,2026-09-04T06:02:00,9,4,SYNTHETIC_DEMO
B_20260904,2026-09-04T06:02:30,11,4,SYNTHETIC_DEMO
B_20260904,2026-09-04T06:03:00,12,5,SYNTHETIC_DEMO
B_20260904,2026-09-04T06:03:30,10,4,SYNTHETIC_DEMO
B_20260904,2026-09-04T06:04:00,10,4,SYNTHETIC_DEMO
B_20260904,2026-09-04T06:04:30,12,4,SYNTHETIC_DEMO
B_20260904,2026-09-04T06:05:00,11,5,SYNTHETIC_DEMO
B_20260904,2026-09-04T06:05:30,10,4,SYNTHETIC_DEMO
B_20260904,2026-09-04T06:06:00,10,4,SYNTHETIC_DEMO
B_20260904,2026-09-04T06:06:30,11,3,SYNTHETIC_DEMO
B_20260904,2026-09-04T06:07:00,12,4,SYNTHETIC_DEMO
B_20260904,2026-09-04T06:07:30,11,3,SYNTHETIC_DEMO
B_20260904,2026-09-04T06:08:00,11,4,SYNTHETIC_DEMO
B_20260904,2026-09-04T06:08:30,10,3,SYNTHETIC_DEMO
B_20260904,2026-09-04T06:09:00,12,4,SYNTHETIC_DEMO
B_20260904,2026-09-04T06:09:30,11,4,SYNTHETIC_DEMO
B_20260904,2026-09-04T06:10:00,9,4,SYNTHETIC_DEMO
B_20260904,2026-09-04T06:10:30,10,3,SYNTHETIC_DEMO
B_20260904,2026-09-04T06:11:00,12,4,SYNTHETIC_DEMO
B_20260904,2026-09-04T06:11:30,9,3,SYNTHETIC_DEMO
B_20260904,2026-09-04T06:12:00,9,4,SYNTHETIC_DEMO
B_20260904,2026-09-04T06:12:30,10,4,SYNTHETIC_DEMO
B_20260904,2026-09-04T06:13:00,10,4,SYNTHETIC_DEMO
B_20260904,2026-09-04T06:13:30,9,4,SYNTHETIC_DEMO
B_20260904,2026-09-04T06:14:00,7,3,SYNTHETIC_DEMO
B_20260904,2026-09-04T06:14:30,9,3,SYNTHETIC_DEMO
B_20260904,2026-09-04T06:15:00,10,4,SYNTHETIC_DEMO
B_20260904,2026-09-04T06:15:30,8,3,SYNTHETIC_DEMO
B_20260904,2026-09-04T06:16:00,8,3,SYNTHETIC_DEMO
B_20260904,2026-09-04T06:16:30,9,3,SYNTHETIC_DEMO
B_20260904,2026-09-04T06:17:00,10,4,SYNTHETIC_DEMO
B_20260904,2026-09-04T06:17:30,8,4,SYNTHETIC_DEMO
B_20260904,2026-09-04T06:18:00,8,3,SYNTHETIC_DEMO
B_20260904,2026-09-04T06:18:30,7,3,SYNTHETIC_DEMO
B_20260904,2026-09-04T06:19:00,8,4,SYNTHETIC_DEMO
B_20260904,2026-09-04T06:19:30,7,3,SYNTHETIC_DEMO
B_20260904,2026-09-04T06:20:00,8,3,SYNTHETIC_DEMO
B_20260904,2026-09-04T06:20:30,6,3,SYNTHETIC_DEMO
B_20260904,2026-09-04T06:21:00,8,4,SYNTHETIC_DEMO
B_20260904,2026-09-04T06:21:30,6,4,SYNTHETIC_DEMO
B_20260904,2026-09-04T06:22:00,6,3,SYNTHETIC_DEMO
B_20260904,2026-09-04T06:22:30,7,3,SYNTHETIC_DEMO
B_20260904,2026-09-04T06:23:00,5,3,SYNTHETIC_DEMO
B_20260904,2026-09-04T06:23:30,5,2,SYNTHETIC_DEMO
B_20260904,2026-09-04T06:24:00,6,3,SYNTHETIC_DEMO
B_20260904,2026-09-04T06:24:30,5,4,SYNTHETIC_DEMO
B_20260904,2026-09-04T06:25:00,6,3,SYNTHETIC_DEMO
B_20260904,2026-09-04T06:25:30,6,3,SYNTHETIC_DEMO
B_20260904,2026-09-04T06:26:00,7,3,SYNTHETIC_DEMO
B_20260904,2026-09-04T06:26:30,6,4,SYNTHETIC_DEMO
B_20260904,2026-09-04T06:27:00,4,3,SYNTHETIC_DEMO
B_20260904,2026-09-04T06:27:30,5,3,SYNTHETIC_DEMO
B_20260904,2026-09-04T06:28:00,5,3,SYNTHETIC_DEMO
B_20260904,2026-09-04T06:28:30,5,2,SYNTHETIC_DEMO
B_20260904,2026-09-04T06:29:00,5,3,SYNTHETIC_DEMO
B_20260904,2026-09-04T06:29:30,5,2,SYNTHETIC_DEMO
B_20260904,2026-09-04T06:30:00,5,3,SYNTHETIC_DEMO
B_20260904,2026-09-04T06:30:30,4,2,SYNTHETIC_DEMO
B_20260904,2026-09-04T06:31:00,3,3,SYNTHETIC_DEMO
B_20260904,2026-09-04T06:31:30,4,3,SYNTHETIC_DEMO
B_20260904,2026-09-04T06:32:00,5,3,SYNTHETIC_DEMO
B_20260904,2026-09-04T06:32:30,4,2,SYNTHETIC_DEMO
B_20260904,2026-09-04T06:33:00,4,3,SYNTHETIC_DEMO
B_20260904,2026-09-04T06:33:30,4,3,SYNTHETIC_DEMO
B_20260904,2026-09-04T06:34:00,4,3,SYNTHETIC_DEMO
B_20260904,2026-09-04T06:34:30,2,2,SYNTHETIC_DEMO
B_20260904,2026-09-04T06:35:00,4,4,SYNTHETIC_DEMO
B_20260904,2026-09-04T06:35:30,4,3,SYNTHETIC_DEMO
B_20260904,2026-09-04T06:36:00,4,3,SYNTHETIC_DEMO
B_20260904,2026-09-04T06:36:30,3,2,SYNTHETIC_DEMO
B_20260904,2026-09-04T06:37:00,3,3,SYNTHETIC_DEMO
B_20260904,2026-09-04T06:37:30,3,2,SYNTHETIC_DEMO
B_20260904,2026-09-04T06:38:00,2,2,SYNTHETIC_DEMO
B_20260904,2026-09-04T06:38:30,3,2,SYNTHETIC_DEMO
B_20260904,2026-09-04T06:39:00,2,2,SYNTHETIC_DEMO
B_20260904,2026-09-04T06:39:30,3,2,SYNTHETIC_DEMO
B_20260904,2026-09-04T06:40:00,2,3,SYNTHETIC_DEMO
B_20260904,2026-09-04T06:40:30,2,2,SYNTHETIC_DEMO
B_20260904,2026-09-04T06:41:00,2,2,SYNTHETIC_DEMO
B_20260904,2026-09-04T06:41:30,2,3,SYNTHETIC_DEMO
B_20260904,2026-09-04T06:42:00,3,3,SYNTHETIC_DEMO
B_20260904,2026-09-04T06:42:30,2,2,SYNTHETIC_DEMO
B_20260904,2026-09-04T06:43:00,2,3,SYNTHETIC_DEMO
B_20260904,2026-09-04T06:43:30,2,3,SYNTHETIC_DEMO
B_20260904,2026-09-04T06:44:00,2,2,SYNTHETIC_DEMO
B_20260904,2026-09-04T06:44:30,2,2,SYNTHETIC_DEMO
B_20260904,2026-09-04T06:45:00,1,2,SYNTHETIC_DEMO
B_20260904,2026-09-04T06:45:30,2,2,SYNTHETIC_DEMO
B_20260904,2026-09-04T06:46:00,2,2,SYNTHETIC_DEMO
B_20260904,2026-09-04T06:46:30,2,3,SYNTHETIC_DEMO
B_20260904,2026-09-04T06:47:00,2,3,SYNTHETIC_DEMO
B_20260904,2026-09-04T06:47:30,3,2,SYNTHETIC_DEMO
B_20260904,2026-09-04T06:48:00,2,2,SYNTHETIC_DEMO
B_20260904,2026-09-04T06:48:30,2,2,SYNTHETIC_DEMO
B_20260904,2026-09-04T06:49:00,1,2,SYNTHETIC_DEMO
B_20260904,2026-09-04T06:49:30,2,2,SYNTHETIC_DEMO
B_20260904,2026-09-04T06:50:00,2,3,SYNTHETIC_DEMO
B_20260904,2026-09-04T06:50:30,3,3,SYNTHETIC_DEMO
B_20260904,2026-09-04T06:51:00,2,2,SYNTHETIC_DEMO
B_20260904,2026-09-04T06:51:30,2,3,SYNTHETIC_DEMO
B_20260904,2026-09-04T06:52:00,2,3,SYNTHETIC_DEMO
B_20260904,2026-09-04T06:52:30,1,2,SYNTHETIC_DEMO
B_20260904,2026-09-04T06:53:00,1,2,SYNTHETIC_DEMO
B_20260904,2026-09-04T06:53:30,2,3,SYNTHETIC_DEMO
B_20260904,2026-09-04T06:54:00,0,2,SYNTHETIC_DEMO
B_20260904,2026-09-04T06:54:30,2,2,SYNTHETIC_DEMO
B_20260904,2026-09-04T06:55:00,1,1,SYNTHETIC_DEMO
B_20260904,2026-09-04T06:55:30,2,2,SYNTHETIC_DEMO
B_20260904,2026-09-04T06:56:00,2,3,SYNTHETIC_DEMO
B_20260904,2026-09-04T06:56:30,1,2,SYNTHETIC_DEMO
B_20260904,2026-09-04T06:57:00,1,2,SYNTHETIC_DEMO
B_20260904,2026-09-04T06:57:30,0,2,SYNTHETIC_DEMO
B_20260904,2026-09-04T06:58:00,1,3,SYNTHETIC_DEMO
B_20260904,2026-09-04T06:58:30,2,2,SYNTHETIC_DEMO
B_20260904,2026-09-04T06:59:00,0,2,SYNTHETIC_DEMO
B_20260904,2026-09-04T06:59:30,1,2,SYNTHETIC_DEMO
B_20260904,2026-09-04T07:00:00,1,2,SYNTHETIC_DEMO
B_20260904,2026-09-04T07:00:30,2,3,SYNTHETIC_DEMO
B_20260904,2026-09-04T07:01:00,0,2,SYNTHETIC_DEMO
B_20260904,2026-09-04T07:01:30,1,3,SYNTHETIC_DEMO
B_20260904,2026-09-04T07:02:00,1,3,SYNTHETIC_DEMO
B_20260904,2026-09-04T07:02:30,0,2,SYNTHETIC_DEMO
B_20260904,2026-09-04T07:03:00,1,2,SYNTHETIC_DEMO
B_20260904,2026-09-04T07:03:30,0,2,SYNTHETIC_DEMO
B_20260904,2026-09-04T07:04:00,0,2,SYNTHETIC_DEMO
B_20260904,2026-09-04T07:04:30,1,2,SYNTHETIC_DEMO
B_20260904,2026-09-04T07:05:00,1,2,SYNTHETIC_DEMO
B_20260904,2026-09-04T07:05:30,0,2,SYNTHETIC_DEMO
B_20260904,2026-09-04T07:06:00,1,2,SYNTHETIC_DEMO
B_20260904,2026-09-04T07:06:30,1,2,SYNTHETIC_DEMO
B_20260904,2026-09-04T07:07:00,1,2,SYNTHETIC_DEMO
B_20260904,2026-09-04T07:07:30,1,2,SYNTHETIC_DEMO
B_20260904,2026-09-04T07:08:00,0,2,SYNTHETIC_DEMO
B_20260904,2026-09-04T07:08:30,1,2,SYNTHETIC_DEMO
B_20260904,2026-09-04T07:09:00,1,3,SYNTHETIC_DEMO
B_20260904,2026-09-04T07:09:30,2,3,SYNTHETIC_DEMO
B_20260904,2026-09-04T07:10:00,0,2,SYNTHETIC_DEMO
B_20260904,2026-09-04T07:10:30,3,2,SYNTHETIC_DEMO
B_20260904,2026-09-04T07:11:00,1,2,SYNTHETIC_DEMO
B_20260904,2026-09-04T07:11:30,0,2,SYNTHETIC_DEMO
B_20260904,2026-09-04T07:12:00,1,2,SYNTHETIC_DEMO
B_20260904,2026-09-04T07:12:30,2,3,SYNTHETIC_DEMO
B_20260904,2026-09-04T07:13:00,1,2,SYNTHETIC_DEMO
B_20260904,2026-09-04T07:13:30,0,2,SYNTHETIC_DEMO
B_20260904,2026-09-04T07:14:00,2,2,SYNTHETIC_DEMO
B_20260904,2026-09-04T07:14:30,2,2,SYNTHETIC_DEMO
B_20260904,2026-09-04T07:15:00,1,2,SYNTHETIC_DEMO
B_20260904,2026-09-04T07:15:30,2,2,SYNTHETIC_DEMO
B_20260904,2026-09-04T07:16:00,3,2,SYNTHETIC_DEMO
B_20260904,2026-09-04T07:16:30,0,2,SYNTHETIC_DEMO
B_20260904,2026-09-04T07:17:00,1,3,SYNTHETIC_DEMO
B_20260904,2026-09-04T07:17:30,2,2,SYNTHETIC_DEMO
B_20260904,2026-09-04T07:18:00,1,3,SYNTHETIC_DEMO
B_20260904,2026-09-04T07:18:30,2,2,SYNTHETIC_DEMO
B_20260904,2026-09-04T07:19:00,1,2,SYNTHETIC_DEMO
B_20260904,2026-09-04T07:19:30,0,2,SYNTHETIC_DEMO
B_20260904,2026-09-04T07:20:00,0,2,SYNTHETIC_DEMO
B_20260904,2026-09-04T07:20:30,1,2,SYNTHETIC_DEMO
B_20260904,2026-09-04T07:21:00,2,3,SYNTHETIC_DEMO
B_20260904,2026-09-04T07:21:30,1,2,SYNTHETIC_DEMO
B_20260904,2026-09-04T07:22:00,1,2,SYNTHETIC_DEMO
B_20260904,2026-09-04T07:22:30,1,2,SYNTHETIC_DEMO
B_20260904,2026-09-04T07:23:00,1,3,SYNTHETIC_DEMO
B_20260904,2026-09-04T07:23:30,1,2,SYNTHETIC_DEMO
B_20260904,2026-09-04T07:24:00,3,3,SYNTHETIC_DEMO
B_20260904,2026-09-04T07:24:30,1,2,SYNTHETIC_DEMO
B_20260904,2026-09-04T07:25:00,0,2,SYNTHETIC_DEMO
B_20260904,2026-09-04T07:25:30,1,3,SYNTHETIC_DEMO
B_20260904,2026-09-04T07:26:00,1,2,SYNTHETIC_DEMO
B_20260904,2026-09-04T07:26:30,1,2,SYNTHETIC_DEMO
B_20260904,2026-09-04T07:27:00,0,2,SYNTHETIC_DEMO
B_20260904,2026-09-04T07:27:30,1,3,SYNTHETIC_DEMO
B_20260904,2026-09-04T07:28:00,1,2,SYNTHETIC_DEMO
B_20260904,2026-09-04T07:28:30,1,3,SYNTHETIC_DEMO
B_20260904,2026-09-04T07:29:00,1,2,SYNTHETIC_DEMO
B_20260904,2026-09-04T07:29:30,2,3,SYNTHETIC_DEMO
L_20260904,2026-09-04T11:30:00,6,3,SYNTHETIC_DEMO
L_20260904,2026-09-04T11:30:30,6,2,SYNTHETIC_DEMO
L_20260904,2026-09-04T11:31:00,7,3,SYNTHETIC_DEMO
L_20260904,2026-09-04T11:31:30,6,2,SYNTHETIC_DEMO
L_20260904,2026-09-04T11:32:00,7,4,SYNTHETIC_DEMO
L_20260904,2026-09-04T11:32:30,7,3,SYNTHETIC_DEMO
L_20260904,2026-09-04T11:33:00,7,4,SYNTHETIC_DEMO
L_20260904,2026-09-04T11:33:30,9,4,SYNTHETIC_DEMO
L_20260904,2026-09-04T11:34:00,9,4,SYNTHETIC_DEMO
L_20260904,2026-09-04T11:34:30,7,3,SYNTHETIC_DEMO
L_20260904,2026-09-04T11:35:00,8,4,SYNTHETIC_DEMO
L_20260904,2026-09-04T11:35:30,9,3,SYNTHETIC_DEMO
L_20260904,2026-09-04T11:36:00,9,3,SYNTHETIC_DEMO
L_20260904,2026-09-04T11:36:30,9,3,SYNTHETIC_DEMO
L_20260904,2026-09-04T11:37:00,10,3,SYNTHETIC_DEMO
L_20260904,2026-09-04T11:37:30,11,4,SYNTHETIC_DEMO
L_20260904,2026-09-04T11:38:00,9,4,SYNTHETIC_DEMO
L_20260904,2026-09-04T11:38:30,10,2,SYNTHETIC_DEMO
L_20260904,2026-09-04T11:39:00,11,3,SYNTHETIC_DEMO
L_20260904,2026-09-04T11:39:30,11,5,SYNTHETIC_DEMO
L_20260904,2026-09-04T11:40:00,13,5,SYNTHETIC_DEMO
L_20260904,2026-09-04T11:40:30,12,5,SYNTHETIC_DEMO
L_20260904,2026-09-04T11:41:00,13,4,SYNTHETIC_DEMO
L_20260904,2026-09-04T11:41:30,12,3,SYNTHETIC_DEMO
L_20260904,2026-09-04T11:42:00,13,5,SYNTHETIC_DEMO
L_20260904,2026-09-04T11:42:30,14,4,SYNTHETIC_DEMO
L_20260904,2026-09-04T11:43:00,14,5,SYNTHETIC_DEMO
L_20260904,2026-09-04T11:43:30,13,4,SYNTHETIC_DEMO
L_20260904,2026-09-04T11:44:00,15,5,SYNTHETIC_DEMO
L_20260904,2026-09-04T11:44:30,15,5,SYNTHETIC_DEMO
L_20260904,2026-09-04T11:45:00,16,5,SYNTHETIC_DEMO
L_20260904,2026-09-04T11:45:30,16,6,SYNTHETIC_DEMO
L_20260904,2026-09-04T11:46:00,16,5,SYNTHETIC_DEMO
L_20260904,2026-09-04T11:46:30,17,5,SYNTHETIC_DEMO
L_20260904,2026-09-04T11:47:00,16,3,SYNTHETIC_DEMO
L_20260904,2026-09-04T11:47:30,17,6,SYNTHETIC_DEMO
L_20260904,2026-09-04T11:48:00,16,5,SYNTHETIC_DEMO
L_20260904,2026-09-04T11:48:30,16,5,SYNTHETIC_DEMO
L_20260904,2026-09-04T11:49:00,20,5,SYNTHETIC_DEMO
L_20260904,2026-09-04T11:49:30,18,5,SYNTHETIC_DEMO
L_20260904,2026-09-04T11:50:00,18,5,SYNTHETIC_DEMO
L_20260904,2026-09-04T11:50:30,20,5,SYNTHETIC_DEMO
L_20260904,2026-09-04T11:51:00,17,4,SYNTHETIC_DEMO
L_20260904,2026-09-04T11:51:30,20,6,SYNTHETIC_DEMO
L_20260904,2026-09-04T11:52:00,20,6,SYNTHETIC_DEMO
L_20260904,2026-09-04T11:52:30,19,5,SYNTHETIC_DEMO
L_20260904,2026-09-04T11:53:00,20,6,SYNTHETIC_DEMO
L_20260904,2026-09-04T11:53:30,20,5,SYNTHETIC_DEMO
L_20260904,2026-09-04T11:54:00,21,6,SYNTHETIC_DEMO
L_20260904,2026-09-04T11:54:30,21,5,SYNTHETIC_DEMO
L_20260904,2026-09-04T11:55:00,20,6,SYNTHETIC_DEMO
L_20260904,2026-09-04T11:55:30,20,7,SYNTHETIC_DEMO
L_20260904,2026-09-04T11:56:00,21,5,SYNTHETIC_DEMO
L_20260904,2026-09-04T11:56:30,20,5,SYNTHETIC_DEMO
L_20260904,2026-09-04T11:57:00,20,5,SYNTHETIC_DEMO
L_20260904,2026-09-04T11:57:30,21,6,SYNTHETIC_DEMO
L_20260904,2026-09-04T11:58:00,20,6,SYNTHETIC_DEMO
L_20260904,2026-09-04T11:58:30,21,6,SYNTHETIC_DEMO
L_20260904,2026-09-04T11:59:00,21,6,SYNTHETIC_DEMO
L_20260904,2026-09-04T11:59:30,20,6,SYNTHETIC_DEMO
L_20260904,2026-09-04T12:00:00,22,6,SYNTHETIC_DEMO
L_20260904,2026-09-04T12:00:30,20,6,SYNTHETIC_DEMO
L_20260904,2026-09-04T12:01:00,22,6,SYNTHETIC_DEMO
L_20260904,2026-09-04T12:01:30,22,6,SYNTHETIC_DEMO
L_20260904,2026-09-04T12:02:00,21,6,SYNTHETIC_DEMO
L_20260904,2026-09-04T12:02:30,21,6,SYNTHETIC_DEMO
L_20260904,2026-09-04T12:03:00,21,6,SYNTHETIC_DEMO
L_20260904,2026-09-04T12:03:30,21,6,SYNTHETIC_DEMO
L_20260904,2026-09-04T12:04:00,21,6,SYNTHETIC_DEMO
L_20260904,2026-09-04T12:04:30,21,7,SYNTHETIC_DEMO
L_20260904,2026-09-04T12:05:00,20,5,SYNTHETIC_DEMO
L_20260904,2026-09-04T12:05:30,19,5,SYNTHETIC_DEMO
L_20260904,2026-09-04T12:06:00,20,6,SYNTHETIC_DEMO
L_20260904,2026-09-04T12:06:30,20,6,SYNTHETIC_DEMO
L_20260904,2026-09-04T12:07:00,20,5,SYNTHETIC_DEMO
L_20260904,2026-09-04T12:07:30,19,7,SYNTHETIC_DEMO
L_20260904,2026-09-04T12:08:00,21,6,SYNTHETIC_DEMO
L_20260904,2026-09-04T12:08:30,18,6,SYNTHETIC_DEMO
L_20260904,2026-09-04T12:09:00,20,6,SYNTHETIC_DEMO
L_20260904,2026-09-04T12:09:30,18,5,SYNTHETIC_DEMO
L_20260904,2026-09-04T12:10:00,18,5,SYNTHETIC_DEMO
L_20260904,2026-09-04T12:10:30,19,5,SYNTHETIC_DEMO
L_20260904,2026-09-04T12:11:00,19,6,SYNTHETIC_DEMO
L_20260904,2026-09-04T12:11:30,19,5,SYNTHETIC_DEMO
L_20260904,2026-09-04T12:12:00,18,4,SYNTHETIC_DEMO
L_20260904,2026-09-04T12:12:30,17,6,SYNTHETIC_DEMO
L_20260904,2026-09-04T12:13:00,15,5,SYNTHETIC_DEMO
L_20260904,2026-09-04T12:13:30,15,5,SYNTHETIC_DEMO
L_20260904,2026-09-04T12:14:00,16,5,SYNTHETIC_DEMO
L_20260904,2026-09-04T12:14:30,16,5,SYNTHETIC_DEMO
L_20260904,2026-09-04T12:15:00,16,4,SYNTHETIC_DEMO
L_20260904,2026-09-04T12:15:30,16,5,SYNTHETIC_DEMO
L_20260904,2026-09-04T12:16:00,16,5,SYNTHETIC_DEMO
L_20260904,2026-09-04T12:16:30,15,5,SYNTHETIC_DEMO
L_20260904,2026-09-04T12:17:00,14,4,SYNTHETIC_DEMO
L_20260904,2026-09-04T12:17:30,12,4,SYNTHETIC_DEMO
L_20260904,2026-09-04T12:18:00,14,5,SYNTHETIC_DEMO
L_20260904,2026-09-04T12:18:30,13,5,SYNTHETIC_DEMO
L_20260904,2026-09-04T12:19:00,12,4,SYNTHETIC_DEMO
L_20260904,2026-09-04T12:19:30,12,4,SYNTHETIC_DEMO
L_20260904,2026-09-04T12:20:00,11,3,SYNTHETIC_DEMO
L_20260904,2026-09-04T12:20:30,11,4,SYNTHETIC_DEMO
L_20260904,2026-09-04T12:21:00,10,3,SYNTHETIC_DEMO
L_20260904,2026-09-04T12:21:30,9,3,SYNTHETIC_DEMO
L_20260904,2026-09-04T12:22:00,10,4,SYNTHETIC_DEMO
L_20260904,2026-09-04T12:22:30,11,4,SYNTHETIC_DEMO
L_20260904,2026-09-04T12:23:00,10,4,SYNTHETIC_DEMO
L_20260904,2026-09-04T12:23:30,10,4,SYNTHETIC_DEMO
L_20260904,2026-09-04T12:24:00,9,3,SYNTHETIC_DEMO
L_20260904,2026-09-04T12:24:30,9,5,SYNTHETIC_DEMO
L_20260904,2026-09-04T12:25:00,7,3,SYNTHETIC_DEMO
L_20260904,2026-09-04T12:25:30,8,3,SYNTHETIC_DEMO
L_20260904,2026-09-04T12:26:00,7,3,SYNTHETIC_DEMO
L_20260904,2026-09-04T12:26:30,7,3,SYNTHETIC_DEMO
L_20260904,2026-09-04T12:27:00,8,3,SYNTHETIC_DEMO
L_20260904,2026-09-04T12:27:30,8,4,SYNTHETIC_DEMO
L_20260904,2026-09-04T12:28:00,7,2,SYNTHETIC_DEMO
L_20260904,2026-09-04T12:28:30,7,3,SYNTHETIC_DEMO
L_20260904,2026-09-04T12:29:00,7,3,SYNTHETIC_DEMO
L_20260904,2026-09-04T12:29:30,6,3,SYNTHETIC_DEMO
L_20260904,2026-09-04T12:30:00,6,3,SYNTHETIC_DEMO
L_20260904,2026-09-04T12:30:30,5,3,SYNTHETIC_DEMO
L_20260904,2026-09-04T12:31:00,6,3,SYNTHETIC_DEMO
L_20260904,2026-09-04T12:31:30,6,4,SYNTHETIC_DEMO
L_20260904,2026-09-04T12:32:00,4,3,SYNTHETIC_DEMO
L_20260904,2026-09-04T12:32:30,4,3,SYNTHETIC_DEMO
L_20260904,2026-09-04T12:33:00,6,3,SYNTHETIC_DEMO
L_20260904,2026-09-04T12:33:30,4,3,SYNTHETIC_DEMO
L_20260904,2026-09-04T12:34:00,4,3,SYNTHETIC_DEMO
L_20260904,2026-09-04T12:34:30,5,2,SYNTHETIC_DEMO
L_20260904,2026-09-04T12:35:00,5,3,SYNTHETIC_DEMO
L_20260904,2026-09-04T12:35:30,5,3,SYNTHETIC_DEMO
L_20260904,2026-09-04T12:36:00,4,3,SYNTHETIC_DEMO
L_20260904,2026-09-04T12:36:30,3,2,SYNTHETIC_DEMO
L_20260904,2026-09-04T12:37:00,2,2,SYNTHETIC_DEMO
L_20260904,2026-09-04T12:37:30,5,3,SYNTHETIC_DEMO
L_20260904,2026-09-04T12:38:00,4,4,SYNTHETIC_DEMO
L_20260904,2026-09-04T12:38:30,2,3,SYNTHETIC_DEMO
L_20260904,2026-09-04T12:39:00,3,2,SYNTHETIC_DEMO
L_20260904,2026-09-04T12:39:30,2,2,SYNTHETIC_DEMO
L_20260904,2026-09-04T12:40:00,3,3,SYNTHETIC_DEMO
L_20260904,2026-09-04T12:40:30,3,3,SYNTHETIC_DEMO
L_20260904,2026-09-04T12:41:00,2,2,SYNTHETIC_DEMO
L_20260904,2026-09-04T12:41:30,4,3,SYNTHETIC_DEMO
L_20260904,2026-09-04T12:42:00,2,3,SYNTHETIC_DEMO
L_20260904,2026-09-04T12:42:30,2,3,SYNTHETIC_DEMO
L_20260904,2026-09-04T12:43:00,3,2,SYNTHETIC_DEMO
L_20260904,2026-09-04T12:43:30,1,1,SYNTHETIC_DEMO
L_20260904,2026-09-04T12:44:00,2,3,SYNTHETIC_DEMO
L_20260904,2026-09-04T12:44:30,4,3,SYNTHETIC_DEMO
L_20260904,2026-09-04T12:45:00,2,3,SYNTHETIC_DEMO
L_20260904,2026-09-04T12:45:30,2,3,SYNTHETIC_DEMO
L_20260904,2026-09-04T12:46:00,1,2,SYNTHETIC_DEMO
L_20260904,2026-09-04T12:46:30,1,2,SYNTHETIC_DEMO
L_20260904,2026-09-04T12:47:00,1,2,SYNTHETIC_DEMO
L_20260904,2026-09-04T12:47:30,3,2,SYNTHETIC_DEMO
L_20260904,2026-09-04T12:48:00,2,2,SYNTHETIC_DEMO
L_20260904,2026-09-04T12:48:30,2,3,SYNTHETIC_DEMO
L_20260904,2026-09-04T12:49:00,2,2,SYNTHETIC_DEMO
L_20260904,2026-09-04T12:49:30,2,2,SYNTHETIC_DEMO
L_20260904,2026-09-04T12:50:00,1,1,SYNTHETIC_DEMO
L_20260904,2026-09-04T12:50:30,1,2,SYNTHETIC_DEMO
L_20260904,2026-09-04T12:51:00,1,2,SYNTHETIC_DEMO
L_20260904,2026-09-04T12:51:30,2,2,SYNTHETIC_DEMO
L_20260904,2026-09-04T12:52:00,1,2,SYNTHETIC_DEMO
L_20260904,2026-09-04T12:52:30,0,2,SYNTHETIC_DEMO
L_20260904,2026-09-04T12:53:00,1,2,SYNTHETIC_DEMO
L_20260904,2026-09-04T12:53:30,2,3,SYNTHETIC_DEMO
L_20260904,2026-09-04T12:54:00,0,1,SYNTHETIC_DEMO
L_20260904,2026-09-04T12:54:30,2,3,SYNTHETIC_DEMO
L_20260904,2026-09-04T12:55:00,0,2,SYNTHETIC_DEMO
L_20260904,2026-09-04T12:55:30,1,2,SYNTHETIC_DEMO
L_20260904,2026-09-04T12:56:00,0,2,SYNTHETIC_DEMO
L_20260904,2026-09-04T12:56:30,2,3,SYNTHETIC_DEMO
L_20260904,2026-09-04T12:57:00,0,3,SYNTHETIC_DEMO
L_20260904,2026-09-04T12:57:30,0,2,SYNTHETIC_DEMO
L_20260904,2026-09-04T12:58:00,1,3,SYNTHETIC_DEMO
L_20260904,2026-09-04T12:58:30,1,2,SYNTHETIC_DEMO
L_20260904,2026-09-04T12:59:00,2,3,SYNTHETIC_DEMO
L_20260904,2026-09-04T12:59:30,1,1,SYNTHETIC_DEMO
L_20260904,2026-09-04T13:00:00,1,3,SYNTHETIC_DEMO
L_20260904,2026-09-04T13:00:30,1,2,SYNTHETIC_DEMO
L_20260904,2026-09-04T13:01:00,1,2,SYNTHETIC_DEMO
L_20260904,2026-09-04T13:01:30,2,3,SYNTHETIC_DEMO
L_20260904,2026-09-04T13:02:00,1,3,SYNTHETIC_DEMO
L_20260904,2026-09-04T13:02:30,0,3,SYNTHETIC_DEMO
L_20260904,2026-09-04T13:03:00,2,2,SYNTHETIC_DEMO
L_20260904,2026-09-04T13:03:30,2,2,SYNTHETIC_DEMO
L_20260904,2026-09-04T13:04:00,1,2,SYNTHETIC_DEMO
L_20260904,2026-09-04T13:04:30,1,2,SYNTHETIC_DEMO
L_20260904,2026-09-04T13:05:00,1,2,SYNTHETIC_DEMO
L_20260904,2026-09-04T13:05:30,2,2,SYNTHETIC_DEMO
L_20260904,2026-09-04T13:06:00,1,2,SYNTHETIC_DEMO
L_20260904,2026-09-04T13:06:30,2,1,SYNTHETIC_DEMO
L_20260904,2026-09-04T13:07:00,0,1,SYNTHETIC_DEMO
L_20260904,2026-09-04T13:07:30,0,2,SYNTHETIC_DEMO
L_20260904,2026-09-04T13:08:00,2,2,SYNTHETIC_DEMO
L_20260904,2026-09-04T13:08:30,2,3,SYNTHETIC_DEMO
L_20260904,2026-09-04T13:09:00,1,3,SYNTHETIC_DEMO
L_20260904,2026-09-04T13:09:30,0,2,SYNTHETIC_DEMO
L_20260904,2026-09-04T13:10:00,0,2,SYNTHETIC_DEMO
L_20260904,2026-09-04T13:10:30,3,3,SYNTHETIC_DEMO
L_20260904,2026-09-04T13:11:00,1,2,SYNTHETIC_DEMO
L_20260904,2026-09-04T13:11:30,2,3,SYNTHETIC_DEMO
L_20260904,2026-09-04T13:12:00,1,3,SYNTHETIC_DEMO
L_20260904,2026-09-04T13:12:30,1,2,SYNTHETIC_DEMO
L_20260904,2026-09-04T13:13:00,1,2,SYNTHETIC_DEMO
L_20260904,2026-09-04T13:13:30,1,1,SYNTHETIC_DEMO
L_20260904,2026-09-04T13:14:00,2,2,SYNTHETIC_DEMO
L_20260904,2026-09-04T13:14:30,1,2,SYNTHETIC_DEMO
L_20260904,2026-09-04T13:15:00,1,3,SYNTHETIC_DEMO
L_20260904,2026-09-04T13:15:30,1,1,SYNTHETIC_DEMO
L_20260904,2026-09-04T13:16:00,1,1,SYNTHETIC_DEMO
L_20260904,2026-09-04T13:16:30,1,2,SYNTHETIC_DEMO
L_20260904,2026-09-04T13:17:00,0,2,SYNTHETIC_DEMO
L_20260904,2026-09-04T13:17:30,0,3,SYNTHETIC_DEMO
L_20260904,2026-09-04T13:18:00,0,1,SYNTHETIC_DEMO
L_20260904,2026-09-04T13:18:30,0,3,SYNTHETIC_DEMO
L_20260904,2026-09-04T13:19:00,0,2,SYNTHETIC_DEMO
L_20260904,2026-09-04T13:19:30,1,2,SYNTHETIC_DEMO
L_20260904,2026-09-04T13:20:00,1,2,SYNTHETIC_DEMO
L_20260904,2026-09-04T13:20:30,1,2,SYNTHETIC_DEMO
L_20260904,2026-09-04T13:21:00,1,3,SYNTHETIC_DEMO
L_20260904,2026-09-04T13:21:30,0,2,SYNTHETIC_DEMO
L_20260904,2026-09-04T13:22:00,3,2,SYNTHETIC_DEMO
L_20260904,2026-09-04T13:22:30,1,3,SYNTHETIC_DEMO
L_20260904,2026-09-04T13:23:00,1,2,SYNTHETIC_DEMO
L_20260904,2026-09-04T13:23:30,1,3,SYNTHETIC_DEMO
L_20260904,2026-09-04T13:24:00,1,2,SYNTHETIC_DEMO
L_20260904,2026-09-04T13:24:30,1,2,SYNTHETIC_DEMO
L_20260904,2026-09-04T13:25:00,1,2,SYNTHETIC_DEMO
L_20260904,2026-09-04T13:25:30,2,2,SYNTHETIC_DEMO
L_20260904,2026-09-04T13:26:00,0,1,SYNTHETIC_DEMO
L_20260904,2026-09-04T13:26:30,1,3,SYNTHETIC_DEMO
L_20260904,2026-09-04T13:27:00,2,2,SYNTHETIC_DEMO
L_20260904,2026-09-04T13:27:30,1,2,SYNTHETIC_DEMO
L_20260904,2026-09-04T13:28:00,0,1,SYNTHETIC_DEMO
L_20260904,2026-09-04T13:28:30,1,2,SYNTHETIC_DEMO
L_20260904,2026-09-04T13:29:00,2,1,SYNTHETIC_DEMO
L_20260904,2026-09-04T13:29:30,1,2,SYNTHETIC_DEMO
D_20260904,2026-09-04T17:00:00,2,3,SYNTHETIC_DEMO
D_20260904,2026-09-04T17:00:30,3,4,SYNTHETIC_DEMO
D_20260904,2026-09-04T17:01:00,2,2,SYNTHETIC_DEMO
D_20260904,2026-09-04T17:01:30,3,2,SYNTHETIC_DEMO
D_20260904,2026-09-04T17:02:00,2,3,SYNTHETIC_DEMO
D_20260904,2026-09-04T17:02:30,2,2,SYNTHETIC_DEMO
D_20260904,2026-09-04T17:03:00,1,2,SYNTHETIC_DEMO
D_20260904,2026-09-04T17:03:30,5,3,SYNTHETIC_DEMO
D_20260904,2026-09-04T17:04:00,3,3,SYNTHETIC_DEMO
D_20260904,2026-09-04T17:04:30,1,2,SYNTHETIC_DEMO
D_20260904,2026-09-04T17:05:00,3,3,SYNTHETIC_DEMO
D_20260904,2026-09-04T17:05:30,2,2,SYNTHETIC_DEMO
D_20260904,2026-09-04T17:06:00,2,2,SYNTHETIC_DEMO
D_20260904,2026-09-04T17:06:30,4,3,SYNTHETIC_DEMO
D_20260904,2026-09-04T17:07:00,5,4,SYNTHETIC_DEMO
D_20260904,2026-09-04T17:07:30,4,3,SYNTHETIC_DEMO
D_20260904,2026-09-04T17:08:00,3,2,SYNTHETIC_DEMO
D_20260904,2026-09-04T17:08:30,4,2,SYNTHETIC_DEMO
D_20260904,2026-09-04T17:09:00,5,2,SYNTHETIC_DEMO
D_20260904,2026-09-04T17:09:30,5,2,SYNTHETIC_DEMO
D_20260904,2026-09-04T17:10:00,5,3,SYNTHETIC_DEMO
D_20260904,2026-09-04T17:10:30,6,3,SYNTHETIC_DEMO
D_20260904,2026-09-04T17:11:00,6,3,SYNTHETIC_DEMO
D_20260904,2026-09-04T17:11:30,6,3,SYNTHETIC_DEMO
D_20260904,2026-09-04T17:12:00,6,2,SYNTHETIC_DEMO
D_20260904,2026-09-04T17:12:30,7,3,SYNTHETIC_DEMO
D_20260904,2026-09-04T17:13:00,5,4,SYNTHETIC_DEMO
D_20260904,2026-09-04T17:13:30,6,4,SYNTHETIC_DEMO
D_20260904,2026-09-04T17:14:00,5,4,SYNTHETIC_DEMO
D_20260904,2026-09-04T17:14:30,7,4,SYNTHETIC_DEMO
D_20260904,2026-09-04T17:15:00,5,3,SYNTHETIC_DEMO
D_20260904,2026-09-04T17:15:30,6,3,SYNTHETIC_DEMO
D_20260904,2026-09-04T17:16:00,7,3,SYNTHETIC_DEMO
D_20260904,2026-09-04T17:16:30,7,4,SYNTHETIC_DEMO
D_20260904,2026-09-04T17:17:00,7,4,SYNTHETIC_DEMO
D_20260904,2026-09-04T17:17:30,8,3,SYNTHETIC_DEMO
D_20260904,2026-09-04T17:18:00,8,4,SYNTHETIC_DEMO
D_20260904,2026-09-04T17:18:30,7,3,SYNTHETIC_DEMO
D_20260904,2026-09-04T17:19:00,9,3,SYNTHETIC_DEMO
D_20260904,2026-09-04T17:19:30,9,4,SYNTHETIC_DEMO
D_20260904,2026-09-04T17:20:00,7,4,SYNTHETIC_DEMO
D_20260904,2026-09-04T17:20:30,8,3,SYNTHETIC_DEMO
D_20260904,2026-09-04T17:21:00,9,3,SYNTHETIC_DEMO
D_20260904,2026-09-04T17:21:30,10,3,SYNTHETIC_DEMO
D_20260904,2026-09-04T17:22:00,9,4,SYNTHETIC_DEMO
D_20260904,2026-09-04T17:22:30,10,3,SYNTHETIC_DEMO
D_20260904,2026-09-04T17:23:00,8,3,SYNTHETIC_DEMO
D_20260904,2026-09-04T17:23:30,10,3,SYNTHETIC_DEMO
D_20260904,2026-09-04T17:24:00,11,4,SYNTHETIC_DEMO
D_20260904,2026-09-04T17:24:30,12,4,SYNTHETIC_DEMO
D_20260904,2026-09-04T17:25:00,10,4,SYNTHETIC_DEMO
D_20260904,2026-09-04T17:25:30,11,5,SYNTHETIC_DEMO
D_20260904,2026-09-04T17:26:00,12,3,SYNTHETIC_DEMO
D_20260904,2026-09-04T17:26:30,11,4,SYNTHETIC_DEMO
D_20260904,2026-09-04T17:27:00,13,4,SYNTHETIC_DEMO
D_20260904,2026-09-04T17:27:30,12,4,SYNTHETIC_DEMO
D_20260904,2026-09-04T17:28:00,13,5,SYNTHETIC_DEMO
D_20260904,2026-09-04T17:28:30,13,4,SYNTHETIC_DEMO
D_20260904,2026-09-04T17:29:00,14,4,SYNTHETIC_DEMO
D_20260904,2026-09-04T17:29:30,13,4,SYNTHETIC_DEMO
D_20260904,2026-09-04T17:30:00,14,4,SYNTHETIC_DEMO
D_20260904,2026-09-04T17:30:30,14,5,SYNTHETIC_DEMO
D_20260904,2026-09-04T17:31:00,14,5,SYNTHETIC_DEMO
D_20260904,2026-09-04T17:31:30,14,4,SYNTHETIC_DEMO
D_20260904,2026-09-04T17:32:00,15,5,SYNTHETIC_DEMO
D_20260904,2026-09-04T17:32:30,14,4,SYNTHETIC_DEMO
D_20260904,2026-09-04T17:33:00,14,5,SYNTHETIC_DEMO
D_20260904,2026-09-04T17:33:30,14,6,SYNTHETIC_DEMO
D_20260904,2026-09-04T17:34:00,16,5,SYNTHETIC_DEMO
D_20260904,2026-09-04T17:34:30,16,5,SYNTHETIC_DEMO
D_20260904,2026-09-04T17:35:00,15,3,SYNTHETIC_DEMO
D_20260904,2026-09-04T17:35:30,15,4,SYNTHETIC_DEMO
D_20260904,2026-09-04T17:36:00,17,4,SYNTHETIC_DEMO
D_20260904,2026-09-04T17:36:30,17,5,SYNTHETIC_DEMO
D_20260904,2026-09-04T17:37:00,15,5,SYNTHETIC_DEMO
D_20260904,2026-09-04T17:37:30,14,4,SYNTHETIC_DEMO
D_20260904,2026-09-04T17:38:00,15,4,SYNTHETIC_DEMO
D_20260904,2026-09-04T17:38:30,16,6,SYNTHETIC_DEMO
D_20260904,2026-09-04T17:39:00,16,4,SYNTHETIC_DEMO
D_20260904,2026-09-04T17:39:30,15,4,SYNTHETIC_DEMO
D_20260904,2026-09-04T17:40:00,16,5,SYNTHETIC_DEMO
D_20260904,2026-09-04T17:40:30,16,5,SYNTHETIC_DEMO
D_20260904,2026-09-04T17:41:00,15,5,SYNTHETIC_DEMO
D_20260904,2026-09-04T17:41:30,14,5,SYNTHETIC_DEMO
D_20260904,2026-09-04T17:42:00,16,5,SYNTHETIC_DEMO
D_20260904,2026-09-04T17:42:30,15,6,SYNTHETIC_DEMO
D_20260904,2026-09-04T17:43:00,14,4,SYNTHETIC_DEMO
D_20260904,2026-09-04T17:43:30,15,5,SYNTHETIC_DEMO
D_20260904,2026-09-04T17:44:00,15,4,SYNTHETIC_DEMO
D_20260904,2026-09-04T17:44:30,16,5,SYNTHETIC_DEMO
D_20260904,2026-09-04T17:45:00,15,4,SYNTHETIC_DEMO
D_20260904,2026-09-04T17:45:30,12,5,SYNTHETIC_DEMO
D_20260904,2026-09-04T17:46:00,15,4,SYNTHETIC_DEMO
D_20260904,2026-09-04T17:46:30,14,4,SYNTHETIC_DEMO
D_20260904,2026-09-04T17:47:00,14,4,SYNTHETIC_DEMO
D_20260904,2026-09-04T17:47:30,13,5,SYNTHETIC_DEMO
D_20260904,2026-09-04T17:48:00,14,4,SYNTHETIC_DEMO
D_20260904,2026-09-04T17:48:30,14,5,SYNTHETIC_DEMO
D_20260904,2026-09-04T17:49:00,11,4,SYNTHETIC_DEMO
D_20260904,2026-09-04T17:49:30,14,5,SYNTHETIC_DEMO
D_20260904,2026-09-04T17:50:00,15,4,SYNTHETIC_DEMO
D_20260904,2026-09-04T17:50:30,13,5,SYNTHETIC_DEMO
D_20260904,2026-09-04T17:51:00,13,5,SYNTHETIC_DEMO
D_20260904,2026-09-04T17:51:30,13,5,SYNTHETIC_DEMO
D_20260904,2026-09-04T17:52:00,12,4,SYNTHETIC_DEMO
D_20260904,2026-09-04T17:52:30,12,5,SYNTHETIC_DEMO
D_20260904,2026-09-04T17:53:00,11,4,SYNTHETIC_DEMO
D_20260904,2026-09-04T17:53:30,11,3,SYNTHETIC_DEMO
D_20260904,2026-09-04T17:54:00,13,4,SYNTHETIC_DEMO
D_20260904,2026-09-04T17:54:30,12,4,SYNTHETIC_DEMO
D_20260904,2026-09-04T17:55:00,12,4,SYNTHETIC_DEMO
D_20260904,2026-09-04T17:55:30,10,3,SYNTHETIC_DEMO
D_20260904,2026-09-04T17:56:00,11,4,SYNTHETIC_DEMO
D_20260904,2026-09-04T17:56:30,10,4,SYNTHETIC_DEMO
D_20260904,2026-09-04T17:57:00,10,4,SYNTHETIC_DEMO
D_20260904,2026-09-04T17:57:30,12,3,SYNTHETIC_DEMO
D_20260904,2026-09-04T17:58:00,9,3,SYNTHETIC_DEMO
D_20260904,2026-09-04T17:58:30,10,4,SYNTHETIC_DEMO
D_20260904,2026-09-04T17:59:00,8,5,SYNTHETIC_DEMO
D_20260904,2026-09-04T17:59:30,10,4,SYNTHETIC_DEMO
D_20260904,2026-09-04T18:00:00,10,4,SYNTHETIC_DEMO
D_20260904,2026-09-04T18:00:30,8,5,SYNTHETIC_DEMO
D_20260904,2026-09-04T18:01:00,8,4,SYNTHETIC_DEMO
D_20260904,2026-09-04T18:01:30,8,3,SYNTHETIC_DEMO
D_20260904,2026-09-04T18:02:00,7,3,SYNTHETIC_DEMO
D_20260904,2026-09-04T18:02:30,7,3,SYNTHETIC_DEMO
D_20260904,2026-09-04T18:03:00,7,3,SYNTHETIC_DEMO
D_20260904,2026-09-04T18:03:30,8,3,SYNTHETIC_DEMO
D_20260904,2026-09-04T18:04:00,7,3,SYNTHETIC_DEMO
D_20260904,2026-09-04T18:04:30,7,4,SYNTHETIC_DEMO
D_20260904,2026-09-04T18:05:00,5,3,SYNTHETIC_DEMO
D_20260904,2026-09-04T18:05:30,6,4,SYNTHETIC_DEMO
D_20260904,2026-09-04T18:06:00,5,3,SYNTHETIC_DEMO
D_20260904,2026-09-04T18:06:30,7,3,SYNTHETIC_DEMO
D_20260904,2026-09-04T18:07:00,6,4,SYNTHETIC_DEMO
D_20260904,2026-09-04T18:07:30,5,3,SYNTHETIC_DEMO
D_20260904,2026-09-04T18:08:00,7,4,SYNTHETIC_DEMO
D_20260904,2026-09-04T18:08:30,5,3,SYNTHETIC_DEMO
D_20260904,2026-09-04T18:09:00,4,3,SYNTHETIC_DEMO
D_20260904,2026-09-04T18:09:30,4,3,SYNTHETIC_DEMO
D_20260904,2026-09-04T18:10:00,5,4,SYNTHETIC_DEMO
D_20260904,2026-09-04T18:10:30,4,3,SYNTHETIC_DEMO
D_20260904,2026-09-04T18:11:00,4,3,SYNTHETIC_DEMO
D_20260904,2026-09-04T18:11:30,5,3,SYNTHETIC_DEMO
D_20260904,2026-09-04T18:12:00,5,2,SYNTHETIC_DEMO
D_20260904,2026-09-04T18:12:30,3,3,SYNTHETIC_DEMO
D_20260904,2026-09-04T18:13:00,4,3,SYNTHETIC_DEMO
D_20260904,2026-09-04T18:13:30,4,2,SYNTHETIC_DEMO
D_20260904,2026-09-04T18:14:00,4,3,SYNTHETIC_DEMO
D_20260904,2026-09-04T18:14:30,3,3,SYNTHETIC_DEMO
D_20260904,2026-09-04T18:15:00,4,3,SYNTHETIC_DEMO
D_20260904,2026-09-04T18:15:30,3,3,SYNTHETIC_DEMO
D_20260904,2026-09-04T18:16:00,3,2,SYNTHETIC_DEMO
D_20260904,2026-09-04T18:16:30,2,3,SYNTHETIC_DEMO
D_20260904,2026-09-04T18:17:00,2,3,SYNTHETIC_DEMO
D_20260904,2026-09-04T18:17:30,3,3,SYNTHETIC_DEMO
D_20260904,2026-09-04T18:18:00,3,3,SYNTHETIC_DEMO
D_20260904,2026-09-04T18:18:30,2,2,SYNTHETIC_DEMO
D_20260904,2026-09-04T18:19:00,1,2,SYNTHETIC_DEMO
D_20260904,2026-09-04T18:19:30,3,3,SYNTHETIC_DEMO
D_20260904,2026-09-04T18:20:00,2,2,SYNTHETIC_DEMO
D_20260904,2026-09-04T18:20:30,1,2,SYNTHETIC_DEMO
D_20260904,2026-09-04T18:21:00,2,2,SYNTHETIC_DEMO
D_20260904,2026-09-04T18:21:30,1,3,SYNTHETIC_DEMO
D_20260904,2026-09-04T18:22:00,3,2,SYNTHETIC_DEMO
D_20260904,2026-09-04T18:22:30,2,3,SYNTHETIC_DEMO
D_20260904,2026-09-04T18:23:00,2,2,SYNTHETIC_DEMO
D_20260904,2026-09-04T18:23:30,2,3,SYNTHETIC_DEMO
D_20260904,2026-09-04T18:24:00,1,2,SYNTHETIC_DEMO
D_20260904,2026-09-04T18:24:30,1,2,SYNTHETIC_DEMO
D_20260904,2026-09-04T18:25:00,2,3,SYNTHETIC_DEMO
D_20260904,2026-09-04T18:25:30,2,2,SYNTHETIC_DEMO
D_20260904,2026-09-04T18:26:00,0,2,SYNTHETIC_DEMO
D_20260904,2026-09-04T18:26:30,2,3,SYNTHETIC_DEMO
D_20260904,2026-09-04T18:27:00,1,2,SYNTHETIC_DEMO
D_20260904,2026-09-04T18:27:30,2,1,SYNTHETIC_DEMO
D_20260904,2026-09-04T18:28:00,2,2,SYNTHETIC_DEMO
D_20260904,2026-09-04T18:28:30,1,2,SYNTHETIC_DEMO
D_20260904,2026-09-04T18:29:00,2,2,SYNTHETIC_DEMO
D_20260904,2026-09-04T18:29:30,3,3,SYNTHETIC_DEMO
D_20260904,2026-09-04T18:30:00,2,2,SYNTHETIC_DEMO
D_20260904,2026-09-04T18:30:30,0,2,SYNTHETIC_DEMO
D_20260904,2026-09-04T18:31:00,1,2,SYNTHETIC_DEMO
D_20260904,2026-09-04T18:31:30,2,2,SYNTHETIC_DEMO
D_20260904,2026-09-04T18:32:00,0,2,SYNTHETIC_DEMO
D_20260904,2026-09-04T18:32:30,0,2,SYNTHETIC_DEMO
D_20260904,2026-09-04T18:33:00,2,2,SYNTHETIC_DEMO
D_20260904,2026-09-04T18:33:30,1,2,SYNTHETIC_DEMO
D_20260904,2026-09-04T18:34:00,0,2,SYNTHETIC_DEMO
D_20260904,2026-09-04T18:34:30,2,2,SYNTHETIC_DEMO
D_20260904,2026-09-04T18:35:00,2,3,SYNTHETIC_DEMO
D_20260904,2026-09-04T18:35:30,1,2,SYNTHETIC_DEMO
D_20260904,2026-09-04T18:36:00,1,2,SYNTHETIC_DEMO
D_20260904,2026-09-04T18:36:30,2,2,SYNTHETIC_DEMO
D_20260904,2026-09-04T18:37:00,0,2,SYNTHETIC_DEMO
D_20260904,2026-09-04T18:37:30,1,2,SYNTHETIC_DEMO
D_20260904,2026-09-04T18:38:00,3,2,SYNTHETIC_DEMO
D_20260904,2026-09-04T18:38:30,0,2,SYNTHETIC_DEMO
D_20260904,2026-09-04T18:39:00,1,2,SYNTHETIC_DEMO
D_20260904,2026-09-04T18:39:30,1,3,SYNTHETIC_DEMO
D_20260904,2026-09-04T18:40:00,1,2,SYNTHETIC_DEMO
D_20260904,2026-09-04T18:40:30,2,2,SYNTHETIC_DEMO
D_20260904,2026-09-04T18:41:00,1,2,SYNTHETIC_DEMO
D_20260904,2026-09-04T18:41:30,0,3,SYNTHETIC_DEMO
D_20260904,2026-09-04T18:42:00,2,3,SYNTHETIC_DEMO
D_20260904,2026-09-04T18:42:30,1,3,SYNTHETIC_DEMO
D_20260904,2026-09-04T18:43:00,1,2,SYNTHETIC_DEMO
D_20260904,2026-09-04T18:43:30,1,2,SYNTHETIC_DEMO
D_20260904,2026-09-04T18:44:00,1,2,SYNTHETIC_DEMO
D_20260904,2026-09-04T18:44:30,1,2,SYNTHETIC_DEMO
D_20260904,2026-09-04T18:45:00,1,2,SYNTHETIC_DEMO
D_20260904,2026-09-04T18:45:30,0,1,SYNTHETIC_DEMO
D_20260904,2026-09-04T18:46:00,0,1,SYNTHETIC_DEMO
D_20260904,2026-09-04T18:46:30,0,3,SYNTHETIC_DEMO
D_20260904,2026-09-04T18:47:00,2,2,SYNTHETIC_DEMO
D_20260904,2026-09-04T18:47:30,2,3,SYNTHETIC_DEMO
D_20260904,2026-09-04T18:48:00,0,1,SYNTHETIC_DEMO
D_20260904,2026-09-04T18:48:30,0,2,SYNTHETIC_DEMO
D_20260904,2026-09-04T18:49:00,2,3,SYNTHETIC_DEMO
D_20260904,2026-09-04T18:49:30,1,2,SYNTHETIC_DEMO
D_20260904,2026-09-04T18:50:00,0,2,SYNTHETIC_DEMO
D_20260904,2026-09-04T18:50:30,0,2,SYNTHETIC_DEMO
D_20260904,2026-09-04T18:51:00,1,3,SYNTHETIC_DEMO
D_20260904,2026-09-04T18:51:30,1,2,SYNTHETIC_DEMO
D_20260904,2026-09-04T18:52:00,1,2,SYNTHETIC_DEMO
D_20260904,2026-09-04T18:52:30,1,2,SYNTHETIC_DEMO
D_20260904,2026-09-04T18:53:00,1,3,SYNTHETIC_DEMO
D_20260904,2026-09-04T18:53:30,1,1,SYNTHETIC_DEMO
D_20260904,2026-09-04T18:54:00,0,1,SYNTHETIC_DEMO
D_20260904,2026-09-04T18:54:30,1,2,SYNTHETIC_DEMO
D_20260904,2026-09-04T18:55:00,0,2,SYNTHETIC_DEMO
D_20260904,2026-09-04T18:55:30,2,1,SYNTHETIC_DEMO
D_20260904,2026-09-04T18:56:00,1,2,SYNTHETIC_DEMO
D_20260904,2026-09-04T18:56:30,3,2,SYNTHETIC_DEMO
D_20260904,2026-09-04T18:57:00,0,2,SYNTHETIC_DEMO
D_20260904,2026-09-04T18:57:30,0,2,SYNTHETIC_DEMO
D_20260904,2026-09-04T18:58:00,0,2,SYNTHETIC_DEMO
D_20260904,2026-09-04T18:58:30,2,1,SYNTHETIC_DEMO
D_20260904,2026-09-04T18:59:00,2,2,SYNTHETIC_DEMO
D_20260904,2026-09-04T18:59:30,0,2,SYNTHETIC_DEMO
B_20260905,2026-09-05T05:30:00,2,2,SYNTHETIC_DEMO
B_20260905,2026-09-05T05:30:30,4,3,SYNTHETIC_DEMO
B_20260905,2026-09-05T05:31:00,4,2,SYNTHETIC_DEMO
B_20260905,2026-09-05T05:31:30,3,3,SYNTHETIC_DEMO
B_20260905,2026-09-05T05:32:00,5,3,SYNTHETIC_DEMO
B_20260905,2026-09-05T05:32:30,4,3,SYNTHETIC_DEMO
B_20260905,2026-09-05T05:33:00,4,4,SYNTHETIC_DEMO
B_20260905,2026-09-05T05:33:30,5,3,SYNTHETIC_DEMO
B_20260905,2026-09-05T05:34:00,4,4,SYNTHETIC_DEMO
B_20260905,2026-09-05T05:34:30,5,4,SYNTHETIC_DEMO
B_20260905,2026-09-05T05:35:00,4,3,SYNTHETIC_DEMO
B_20260905,2026-09-05T05:35:30,6,3,SYNTHETIC_DEMO
B_20260905,2026-09-05T05:36:00,4,4,SYNTHETIC_DEMO
B_20260905,2026-09-05T05:36:30,6,3,SYNTHETIC_DEMO
B_20260905,2026-09-05T05:37:00,5,3,SYNTHETIC_DEMO
B_20260905,2026-09-05T05:37:30,5,3,SYNTHETIC_DEMO
B_20260905,2026-09-05T05:38:00,4,2,SYNTHETIC_DEMO
B_20260905,2026-09-05T05:38:30,5,2,SYNTHETIC_DEMO
B_20260905,2026-09-05T05:39:00,6,3,SYNTHETIC_DEMO
B_20260905,2026-09-05T05:39:30,6,4,SYNTHETIC_DEMO
B_20260905,2026-09-05T05:40:00,5,3,SYNTHETIC_DEMO
B_20260905,2026-09-05T05:40:30,7,3,SYNTHETIC_DEMO
B_20260905,2026-09-05T05:41:00,6,3,SYNTHETIC_DEMO
B_20260905,2026-09-05T05:41:30,5,3,SYNTHETIC_DEMO
B_20260905,2026-09-05T05:42:00,7,3,SYNTHETIC_DEMO
B_20260905,2026-09-05T05:42:30,7,3,SYNTHETIC_DEMO
B_20260905,2026-09-05T05:43:00,6,2,SYNTHETIC_DEMO
B_20260905,2026-09-05T05:43:30,6,3,SYNTHETIC_DEMO
B_20260905,2026-09-05T05:44:00,8,4,SYNTHETIC_DEMO
B_20260905,2026-09-05T05:44:30,7,3,SYNTHETIC_DEMO
B_20260905,2026-09-05T05:45:00,8,3,SYNTHETIC_DEMO
B_20260905,2026-09-05T05:45:30,9,4,SYNTHETIC_DEMO
B_20260905,2026-09-05T05:46:00,8,4,SYNTHETIC_DEMO
B_20260905,2026-09-05T05:46:30,9,3,SYNTHETIC_DEMO
B_20260905,2026-09-05T05:47:00,8,4,SYNTHETIC_DEMO
B_20260905,2026-09-05T05:47:30,8,4,SYNTHETIC_DEMO
B_20260905,2026-09-05T05:48:00,8,3,SYNTHETIC_DEMO
B_20260905,2026-09-05T05:48:30,11,5,SYNTHETIC_DEMO
B_20260905,2026-09-05T05:49:00,10,4,SYNTHETIC_DEMO
B_20260905,2026-09-05T05:49:30,10,4,SYNTHETIC_DEMO
B_20260905,2026-09-05T05:50:00,10,4,SYNTHETIC_DEMO
B_20260905,2026-09-05T05:50:30,9,4,SYNTHETIC_DEMO
B_20260905,2026-09-05T05:51:00,10,3,SYNTHETIC_DEMO
B_20260905,2026-09-05T05:51:30,10,5,SYNTHETIC_DEMO
B_20260905,2026-09-05T05:52:00,11,4,SYNTHETIC_DEMO
B_20260905,2026-09-05T05:52:30,11,3,SYNTHETIC_DEMO
B_20260905,2026-09-05T05:53:00,11,3,SYNTHETIC_DEMO
B_20260905,2026-09-05T05:53:30,12,4,SYNTHETIC_DEMO
B_20260905,2026-09-05T05:54:00,12,4,SYNTHETIC_DEMO
B_20260905,2026-09-05T05:54:30,12,4,SYNTHETIC_DEMO
B_20260905,2026-09-05T05:55:00,11,3,SYNTHETIC_DEMO
B_20260905,2026-09-05T05:55:30,11,4,SYNTHETIC_DEMO
B_20260905,2026-09-05T05:56:00,12,3,SYNTHETIC_DEMO
B_20260905,2026-09-05T05:56:30,13,4,SYNTHETIC_DEMO
B_20260905,2026-09-05T05:57:00,12,5,SYNTHETIC_DEMO
B_20260905,2026-09-05T05:57:30,13,5,SYNTHETIC_DEMO
B_20260905,2026-09-05T05:58:00,13,4,SYNTHETIC_DEMO
B_20260905,2026-09-05T05:58:30,12,4,SYNTHETIC_DEMO
B_20260905,2026-09-05T05:59:00,13,4,SYNTHETIC_DEMO
B_20260905,2026-09-05T05:59:30,12,4,SYNTHETIC_DEMO
B_20260905,2026-09-05T06:00:00,12,4,SYNTHETIC_DEMO
B_20260905,2026-09-05T06:00:30,15,5,SYNTHETIC_DEMO
B_20260905,2026-09-05T06:01:00,14,5,SYNTHETIC_DEMO
B_20260905,2026-09-05T06:01:30,13,4,SYNTHETIC_DEMO
B_20260905,2026-09-05T06:02:00,14,4,SYNTHETIC_DEMO
B_20260905,2026-09-05T06:02:30,13,5,SYNTHETIC_DEMO
B_20260905,2026-09-05T06:03:00,13,4,SYNTHETIC_DEMO
B_20260905,2026-09-05T06:03:30,14,5,SYNTHETIC_DEMO
B_20260905,2026-09-05T06:04:00,13,4,SYNTHETIC_DEMO
B_20260905,2026-09-05T06:04:30,15,4,SYNTHETIC_DEMO
B_20260905,2026-09-05T06:05:00,13,4,SYNTHETIC_DEMO
B_20260905,2026-09-05T06:05:30,13,4,SYNTHETIC_DEMO
B_20260905,2026-09-05T06:06:00,14,5,SYNTHETIC_DEMO
B_20260905,2026-09-05T06:06:30,13,5,SYNTHETIC_DEMO
B_20260905,2026-09-05T06:07:00,14,4,SYNTHETIC_DEMO
B_20260905,2026-09-05T06:07:30,14,4,SYNTHETIC_DEMO
B_20260905,2026-09-05T06:08:00,13,4,SYNTHETIC_DEMO
B_20260905,2026-09-05T06:08:30,14,5,SYNTHETIC_DEMO
B_20260905,2026-09-05T06:09:00,14,5,SYNTHETIC_DEMO
B_20260905,2026-09-05T06:09:30,13,4,SYNTHETIC_DEMO
B_20260905,2026-09-05T06:10:00,14,5,SYNTHETIC_DEMO
B_20260905,2026-09-05T06:10:30,13,4,SYNTHETIC_DEMO
B_20260905,2026-09-05T06:11:00,14,5,SYNTHETIC_DEMO
B_20260905,2026-09-05T06:11:30,13,4,SYNTHETIC_DEMO
B_20260905,2026-09-05T06:12:00,14,4,SYNTHETIC_DEMO
B_20260905,2026-09-05T06:12:30,13,4,SYNTHETIC_DEMO
B_20260905,2026-09-05T06:13:00,13,4,SYNTHETIC_DEMO
B_20260905,2026-09-05T06:13:30,11,4,SYNTHETIC_DEMO
B_20260905,2026-09-05T06:14:00,11,4,SYNTHETIC_DEMO
B_20260905,2026-09-05T06:14:30,12,4,SYNTHETIC_DEMO
B_20260905,2026-09-05T06:15:00,11,4,SYNTHETIC_DEMO
B_20260905,2026-09-05T06:15:30,11,5,SYNTHETIC_DEMO
B_20260905,2026-09-05T06:16:00,9,4,SYNTHETIC_DEMO
B_20260905,2026-09-05T06:16:30,10,4,SYNTHETIC_DEMO
B_20260905,2026-09-05T06:17:00,11,4,SYNTHETIC_DEMO
B_20260905,2026-09-05T06:17:30,10,4,SYNTHETIC_DEMO
B_20260905,2026-09-05T06:18:00,11,4,SYNTHETIC_DEMO
B_20260905,2026-09-05T06:18:30,9,4,SYNTHETIC_DEMO
B_20260905,2026-09-05T06:19:00,12,4,SYNTHETIC_DEMO
B_20260905,2026-09-05T06:19:30,11,5,SYNTHETIC_DEMO
B_20260905,2026-09-05T06:20:00,8,3,SYNTHETIC_DEMO
B_20260905,2026-09-05T06:20:30,8,4,SYNTHETIC_DEMO
B_20260905,2026-09-05T06:21:00,9,4,SYNTHETIC_DEMO
B_20260905,2026-09-05T06:21:30,8,3,SYNTHETIC_DEMO
B_20260905,2026-09-05T06:22:00,8,4,SYNTHETIC_DEMO
B_20260905,2026-09-05T06:22:30,9,3,SYNTHETIC_DEMO
B_20260905,2026-09-05T06:23:00,7,2,SYNTHETIC_DEMO
B_20260905,2026-09-05T06:23:30,9,4,SYNTHETIC_DEMO
B_20260905,2026-09-05T06:24:00,8,4,SYNTHETIC_DEMO
B_20260905,2026-09-05T06:24:30,7,3,SYNTHETIC_DEMO
B_20260905,2026-09-05T06:25:00,9,4,SYNTHETIC_DEMO
B_20260905,2026-09-05T06:25:30,8,3,SYNTHETIC_DEMO
B_20260905,2026-09-05T06:26:00,7,4,SYNTHETIC_DEMO
B_20260905,2026-09-05T06:26:30,8,4,SYNTHETIC_DEMO
B_20260905,2026-09-05T06:27:00,6,3,SYNTHETIC_DEMO
B_20260905,2026-09-05T06:27:30,5,3,SYNTHETIC_DEMO
B_20260905,2026-09-05T06:28:00,6,4,SYNTHETIC_DEMO
B_20260905,2026-09-05T06:28:30,6,4,SYNTHETIC_DEMO
B_20260905,2026-09-05T06:29:00,6,2,SYNTHETIC_DEMO
B_20260905,2026-09-05T06:29:30,6,3,SYNTHETIC_DEMO
B_20260905,2026-09-05T06:30:00,6,3,SYNTHETIC_DEMO
B_20260905,2026-09-05T06:30:30,5,3,SYNTHETIC_DEMO
B_20260905,2026-09-05T06:31:00,6,4,SYNTHETIC_DEMO
B_20260905,2026-09-05T06:31:30,6,3,SYNTHETIC_DEMO
B_20260905,2026-09-05T06:32:00,5,3,SYNTHETIC_DEMO
B_20260905,2026-09-05T06:32:30,5,3,SYNTHETIC_DEMO
B_20260905,2026-09-05T06:33:00,4,3,SYNTHETIC_DEMO
B_20260905,2026-09-05T06:33:30,4,3,SYNTHETIC_DEMO
B_20260905,2026-09-05T06:34:00,3,2,SYNTHETIC_DEMO
B_20260905,2026-09-05T06:34:30,5,2,SYNTHETIC_DEMO
B_20260905,2026-09-05T06:35:00,4,3,SYNTHETIC_DEMO
B_20260905,2026-09-05T06:35:30,3,2,SYNTHETIC_DEMO
B_20260905,2026-09-05T06:36:00,3,3,SYNTHETIC_DEMO
B_20260905,2026-09-05T06:36:30,5,3,SYNTHETIC_DEMO
B_20260905,2026-09-05T06:37:00,4,3,SYNTHETIC_DEMO
B_20260905,2026-09-05T06:37:30,3,2,SYNTHETIC_DEMO
B_20260905,2026-09-05T06:38:00,3,4,SYNTHETIC_DEMO
B_20260905,2026-09-05T06:38:30,3,2,SYNTHETIC_DEMO
B_20260905,2026-09-05T06:39:00,3,2,SYNTHETIC_DEMO
B_20260905,2026-09-05T06:39:30,3,4,SYNTHETIC_DEMO
B_20260905,2026-09-05T06:40:00,2,3,SYNTHETIC_DEMO
B_20260905,2026-09-05T06:40:30,2,2,SYNTHETIC_DEMO
B_20260905,2026-09-05T06:41:00,3,2,SYNTHETIC_DEMO
B_20260905,2026-09-05T06:41:30,2,2,SYNTHETIC_DEMO
B_20260905,2026-09-05T06:42:00,3,3,SYNTHETIC_DEMO
B_20260905,2026-09-05T06:42:30,2,2,SYNTHETIC_DEMO
B_20260905,2026-09-05T06:43:00,2,2,SYNTHETIC_DEMO
B_20260905,2026-09-05T06:43:30,3,3,SYNTHETIC_DEMO
B_20260905,2026-09-05T06:44:00,2,2,SYNTHETIC_DEMO
B_20260905,2026-09-05T06:44:30,3,4,SYNTHETIC_DEMO
B_20260905,2026-09-05T06:45:00,1,1,SYNTHETIC_DEMO
B_20260905,2026-09-05T06:45:30,2,2,SYNTHETIC_DEMO
B_20260905,2026-09-05T06:46:00,2,3,SYNTHETIC_DEMO
B_20260905,2026-09-05T06:46:30,2,3,SYNTHETIC_DEMO
B_20260905,2026-09-05T06:47:00,2,3,SYNTHETIC_DEMO
B_20260905,2026-09-05T06:47:30,2,3,SYNTHETIC_DEMO
B_20260905,2026-09-05T06:48:00,2,2,SYNTHETIC_DEMO
B_20260905,2026-09-05T06:48:30,1,1,SYNTHETIC_DEMO
B_20260905,2026-09-05T06:49:00,2,3,SYNTHETIC_DEMO
B_20260905,2026-09-05T06:49:30,1,2,SYNTHETIC_DEMO
B_20260905,2026-09-05T06:50:00,0,2,SYNTHETIC_DEMO
B_20260905,2026-09-05T06:50:30,2,2,SYNTHETIC_DEMO
B_20260905,2026-09-05T06:51:00,1,2,SYNTHETIC_DEMO
B_20260905,2026-09-05T06:51:30,1,2,SYNTHETIC_DEMO
B_20260905,2026-09-05T06:52:00,1,2,SYNTHETIC_DEMO
B_20260905,2026-09-05T06:52:30,2,2,SYNTHETIC_DEMO
B_20260905,2026-09-05T06:53:00,2,3,SYNTHETIC_DEMO
B_20260905,2026-09-05T06:53:30,2,2,SYNTHETIC_DEMO
B_20260905,2026-09-05T06:54:00,1,2,SYNTHETIC_DEMO
B_20260905,2026-09-05T06:54:30,1,2,SYNTHETIC_DEMO
B_20260905,2026-09-05T06:55:00,2,2,SYNTHETIC_DEMO
B_20260905,2026-09-05T06:55:30,3,1,SYNTHETIC_DEMO
B_20260905,2026-09-05T06:56:00,1,2,SYNTHETIC_DEMO
B_20260905,2026-09-05T06:56:30,1,3,SYNTHETIC_DEMO
B_20260905,2026-09-05T06:57:00,1,2,SYNTHETIC_DEMO
B_20260905,2026-09-05T06:57:30,1,1,SYNTHETIC_DEMO
B_20260905,2026-09-05T06:58:00,0,2,SYNTHETIC_DEMO
B_20260905,2026-09-05T06:58:30,1,2,SYNTHETIC_DEMO
B_20260905,2026-09-05T06:59:00,1,2,SYNTHETIC_DEMO
B_20260905,2026-09-05T06:59:30,0,2,SYNTHETIC_DEMO
B_20260905,2026-09-05T07:00:00,2,2,SYNTHETIC_DEMO
B_20260905,2026-09-05T07:00:30,3,2,SYNTHETIC_DEMO
B_20260905,2026-09-05T07:01:00,1,2,SYNTHETIC_DEMO
B_20260905,2026-09-05T07:01:30,0,2,SYNTHETIC_DEMO
B_20260905,2026-09-05T07:02:00,1,3,SYNTHETIC_DEMO
B_20260905,2026-09-05T07:02:30,1,3,SYNTHETIC_DEMO
B_20260905,2026-09-05T07:03:00,1,2,SYNTHETIC_DEMO
B_20260905,2026-09-05T07:03:30,1,2,SYNTHETIC_DEMO
B_20260905,2026-09-05T07:04:00,1,3,SYNTHETIC_DEMO
B_20260905,2026-09-05T07:04:30,0,2,SYNTHETIC_DEMO
B_20260905,2026-09-05T07:05:00,2,2,SYNTHETIC_DEMO
B_20260905,2026-09-05T07:05:30,0,2,SYNTHETIC_DEMO
B_20260905,2026-09-05T07:06:00,2,3,SYNTHETIC_DEMO
B_20260905,2026-09-05T07:06:30,1,2,SYNTHETIC_DEMO
B_20260905,2026-09-05T07:07:00,0,2,SYNTHETIC_DEMO
B_20260905,2026-09-05T07:07:30,2,2,SYNTHETIC_DEMO
B_20260905,2026-09-05T07:08:00,0,1,SYNTHETIC_DEMO
B_20260905,2026-09-05T07:08:30,4,3,SYNTHETIC_DEMO
B_20260905,2026-09-05T07:09:00,2,3,SYNTHETIC_DEMO
B_20260905,2026-09-05T07:09:30,2,2,SYNTHETIC_DEMO
B_20260905,2026-09-05T07:10:00,0,2,SYNTHETIC_DEMO
B_20260905,2026-09-05T07:10:30,2,2,SYNTHETIC_DEMO
B_20260905,2026-09-05T07:11:00,2,2,SYNTHETIC_DEMO
B_20260905,2026-09-05T07:11:30,1,2,SYNTHETIC_DEMO
B_20260905,2026-09-05T07:12:00,1,3,SYNTHETIC_DEMO
B_20260905,2026-09-05T07:12:30,0,2,SYNTHETIC_DEMO
B_20260905,2026-09-05T07:13:00,1,2,SYNTHETIC_DEMO
B_20260905,2026-09-05T07:13:30,1,2,SYNTHETIC_DEMO
B_20260905,2026-09-05T07:14:00,1,3,SYNTHETIC_DEMO
B_20260905,2026-09-05T07:14:30,1,2,SYNTHETIC_DEMO
B_20260905,2026-09-05T07:15:00,2,3,SYNTHETIC_DEMO
B_20260905,2026-09-05T07:15:30,2,1,SYNTHETIC_DEMO
B_20260905,2026-09-05T07:16:00,1,2,SYNTHETIC_DEMO
B_20260905,2026-09-05T07:16:30,1,3,SYNTHETIC_DEMO
B_20260905,2026-09-05T07:17:00,2,3,SYNTHETIC_DEMO
B_20260905,2026-09-05T07:17:30,0,2,SYNTHETIC_DEMO
B_20260905,2026-09-05T07:18:00,1,2,SYNTHETIC_DEMO
B_20260905,2026-09-05T07:18:30,0,2,SYNTHETIC_DEMO
B_20260905,2026-09-05T07:19:00,1,2,SYNTHETIC_DEMO
B_20260905,2026-09-05T07:19:30,1,3,SYNTHETIC_DEMO
B_20260905,2026-09-05T07:20:00,2,2,SYNTHETIC_DEMO
B_20260905,2026-09-05T07:20:30,3,3,SYNTHETIC_DEMO
B_20260905,2026-09-05T07:21:00,2,3,SYNTHETIC_DEMO
B_20260905,2026-09-05T07:21:30,1,2,SYNTHETIC_DEMO
B_20260905,2026-09-05T07:22:00,1,3,SYNTHETIC_DEMO
B_20260905,2026-09-05T07:22:30,1,3,SYNTHETIC_DEMO
B_20260905,2026-09-05T07:23:00,1,2,SYNTHETIC_DEMO
B_20260905,2026-09-05T07:23:30,1,3,SYNTHETIC_DEMO
B_20260905,2026-09-05T07:24:00,1,2,SYNTHETIC_DEMO
B_20260905,2026-09-05T07:24:30,2,2,SYNTHETIC_DEMO
B_20260905,2026-09-05T07:25:00,1,3,SYNTHETIC_DEMO
B_20260905,2026-09-05T07:25:30,2,3,SYNTHETIC_DEMO
B_20260905,2026-09-05T07:26:00,2,2,SYNTHETIC_DEMO
B_20260905,2026-09-05T07:26:30,1,2,SYNTHETIC_DEMO
B_20260905,2026-09-05T07:27:00,0,2,SYNTHETIC_DEMO
B_20260905,2026-09-05T07:27:30,2,2,SYNTHETIC_DEMO
B_20260905,2026-09-05T07:28:00,0,1,SYNTHETIC_DEMO
B_20260905,2026-09-05T07:28:30,2,2,SYNTHETIC_DEMO
B_20260905,2026-09-05T07:29:00,3,2,SYNTHETIC_DEMO
B_20260905,2026-09-05T07:29:30,1,3,SYNTHETIC_DEMO
L_20260905,2026-09-05T11:30:00,6,3,SYNTHETIC_DEMO
L_20260905,2026-09-05T11:30:30,5,3,SYNTHETIC_DEMO
L_20260905,2026-09-05T11:31:00,4,2,SYNTHETIC_DEMO
L_20260905,2026-09-05T11:31:30,5,2,SYNTHETIC_DEMO
L_20260905,2026-09-05T11:32:00,5,4,SYNTHETIC_DEMO
L_20260905,2026-09-05T11:32:30,6,3,SYNTHETIC_DEMO
L_20260905,2026-09-05T11:33:00,7,4,SYNTHETIC_DEMO
L_20260905,2026-09-05T11:33:30,6,4,SYNTHETIC_DEMO
L_20260905,2026-09-05T11:34:00,7,4,SYNTHETIC_DEMO
L_20260905,2026-09-05T11:34:30,8,3,SYNTHETIC_DEMO
L_20260905,2026-09-05T11:35:00,6,2,SYNTHETIC_DEMO
L_20260905,2026-09-05T11:35:30,8,3,SYNTHETIC_DEMO
L_20260905,2026-09-05T11:36:00,7,4,SYNTHETIC_DEMO
L_20260905,2026-09-05T11:36:30,10,4,SYNTHETIC_DEMO
L_20260905,2026-09-05T11:37:00,9,4,SYNTHETIC_DEMO
L_20260905,2026-09-05T11:37:30,8,4,SYNTHETIC_DEMO
L_20260905,2026-09-05T11:38:00,8,3,SYNTHETIC_DEMO
L_20260905,2026-09-05T11:38:30,8,4,SYNTHETIC_DEMO
L_20260905,2026-09-05T11:39:00,8,4,SYNTHETIC_DEMO
L_20260905,2026-09-05T11:39:30,10,5,SYNTHETIC_DEMO
L_20260905,2026-09-05T11:40:00,9,4,SYNTHETIC_DEMO
L_20260905,2026-09-05T11:40:30,10,3,SYNTHETIC_DEMO
L_20260905,2026-09-05T11:41:00,10,4,SYNTHETIC_DEMO
L_20260905,2026-09-05T11:41:30,12,4,SYNTHETIC_DEMO
L_20260905,2026-09-05T11:42:00,12,4,SYNTHETIC_DEMO
L_20260905,2026-09-05T11:42:30,12,3,SYNTHETIC_DEMO
L_20260905,2026-09-05T11:43:00,11,5,SYNTHETIC_DEMO
L_20260905,2026-09-05T11:43:30,12,4,SYNTHETIC_DEMO
L_20260905,2026-09-05T11:44:00,11,4,SYNTHETIC_DEMO
L_20260905,2026-09-05T11:44:30,14,4,SYNTHETIC_DEMO
L_20260905,2026-09-05T11:45:00,12,5,SYNTHETIC_DEMO
L_20260905,2026-09-05T11:45:30,14,4,SYNTHETIC_DEMO
L_20260905,2026-09-05T11:46:00,14,5,SYNTHETIC_DEMO
L_20260905,2026-09-05T11:46:30,13,5,SYNTHETIC_DEMO
L_20260905,2026-09-05T11:47:00,13,4,SYNTHETIC_DEMO
L_20260905,2026-09-05T11:47:30,14,5,SYNTHETIC_DEMO
L_20260905,2026-09-05T11:48:00,14,3,SYNTHETIC_DEMO
L_20260905,2026-09-05T11:48:30,14,4,SYNTHETIC_DEMO
L_20260905,2026-09-05T11:49:00,16,4,SYNTHETIC_DEMO
L_20260905,2026-09-05T11:49:30,16,5,SYNTHETIC_DEMO
L_20260905,2026-09-05T11:50:00,16,5,SYNTHETIC_DEMO
L_20260905,2026-09-05T11:50:30,14,5,SYNTHETIC_DEMO
L_20260905,2026-09-05T11:51:00,14,4,SYNTHETIC_DEMO
L_20260905,2026-09-05T11:51:30,15,5,SYNTHETIC_DEMO
L_20260905,2026-09-05T11:52:00,17,5,SYNTHETIC_DEMO
L_20260905,2026-09-05T11:52:30,18,5,SYNTHETIC_DEMO
L_20260905,2026-09-05T11:53:00,16,5,SYNTHETIC_DEMO
L_20260905,2026-09-05T11:53:30,16,4,SYNTHETIC_DEMO
L_20260905,2026-09-05T11:54:00,16,5,SYNTHETIC_DEMO
L_20260905,2026-09-05T11:54:30,18,5,SYNTHETIC_DEMO
L_20260905,2026-09-05T11:55:00,17,5,SYNTHETIC_DEMO
L_20260905,2026-09-05T11:55:30,18,5,SYNTHETIC_DEMO
L_20260905,2026-09-05T11:56:00,17,6,SYNTHETIC_DEMO
L_20260905,2026-09-05T11:56:30,16,5,SYNTHETIC_DEMO
L_20260905,2026-09-05T11:57:00,16,5,SYNTHETIC_DEMO
L_20260905,2026-09-05T11:57:30,16,5,SYNTHETIC_DEMO
L_20260905,2026-09-05T11:58:00,18,4,SYNTHETIC_DEMO
L_20260905,2026-09-05T11:58:30,18,6,SYNTHETIC_DEMO
L_20260905,2026-09-05T11:59:00,19,5,SYNTHETIC_DEMO
L_20260905,2026-09-05T11:59:30,18,5,SYNTHETIC_DEMO
L_20260905,2026-09-05T12:00:00,17,5,SYNTHETIC_DEMO
L_20260905,2026-09-05T12:00:30,17,4,SYNTHETIC_DEMO
L_20260905,2026-09-05T12:01:00,17,5,SYNTHETIC_DEMO
L_20260905,2026-09-05T12:01:30,18,6,SYNTHETIC_DEMO
L_20260905,2026-09-05T12:02:00,15,5,SYNTHETIC_DEMO
L_20260905,2026-09-05T12:02:30,16,4,SYNTHETIC_DEMO
L_20260905,2026-09-05T12:03:00,16,4,SYNTHETIC_DEMO
L_20260905,2026-09-05T12:03:30,19,6,SYNTHETIC_DEMO
L_20260905,2026-09-05T12:04:00,17,6,SYNTHETIC_DEMO
L_20260905,2026-09-05T12:04:30,16,5,SYNTHETIC_DEMO
L_20260905,2026-09-05T12:05:00,17,5,SYNTHETIC_DEMO
L_20260905,2026-09-05T12:05:30,18,5,SYNTHETIC_DEMO
L_20260905,2026-09-05T12:06:00,16,5,SYNTHETIC_DEMO
L_20260905,2026-09-05T12:06:30,16,6,SYNTHETIC_DEMO
L_20260905,2026-09-05T12:07:00,16,5,SYNTHETIC_DEMO
L_20260905,2026-09-05T12:07:30,16,5,SYNTHETIC_DEMO
L_20260905,2026-09-05T12:08:00,16,5,SYNTHETIC_DEMO
L_20260905,2026-09-05T12:08:30,16,5,SYNTHETIC_DEMO
L_20260905,2026-09-05T12:09:00,15,4,SYNTHETIC_DEMO
L_20260905,2026-09-05T12:09:30,14,5,SYNTHETIC_DEMO
L_20260905,2026-09-05T12:10:00,15,5,SYNTHETIC_DEMO
L_20260905,2026-09-05T12:10:30,14,4,SYNTHETIC_DEMO
L_20260905,2026-09-05T12:11:00,14,5,SYNTHETIC_DEMO
L_20260905,2026-09-05T12:11:30,15,5,SYNTHETIC_DEMO
L_20260905,2026-09-05T12:12:00,14,4,SYNTHETIC_DEMO
L_20260905,2026-09-05T12:12:30,14,5,SYNTHETIC_DEMO
L_20260905,2026-09-05T12:13:00,14,5,SYNTHETIC_DEMO
L_20260905,2026-09-05T12:13:30,13,4,SYNTHETIC_DEMO
L_20260905,2026-09-05T12:14:00,13,4,SYNTHETIC_DEMO
L_20260905,2026-09-05T12:14:30,12,4,SYNTHETIC_DEMO
L_20260905,2026-09-05T12:15:00,11,5,SYNTHETIC_DEMO
L_20260905,2026-09-05T12:15:30,12,4,SYNTHETIC_DEMO
L_20260905,2026-09-05T12:16:00,13,5,SYNTHETIC_DEMO
L_20260905,2026-09-05T12:16:30,13,4,SYNTHETIC_DEMO
L_20260905,2026-09-05T12:17:00,11,4,SYNTHETIC_DEMO
L_20260905,2026-09-05T12:17:30,11,5,SYNTHETIC_DEMO
L_20260905,2026-09-05T12:18:00,11,4,SYNTHETIC_DEMO
L_20260905,2026-09-05T12:18:30,11,4,SYNTHETIC_DEMO
L_20260905,2026-09-05T12:19:00,10,4,SYNTHETIC_DEMO
L_20260905,2026-09-05T12:19:30,11,3,SYNTHETIC_DEMO
L_20260905,2026-09-05T12:20:00,10,4,SYNTHETIC_DEMO
L_20260905,2026-09-05T12:20:30,8,4,SYNTHETIC_DEMO
L_20260905,2026-09-05T12:21:00,10,4,SYNTHETIC_DEMO
L_20260905,2026-09-05T12:21:30,9,3,SYNTHETIC_DEMO
L_20260905,2026-09-05T12:22:00,8,3,SYNTHETIC_DEMO
L_20260905,2026-09-05T12:22:30,8,3,SYNTHETIC_DEMO
L_20260905,2026-09-05T12:23:00,9,5,SYNTHETIC_DEMO
L_20260905,2026-09-05T12:23:30,8,4,SYNTHETIC_DEMO
L_20260905,2026-09-05T12:24:00,9,5,SYNTHETIC_DEMO
L_20260905,2026-09-05T12:24:30,6,3,SYNTHETIC_DEMO
L_20260905,2026-09-05T12:25:00,7,3,SYNTHETIC_DEMO
L_20260905,2026-09-05T12:25:30,6,3,SYNTHETIC_DEMO
L_20260905,2026-09-05T12:26:00,6,3,SYNTHETIC_DEMO
L_20260905,2026-09-05T12:26:30,6,3,SYNTHETIC_DEMO
L_20260905,2026-09-05T12:27:00,6,3,SYNTHETIC_DEMO
L_20260905,2026-09-05T12:27:30,5,3,SYNTHETIC_DEMO
L_20260905,2026-09-05T12:28:00,5,3,SYNTHETIC_DEMO
L_20260905,2026-09-05T12:28:30,5,4,SYNTHETIC_DEMO
L_20260905,2026-09-05T12:29:00,6,3,SYNTHETIC_DEMO
L_20260905,2026-09-05T12:29:30,5,3,SYNTHETIC_DEMO
L_20260905,2026-09-05T12:30:00,5,3,SYNTHETIC_DEMO
L_20260905,2026-09-05T12:30:30,5,4,SYNTHETIC_DEMO
L_20260905,2026-09-05T12:31:00,4,3,SYNTHETIC_DEMO
L_20260905,2026-09-05T12:31:30,4,3,SYNTHETIC_DEMO
L_20260905,2026-09-05T12:32:00,5,3,SYNTHETIC_DEMO
L_20260905,2026-09-05T12:32:30,5,3,SYNTHETIC_DEMO
L_20260905,2026-09-05T12:33:00,5,3,SYNTHETIC_DEMO
L_20260905,2026-09-05T12:33:30,6,3,SYNTHETIC_DEMO
L_20260905,2026-09-05T12:34:00,5,3,SYNTHETIC_DEMO
L_20260905,2026-09-05T12:34:30,4,3,SYNTHETIC_DEMO
L_20260905,2026-09-05T12:35:00,3,3,SYNTHETIC_DEMO
L_20260905,2026-09-05T12:35:30,3,2,SYNTHETIC_DEMO
L_20260905,2026-09-05T12:36:00,3,2,SYNTHETIC_DEMO
L_20260905,2026-09-05T12:36:30,3,2,SYNTHETIC_DEMO
L_20260905,2026-09-05T12:37:00,2,3,SYNTHETIC_DEMO
L_20260905,2026-09-05T12:37:30,3,3,SYNTHETIC_DEMO
L_20260905,2026-09-05T12:38:00,2,3,SYNTHETIC_DEMO
L_20260905,2026-09-05T12:38:30,2,2,SYNTHETIC_DEMO
L_20260905,2026-09-05T12:39:00,1,2,SYNTHETIC_DEMO
L_20260905,2026-09-05T12:39:30,3,2,SYNTHETIC_DEMO
L_20260905,2026-09-05T12:40:00,1,2,SYNTHETIC_DEMO
L_20260905,2026-09-05T12:40:30,4,2,SYNTHETIC_DEMO
L_20260905,2026-09-05T12:41:00,1,2,SYNTHETIC_DEMO
L_20260905,2026-09-05T12:41:30,3,3,SYNTHETIC_DEMO
L_20260905,2026-09-05T12:42:00,2,3,SYNTHETIC_DEMO
L_20260905,2026-09-05T12:42:30,1,1,SYNTHETIC_DEMO
L_20260905,2026-09-05T12:43:00,1,1,SYNTHETIC_DEMO
L_20260905,2026-09-05T12:43:30,2,2,SYNTHETIC_DEMO
L_20260905,2026-09-05T12:44:00,1,3,SYNTHETIC_DEMO
L_20260905,2026-09-05T12:44:30,2,2,SYNTHETIC_DEMO
L_20260905,2026-09-05T12:45:00,2,2,SYNTHETIC_DEMO
L_20260905,2026-09-05T12:45:30,1,2,SYNTHETIC_DEMO
L_20260905,2026-09-05T12:46:00,2,3,SYNTHETIC_DEMO
L_20260905,2026-09-05T12:46:30,2,3,SYNTHETIC_DEMO
L_20260905,2026-09-05T12:47:00,2,2,SYNTHETIC_DEMO
L_20260905,2026-09-05T12:47:30,3,2,SYNTHETIC_DEMO
L_20260905,2026-09-05T12:48:00,1,2,SYNTHETIC_DEMO
L_20260905,2026-09-05T12:48:30,0,2,SYNTHETIC_DEMO
L_20260905,2026-09-05T12:49:00,2,2,SYNTHETIC_DEMO
L_20260905,2026-09-05T12:49:30,1,1,SYNTHETIC_DEMO
L_20260905,2026-09-05T12:50:00,1,3,SYNTHETIC_DEMO
L_20260905,2026-09-05T12:50:30,0,2,SYNTHETIC_DEMO
L_20260905,2026-09-05T12:51:00,1,3,SYNTHETIC_DEMO
L_20260905,2026-09-05T12:51:30,1,3,SYNTHETIC_DEMO
L_20260905,2026-09-05T12:52:00,1,3,SYNTHETIC_DEMO
L_20260905,2026-09-05T12:52:30,2,2,SYNTHETIC_DEMO
L_20260905,2026-09-05T12:53:00,1,2,SYNTHETIC_DEMO
L_20260905,2026-09-05T12:53:30,1,1,SYNTHETIC_DEMO
L_20260905,2026-09-05T12:54:00,2,3,SYNTHETIC_DEMO
L_20260905,2026-09-05T12:54:30,0,2,SYNTHETIC_DEMO
L_20260905,2026-09-05T12:55:00,1,2,SYNTHETIC_DEMO
L_20260905,2026-09-05T12:55:30,1,2,SYNTHETIC_DEMO
L_20260905,2026-09-05T12:56:00,1,2,SYNTHETIC_DEMO
L_20260905,2026-09-05T12:56:30,2,2,SYNTHETIC_DEMO
L_20260905,2026-09-05T12:57:00,2,2,SYNTHETIC_DEMO
L_20260905,2026-09-05T12:57:30,2,2,SYNTHETIC_DEMO
L_20260905,2026-09-05T12:58:00,1,1,SYNTHETIC_DEMO
L_20260905,2026-09-05T12:58:30,1,4,SYNTHETIC_DEMO
L_20260905,2026-09-05T12:59:00,0,2,SYNTHETIC_DEMO
L_20260905,2026-09-05T12:59:30,2,3,SYNTHETIC_DEMO
L_20260905,2026-09-05T13:00:00,0,2,SYNTHETIC_DEMO
L_20260905,2026-09-05T13:00:30,2,2,SYNTHETIC_DEMO
L_20260905,2026-09-05T13:01:00,1,2,SYNTHETIC_DEMO
L_20260905,2026-09-05T13:01:30,2,2,SYNTHETIC_DEMO
L_20260905,2026-09-05T13:02:00,1,3,SYNTHETIC_DEMO
L_20260905,2026-09-05T13:02:30,1,2,SYNTHETIC_DEMO
L_20260905,2026-09-05T13:03:00,0,3,SYNTHETIC_DEMO
L_20260905,2026-09-05T13:03:30,2,2,SYNTHETIC_DEMO
L_20260905,2026-09-05T13:04:00,1,3,SYNTHETIC_DEMO
L_20260905,2026-09-05T13:04:30,2,2,SYNTHETIC_DEMO
L_20260905,2026-09-05T13:05:00,0,3,SYNTHETIC_DEMO
L_20260905,2026-09-05T13:05:30,1,3,SYNTHETIC_DEMO
L_20260905,2026-09-05T13:06:00,2,2,SYNTHETIC_DEMO
L_20260905,2026-09-05T13:06:30,2,2,SYNTHETIC_DEMO
L_20260905,2026-09-05T13:07:00,0,2,SYNTHETIC_DEMO
L_20260905,2026-09-05T13:07:30,3,3,SYNTHETIC_DEMO
L_20260905,2026-09-05T13:08:00,0,3,SYNTHETIC_DEMO
L_20260905,2026-09-05T13:08:30,0,2,SYNTHETIC_DEMO
L_20260905,2026-09-05T13:09:00,2,2,SYNTHETIC_DEMO
L_20260905,2026-09-05T13:09:30,0,2,SYNTHETIC_DEMO
L_20260905,2026-09-05T13:10:00,1,2,SYNTHETIC_DEMO
L_20260905,2026-09-05T13:10:30,1,1,SYNTHETIC_DEMO
L_20260905,2026-09-05T13:11:00,3,3,SYNTHETIC_DEMO
L_20260905,2026-09-05T13:11:30,1,3,SYNTHETIC_DEMO
L_20260905,2026-09-05T13:12:00,2,2,SYNTHETIC_DEMO
L_20260905,2026-09-05T13:12:30,2,3,SYNTHETIC_DEMO
L_20260905,2026-09-05T13:13:00,0,2,SYNTHETIC_DEMO
L_20260905,2026-09-05T13:13:30,3,3,SYNTHETIC_DEMO
L_20260905,2026-09-05T13:14:00,1,2,SYNTHETIC_DEMO
L_20260905,2026-09-05T13:14:30,1,2,SYNTHETIC_DEMO
L_20260905,2026-09-05T13:15:00,1,2,SYNTHETIC_DEMO
L_20260905,2026-09-05T13:15:30,2,3,SYNTHETIC_DEMO
L_20260905,2026-09-05T13:16:00,0,3,SYNTHETIC_DEMO
L_20260905,2026-09-05T13:16:30,2,2,SYNTHETIC_DEMO
L_20260905,2026-09-05T13:17:00,0,2,SYNTHETIC_DEMO
L_20260905,2026-09-05T13:17:30,0,3,SYNTHETIC_DEMO
L_20260905,2026-09-05T13:18:00,0,2,SYNTHETIC_DEMO
L_20260905,2026-09-05T13:18:30,1,2,SYNTHETIC_DEMO
L_20260905,2026-09-05T13:19:00,1,2,SYNTHETIC_DEMO
L_20260905,2026-09-05T13:19:30,1,2,SYNTHETIC_DEMO
L_20260905,2026-09-05T13:20:00,0,2,SYNTHETIC_DEMO
L_20260905,2026-09-05T13:20:30,0,2,SYNTHETIC_DEMO
L_20260905,2026-09-05T13:21:00,1,2,SYNTHETIC_DEMO
L_20260905,2026-09-05T13:21:30,2,2,SYNTHETIC_DEMO
L_20260905,2026-09-05T13:22:00,0,2,SYNTHETIC_DEMO
L_20260905,2026-09-05T13:22:30,1,3,SYNTHETIC_DEMO
L_20260905,2026-09-05T13:23:00,2,2,SYNTHETIC_DEMO
L_20260905,2026-09-05T13:23:30,2,3,SYNTHETIC_DEMO
L_20260905,2026-09-05T13:24:00,0,3,SYNTHETIC_DEMO
L_20260905,2026-09-05T13:24:30,1,2,SYNTHETIC_DEMO
L_20260905,2026-09-05T13:25:00,0,2,SYNTHETIC_DEMO
L_20260905,2026-09-05T13:25:30,0,2,SYNTHETIC_DEMO
L_20260905,2026-09-05T13:26:00,2,2,SYNTHETIC_DEMO
L_20260905,2026-09-05T13:26:30,1,2,SYNTHETIC_DEMO
L_20260905,2026-09-05T13:27:00,2,2,SYNTHETIC_DEMO
L_20260905,2026-09-05T13:27:30,2,2,SYNTHETIC_DEMO
L_20260905,2026-09-05T13:28:00,1,2,SYNTHETIC_DEMO
L_20260905,2026-09-05T13:28:30,1,2,SYNTHETIC_DEMO
L_20260905,2026-09-05T13:29:00,0,2,SYNTHETIC_DEMO
L_20260905,2026-09-05T13:29:30,2,3,SYNTHETIC_DEMO
D_20260905,2026-09-05T17:00:00,2,1,SYNTHETIC_DEMO
D_20260905,2026-09-05T17:00:30,2,3,SYNTHETIC_DEMO
D_20260905,2026-09-05T17:01:00,4,2,SYNTHETIC_DEMO
D_20260905,2026-09-05T17:01:30,2,2,SYNTHETIC_DEMO
D_20260905,2026-09-05T17:02:00,2,2,SYNTHETIC_DEMO
D_20260905,2026-09-05T17:02:30,2,2,SYNTHETIC_DEMO
D_20260905,2026-09-05T17:03:00,2,1,SYNTHETIC_DEMO
D_20260905,2026-09-05T17:03:30,4,3,SYNTHETIC_DEMO
D_20260905,2026-09-05T17:04:00,2,3,SYNTHETIC_DEMO
D_20260905,2026-09-05T17:04:30,3,2,SYNTHETIC_DEMO
D_20260905,2026-09-05T17:05:00,3,2,SYNTHETIC_DEMO
D_20260905,2026-09-05T17:05:30,4,2,SYNTHETIC_DEMO
D_20260905,2026-09-05T17:06:00,3,3,SYNTHETIC_DEMO
D_20260905,2026-09-05T17:06:30,3,2,SYNTHETIC_DEMO
D_20260905,2026-09-05T17:07:00,4,2,SYNTHETIC_DEMO
D_20260905,2026-09-05T17:07:30,4,3,SYNTHETIC_DEMO
D_20260905,2026-09-05T17:08:00,4,2,SYNTHETIC_DEMO
D_20260905,2026-09-05T17:08:30,4,3,SYNTHETIC_DEMO
D_20260905,2026-09-05T17:09:00,4,3,SYNTHETIC_DEMO
D_20260905,2026-09-05T17:09:30,4,2,SYNTHETIC_DEMO
D_20260905,2026-09-05T17:10:00,4,2,SYNTHETIC_DEMO
D_20260905,2026-09-05T17:10:30,5,3,SYNTHETIC_DEMO
D_20260905,2026-09-05T17:11:00,6,3,SYNTHETIC_DEMO
D_20260905,2026-09-05T17:11:30,4,3,SYNTHETIC_DEMO
D_20260905,2026-09-05T17:12:00,6,3,SYNTHETIC_DEMO
D_20260905,2026-09-05T17:12:30,7,4,SYNTHETIC_DEMO
D_20260905,2026-09-05T17:13:00,7,3,SYNTHETIC_DEMO
D_20260905,2026-09-05T17:13:30,5,3,SYNTHETIC_DEMO
D_20260905,2026-09-05T17:14:00,7,3,SYNTHETIC_DEMO
D_20260905,2026-09-05T17:14:30,8,4,SYNTHETIC_DEMO
D_20260905,2026-09-05T17:15:00,7,3,SYNTHETIC_DEMO
D_20260905,2026-09-05T17:15:30,7,4,SYNTHETIC_DEMO
D_20260905,2026-09-05T17:16:00,7,4,SYNTHETIC_DEMO
D_20260905,2026-09-05T17:16:30,7,4,SYNTHETIC_DEMO
D_20260905,2026-09-05T17:17:00,8,4,SYNTHETIC_DEMO
D_20260905,2026-09-05T17:17:30,9,3,SYNTHETIC_DEMO
D_20260905,2026-09-05T17:18:00,8,3,SYNTHETIC_DEMO
D_20260905,2026-09-05T17:18:30,10,3,SYNTHETIC_DEMO
D_20260905,2026-09-05T17:19:00,8,3,SYNTHETIC_DEMO
D_20260905,2026-09-05T17:19:30,9,4,SYNTHETIC_DEMO
D_20260905,2026-09-05T17:20:00,9,4,SYNTHETIC_DEMO
D_20260905,2026-09-05T17:20:30,9,4,SYNTHETIC_DEMO
D_20260905,2026-09-05T17:21:00,11,3,SYNTHETIC_DEMO
D_20260905,2026-09-05T17:21:30,10,4,SYNTHETIC_DEMO
D_20260905,2026-09-05T17:22:00,10,3,SYNTHETIC_DEMO
D_20260905,2026-09-05T17:22:30,11,4,SYNTHETIC_DEMO
D_20260905,2026-09-05T17:23:00,12,4,SYNTHETIC_DEMO
D_20260905,2026-09-05T17:23:30,13,4,SYNTHETIC_DEMO
D_20260905,2026-09-05T17:24:00,12,5,SYNTHETIC_DEMO
D_20260905,2026-09-05T17:24:30,11,4,SYNTHETIC_DEMO
D_20260905,2026-09-05T17:25:00,13,5,SYNTHETIC_DEMO
D_20260905,2026-09-05T17:25:30,12,3,SYNTHETIC_DEMO
D_20260905,2026-09-05T17:26:00,12,4,SYNTHETIC_DEMO
D_20260905,2026-09-05T17:26:30,14,5,SYNTHETIC_DEMO
D_20260905,2026-09-05T17:27:00,13,4,SYNTHETIC_DEMO
D_20260905,2026-09-05T17:27:30,13,4,SYNTHETIC_DEMO
D_20260905,2026-09-05T17:28:00,11,4,SYNTHETIC_DEMO
D_20260905,2026-09-05T17:28:30,15,4,SYNTHETIC_DEMO
D_20260905,2026-09-05T17:29:00,13,4,SYNTHETIC_DEMO
D_20260905,2026-09-05T17:29:30,14,4,SYNTHETIC_DEMO
D_20260905,2026-09-05T17:30:00,14,4,SYNTHETIC_DEMO
D_20260905,2026-09-05T17:30:30,15,5,SYNTHETIC_DEMO
D_20260905,2026-09-05T17:31:00,15,6,SYNTHETIC_DEMO
D_20260905,2026-09-05T17:31:30,15,4,SYNTHETIC_DEMO
D_20260905,2026-09-05T17:32:00,15,4,SYNTHETIC_DEMO
D_20260905,2026-09-05T17:32:30,15,5,SYNTHETIC_DEMO
D_20260905,2026-09-05T17:33:00,16,5,SYNTHETIC_DEMO
D_20260905,2026-09-05T17:33:30,15,6,SYNTHETIC_DEMO
D_20260905,2026-09-05T17:34:00,15,5,SYNTHETIC_DEMO
D_20260905,2026-09-05T17:34:30,16,6,SYNTHETIC_DEMO
D_20260905,2026-09-05T17:35:00,16,5,SYNTHETIC_DEMO
D_20260905,2026-09-05T17:35:30,14,5,SYNTHETIC_DEMO
D_20260905,2026-09-05T17:36:00,16,5,SYNTHETIC_DEMO
D_20260905,2026-09-05T17:36:30,16,5,SYNTHETIC_DEMO
D_20260905,2026-09-05T17:37:00,17,5,SYNTHETIC_DEMO
D_20260905,2026-09-05T17:37:30,16,5,SYNTHETIC_DEMO
D_20260905,2026-09-05T17:38:00,17,6,SYNTHETIC_DEMO
D_20260905,2026-09-05T17:38:30,16,5,SYNTHETIC_DEMO
D_20260905,2026-09-05T17:39:00,16,5,SYNTHETIC_DEMO
D_20260905,2026-09-05T17:39:30,16,4,SYNTHETIC_DEMO
D_20260905,2026-09-05T17:40:00,16,5,SYNTHETIC_DEMO
D_20260905,2026-09-05T17:40:30,17,5,SYNTHETIC_DEMO
D_20260905,2026-09-05T17:41:00,16,5,SYNTHETIC_DEMO
D_20260905,2026-09-05T17:41:30,16,5,SYNTHETIC_DEMO
D_20260905,2026-09-05T17:42:00,16,5,SYNTHETIC_DEMO
D_20260905,2026-09-05T17:42:30,17,5,SYNTHETIC_DEMO
D_20260905,2026-09-05T17:43:00,16,4,SYNTHETIC_DEMO
D_20260905,2026-09-05T17:43:30,16,5,SYNTHETIC_DEMO
D_20260905,2026-09-05T17:44:00,15,6,SYNTHETIC_DEMO
D_20260905,2026-09-05T17:44:30,16,5,SYNTHETIC_DEMO
D_20260905,2026-09-05T17:45:00,16,5,SYNTHETIC_DEMO
D_20260905,2026-09-05T17:45:30,17,4,SYNTHETIC_DEMO
D_20260905,2026-09-05T17:46:00,16,6,SYNTHETIC_DEMO
D_20260905,2026-09-05T17:46:30,15,5,SYNTHETIC_DEMO
D_20260905,2026-09-05T17:47:00,14,5,SYNTHETIC_DEMO
D_20260905,2026-09-05T17:47:30,14,4,SYNTHETIC_DEMO
D_20260905,2026-09-05T17:48:00,16,5,SYNTHETIC_DEMO
D_20260905,2026-09-05T17:48:30,16,4,SYNTHETIC_DEMO
D_20260905,2026-09-05T17:49:00,15,5,SYNTHETIC_DEMO
D_20260905,2026-09-05T17:49:30,14,4,SYNTHETIC_DEMO
D_20260905,2026-09-05T17:50:00,14,5,SYNTHETIC_DEMO
D_20260905,2026-09-05T17:50:30,14,5,SYNTHETIC_DEMO
D_20260905,2026-09-05T17:51:00,14,5,SYNTHETIC_DEMO
D_20260905,2026-09-05T17:51:30,13,5,SYNTHETIC_DEMO
D_20260905,2026-09-05T17:52:00,13,4,SYNTHETIC_DEMO
D_20260905,2026-09-05T17:52:30,13,4,SYNTHETIC_DEMO
D_20260905,2026-09-05T17:53:00,13,4,SYNTHETIC_DEMO
D_20260905,2026-09-05T17:53:30,13,6,SYNTHETIC_DEMO
D_20260905,2026-09-05T17:54:00,13,5,SYNTHETIC_DEMO
D_20260905,2026-09-05T17:54:30,13,5,SYNTHETIC_DEMO
D_20260905,2026-09-05T17:55:00,12,3,SYNTHETIC_DEMO
D_20260905,2026-09-05T17:55:30,13,5,SYNTHETIC_DEMO
D_20260905,2026-09-05T17:56:00,11,4,SYNTHETIC_DEMO
D_20260905,2026-09-05T17:56:30,11,4,SYNTHETIC_DEMO
D_20260905,2026-09-05T17:57:00,11,4,SYNTHETIC_DEMO
D_20260905,2026-09-05T17:57:30,11,5,SYNTHETIC_DEMO
D_20260905,2026-09-05T17:58:00,11,4,SYNTHETIC_DEMO
D_20260905,2026-09-05T17:58:30,11,4,SYNTHETIC_DEMO
D_20260905,2026-09-05T17:59:00,9,4,SYNTHETIC_DEMO
D_20260905,2026-09-05T17:59:30,10,3,SYNTHETIC_DEMO
D_20260905,2026-09-05T18:00:00,9,3,SYNTHETIC_DEMO
D_20260905,2026-09-05T18:00:30,10,4,SYNTHETIC_DEMO
D_20260905,2026-09-05T18:01:00,8,2,SYNTHETIC_DEMO
D_20260905,2026-09-05T18:01:30,9,4,SYNTHETIC_DEMO
D_20260905,2026-09-05T18:02:00,8,4,SYNTHETIC_DEMO
D_20260905,2026-09-05T18:02:30,10,4,SYNTHETIC_DEMO
D_20260905,2026-09-05T18:03:00,6,4,SYNTHETIC_DEMO
D_20260905,2026-09-05T18:03:30,8,4,SYNTHETIC_DEMO
D_20260905,2026-09-05T18:04:00,7,4,SYNTHETIC_DEMO
D_20260905,2026-09-05T18:04:30,7,3,SYNTHETIC_DEMO
D_20260905,2026-09-05T18:05:00,6,4,SYNTHETIC_DEMO
D_20260905,2026-09-05T18:05:30,7,3,SYNTHETIC_DEMO
D_20260905,2026-09-05T18:06:00,7,4,SYNTHETIC_DEMO
D_20260905,2026-09-05T18:06:30,5,3,SYNTHETIC_DEMO
D_20260905,2026-09-05T18:07:00,5,2,SYNTHETIC_DEMO
D_20260905,2026-09-05T18:07:30,7,3,SYNTHETIC_DEMO
D_20260905,2026-09-05T18:08:00,5,3,SYNTHETIC_DEMO
D_20260905,2026-09-05T18:08:30,5,2,SYNTHETIC_DEMO
D_20260905,2026-09-05T18:09:00,4,2,SYNTHETIC_DEMO
D_20260905,2026-09-05T18:09:30,6,3,SYNTHETIC_DEMO
D_20260905,2026-09-05T18:10:00,5,2,SYNTHETIC_DEMO
D_20260905,2026-09-05T18:10:30,5,2,SYNTHETIC_DEMO
D_20260905,2026-09-05T18:11:00,4,2,SYNTHETIC_DEMO
D_20260905,2026-09-05T18:11:30,5,2,SYNTHETIC_DEMO
D_20260905,2026-09-05T18:12:00,4,3,SYNTHETIC_DEMO
D_20260905,2026-09-05T18:12:30,5,2,SYNTHETIC_DEMO
D_20260905,2026-09-05T18:13:00,3,3,SYNTHETIC_DEMO
D_20260905,2026-09-05T18:13:30,3,3,SYNTHETIC_DEMO
D_20260905,2026-09-05T18:14:00,5,3,SYNTHETIC_DEMO
D_20260905,2026-09-05T18:14:30,4,3,SYNTHETIC_DEMO
D_20260905,2026-09-05T18:15:00,3,3,SYNTHETIC_DEMO
D_20260905,2026-09-05T18:15:30,4,3,SYNTHETIC_DEMO
D_20260905,2026-09-05T18:16:00,2,4,SYNTHETIC_DEMO
D_20260905,2026-09-05T18:16:30,3,2,SYNTHETIC_DEMO
D_20260905,2026-09-05T18:17:00,2,3,SYNTHETIC_DEMO
D_20260905,2026-09-05T18:17:30,3,3,SYNTHETIC_DEMO
D_20260905,2026-09-05T18:18:00,2,2,SYNTHETIC_DEMO
D_20260905,2026-09-05T18:18:30,3,2,SYNTHETIC_DEMO
D_20260905,2026-09-05T18:19:00,2,3,SYNTHETIC_DEMO
D_20260905,2026-09-05T18:19:30,1,2,SYNTHETIC_DEMO
D_20260905,2026-09-05T18:20:00,3,3,SYNTHETIC_DEMO
D_20260905,2026-09-05T18:20:30,3,2,SYNTHETIC_DEMO
D_20260905,2026-09-05T18:21:00,2,3,SYNTHETIC_DEMO
D_20260905,2026-09-05T18:21:30,3,2,SYNTHETIC_DEMO
D_20260905,2026-09-05T18:22:00,3,3,SYNTHETIC_DEMO
D_20260905,2026-09-05T18:22:30,2,3,SYNTHETIC_DEMO
D_20260905,2026-09-05T18:23:00,3,2,SYNTHETIC_DEMO
D_20260905,2026-09-05T18:23:30,3,2,SYNTHETIC_DEMO
D_20260905,2026-09-05T18:24:00,1,2,SYNTHETIC_DEMO
D_20260905,2026-09-05T18:24:30,1,2,SYNTHETIC_DEMO
D_20260905,2026-09-05T18:25:00,2,2,SYNTHETIC_DEMO
D_20260905,2026-09-05T18:25:30,0,2,SYNTHETIC_DEMO
D_20260905,2026-09-05T18:26:00,2,3,SYNTHETIC_DEMO
D_20260905,2026-09-05T18:26:30,1,3,SYNTHETIC_DEMO
D_20260905,2026-09-05T18:27:00,2,3,SYNTHETIC_DEMO
D_20260905,2026-09-05T18:27:30,1,2,SYNTHETIC_DEMO
D_20260905,2026-09-05T18:28:00,2,2,SYNTHETIC_DEMO
D_20260905,2026-09-05T18:28:30,1,3,SYNTHETIC_DEMO
D_20260905,2026-09-05T18:29:00,1,1,SYNTHETIC_DEMO
D_20260905,2026-09-05T18:29:30,1,3,SYNTHETIC_DEMO
D_20260905,2026-09-05T18:30:00,3,3,SYNTHETIC_DEMO
D_20260905,2026-09-05T18:30:30,2,3,SYNTHETIC_DEMO
D_20260905,2026-09-05T18:31:00,1,3,SYNTHETIC_DEMO
D_20260905,2026-09-05T18:31:30,1,2,SYNTHETIC_DEMO
D_20260905,2026-09-05T18:32:00,2,3,SYNTHETIC_DEMO
D_20260905,2026-09-05T18:32:30,1,2,SYNTHETIC_DEMO
D_20260905,2026-09-05T18:33:00,2,3,SYNTHETIC_DEMO
D_20260905,2026-09-05T18:33:30,1,2,SYNTHETIC_DEMO
D_20260905,2026-09-05T18:34:00,1,3,SYNTHETIC_DEMO
D_20260905,2026-09-05T18:34:30,2,2,SYNTHETIC_DEMO
D_20260905,2026-09-05T18:35:00,1,1,SYNTHETIC_DEMO
D_20260905,2026-09-05T18:35:30,1,3,SYNTHETIC_DEMO
D_20260905,2026-09-05T18:36:00,2,2,SYNTHETIC_DEMO
D_20260905,2026-09-05T18:36:30,1,3,SYNTHETIC_DEMO
D_20260905,2026-09-05T18:37:00,2,3,SYNTHETIC_DEMO
D_20260905,2026-09-05T18:37:30,0,2,SYNTHETIC_DEMO
D_20260905,2026-09-05T18:38:00,2,2,SYNTHETIC_DEMO
D_20260905,2026-09-05T18:38:30,1,3,SYNTHETIC_DEMO
D_20260905,2026-09-05T18:39:00,0,2,SYNTHETIC_DEMO
D_20260905,2026-09-05T18:39:30,0,2,SYNTHETIC_DEMO
D_20260905,2026-09-05T18:40:00,2,2,SYNTHETIC_DEMO
D_20260905,2026-09-05T18:40:30,1,2,SYNTHETIC_DEMO
D_20260905,2026-09-05T18:41:00,1,2,SYNTHETIC_DEMO
D_20260905,2026-09-05T18:41:30,1,2,SYNTHETIC_DEMO
D_20260905,2026-09-05T18:42:00,1,3,SYNTHETIC_DEMO
D_20260905,2026-09-05T18:42:30,1,3,SYNTHETIC_DEMO
D_20260905,2026-09-05T18:43:00,2,3,SYNTHETIC_DEMO
D_20260905,2026-09-05T18:43:30,2,2,SYNTHETIC_DEMO
D_20260905,2026-09-05T18:44:00,1,2,SYNTHETIC_DEMO
D_20260905,2026-09-05T18:44:30,1,2,SYNTHETIC_DEMO
D_20260905,2026-09-05T18:45:00,0,2,SYNTHETIC_DEMO
D_20260905,2026-09-05T18:45:30,1,2,SYNTHETIC_DEMO
D_20260905,2026-09-05T18:46:00,1,3,SYNTHETIC_DEMO
D_20260905,2026-09-05T18:46:30,1,2,SYNTHETIC_DEMO
D_20260905,2026-09-05T18:47:00,2,2,SYNTHETIC_DEMO
D_20260905,2026-09-05T18:47:30,1,1,SYNTHETIC_DEMO
D_20260905,2026-09-05T18:48:00,3,2,SYNTHETIC_DEMO
D_20260905,2026-09-05T18:48:30,1,3,SYNTHETIC_DEMO
D_20260905,2026-09-05T18:49:00,1,3,SYNTHETIC_DEMO
D_20260905,2026-09-05T18:49:30,0,2,SYNTHETIC_DEMO
D_20260905,2026-09-05T18:50:00,2,2,SYNTHETIC_DEMO
D_20260905,2026-09-05T18:50:30,1,2,SYNTHETIC_DEMO
D_20260905,2026-09-05T18:51:00,1,1,SYNTHETIC_DEMO
D_20260905,2026-09-05T18:51:30,1,1,SYNTHETIC_DEMO
D_20260905,2026-09-05T18:52:00,1,1,SYNTHETIC_DEMO
D_20260905,2026-09-05T18:52:30,1,2,SYNTHETIC_DEMO
D_20260905,2026-09-05T18:53:00,2,2,SYNTHETIC_DEMO
D_20260905,2026-09-05T18:53:30,2,3,SYNTHETIC_DEMO
D_20260905,2026-09-05T18:54:00,2,1,SYNTHETIC_DEMO
D_20260905,2026-09-05T18:54:30,0,3,SYNTHETIC_DEMO
D_20260905,2026-09-05T18:55:00,1,3,SYNTHETIC_DEMO
D_20260905,2026-09-05T18:55:30,2,3,SYNTHETIC_DEMO
D_20260905,2026-09-05T18:56:00,1,2,SYNTHETIC_DEMO
D_20260905,2026-09-05T18:56:30,1,2,SYNTHETIC_DEMO
D_20260905,2026-09-05T18:57:00,1,2,SYNTHETIC_DEMO
D_20260905,2026-09-05T18:57:30,2,2,SYNTHETIC_DEMO
D_20260905,2026-09-05T18:58:00,1,3,SYNTHETIC_DEMO
D_20260905,2026-09-05T18:58:30,1,2,SYNTHETIC_DEMO
D_20260905,2026-09-05T18:59:00,1,2,SYNTHETIC_DEMO
D_20260905,2026-09-05T18:59:30,1,3,SYNTHETIC_DEMO
B_20260906,2026-09-06T05:30:00,2,2,SYNTHETIC_DEMO
B_20260906,2026-09-06T05:30:30,2,2,SYNTHETIC_DEMO
B_20260906,2026-09-06T05:31:00,2,2,SYNTHETIC_DEMO
B_20260906,2026-09-06T05:31:30,1,2,SYNTHETIC_DEMO
B_20260906,2026-09-06T05:32:00,3,2,SYNTHETIC_DEMO
B_20260906,2026-09-06T05:32:30,2,2,SYNTHETIC_DEMO
B_20260906,2026-09-06T05:33:00,3,3,SYNTHETIC_DEMO
B_20260906,2026-09-06T05:33:30,2,2,SYNTHETIC_DEMO
B_20260906,2026-09-06T05:34:00,4,3,SYNTHETIC_DEMO
B_20260906,2026-09-06T05:34:30,3,2,SYNTHETIC_DEMO
B_20260906,2026-09-06T05:35:00,2,2,SYNTHETIC_DEMO
B_20260906,2026-09-06T05:35:30,4,2,SYNTHETIC_DEMO
B_20260906,2026-09-06T05:36:00,4,3,SYNTHETIC_DEMO
B_20260906,2026-09-06T05:36:30,2,2,SYNTHETIC_DEMO
B_20260906,2026-09-06T05:37:00,3,2,SYNTHETIC_DEMO
B_20260906,2026-09-06T05:37:30,3,3,SYNTHETIC_DEMO
B_20260906,2026-09-06T05:38:00,3,2,SYNTHETIC_DEMO
B_20260906,2026-09-06T05:38:30,4,3,SYNTHETIC_DEMO
B_20260906,2026-09-06T05:39:00,4,3,SYNTHETIC_DEMO
B_20260906,2026-09-06T05:39:30,3,3,SYNTHETIC_DEMO
B_20260906,2026-09-06T05:40:00,3,3,SYNTHETIC_DEMO
B_20260906,2026-09-06T05:40:30,5,3,SYNTHETIC_DEMO
B_20260906,2026-09-06T05:41:00,5,2,SYNTHETIC_DEMO
B_20260906,2026-09-06T05:41:30,4,3,SYNTHETIC_DEMO
B_20260906,2026-09-06T05:42:00,5,3,SYNTHETIC_DEMO
B_20260906,2026-09-06T05:42:30,4,2,SYNTHETIC_DEMO
B_20260906,2026-09-06T05:43:00,4,2,SYNTHETIC_DEMO
B_20260906,2026-09-06T05:43:30,6,3,SYNTHETIC_DEMO
B_20260906,2026-09-06T05:44:00,5,2,SYNTHETIC_DEMO
B_20260906,2026-09-06T05:44:30,5,3,SYNTHETIC_DEMO
B_20260906,2026-09-06T05:45:00,4,3,SYNTHETIC_DEMO
B_20260906,2026-09-06T05:45:30,5,3,SYNTHETIC_DEMO
B_20260906,2026-09-06T05:46:00,6,3,SYNTHETIC_DEMO
B_20260906,2026-09-06T05:46:30,6,3,SYNTHETIC_DEMO
B_20260906,2026-09-06T05:47:00,6,3,SYNTHETIC_DEMO
B_20260906,2026-09-06T05:47:30,5,4,SYNTHETIC_DEMO
B_20260906,2026-09-06T05:48:00,7,4,SYNTHETIC_DEMO
B_20260906,2026-09-06T05:48:30,5,2,SYNTHETIC_DEMO
B_20260906,2026-09-06T05:49:00,5,4,SYNTHETIC_DEMO
B_20260906,2026-09-06T05:49:30,7,3,SYNTHETIC_DEMO
B_20260906,2026-09-06T05:50:00,6,3,SYNTHETIC_DEMO
B_20260906,2026-09-06T05:50:30,5,3,SYNTHETIC_DEMO
B_20260906,2026-09-06T05:51:00,7,3,SYNTHETIC_DEMO
B_20260906,2026-09-06T05:51:30,7,3,SYNTHETIC_DEMO
B_20260906,2026-09-06T05:52:00,8,3,SYNTHETIC_DEMO
B_20260906,2026-09-06T05:52:30,6,3,SYNTHETIC_DEMO
B_20260906,2026-09-06T05:53:00,7,3,SYNTHETIC_DEMO
B_20260906,2026-09-06T05:53:30,8,3,SYNTHETIC_DEMO
B_20260906,2026-09-06T05:54:00,8,2,SYNTHETIC_DEMO
B_20260906,2026-09-06T05:54:30,7,3,SYNTHETIC_DEMO
B_20260906,2026-09-06T05:55:00,8,3,SYNTHETIC_DEMO
B_20260906,2026-09-06T05:55:30,8,3,SYNTHETIC_DEMO
B_20260906,2026-09-06T05:56:00,9,4,SYNTHETIC_DEMO
B_20260906,2026-09-06T05:56:30,8,4,SYNTHETIC_DEMO
B_20260906,2026-09-06T05:57:00,8,4,SYNTHETIC_DEMO
B_20260906,2026-09-06T05:57:30,8,3,SYNTHETIC_DEMO
B_20260906,2026-09-06T05:58:00,7,4,SYNTHETIC_DEMO
B_20260906,2026-09-06T05:58:30,8,4,SYNTHETIC_DEMO
B_20260906,2026-09-06T05:59:00,9,4,SYNTHETIC_DEMO
B_20260906,2026-09-06T05:59:30,9,4,SYNTHETIC_DEMO
B_20260906,2026-09-06T06:00:00,9,3,SYNTHETIC_DEMO
B_20260906,2026-09-06T06:00:30,8,3,SYNTHETIC_DEMO
B_20260906,2026-09-06T06:01:00,9,4,SYNTHETIC_DEMO
B_20260906,2026-09-06T06:01:30,7,4,SYNTHETIC_DEMO
B_20260906,2026-09-06T06:02:00,9,3,SYNTHETIC_DEMO
B_20260906,2026-09-06T06:02:30,9,4,SYNTHETIC_DEMO
B_20260906,2026-09-06T06:03:00,8,3,SYNTHETIC_DEMO
B_20260906,2026-09-06T06:03:30,9,4,SYNTHETIC_DEMO
B_20260906,2026-09-06T06:04:00,8,4,SYNTHETIC_DEMO
B_20260906,2026-09-06T06:04:30,8,3,SYNTHETIC_DEMO
B_20260906,2026-09-06T06:05:00,9,4,SYNTHETIC_DEMO
B_20260906,2026-09-06T06:05:30,8,3,SYNTHETIC_DEMO
B_20260906,2026-09-06T06:06:00,8,4,SYNTHETIC_DEMO
B_20260906,2026-09-06T06:06:30,6,3,SYNTHETIC_DEMO
B_20260906,2026-09-06T06:07:00,9,4,SYNTHETIC_DEMO
B_20260906,2026-09-06T06:07:30,9,4,SYNTHETIC_DEMO
B_20260906,2026-09-06T06:08:00,9,4,SYNTHETIC_DEMO
B_20260906,2026-09-06T06:08:30,9,3,SYNTHETIC_DEMO
B_20260906,2026-09-06T06:09:00,8,4,SYNTHETIC_DEMO
B_20260906,2026-09-06T06:09:30,8,4,SYNTHETIC_DEMO
B_20260906,2026-09-06T06:10:00,8,4,SYNTHETIC_DEMO
B_20260906,2026-09-06T06:10:30,8,4,SYNTHETIC_DEMO
B_20260906,2026-09-06T06:11:00,8,3,SYNTHETIC_DEMO
B_20260906,2026-09-06T06:11:30,9,3,SYNTHETIC_DEMO
B_20260906,2026-09-06T06:12:00,9,3,SYNTHETIC_DEMO
B_20260906,2026-09-06T06:12:30,7,4,SYNTHETIC_DEMO
B_20260906,2026-09-06T06:13:00,8,4,SYNTHETIC_DEMO
B_20260906,2026-09-06T06:13:30,8,4,SYNTHETIC_DEMO
B_20260906,2026-09-06T06:14:00,8,2,SYNTHETIC_DEMO
B_20260906,2026-09-06T06:14:30,8,4,SYNTHETIC_DEMO
B_20260906,2026-09-06T06:15:00,8,3,SYNTHETIC_DEMO
B_20260906,2026-09-06T06:15:30,7,3,SYNTHETIC_DEMO
B_20260906,2026-09-06T06:16:00,6,3,SYNTHETIC_DEMO
B_20260906,2026-09-06T06:16:30,8,4,SYNTHETIC_DEMO
B_20260906,2026-09-06T06:17:00,7,3,SYNTHETIC_DEMO
B_20260906,2026-09-06T06:17:30,6,2,SYNTHETIC_DEMO
B_20260906,2026-09-06T06:18:00,6,3,SYNTHETIC_DEMO
B_20260906,2026-09-06T06:18:30,4,2,SYNTHETIC_DEMO
B_20260906,2026-09-06T06:19:00,6,4,SYNTHETIC_DEMO
B_20260906,2026-09-06T06:19:30,8,4,SYNTHETIC_DEMO
B_20260906,2026-09-06T06:20:00,7,3,SYNTHETIC_DEMO
B_20260906,2026-09-06T06:20:30,5,3,SYNTHETIC_DEMO
B_20260906,2026-09-06T06:21:00,6,4,SYNTHETIC_DEMO
B_20260906,2026-09-06T06:21:30,7,4,SYNTHETIC_DEMO
B_20260906,2026-09-06T06:22:00,6,3,SYNTHETIC_DEMO
B_20260906,2026-09-06T06:22:30,7,2,SYNTHETIC_DEMO
B_20260906,2026-09-06T06:23:00,6,3,SYNTHETIC_DEMO
B_20260906,2026-09-06T06:23:30,6,4,SYNTHETIC_DEMO
B_20260906,2026-09-06T06:24:00,5,2,SYNTHETIC_DEMO
B_20260906,2026-09-06T06:24:30,5,3,SYNTHETIC_DEMO
B_20260906,2026-09-06T06:25:00,4,3,SYNTHETIC_DEMO
B_20260906,2026-09-06T06:25:30,5,2,SYNTHETIC_DEMO
B_20260906,2026-09-06T06:26:00,6,3,SYNTHETIC_DEMO
B_20260906,2026-09-06T06:26:30,6,3,SYNTHETIC_DEMO
B_20260906,2026-09-06T06:27:00,4,2,SYNTHETIC_DEMO
B_20260906,2026-09-06T06:27:30,6,3,SYNTHETIC_DEMO
B_20260906,2026-09-06T06:28:00,5,2,SYNTHETIC_DEMO
B_20260906,2026-09-06T06:28:30,4,3,SYNTHETIC_DEMO
B_20260906,2026-09-06T06:29:00,5,4,SYNTHETIC_DEMO
B_20260906,2026-09-06T06:29:30,4,3,SYNTHETIC_DEMO
B_20260906,2026-09-06T06:30:00,5,3,SYNTHETIC_DEMO
B_20260906,2026-09-06T06:30:30,4,3,SYNTHETIC_DEMO
B_20260906,2026-09-06T06:31:00,4,3,SYNTHETIC_DEMO
B_20260906,2026-09-06T06:31:30,4,3,SYNTHETIC_DEMO
B_20260906,2026-09-06T06:32:00,4,3,SYNTHETIC_DEMO
B_20260906,2026-09-06T06:32:30,4,3,SYNTHETIC_DEMO
B_20260906,2026-09-06T06:33:00,3,3,SYNTHETIC_DEMO
B_20260906,2026-09-06T06:33:30,4,3,SYNTHETIC_DEMO
B_20260906,2026-09-06T06:34:00,2,3,SYNTHETIC_DEMO
B_20260906,2026-09-06T06:34:30,3,3,SYNTHETIC_DEMO
B_20260906,2026-09-06T06:35:00,2,3,SYNTHETIC_DEMO
B_20260906,2026-09-06T06:35:30,3,2,SYNTHETIC_DEMO
B_20260906,2026-09-06T06:36:00,3,3,SYNTHETIC_DEMO
B_20260906,2026-09-06T06:36:30,3,2,SYNTHETIC_DEMO
B_20260906,2026-09-06T06:37:00,3,3,SYNTHETIC_DEMO
B_20260906,2026-09-06T06:37:30,3,3,SYNTHETIC_DEMO
B_20260906,2026-09-06T06:38:00,2,2,SYNTHETIC_DEMO
B_20260906,2026-09-06T06:38:30,3,3,SYNTHETIC_DEMO
B_20260906,2026-09-06T06:39:00,1,2,SYNTHETIC_DEMO
B_20260906,2026-09-06T06:39:30,3,3,SYNTHETIC_DEMO
B_20260906,2026-09-06T06:40:00,2,3,SYNTHETIC_DEMO
B_20260906,2026-09-06T06:40:30,1,3,SYNTHETIC_DEMO
B_20260906,2026-09-06T06:41:00,3,2,SYNTHETIC_DEMO
B_20260906,2026-09-06T06:41:30,2,3,SYNTHETIC_DEMO
B_20260906,2026-09-06T06:42:00,2,2,SYNTHETIC_DEMO
B_20260906,2026-09-06T06:42:30,2,2,SYNTHETIC_DEMO
B_20260906,2026-09-06T06:43:00,2,2,SYNTHETIC_DEMO
B_20260906,2026-09-06T06:43:30,3,2,SYNTHETIC_DEMO
B_20260906,2026-09-06T06:44:00,2,3,SYNTHETIC_DEMO
B_20260906,2026-09-06T06:44:30,1,2,SYNTHETIC_DEMO
B_20260906,2026-09-06T06:45:00,1,1,SYNTHETIC_DEMO
B_20260906,2026-09-06T06:45:30,1,2,SYNTHETIC_DEMO
B_20260906,2026-09-06T06:46:00,3,1,SYNTHETIC_DEMO
B_20260906,2026-09-06T06:46:30,2,1,SYNTHETIC_DEMO
B_20260906,2026-09-06T06:47:00,0,2,SYNTHETIC_DEMO
B_20260906,2026-09-06T06:47:30,0,2,SYNTHETIC_DEMO
B_20260906,2026-09-06T06:48:00,2,3,SYNTHETIC_DEMO
B_20260906,2026-09-06T06:48:30,1,2,SYNTHETIC_DEMO
B_20260906,2026-09-06T06:49:00,2,2,SYNTHETIC_DEMO
B_20260906,2026-09-06T06:49:30,2,3,SYNTHETIC_DEMO
B_20260906,2026-09-06T06:50:00,2,3,SYNTHETIC_DEMO
B_20260906,2026-09-06T06:50:30,1,1,SYNTHETIC_DEMO
B_20260906,2026-09-06T06:51:00,0,2,SYNTHETIC_DEMO
B_20260906,2026-09-06T06:51:30,2,2,SYNTHETIC_DEMO
B_20260906,2026-09-06T06:52:00,2,2,SYNTHETIC_DEMO
B_20260906,2026-09-06T06:52:30,2,3,SYNTHETIC_DEMO
B_20260906,2026-09-06T06:53:00,1,3,SYNTHETIC_DEMO
B_20260906,2026-09-06T06:53:30,1,2,SYNTHETIC_DEMO
B_20260906,2026-09-06T06:54:00,1,2,SYNTHETIC_DEMO
B_20260906,2026-09-06T06:54:30,1,2,SYNTHETIC_DEMO
B_20260906,2026-09-06T06:55:00,1,2,SYNTHETIC_DEMO
B_20260906,2026-09-06T06:55:30,1,3,SYNTHETIC_DEMO
B_20260906,2026-09-06T06:56:00,2,2,SYNTHETIC_DEMO
B_20260906,2026-09-06T06:56:30,1,2,SYNTHETIC_DEMO
B_20260906,2026-09-06T06:57:00,2,3,SYNTHETIC_DEMO
B_20260906,2026-09-06T06:57:30,1,2,SYNTHETIC_DEMO
B_20260906,2026-09-06T06:58:00,0,2,SYNTHETIC_DEMO
B_20260906,2026-09-06T06:58:30,2,2,SYNTHETIC_DEMO
B_20260906,2026-09-06T06:59:00,1,2,SYNTHETIC_DEMO
B_20260906,2026-09-06T06:59:30,1,2,SYNTHETIC_DEMO
B_20260906,2026-09-06T07:00:00,1,3,SYNTHETIC_DEMO
B_20260906,2026-09-06T07:00:30,2,2,SYNTHETIC_DEMO
B_20260906,2026-09-06T07:01:00,2,3,SYNTHETIC_DEMO
B_20260906,2026-09-06T07:01:30,2,3,SYNTHETIC_DEMO
B_20260906,2026-09-06T07:02:00,1,1,SYNTHETIC_DEMO
B_20260906,2026-09-06T07:02:30,1,2,SYNTHETIC_DEMO
B_20260906,2026-09-06T07:03:00,2,2,SYNTHETIC_DEMO
B_20260906,2026-09-06T07:03:30,2,2,SYNTHETIC_DEMO
B_20260906,2026-09-06T07:04:00,0,2,SYNTHETIC_DEMO
B_20260906,2026-09-06T07:04:30,0,3,SYNTHETIC_DEMO
B_20260906,2026-09-06T07:05:00,1,2,SYNTHETIC_DEMO
B_20260906,2026-09-06T07:05:30,1,3,SYNTHETIC_DEMO
B_20260906,2026-09-06T07:06:00,1,1,SYNTHETIC_DEMO
B_20260906,2026-09-06T07:06:30,2,2,SYNTHETIC_DEMO
B_20260906,2026-09-06T07:07:00,1,2,SYNTHETIC_DEMO
B_20260906,2026-09-06T07:07:30,0,2,SYNTHETIC_DEMO
B_20260906,2026-09-06T07:08:00,1,3,SYNTHETIC_DEMO
B_20260906,2026-09-06T07:08:30,0,1,SYNTHETIC_DEMO
B_20260906,2026-09-06T07:09:00,1,2,SYNTHETIC_DEMO
B_20260906,2026-09-06T07:09:30,2,2,SYNTHETIC_DEMO
B_20260906,2026-09-06T07:10:00,1,2,SYNTHETIC_DEMO
B_20260906,2026-09-06T07:10:30,1,2,SYNTHETIC_DEMO
B_20260906,2026-09-06T07:11:00,2,2,SYNTHETIC_DEMO
B_20260906,2026-09-06T07:11:30,0,1,SYNTHETIC_DEMO
B_20260906,2026-09-06T07:12:00,0,2,SYNTHETIC_DEMO
B_20260906,2026-09-06T07:12:30,3,2,SYNTHETIC_DEMO
B_20260906,2026-09-06T07:13:00,0,3,SYNTHETIC_DEMO
B_20260906,2026-09-06T07:13:30,1,3,SYNTHETIC_DEMO
B_20260906,2026-09-06T07:14:00,1,3,SYNTHETIC_DEMO
B_20260906,2026-09-06T07:14:30,0,3,SYNTHETIC_DEMO
B_20260906,2026-09-06T07:15:00,1,2,SYNTHETIC_DEMO
B_20260906,2026-09-06T07:15:30,1,2,SYNTHETIC_DEMO
B_20260906,2026-09-06T07:16:00,1,2,SYNTHETIC_DEMO
B_20260906,2026-09-06T07:16:30,1,2,SYNTHETIC_DEMO
B_20260906,2026-09-06T07:17:00,1,2,SYNTHETIC_DEMO
B_20260906,2026-09-06T07:17:30,0,2,SYNTHETIC_DEMO
B_20260906,2026-09-06T07:18:00,1,2,SYNTHETIC_DEMO
B_20260906,2026-09-06T07:18:30,0,1,SYNTHETIC_DEMO
B_20260906,2026-09-06T07:19:00,3,2,SYNTHETIC_DEMO
B_20260906,2026-09-06T07:19:30,1,2,SYNTHETIC_DEMO
B_20260906,2026-09-06T07:20:00,1,3,SYNTHETIC_DEMO
B_20260906,2026-09-06T07:20:30,1,1,SYNTHETIC_DEMO
B_20260906,2026-09-06T07:21:00,0,2,SYNTHETIC_DEMO
B_20260906,2026-09-06T07:21:30,2,2,SYNTHETIC_DEMO
B_20260906,2026-09-06T07:22:00,1,3,SYNTHETIC_DEMO
B_20260906,2026-09-06T07:22:30,2,2,SYNTHETIC_DEMO
B_20260906,2026-09-06T07:23:00,0,2,SYNTHETIC_DEMO
B_20260906,2026-09-06T07:23:30,0,3,SYNTHETIC_DEMO
B_20260906,2026-09-06T07:24:00,0,2,SYNTHETIC_DEMO
B_20260906,2026-09-06T07:24:30,1,2,SYNTHETIC_DEMO
B_20260906,2026-09-06T07:25:00,1,1,SYNTHETIC_DEMO
B_20260906,2026-09-06T07:25:30,0,2,SYNTHETIC_DEMO
B_20260906,2026-09-06T07:26:00,0,3,SYNTHETIC_DEMO
B_20260906,2026-09-06T07:26:30,2,3,SYNTHETIC_DEMO
B_20260906,2026-09-06T07:27:00,0,3,SYNTHETIC_DEMO
B_20260906,2026-09-06T07:27:30,1,2,SYNTHETIC_DEMO
B_20260906,2026-09-06T07:28:00,2,3,SYNTHETIC_DEMO
B_20260906,2026-09-06T07:28:30,1,3,SYNTHETIC_DEMO
B_20260906,2026-09-06T07:29:00,2,2,SYNTHETIC_DEMO
B_20260906,2026-09-06T07:29:30,1,2,SYNTHETIC_DEMO
L_20260906,2026-09-06T11:30:00,5,3,SYNTHETIC_DEMO
L_20260906,2026-09-06T11:30:30,6,3,SYNTHETIC_DEMO
L_20260906,2026-09-06T11:31:00,8,4,SYNTHETIC_DEMO
L_20260906,2026-09-06T11:31:30,7,4,SYNTHETIC_DEMO
L_20260906,2026-09-06T11:32:00,7,3,SYNTHETIC_DEMO
L_20260906,2026-09-06T11:32:30,6,3,SYNTHETIC_DEMO
L_20260906,2026-09-06T11:33:00,7,3,SYNTHETIC_DEMO
L_20260906,2026-09-06T11:33:30,9,4,SYNTHETIC_DEMO
L_20260906,2026-09-06T11:34:00,9,4,SYNTHETIC_DEMO
L_20260906,2026-09-06T11:34:30,8,4,SYNTHETIC_DEMO
L_20260906,2026-09-06T11:35:00,10,4,SYNTHETIC_DEMO
L_20260906,2026-09-06T11:35:30,8,3,SYNTHETIC_DEMO
L_20260906,2026-09-06T11:36:00,9,4,SYNTHETIC_DEMO
L_20260906,2026-09-06T11:36:30,11,4,SYNTHETIC_DEMO
L_20260906,2026-09-06T11:37:00,10,4,SYNTHETIC_DEMO
L_20260906,2026-09-06T11:37:30,11,4,SYNTHETIC_DEMO
L_20260906,2026-09-06T11:38:00,12,3,SYNTHETIC_DEMO
L_20260906,2026-09-06T11:38:30,12,4,SYNTHETIC_DEMO
L_20260906,2026-09-06T11:39:00,13,5,SYNTHETIC_DEMO
L_20260906,2026-09-06T11:39:30,14,4,SYNTHETIC_DEMO
L_20260906,2026-09-06T11:40:00,13,4,SYNTHETIC_DEMO
L_20260906,2026-09-06T11:40:30,14,5,SYNTHETIC_DEMO
L_20260906,2026-09-06T11:41:00,14,4,SYNTHETIC_DEMO
L_20260906,2026-09-06T11:41:30,13,5,SYNTHETIC_DEMO
L_20260906,2026-09-06T11:42:00,14,4,SYNTHETIC_DEMO
L_20260906,2026-09-06T11:42:30,15,5,SYNTHETIC_DEMO
L_20260906,2026-09-06T11:43:00,14,5,SYNTHETIC_DEMO
L_20260906,2026-09-06T11:43:30,15,4,SYNTHETIC_DEMO
L_20260906,2026-09-06T11:44:00,16,5,SYNTHETIC_DEMO
L_20260906,2026-09-06T11:44:30,17,6,SYNTHETIC_DEMO
L_20260906,2026-09-06T11:45:00,16,4,SYNTHETIC_DEMO
L_20260906,2026-09-06T11:45:30,16,5,SYNTHETIC_DEMO
L_20260906,2026-09-06T11:46:00,17,5,SYNTHETIC_DEMO
L_20260906,2026-09-06T11:46:30,19,5,SYNTHETIC_DEMO
L_20260906,2026-09-06T11:47:00,17,6,SYNTHETIC_DEMO
L_20260906,2026-09-06T11:47:30,16,5,SYNTHETIC_DEMO
L_20260906,2026-09-06T11:48:00,19,5,SYNTHETIC_DEMO
L_20260906,2026-09-06T11:48:30,17,5,SYNTHETIC_DEMO
L_20260906,2026-09-06T11:49:00,19,5,SYNTHETIC_DEMO
L_20260906,2026-09-06T11:49:30,18,5,SYNTHETIC_DEMO
L_20260906,2026-09-06T11:50:00,20,5,SYNTHETIC_DEMO
L_20260906,2026-09-06T11:50:30,19,6,SYNTHETIC_DEMO
L_20260906,2026-09-06T11:51:00,21,6,SYNTHETIC_DEMO
L_20260906,2026-09-06T11:51:30,19,5,SYNTHETIC_DEMO
L_20260906,2026-09-06T11:52:00,21,6,SYNTHETIC_DEMO
L_20260906,2026-09-06T11:52:30,21,5,SYNTHETIC_DEMO
L_20260906,2026-09-06T11:53:00,21,6,SYNTHETIC_DEMO
L_20260906,2026-09-06T11:53:30,22,5,SYNTHETIC_DEMO
L_20260906,2026-09-06T11:54:00,22,7,SYNTHETIC_DEMO
L_20260906,2026-09-06T11:54:30,21,5,SYNTHETIC_DEMO
L_20260906,2026-09-06T11:55:00,22,7,SYNTHETIC_DEMO
L_20260906,2026-09-06T11:55:30,20,5,SYNTHETIC_DEMO
L_20260906,2026-09-06T11:56:00,22,6,SYNTHETIC_DEMO
L_20260906,2026-09-06T11:56:30,22,6,SYNTHETIC_DEMO
L_20260906,2026-09-06T11:57:00,23,6,SYNTHETIC_DEMO
L_20260906,2026-09-06T11:57:30,22,7,SYNTHETIC_DEMO
L_20260906,2026-09-06T11:58:00,23,6,SYNTHETIC_DEMO
L_20260906,2026-09-06T11:58:30,22,6,SYNTHETIC_DEMO
L_20260906,2026-09-06T11:59:00,23,6,SYNTHETIC_DEMO
L_20260906,2026-09-06T11:59:30,22,5,SYNTHETIC_DEMO
L_20260906,2026-09-06T12:00:00,22,7,SYNTHETIC_DEMO
L_20260906,2026-09-06T12:00:30,22,6,SYNTHETIC_DEMO
L_20260906,2026-09-06T12:01:00,21,6,SYNTHETIC_DEMO
L_20260906,2026-09-06T12:01:30,21,5,SYNTHETIC_DEMO
L_20260906,2026-09-06T12:02:00,23,6,SYNTHETIC_DEMO
L_20260906,2026-09-06T12:02:30,23,6,SYNTHETIC_DEMO
L_20260906,2026-09-06T12:03:00,22,6,SYNTHETIC_DEMO
L_20260906,2026-09-06T12:03:30,22,7,SYNTHETIC_DEMO
L_20260906,2026-09-06T12:04:00,22,6,SYNTHETIC_DEMO
L_20260906,2026-09-06T12:04:30,21,6,SYNTHETIC_DEMO
L_20260906,2026-09-06T12:05:00,23,6,SYNTHETIC_DEMO
L_20260906,2026-09-06T12:05:30,21,5,SYNTHETIC_DEMO
L_20260906,2026-09-06T12:06:00,19,5,SYNTHETIC_DEMO
L_20260906,2026-09-06T12:06:30,21,6,SYNTHETIC_DEMO
L_20260906,2026-09-06T12:07:00,22,6,SYNTHETIC_DEMO
L_20260906,2026-09-06T12:07:30,20,5,SYNTHETIC_DEMO
L_20260906,2026-09-06T12:08:00,21,5,SYNTHETIC_DEMO
L_20260906,2026-09-06T12:08:30,20,5,SYNTHETIC_DEMO
L_20260906,2026-09-06T12:09:00,19,5,SYNTHETIC_DEMO
L_20260906,2026-09-06T12:09:30,20,6,SYNTHETIC_DEMO
L_20260906,2026-09-06T12:10:00,19,5,SYNTHETIC_DEMO
L_20260906,2026-09-06T12:10:30,18,5,SYNTHETIC_DEMO
L_20260906,2026-09-06T12:11:00,19,6,SYNTHETIC_DEMO
L_20260906,2026-09-06T12:11:30,19,5,SYNTHETIC_DEMO
L_20260906,2026-09-06T12:12:00,19,6,SYNTHETIC_DEMO
L_20260906,2026-09-06T12:12:30,18,5,SYNTHETIC_DEMO
L_20260906,2026-09-06T12:13:00,16,5,SYNTHETIC_DEMO
L_20260906,2026-09-06T12:13:30,17,5,SYNTHETIC_DEMO
L_20260906,2026-09-06T12:14:00,17,5,SYNTHETIC_DEMO
L_20260906,2026-09-06T12:14:30,16,5,SYNTHETIC_DEMO
L_20260906,2026-09-06T12:15:00,15,5,SYNTHETIC_DEMO
L_20260906,2026-09-06T12:15:30,16,4,SYNTHETIC_DEMO
L_20260906,2026-09-06T12:16:00,16,4,SYNTHETIC_DEMO
L_20260906,2026-09-06T12:16:30,15,4,SYNTHETIC_DEMO
L_20260906,2026-09-06T12:17:00,14,5,SYNTHETIC_DEMO
L_20260906,2026-09-06T12:17:30,13,5,SYNTHETIC_DEMO
L_20260906,2026-09-06T12:18:00,14,5,SYNTHETIC_DEMO
L_20260906,2026-09-06T12:18:30,14,4,SYNTHETIC_DEMO
L_20260906,2026-09-06T12:19:00,13,4,SYNTHETIC_DEMO
L_20260906,2026-09-06T12:19:30,12,4,SYNTHETIC_DEMO
L_20260906,2026-09-06T12:20:00,12,4,SYNTHETIC_DEMO
L_20260906,2026-09-06T12:20:30,13,5,SYNTHETIC_DEMO
L_20260906,2026-09-06T12:21:00,11,4,SYNTHETIC_DEMO
L_20260906,2026-09-06T12:21:30,12,4,SYNTHETIC_DEMO
L_20260906,2026-09-06T12:22:00,11,4,SYNTHETIC_DEMO
L_20260906,2026-09-06T12:22:30,11,4,SYNTHETIC_DEMO
L_20260906,2026-09-06T12:23:00,10,3,SYNTHETIC_DEMO
L_20260906,2026-09-06T12:23:30,9,4,SYNTHETIC_DEMO
L_20260906,2026-09-06T12:24:00,11,4,SYNTHETIC_DEMO
L_20260906,2026-09-06T12:24:30,8,4,SYNTHETIC_DEMO
L_20260906,2026-09-06T12:25:00,8,4,SYNTHETIC_DEMO
L_20260906,2026-09-06T12:25:30,9,3,SYNTHETIC_DEMO
L_20260906,2026-09-06T12:26:00,8,3,SYNTHETIC_DEMO
L_20260906,2026-09-06T12:26:30,8,3,SYNTHETIC_DEMO
L_20260906,2026-09-06T12:27:00,6,3,SYNTHETIC_DEMO
L_20260906,2026-09-06T12:27:30,8,3,SYNTHETIC_DEMO
L_20260906,2026-09-06T12:28:00,9,4,SYNTHETIC_DEMO
L_20260906,2026-09-06T12:28:30,8,4,SYNTHETIC_DEMO
L_20260906,2026-09-06T12:29:00,7,3,SYNTHETIC_DEMO
L_20260906,2026-09-06T12:29:30,8,3,SYNTHETIC_DEMO
L_20260906,2026-09-06T12:30:00,6,3,SYNTHETIC_DEMO
L_20260906,2026-09-06T12:30:30,5,2,SYNTHETIC_DEMO
L_20260906,2026-09-06T12:31:00,7,4,SYNTHETIC_DEMO
L_20260906,2026-09-06T12:31:30,7,2,SYNTHETIC_DEMO
L_20260906,2026-09-06T12:32:00,5,3,SYNTHETIC_DEMO
L_20260906,2026-09-06T12:32:30,5,3,SYNTHETIC_DEMO
L_20260906,2026-09-06T12:33:00,4,3,SYNTHETIC_DEMO
L_20260906,2026-09-06T12:33:30,5,3,SYNTHETIC_DEMO
L_20260906,2026-09-06T12:34:00,3,2,SYNTHETIC_DEMO
L_20260906,2026-09-06T12:34:30,3,2,SYNTHETIC_DEMO
L_20260906,2026-09-06T12:35:00,5,4,SYNTHETIC_DEMO
L_20260906,2026-09-06T12:35:30,5,3,SYNTHETIC_DEMO
L_20260906,2026-09-06T12:36:00,4,2,SYNTHETIC_DEMO
L_20260906,2026-09-06T12:36:30,4,3,SYNTHETIC_DEMO
L_20260906,2026-09-06T12:37:00,4,2,SYNTHETIC_DEMO
L_20260906,2026-09-06T12:37:30,3,2,SYNTHETIC_DEMO
L_20260906,2026-09-06T12:38:00,3,3,SYNTHETIC_DEMO
L_20260906,2026-09-06T12:38:30,3,3,SYNTHETIC_DEMO
L_20260906,2026-09-06T12:39:00,4,3,SYNTHETIC_DEMO
L_20260906,2026-09-06T12:39:30,4,2,SYNTHETIC_DEMO
L_20260906,2026-09-06T12:40:00,1,2,SYNTHETIC_DEMO
L_20260906,2026-09-06T12:40:30,2,2,SYNTHETIC_DEMO
L_20260906,2026-09-06T12:41:00,2,2,SYNTHETIC_DEMO
L_20260906,2026-09-06T12:41:30,3,2,SYNTHETIC_DEMO
L_20260906,2026-09-06T12:42:00,3,3,SYNTHETIC_DEMO
L_20260906,2026-09-06T12:42:30,3,3,SYNTHETIC_DEMO
L_20260906,2026-09-06T12:43:00,3,3,SYNTHETIC_DEMO
L_20260906,2026-09-06T12:43:30,1,0,SYNTHETIC_DEMO
L_20260906,2026-09-06T12:44:00,2,2,SYNTHETIC_DEMO
L_20260906,2026-09-06T12:44:30,2,2,SYNTHETIC_DEMO
L_20260906,2026-09-06T12:45:00,1,2,SYNTHETIC_DEMO
L_20260906,2026-09-06T12:45:30,3,3,SYNTHETIC_DEMO
L_20260906,2026-09-06T12:46:00,0,3,SYNTHETIC_DEMO
L_20260906,2026-09-06T12:46:30,2,2,SYNTHETIC_DEMO
L_20260906,2026-09-06T12:47:00,1,3,SYNTHETIC_DEMO
L_20260906,2026-09-06T12:47:30,2,1,SYNTHETIC_DEMO
L_20260906,2026-09-06T12:48:00,1,2,SYNTHETIC_DEMO
L_20260906,2026-09-06T12:48:30,2,2,SYNTHETIC_DEMO
L_20260906,2026-09-06T12:49:00,1,3,SYNTHETIC_DEMO
L_20260906,2026-09-06T12:49:30,2,3,SYNTHETIC_DEMO
L_20260906,2026-09-06T12:50:00,1,2,SYNTHETIC_DEMO
L_20260906,2026-09-06T12:50:30,3,3,SYNTHETIC_DEMO
L_20260906,2026-09-06T12:51:00,1,2,SYNTHETIC_DEMO
L_20260906,2026-09-06T12:51:30,0,1,SYNTHETIC_DEMO
L_20260906,2026-09-06T12:52:00,1,2,SYNTHETIC_DEMO
L_20260906,2026-09-06T12:52:30,2,2,SYNTHETIC_DEMO
L_20260906,2026-09-06T12:53:00,3,3,SYNTHETIC_DEMO
L_20260906,2026-09-06T12:53:30,1,3,SYNTHETIC_DEMO
L_20260906,2026-09-06T12:54:00,1,2,SYNTHETIC_DEMO
L_20260906,2026-09-06T12:54:30,2,2,SYNTHETIC_DEMO
L_20260906,2026-09-06T12:55:00,1,2,SYNTHETIC_DEMO
L_20260906,2026-09-06T12:55:30,1,2,SYNTHETIC_DEMO
L_20260906,2026-09-06T12:56:00,3,3,SYNTHETIC_DEMO
L_20260906,2026-09-06T12:56:30,3,3,SYNTHETIC_DEMO
L_20260906,2026-09-06T12:57:00,3,2,SYNTHETIC_DEMO
L_20260906,2026-09-06T12:57:30,0,2,SYNTHETIC_DEMO
L_20260906,2026-09-06T12:58:00,1,2,SYNTHETIC_DEMO
L_20260906,2026-09-06T12:58:30,0,2,SYNTHETIC_DEMO
L_20260906,2026-09-06T12:59:00,1,2,SYNTHETIC_DEMO
L_20260906,2026-09-06T12:59:30,1,2,SYNTHETIC_DEMO
L_20260906,2026-09-06T13:00:00,2,3,SYNTHETIC_DEMO
L_20260906,2026-09-06T13:00:30,0,2,SYNTHETIC_DEMO
L_20260906,2026-09-06T13:01:00,2,2,SYNTHETIC_DEMO
L_20260906,2026-09-06T13:01:30,1,2,SYNTHETIC_DEMO
L_20260906,2026-09-06T13:02:00,1,2,SYNTHETIC_DEMO
L_20260906,2026-09-06T13:02:30,1,2,SYNTHETIC_DEMO
L_20260906,2026-09-06T13:03:00,1,2,SYNTHETIC_DEMO
L_20260906,2026-09-06T13:03:30,1,2,SYNTHETIC_DEMO
L_20260906,2026-09-06T13:04:00,1,2,SYNTHETIC_DEMO
L_20260906,2026-09-06T13:04:30,1,2,SYNTHETIC_DEMO
L_20260906,2026-09-06T13:05:00,2,3,SYNTHETIC_DEMO
L_20260906,2026-09-06T13:05:30,0,2,SYNTHETIC_DEMO
L_20260906,2026-09-06T13:06:00,2,3,SYNTHETIC_DEMO
L_20260906,2026-09-06T13:06:30,0,3,SYNTHETIC_DEMO
L_20260906,2026-09-06T13:07:00,1,2,SYNTHETIC_DEMO
L_20260906,2026-09-06T13:07:30,1,2,SYNTHETIC_DEMO
L_20260906,2026-09-06T13:08:00,2,2,SYNTHETIC_DEMO
L_20260906,2026-09-06T13:08:30,1,2,SYNTHETIC_DEMO
L_20260906,2026-09-06T13:09:00,2,3,SYNTHETIC_DEMO
L_20260906,2026-09-06T13:09:30,1,2,SYNTHETIC_DEMO
L_20260906,2026-09-06T13:10:00,0,2,SYNTHETIC_DEMO
L_20260906,2026-09-06T13:10:30,0,2,SYNTHETIC_DEMO
L_20260906,2026-09-06T13:11:00,1,3,SYNTHETIC_DEMO
L_20260906,2026-09-06T13:11:30,1,3,SYNTHETIC_DEMO
L_20260906,2026-09-06T13:12:00,0,2,SYNTHETIC_DEMO
L_20260906,2026-09-06T13:12:30,2,3,SYNTHETIC_DEMO
L_20260906,2026-09-06T13:13:00,0,3,SYNTHETIC_DEMO
L_20260906,2026-09-06T13:13:30,1,3,SYNTHETIC_DEMO
L_20260906,2026-09-06T13:14:00,0,1,SYNTHETIC_DEMO
L_20260906,2026-09-06T13:14:30,0,2,SYNTHETIC_DEMO
L_20260906,2026-09-06T13:15:00,0,1,SYNTHETIC_DEMO
L_20260906,2026-09-06T13:15:30,1,1,SYNTHETIC_DEMO
L_20260906,2026-09-06T13:16:00,2,2,SYNTHETIC_DEMO
L_20260906,2026-09-06T13:16:30,0,1,SYNTHETIC_DEMO
L_20260906,2026-09-06T13:17:00,1,2,SYNTHETIC_DEMO
L_20260906,2026-09-06T13:17:30,2,3,SYNTHETIC_DEMO
L_20260906,2026-09-06T13:18:00,0,2,SYNTHETIC_DEMO
L_20260906,2026-09-06T13:18:30,0,2,SYNTHETIC_DEMO
L_20260906,2026-09-06T13:19:00,2,2,SYNTHETIC_DEMO
L_20260906,2026-09-06T13:19:30,1,2,SYNTHETIC_DEMO
L_20260906,2026-09-06T13:20:00,1,2,SYNTHETIC_DEMO
L_20260906,2026-09-06T13:20:30,1,3,SYNTHETIC_DEMO
L_20260906,2026-09-06T13:21:00,0,2,SYNTHETIC_DEMO
L_20260906,2026-09-06T13:21:30,2,2,SYNTHETIC_DEMO
L_20260906,2026-09-06T13:22:00,1,3,SYNTHETIC_DEMO
L_20260906,2026-09-06T13:22:30,1,2,SYNTHETIC_DEMO
L_20260906,2026-09-06T13:23:00,1,2,SYNTHETIC_DEMO
L_20260906,2026-09-06T13:23:30,1,2,SYNTHETIC_DEMO
L_20260906,2026-09-06T13:24:00,2,2,SYNTHETIC_DEMO
L_20260906,2026-09-06T13:24:30,1,2,SYNTHETIC_DEMO
L_20260906,2026-09-06T13:25:00,1,3,SYNTHETIC_DEMO
L_20260906,2026-09-06T13:25:30,1,2,SYNTHETIC_DEMO
L_20260906,2026-09-06T13:26:00,0,2,SYNTHETIC_DEMO
L_20260906,2026-09-06T13:26:30,1,1,SYNTHETIC_DEMO
L_20260906,2026-09-06T13:27:00,1,2,SYNTHETIC_DEMO
L_20260906,2026-09-06T13:27:30,0,2,SYNTHETIC_DEMO
L_20260906,2026-09-06T13:28:00,1,2,SYNTHETIC_DEMO
L_20260906,2026-09-06T13:28:30,1,2,SYNTHETIC_DEMO
L_20260906,2026-09-06T13:29:00,2,2,SYNTHETIC_DEMO
L_20260906,2026-09-06T13:29:30,2,1,SYNTHETIC_DEMO
D_20260906,2026-09-06T17:00:00,2,3,SYNTHETIC_DEMO
D_20260906,2026-09-06T17:00:30,1,2,SYNTHETIC_DEMO
D_20260906,2026-09-06T17:01:00,1,2,SYNTHETIC_DEMO
D_20260906,2026-09-06T17:01:30,3,3,SYNTHETIC_DEMO
D_20260906,2026-09-06T17:02:00,2,2,SYNTHETIC_DEMO
D_20260906,2026-09-06T17:02:30,5,3,SYNTHETIC_DEMO
D_20260906,2026-09-06T17:03:00,2,1,SYNTHETIC_DEMO
D_20260906,2026-09-06T17:03:30,2,2,SYNTHETIC_DEMO
D_20260906,2026-09-06T17:04:00,2,2,SYNTHETIC_DEMO
D_20260906,2026-09-06T17:04:30,2,2,SYNTHETIC_DEMO
D_20260906,2026-09-06T17:05:00,2,3,SYNTHETIC_DEMO
D_20260906,2026-09-06T17:05:30,2,2,SYNTHETIC_DEMO
D_20260906,2026-09-06T17:06:00,3,2,SYNTHETIC_DEMO
D_20260906,2026-09-06T17:06:30,3,2,SYNTHETIC_DEMO
D_20260906,2026-09-06T17:07:00,3,3,SYNTHETIC_DEMO
D_20260906,2026-09-06T17:07:30,2,2,SYNTHETIC_DEMO
D_20260906,2026-09-06T17:08:00,4,2,SYNTHETIC_DEMO
D_20260906,2026-09-06T17:08:30,3,2,SYNTHETIC_DEMO
D_20260906,2026-09-06T17:09:00,4,3,SYNTHETIC_DEMO
D_20260906,2026-09-06T17:09:30,4,3,SYNTHETIC_DEMO
D_20260906,2026-09-06T17:10:00,6,3,SYNTHETIC_DEMO
D_20260906,2026-09-06T17:10:30,5,3,SYNTHETIC_DEMO
D_20260906,2026-09-06T17:11:00,5,3,SYNTHETIC_DEMO
D_20260906,2026-09-06T17:11:30,4,4,SYNTHETIC_DEMO
D_20260906,2026-09-06T17:12:00,4,4,SYNTHETIC_DEMO
D_20260906,2026-09-06T17:12:30,6,2,SYNTHETIC_DEMO
D_20260906,2026-09-06T17:13:00,5,2,SYNTHETIC_DEMO
D_20260906,2026-09-06T17:13:30,4,2,SYNTHETIC_DEMO
D_20260906,2026-09-06T17:14:00,4,3,SYNTHETIC_DEMO
D_20260906,2026-09-06T17:14:30,6,3,SYNTHETIC_DEMO
D_20260906,2026-09-06T17:15:00,5,3,SYNTHETIC_DEMO
D_20260906,2026-09-06T17:15:30,6,3,SYNTHETIC_DEMO
D_20260906,2026-09-06T17:16:00,7,3,SYNTHETIC_DEMO
D_20260906,2026-09-06T17:16:30,7,3,SYNTHETIC_DEMO
D_20260906,2026-09-06T17:17:00,7,3,SYNTHETIC_DEMO
D_20260906,2026-09-06T17:17:30,6,3,SYNTHETIC_DEMO
D_20260906,2026-09-06T17:18:00,7,3,SYNTHETIC_DEMO
D_20260906,2026-09-06T17:18:30,6,4,SYNTHETIC_DEMO
D_20260906,2026-09-06T17:19:00,6,3,SYNTHETIC_DEMO
D_20260906,2026-09-06T17:19:30,7,3,SYNTHETIC_DEMO
D_20260906,2026-09-06T17:20:00,8,3,SYNTHETIC_DEMO
D_20260906,2026-09-06T17:20:30,8,3,SYNTHETIC_DEMO
D_20260906,2026-09-06T17:21:00,9,5,SYNTHETIC_DEMO
D_20260906,2026-09-06T17:21:30,7,3,SYNTHETIC_DEMO
D_20260906,2026-09-06T17:22:00,9,4,SYNTHETIC_DEMO
D_20260906,2026-09-06T17:22:30,8,4,SYNTHETIC_DEMO
D_20260906,2026-09-06T17:23:00,7,3,SYNTHETIC_DEMO
D_20260906,2026-09-06T17:23:30,9,4,SYNTHETIC_DEMO
D_20260906,2026-09-06T17:24:00,8,4,SYNTHETIC_DEMO
D_20260906,2026-09-06T17:24:30,9,3,SYNTHETIC_DEMO
D_20260906,2026-09-06T17:25:00,9,3,SYNTHETIC_DEMO
D_20260906,2026-09-06T17:25:30,9,3,SYNTHETIC_DEMO
D_20260906,2026-09-06T17:26:00,9,4,SYNTHETIC_DEMO
D_20260906,2026-09-06T17:26:30,10,4,SYNTHETIC_DEMO
D_20260906,2026-09-06T17:27:00,11,4,SYNTHETIC_DEMO
D_20260906,2026-09-06T17:27:30,11,4,SYNTHETIC_DEMO
D_20260906,2026-09-06T17:28:00,10,4,SYNTHETIC_DEMO
D_20260906,2026-09-06T17:28:30,10,4,SYNTHETIC_DEMO
D_20260906,2026-09-06T17:29:00,11,4,SYNTHETIC_DEMO
D_20260906,2026-09-06T17:29:30,11,4,SYNTHETIC_DEMO
D_20260906,2026-09-06T17:30:00,10,3,SYNTHETIC_DEMO
D_20260906,2026-09-06T17:30:30,10,4,SYNTHETIC_DEMO
D_20260906,2026-09-06T17:31:00,10,4,SYNTHETIC_DEMO
D_20260906,2026-09-06T17:31:30,13,4,SYNTHETIC_DEMO
D_20260906,2026-09-06T17:32:00,13,5,SYNTHETIC_DEMO
D_20260906,2026-09-06T17:32:30,12,4,SYNTHETIC_DEMO
D_20260906,2026-09-06T17:33:00,10,3,SYNTHETIC_DEMO
D_20260906,2026-09-06T17:33:30,13,4,SYNTHETIC_DEMO
D_20260906,2026-09-06T17:34:00,12,5,SYNTHETIC_DEMO
D_20260906,2026-09-06T17:34:30,12,4,SYNTHETIC_DEMO
D_20260906,2026-09-06T17:35:00,13,4,SYNTHETIC_DEMO
D_20260906,2026-09-06T17:35:30,14,4,SYNTHETIC_DEMO
D_20260906,2026-09-06T17:36:00,10,3,SYNTHETIC_DEMO
D_20260906,2026-09-06T17:36:30,13,4,SYNTHETIC_DEMO
D_20260906,2026-09-06T17:37:00,11,4,SYNTHETIC_DEMO
D_20260906,2026-09-06T17:37:30,13,5,SYNTHETIC_DEMO
D_20260906,2026-09-06T17:38:00,12,4,SYNTHETIC_DEMO
D_20260906,2026-09-06T17:38:30,13,4,SYNTHETIC_DEMO
D_20260906,2026-09-06T17:39:00,13,4,SYNTHETIC_DEMO
D_20260906,2026-09-06T17:39:30,13,3,SYNTHETIC_DEMO
D_20260906,2026-09-06T17:40:00,13,4,SYNTHETIC_DEMO
D_20260906,2026-09-06T17:40:30,13,5,SYNTHETIC_DEMO
D_20260906,2026-09-06T17:41:00,12,4,SYNTHETIC_DEMO
D_20260906,2026-09-06T17:41:30,15,6,SYNTHETIC_DEMO
D_20260906,2026-09-06T17:42:00,14,4,SYNTHETIC_DEMO
D_20260906,2026-09-06T17:42:30,14,4,SYNTHETIC_DEMO
D_20260906,2026-09-06T17:43:00,13,4,SYNTHETIC_DEMO
D_20260906,2026-09-06T17:43:30,11,4,SYNTHETIC_DEMO
D_20260906,2026-09-06T17:44:00,12,4,SYNTHETIC_DEMO
D_20260906,2026-09-06T17:44:30,14,4,SYNTHETIC_DEMO
D_20260906,2026-09-06T17:45:00,11,4,SYNTHETIC_DEMO
D_20260906,2026-09-06T17:45:30,10,4,SYNTHETIC_DEMO
D_20260906,2026-09-06T17:46:00,14,4,SYNTHETIC_DEMO
D_20260906,2026-09-06T17:46:30,12,5,SYNTHETIC_DEMO
D_20260906,2026-09-06T17:47:00,11,4,SYNTHETIC_DEMO
D_20260906,2026-09-06T17:47:30,12,4,SYNTHETIC_DEMO
D_20260906,2026-09-06T17:48:00,10,4,SYNTHETIC_DEMO
D_20260906,2026-09-06T17:48:30,10,4,SYNTHETIC_DEMO
D_20260906,2026-09-06T17:49:00,10,5,SYNTHETIC_DEMO
D_20260906,2026-09-06T17:49:30,11,4,SYNTHETIC_DEMO
D_20260906,2026-09-06T17:50:00,10,4,SYNTHETIC_DEMO
D_20260906,2026-09-06T17:50:30,11,4,SYNTHETIC_DEMO
D_20260906,2026-09-06T17:51:00,12,4,SYNTHETIC_DEMO
D_20260906,2026-09-06T17:51:30,11,3,SYNTHETIC_DEMO
D_20260906,2026-09-06T17:52:00,11,5,SYNTHETIC_DEMO
D_20260906,2026-09-06T17:52:30,10,4,SYNTHETIC_DEMO
D_20260906,2026-09-06T17:53:00,12,4,SYNTHETIC_DEMO
D_20260906,2026-09-06T17:53:30,9,4,SYNTHETIC_DEMO
D_20260906,2026-09-06T17:54:00,10,4,SYNTHETIC_DEMO
D_20260906,2026-09-06T17:54:30,9,3,SYNTHETIC_DEMO
D_20260906,2026-09-06T17:55:00,10,4,SYNTHETIC_DEMO
D_20260906,2026-09-06T17:55:30,10,3,SYNTHETIC_DEMO
D_20260906,2026-09-06T17:56:00,9,4,SYNTHETIC_DEMO
D_20260906,2026-09-06T17:56:30,7,3,SYNTHETIC_DEMO
D_20260906,2026-09-06T17:57:00,8,2,SYNTHETIC_DEMO
D_20260906,2026-09-06T17:57:30,8,4,SYNTHETIC_DEMO
D_20260906,2026-09-06T17:58:00,8,3,SYNTHETIC_DEMO
D_20260906,2026-09-06T17:58:30,8,4,SYNTHETIC_DEMO
D_20260906,2026-09-06T17:59:00,8,4,SYNTHETIC_DEMO
D_20260906,2026-09-06T17:59:30,8,4,SYNTHETIC_DEMO
D_20260906,2026-09-06T18:00:00,7,3,SYNTHETIC_DEMO
D_20260906,2026-09-06T18:00:30,8,4,SYNTHETIC_DEMO
D_20260906,2026-09-06T18:01:00,7,4,SYNTHETIC_DEMO
D_20260906,2026-09-06T18:01:30,6,2,SYNTHETIC_DEMO
D_20260906,2026-09-06T18:02:00,5,3,SYNTHETIC_DEMO
D_20260906,2026-09-06T18:02:30,7,2,SYNTHETIC_DEMO
D_20260906,2026-09-06T18:03:00,6,4,SYNTHETIC_DEMO
D_20260906,2026-09-06T18:03:30,4,2,SYNTHETIC_DEMO
D_20260906,2026-09-06T18:04:00,5,3,SYNTHETIC_DEMO
D_20260906,2026-09-06T18:04:30,5,3,SYNTHETIC_DEMO
D_20260906,2026-09-06T18:05:00,5,3,SYNTHETIC_DEMO
D_20260906,2026-09-06T18:05:30,6,4,SYNTHETIC_DEMO
D_20260906,2026-09-06T18:06:00,6,4,SYNTHETIC_DEMO
D_20260906,2026-09-06T18:06:30,7,2,SYNTHETIC_DEMO
D_20260906,2026-09-06T18:07:00,5,3,SYNTHETIC_DEMO
D_20260906,2026-09-06T18:07:30,4,3,SYNTHETIC_DEMO
D_20260906,2026-09-06T18:08:00,5,4,SYNTHETIC_DEMO
D_20260906,2026-09-06T18:08:30,5,3,SYNTHETIC_DEMO
D_20260906,2026-09-06T18:09:00,4,2,SYNTHETIC_DEMO
D_20260906,2026-09-06T18:09:30,3,3,SYNTHETIC_DEMO
D_20260906,2026-09-06T18:10:00,4,3,SYNTHETIC_DEMO
D_20260906,2026-09-06T18:10:30,4,3,SYNTHETIC_DEMO
D_20260906,2026-09-06T18:11:00,4,3,SYNTHETIC_DEMO
D_20260906,2026-09-06T18:11:30,1,3,SYNTHETIC_DEMO
D_20260906,2026-09-06T18:12:00,3,2,SYNTHETIC_DEMO
D_20260906,2026-09-06T18:12:30,3,3,SYNTHETIC_DEMO
D_20260906,2026-09-06T18:13:00,4,2,SYNTHETIC_DEMO
D_20260906,2026-09-06T18:13:30,3,2,SYNTHETIC_DEMO
D_20260906,2026-09-06T18:14:00,3,2,SYNTHETIC_DEMO
D_20260906,2026-09-06T18:14:30,2,3,SYNTHETIC_DEMO
D_20260906,2026-09-06T18:15:00,1,3,SYNTHETIC_DEMO
D_20260906,2026-09-06T18:15:30,3,3,SYNTHETIC_DEMO
D_20260906,2026-09-06T18:16:00,4,2,SYNTHETIC_DEMO
D_20260906,2026-09-06T18:16:30,1,2,SYNTHETIC_DEMO
D_20260906,2026-09-06T18:17:00,3,3,SYNTHETIC_DEMO
D_20260906,2026-09-06T18:17:30,3,2,SYNTHETIC_DEMO
D_20260906,2026-09-06T18:18:00,3,1,SYNTHETIC_DEMO
D_20260906,2026-09-06T18:18:30,4,3,SYNTHETIC_DEMO
D_20260906,2026-09-06T18:19:00,3,2,SYNTHETIC_DEMO
D_20260906,2026-09-06T18:19:30,2,2,SYNTHETIC_DEMO
D_20260906,2026-09-06T18:20:00,1,2,SYNTHETIC_DEMO
D_20260906,2026-09-06T18:20:30,2,2,SYNTHETIC_DEMO
D_20260906,2026-09-06T18:21:00,2,2,SYNTHETIC_DEMO
D_20260906,2026-09-06T18:21:30,1,3,SYNTHETIC_DEMO
D_20260906,2026-09-06T18:22:00,3,3,SYNTHETIC_DEMO
D_20260906,2026-09-06T18:22:30,1,3,SYNTHETIC_DEMO
D_20260906,2026-09-06T18:23:00,3,3,SYNTHETIC_DEMO
D_20260906,2026-09-06T18:23:30,2,3,SYNTHETIC_DEMO
D_20260906,2026-09-06T18:24:00,2,2,SYNTHETIC_DEMO
D_20260906,2026-09-06T18:24:30,1,3,SYNTHETIC_DEMO
D_20260906,2026-09-06T18:25:00,2,2,SYNTHETIC_DEMO
D_20260906,2026-09-06T18:25:30,3,3,SYNTHETIC_DEMO
D_20260906,2026-09-06T18:26:00,1,3,SYNTHETIC_DEMO
D_20260906,2026-09-06T18:26:30,0,2,SYNTHETIC_DEMO
D_20260906,2026-09-06T18:27:00,2,2,SYNTHETIC_DEMO
D_20260906,2026-09-06T18:27:30,2,1,SYNTHETIC_DEMO
D_20260906,2026-09-06T18:28:00,2,1,SYNTHETIC_DEMO
D_20260906,2026-09-06T18:28:30,3,3,SYNTHETIC_DEMO
D_20260906,2026-09-06T18:29:00,0,1,SYNTHETIC_DEMO
D_20260906,2026-09-06T18:29:30,1,2,SYNTHETIC_DEMO
D_20260906,2026-09-06T18:30:00,2,3,SYNTHETIC_DEMO
D_20260906,2026-09-06T18:30:30,0,2,SYNTHETIC_DEMO
D_20260906,2026-09-06T18:31:00,1,2,SYNTHETIC_DEMO
D_20260906,2026-09-06T18:31:30,1,2,SYNTHETIC_DEMO
D_20260906,2026-09-06T18:32:00,0,3,SYNTHETIC_DEMO
D_20260906,2026-09-06T18:32:30,1,2,SYNTHETIC_DEMO
D_20260906,2026-09-06T18:33:00,2,3,SYNTHETIC_DEMO
D_20260906,2026-09-06T18:33:30,2,2,SYNTHETIC_DEMO
D_20260906,2026-09-06T18:34:00,3,4,SYNTHETIC_DEMO
D_20260906,2026-09-06T18:34:30,1,2,SYNTHETIC_DEMO
D_20260906,2026-09-06T18:35:00,1,2,SYNTHETIC_DEMO
D_20260906,2026-09-06T18:35:30,2,2,SYNTHETIC_DEMO
D_20260906,2026-09-06T18:36:00,1,1,SYNTHETIC_DEMO
D_20260906,2026-09-06T18:36:30,2,2,SYNTHETIC_DEMO
D_20260906,2026-09-06T18:37:00,3,3,SYNTHETIC_DEMO
D_20260906,2026-09-06T18:37:30,1,3,SYNTHETIC_DEMO
D_20260906,2026-09-06T18:38:00,1,2,SYNTHETIC_DEMO
D_20260906,2026-09-06T18:38:30,2,3,SYNTHETIC_DEMO
D_20260906,2026-09-06T18:39:00,1,2,SYNTHETIC_DEMO
D_20260906,2026-09-06T18:39:30,0,1,SYNTHETIC_DEMO
D_20260906,2026-09-06T18:40:00,2,2,SYNTHETIC_DEMO
D_20260906,2026-09-06T18:40:30,1,2,SYNTHETIC_DEMO
D_20260906,2026-09-06T18:41:00,1,3,SYNTHETIC_DEMO
D_20260906,2026-09-06T18:41:30,2,3,SYNTHETIC_DEMO
D_20260906,2026-09-06T18:42:00,3,3,SYNTHETIC_DEMO
D_20260906,2026-09-06T18:42:30,1,1,SYNTHETIC_DEMO
D_20260906,2026-09-06T18:43:00,1,2,SYNTHETIC_DEMO
D_20260906,2026-09-06T18:43:30,0,2,SYNTHETIC_DEMO
D_20260906,2026-09-06T18:44:00,1,2,SYNTHETIC_DEMO
D_20260906,2026-09-06T18:44:30,1,2,SYNTHETIC_DEMO
D_20260906,2026-09-06T18:45:00,2,3,SYNTHETIC_DEMO
D_20260906,2026-09-06T18:45:30,0,2,SYNTHETIC_DEMO
D_20260906,2026-09-06T18:46:00,0,2,SYNTHETIC_DEMO
D_20260906,2026-09-06T18:46:30,1,3,SYNTHETIC_DEMO
D_20260906,2026-09-06T18:47:00,2,2,SYNTHETIC_DEMO
D_20260906,2026-09-06T18:47:30,1,2,SYNTHETIC_DEMO
D_20260906,2026-09-06T18:48:00,2,3,SYNTHETIC_DEMO
D_20260906,2026-09-06T18:48:30,1,2,SYNTHETIC_DEMO
D_20260906,2026-09-06T18:49:00,1,2,SYNTHETIC_DEMO
D_20260906,2026-09-06T18:49:30,2,1,SYNTHETIC_DEMO
D_20260906,2026-09-06T18:50:00,1,3,SYNTHETIC_DEMO
D_20260906,2026-09-06T18:50:30,1,2,SYNTHETIC_DEMO
D_20260906,2026-09-06T18:51:00,2,2,SYNTHETIC_DEMO
D_20260906,2026-09-06T18:51:30,1,3,SYNTHETIC_DEMO
D_20260906,2026-09-06T18:52:00,2,3,SYNTHETIC_DEMO
D_20260906,2026-09-06T18:52:30,0,2,SYNTHETIC_DEMO
D_20260906,2026-09-06T18:53:00,1,2,SYNTHETIC_DEMO
D_20260906,2026-09-06T18:53:30,0,2,SYNTHETIC_DEMO
D_20260906,2026-09-06T18:54:00,0,2,SYNTHETIC_DEMO
D_20260906,2026-09-06T18:54:30,0,2,SYNTHETIC_DEMO
D_20260906,2026-09-06T18:55:00,1,2,SYNTHETIC_DEMO
D_20260906,2026-09-06T18:55:30,1,2,SYNTHETIC_DEMO
D_20260906,2026-09-06T18:56:00,0,3,SYNTHETIC_DEMO
D_20260906,2026-09-06T18:56:30,0,2,SYNTHETIC_DEMO
D_20260906,2026-09-06T18:57:00,2,3,SYNTHETIC_DEMO
D_20260906,2026-09-06T18:57:30,0,3,SYNTHETIC_DEMO
D_20260906,2026-09-06T18:58:00,1,2,SYNTHETIC_DEMO
D_20260906,2026-09-06T18:58:30,2,2,SYNTHETIC_DEMO
D_20260906,2026-09-06T18:59:00,2,1,SYNTHETIC_DEMO
D_20260906,2026-09-06T18:59:30,2,2,SYNTHETIC_DEMO
B_20260907,2026-09-07T05:30:00,2,3,SYNTHETIC_DEMO
B_20260907,2026-09-07T05:30:30,0,2,SYNTHETIC_DEMO
B_20260907,2026-09-07T05:31:00,0,2,SYNTHETIC_DEMO
B_20260907,2026-09-07T05:31:30,2,3,SYNTHETIC_DEMO
B_20260907,2026-09-07T05:32:00,1,3,SYNTHETIC_DEMO
B_20260907,2026-09-07T05:32:30,3,3,SYNTHETIC_DEMO
B_20260907,2026-09-07T05:33:00,3,2,SYNTHETIC_DEMO
B_20260907,2026-09-07T05:33:30,3,2,SYNTHETIC_DEMO
B_20260907,2026-09-07T05:34:00,2,2,SYNTHETIC_DEMO
B_20260907,2026-09-07T05:34:30,3,3,SYNTHETIC_DEMO
B_20260907,2026-09-07T05:35:00,3,3,SYNTHETIC_DEMO
B_20260907,2026-09-07T05:35:30,4,3,SYNTHETIC_DEMO
B_20260907,2026-09-07T05:36:00,5,4,SYNTHETIC_DEMO
B_20260907,2026-09-07T05:36:30,4,2,SYNTHETIC_DEMO
B_20260907,2026-09-07T05:37:00,4,4,SYNTHETIC_DEMO
B_20260907,2026-09-07T05:37:30,5,2,SYNTHETIC_DEMO
B_20260907,2026-09-07T05:38:00,5,3,SYNTHETIC_DEMO
B_20260907,2026-09-07T05:38:30,3,3,SYNTHETIC_DEMO
B_20260907,2026-09-07T05:39:00,4,3,SYNTHETIC_DEMO
B_20260907,2026-09-07T05:39:30,4,3,SYNTHETIC_DEMO
B_20260907,2026-09-07T05:40:00,4,3,SYNTHETIC_DEMO
B_20260907,2026-09-07T05:40:30,5,3,SYNTHETIC_DEMO
B_20260907,2026-09-07T05:41:00,5,3,SYNTHETIC_DEMO
B_20260907,2026-09-07T05:41:30,5,4,SYNTHETIC_DEMO
B_20260907,2026-09-07T05:42:00,5,3,SYNTHETIC_DEMO
B_20260907,2026-09-07T05:42:30,5,3,SYNTHETIC_DEMO
B_20260907,2026-09-07T05:43:00,5,4,SYNTHETIC_DEMO
B_20260907,2026-09-07T05:43:30,5,3,SYNTHETIC_DEMO
B_20260907,2026-09-07T05:44:00,5,3,SYNTHETIC_DEMO
B_20260907,2026-09-07T05:44:30,6,3,SYNTHETIC_DEMO
B_20260907,2026-09-07T05:45:00,6,3,SYNTHETIC_DEMO
B_20260907,2026-09-07T05:45:30,6,3,SYNTHETIC_DEMO
B_20260907,2026-09-07T05:46:00,6,3,SYNTHETIC_DEMO
B_20260907,2026-09-07T05:46:30,5,2,SYNTHETIC_DEMO
B_20260907,2026-09-07T05:47:00,7,2,SYNTHETIC_DEMO
B_20260907,2026-09-07T05:47:30,7,3,SYNTHETIC_DEMO
B_20260907,2026-09-07T05:48:00,7,4,SYNTHETIC_DEMO
B_20260907,2026-09-07T05:48:30,7,3,SYNTHETIC_DEMO
B_20260907,2026-09-07T05:49:00,7,3,SYNTHETIC_DEMO
B_20260907,2026-09-07T05:49:30,6,4,SYNTHETIC_DEMO
B_20260907,2026-09-07T05:50:00,8,3,SYNTHETIC_DEMO
B_20260907,2026-09-07T05:50:30,8,4,SYNTHETIC_DEMO
B_20260907,2026-09-07T05:51:00,9,4,SYNTHETIC_DEMO
B_20260907,2026-09-07T05:51:30,7,3,SYNTHETIC_DEMO
B_20260907,2026-09-07T05:52:00,6,3,SYNTHETIC_DEMO
B_20260907,2026-09-07T05:52:30,8,4,SYNTHETIC_DEMO
B_20260907,2026-09-07T05:53:00,8,4,SYNTHETIC_DEMO
B_20260907,2026-09-07T05:53:30,7,3,SYNTHETIC_DEMO
B_20260907,2026-09-07T05:54:00,8,4,SYNTHETIC_DEMO
B_20260907,2026-09-07T05:54:30,8,3,SYNTHETIC_DEMO
B_20260907,2026-09-07T05:55:00,9,4,SYNTHETIC_DEMO
B_20260907,2026-09-07T05:55:30,8,4,SYNTHETIC_DEMO
B_20260907,2026-09-07T05:56:00,9,3,SYNTHETIC_DEMO
B_20260907,2026-09-07T05:56:30,10,4,SYNTHETIC_DEMO
B_20260907,2026-09-07T05:57:00,9,3,SYNTHETIC_DEMO
B_20260907,2026-09-07T05:57:30,9,4,SYNTHETIC_DEMO
B_20260907,2026-09-07T05:58:00,9,3,SYNTHETIC_DEMO
B_20260907,2026-09-07T05:58:30,9,3,SYNTHETIC_DEMO
B_20260907,2026-09-07T05:59:00,9,4,SYNTHETIC_DEMO
B_20260907,2026-09-07T05:59:30,8,3,SYNTHETIC_DEMO
B_20260907,2026-09-07T06:00:00,8,4,SYNTHETIC_DEMO
B_20260907,2026-09-07T06:00:30,10,4,SYNTHETIC_DEMO
B_20260907,2026-09-07T06:01:00,11,4,SYNTHETIC_DEMO
B_20260907,2026-09-07T06:01:30,10,4,SYNTHETIC_DEMO
B_20260907,2026-09-07T06:02:00,10,3,SYNTHETIC_DEMO
B_20260907,2026-09-07T06:02:30,10,4,SYNTHETIC_DEMO
B_20260907,2026-09-07T06:03:00,11,5,SYNTHETIC_DEMO
B_20260907,2026-09-07T06:03:30,10,3,SYNTHETIC_DEMO
B_20260907,2026-09-07T06:04:00,10,5,SYNTHETIC_DEMO
B_20260907,2026-09-07T06:04:30,11,3,SYNTHETIC_DEMO
B_20260907,2026-09-07T06:05:00,10,4,SYNTHETIC_DEMO
B_20260907,2026-09-07T06:05:30,9,3,SYNTHETIC_DEMO
B_20260907,2026-09-07T06:06:00,10,4,SYNTHETIC_DEMO
B_20260907,2026-09-07T06:06:30,11,4,SYNTHETIC_DEMO
B_20260907,2026-09-07T06:07:00,9,4,SYNTHETIC_DEMO
B_20260907,2026-09-07T06:07:30,11,3,SYNTHETIC_DEMO
B_20260907,2026-09-07T06:08:00,9,3,SYNTHETIC_DEMO
B_20260907,2026-09-07T06:08:30,10,5,SYNTHETIC_DEMO
B_20260907,2026-09-07T06:09:00,11,4,SYNTHETIC_DEMO
B_20260907,2026-09-07T06:09:30,9,3,SYNTHETIC_DEMO
B_20260907,2026-09-07T06:10:00,9,4,SYNTHETIC_DEMO
B_20260907,2026-09-07T06:10:30,12,4,SYNTHETIC_DEMO
B_20260907,2026-09-07T06:11:00,9,4,SYNTHETIC_DEMO
B_20260907,2026-09-07T06:11:30,10,4,SYNTHETIC_DEMO
B_20260907,2026-09-07T06:12:00,10,2,SYNTHETIC_DEMO
B_20260907,2026-09-07T06:12:30,10,4,SYNTHETIC_DEMO
B_20260907,2026-09-07T06:13:00,10,4,SYNTHETIC_DEMO
B_20260907,2026-09-07T06:13:30,10,4,SYNTHETIC_DEMO
B_20260907,2026-09-07T06:14:00,9,3,SYNTHETIC_DEMO
B_20260907,2026-09-07T06:14:30,9,2,SYNTHETIC_DEMO
B_20260907,2026-09-07T06:15:00,8,3,SYNTHETIC_DEMO
B_20260907,2026-09-07T06:15:30,8,4,SYNTHETIC_DEMO
B_20260907,2026-09-07T06:16:00,7,4,SYNTHETIC_DEMO
B_20260907,2026-09-07T06:16:30,8,3,SYNTHETIC_DEMO
B_20260907,2026-09-07T06:17:00,8,5,SYNTHETIC_DEMO
B_20260907,2026-09-07T06:17:30,8,3,SYNTHETIC_DEMO
B_20260907,2026-09-07T06:18:00,8,3,SYNTHETIC_DEMO
B_20260907,2026-09-07T06:18:30,7,3,SYNTHETIC_DEMO
B_20260907,2026-09-07T06:19:00,8,3,SYNTHETIC_DEMO
B_20260907,2026-09-07T06:19:30,8,5,SYNTHETIC_DEMO
B_20260907,2026-09-07T06:20:00,7,4,SYNTHETIC_DEMO
B_20260907,2026-09-07T06:20:30,7,3,SYNTHETIC_DEMO
B_20260907,2026-09-07T06:21:00,7,3,SYNTHETIC_DEMO
B_20260907,2026-09-07T06:21:30,7,4,SYNTHETIC_DEMO
B_20260907,2026-09-07T06:22:00,7,3,SYNTHETIC_DEMO
B_20260907,2026-09-07T06:22:30,6,4,SYNTHETIC_DEMO
B_20260907,2026-09-07T06:23:00,7,4,SYNTHETIC_DEMO
B_20260907,2026-09-07T06:23:30,7,3,SYNTHETIC_DEMO
B_20260907,2026-09-07T06:24:00,7,3,SYNTHETIC_DEMO
B_20260907,2026-09-07T06:24:30,6,4,SYNTHETIC_DEMO
B_20260907,2026-09-07T06:25:00,5,3,SYNTHETIC_DEMO
B_20260907,2026-09-07T06:25:30,5,4,SYNTHETIC_DEMO
B_20260907,2026-09-07T06:26:00,6,3,SYNTHETIC_DEMO
B_20260907,2026-09-07T06:26:30,5,3,SYNTHETIC_DEMO
B_20260907,2026-09-07T06:27:00,5,2,SYNTHETIC_DEMO
B_20260907,2026-09-07T06:27:30,5,3,SYNTHETIC_DEMO
B_20260907,2026-09-07T06:28:00,5,4,SYNTHETIC_DEMO
B_20260907,2026-09-07T06:28:30,5,4,SYNTHETIC_DEMO
B_20260907,2026-09-07T06:29:00,6,4,SYNTHETIC_DEMO
B_20260907,2026-09-07T06:29:30,5,2,SYNTHETIC_DEMO
B_20260907,2026-09-07T06:30:00,4,3,SYNTHETIC_DEMO
B_20260907,2026-09-07T06:30:30,4,3,SYNTHETIC_DEMO
B_20260907,2026-09-07T06:31:00,5,2,SYNTHETIC_DEMO
B_20260907,2026-09-07T06:31:30,5,3,SYNTHETIC_DEMO
B_20260907,2026-09-07T06:32:00,2,3,SYNTHETIC_DEMO
B_20260907,2026-09-07T06:32:30,4,3,SYNTHETIC_DEMO
B_20260907,2026-09-07T06:33:00,5,3,SYNTHETIC_DEMO
B_20260907,2026-09-07T06:33:30,5,3,SYNTHETIC_DEMO
B_20260907,2026-09-07T06:34:00,3,2,SYNTHETIC_DEMO
B_20260907,2026-09-07T06:34:30,5,4,SYNTHETIC_DEMO
B_20260907,2026-09-07T06:35:00,5,3,SYNTHETIC_DEMO
B_20260907,2026-09-07T06:35:30,3,4,SYNTHETIC_DEMO
B_20260907,2026-09-07T06:36:00,3,2,SYNTHETIC_DEMO
B_20260907,2026-09-07T06:36:30,3,3,SYNTHETIC_DEMO
B_20260907,2026-09-07T06:37:00,3,3,SYNTHETIC_DEMO
B_20260907,2026-09-07T06:37:30,3,2,SYNTHETIC_DEMO
B_20260907,2026-09-07T06:38:00,3,3,SYNTHETIC_DEMO
B_20260907,2026-09-07T06:38:30,3,2,SYNTHETIC_DEMO
B_20260907,2026-09-07T06:39:00,2,2,SYNTHETIC_DEMO
B_20260907,2026-09-07T06:39:30,1,2,SYNTHETIC_DEMO
B_20260907,2026-09-07T06:40:00,2,2,SYNTHETIC_DEMO
B_20260907,2026-09-07T06:40:30,3,3,SYNTHETIC_DEMO
B_20260907,2026-09-07T06:41:00,2,3,SYNTHETIC_DEMO
B_20260907,2026-09-07T06:41:30,4,3,SYNTHETIC_DEMO
B_20260907,2026-09-07T06:42:00,1,2,SYNTHETIC_DEMO
B_20260907,2026-09-07T06:42:30,2,2,SYNTHETIC_DEMO
B_20260907,2026-09-07T06:43:00,2,1,SYNTHETIC_DEMO
B_20260907,2026-09-07T06:43:30,2,2,SYNTHETIC_DEMO
B_20260907,2026-09-07T06:44:00,1,3,SYNTHETIC_DEMO
B_20260907,2026-09-07T06:44:30,2,2,SYNTHETIC_DEMO
B_20260907,2026-09-07T06:45:00,2,2,SYNTHETIC_DEMO
B_20260907,2026-09-07T06:45:30,2,3,SYNTHETIC_DEMO
B_20260907,2026-09-07T06:46:00,2,2,SYNTHETIC_DEMO
B_20260907,2026-09-07T06:46:30,3,3,SYNTHETIC_DEMO
B_20260907,2026-09-07T06:47:00,0,2,SYNTHETIC_DEMO
B_20260907,2026-09-07T06:47:30,2,3,SYNTHETIC_DEMO
B_20260907,2026-09-07T06:48:00,1,2,SYNTHETIC_DEMO
B_20260907,2026-09-07T06:48:30,0,3,SYNTHETIC_DEMO
B_20260907,2026-09-07T06:49:00,1,3,SYNTHETIC_DEMO
B_20260907,2026-09-07T06:49:30,2,3,SYNTHETIC_DEMO
B_20260907,2026-09-07T06:50:00,0,2,SYNTHETIC_DEMO
B_20260907,2026-09-07T06:50:30,0,2,SYNTHETIC_DEMO
B_20260907,2026-09-07T06:51:00,2,2,SYNTHETIC_DEMO
B_20260907,2026-09-07T06:51:30,2,2,SYNTHETIC_DEMO
B_20260907,2026-09-07T06:52:00,1,3,SYNTHETIC_DEMO
B_20260907,2026-09-07T06:52:30,1,1,SYNTHETIC_DEMO
B_20260907,2026-09-07T06:53:00,1,2,SYNTHETIC_DEMO
B_20260907,2026-09-07T06:53:30,1,2,SYNTHETIC_DEMO
B_20260907,2026-09-07T06:54:00,2,3,SYNTHETIC_DEMO
B_20260907,2026-09-07T06:54:30,0,2,SYNTHETIC_DEMO
B_20260907,2026-09-07T06:55:00,1,2,SYNTHETIC_DEMO
B_20260907,2026-09-07T06:55:30,1,2,SYNTHETIC_DEMO
B_20260907,2026-09-07T06:56:00,1,2,SYNTHETIC_DEMO
B_20260907,2026-09-07T06:56:30,1,2,SYNTHETIC_DEMO
B_20260907,2026-09-07T06:57:00,0,3,SYNTHETIC_DEMO
B_20260907,2026-09-07T06:57:30,1,3,SYNTHETIC_DEMO
B_20260907,2026-09-07T06:58:00,1,2,SYNTHETIC_DEMO
B_20260907,2026-09-07T06:58:30,1,2,SYNTHETIC_DEMO
B_20260907,2026-09-07T06:59:00,0,2,SYNTHETIC_DEMO
B_20260907,2026-09-07T06:59:30,1,3,SYNTHETIC_DEMO
B_20260907,2026-09-07T07:00:00,0,1,SYNTHETIC_DEMO
B_20260907,2026-09-07T07:00:30,2,1,SYNTHETIC_DEMO
B_20260907,2026-09-07T07:01:00,0,2,SYNTHETIC_DEMO
B_20260907,2026-09-07T07:01:30,2,2,SYNTHETIC_DEMO
B_20260907,2026-09-07T07:02:00,2,2,SYNTHETIC_DEMO
B_20260907,2026-09-07T07:02:30,0,3,SYNTHETIC_DEMO
B_20260907,2026-09-07T07:03:00,0,2,SYNTHETIC_DEMO
B_20260907,2026-09-07T07:03:30,1,2,SYNTHETIC_DEMO
B_20260907,2026-09-07T07:04:00,2,3,SYNTHETIC_DEMO
B_20260907,2026-09-07T07:04:30,1,2,SYNTHETIC_DEMO
B_20260907,2026-09-07T07:05:00,0,1,SYNTHETIC_DEMO
B_20260907,2026-09-07T07:05:30,0,2,SYNTHETIC_DEMO
B_20260907,2026-09-07T07:06:00,2,4,SYNTHETIC_DEMO
B_20260907,2026-09-07T07:06:30,2,3,SYNTHETIC_DEMO
B_20260907,2026-09-07T07:07:00,0,2,SYNTHETIC_DEMO
B_20260907,2026-09-07T07:07:30,1,2,SYNTHETIC_DEMO
B_20260907,2026-09-07T07:08:00,1,2,SYNTHETIC_DEMO
B_20260907,2026-09-07T07:08:30,2,3,SYNTHETIC_DEMO
B_20260907,2026-09-07T07:09:00,1,2,SYNTHETIC_DEMO
B_20260907,2026-09-07T07:09:30,0,2,SYNTHETIC_DEMO
B_20260907,2026-09-07T07:10:00,1,2,SYNTHETIC_DEMO
B_20260907,2026-09-07T07:10:30,0,2,SYNTHETIC_DEMO
B_20260907,2026-09-07T07:11:00,0,2,SYNTHETIC_DEMO
B_20260907,2026-09-07T07:11:30,2,2,SYNTHETIC_DEMO
B_20260907,2026-09-07T07:12:00,1,2,SYNTHETIC_DEMO
B_20260907,2026-09-07T07:12:30,0,3,SYNTHETIC_DEMO
B_20260907,2026-09-07T07:13:00,1,3,SYNTHETIC_DEMO
B_20260907,2026-09-07T07:13:30,2,2,SYNTHETIC_DEMO
B_20260907,2026-09-07T07:14:00,1,2,SYNTHETIC_DEMO
B_20260907,2026-09-07T07:14:30,1,3,SYNTHETIC_DEMO
B_20260907,2026-09-07T07:15:00,1,3,SYNTHETIC_DEMO
B_20260907,2026-09-07T07:15:30,0,2,SYNTHETIC_DEMO
B_20260907,2026-09-07T07:16:00,1,3,SYNTHETIC_DEMO
B_20260907,2026-09-07T07:16:30,1,2,SYNTHETIC_DEMO
B_20260907,2026-09-07T07:17:00,1,2,SYNTHETIC_DEMO
B_20260907,2026-09-07T07:17:30,1,3,SYNTHETIC_DEMO
B_20260907,2026-09-07T07:18:00,1,3,SYNTHETIC_DEMO
B_20260907,2026-09-07T07:18:30,1,3,SYNTHETIC_DEMO
B_20260907,2026-09-07T07:19:00,1,2,SYNTHETIC_DEMO
B_20260907,2026-09-07T07:19:30,1,2,SYNTHETIC_DEMO
B_20260907,2026-09-07T07:20:00,1,2,SYNTHETIC_DEMO
B_20260907,2026-09-07T07:20:30,2,2,SYNTHETIC_DEMO
B_20260907,2026-09-07T07:21:00,2,2,SYNTHETIC_DEMO
B_20260907,2026-09-07T07:21:30,2,2,SYNTHETIC_DEMO
B_20260907,2026-09-07T07:22:00,0,2,SYNTHETIC_DEMO
B_20260907,2026-09-07T07:22:30,2,2,SYNTHETIC_DEMO
B_20260907,2026-09-07T07:23:00,1,1,SYNTHETIC_DEMO
B_20260907,2026-09-07T07:23:30,0,2,SYNTHETIC_DEMO
B_20260907,2026-09-07T07:24:00,2,3,SYNTHETIC_DEMO
B_20260907,2026-09-07T07:24:30,2,2,SYNTHETIC_DEMO
B_20260907,2026-09-07T07:25:00,2,2,SYNTHETIC_DEMO
B_20260907,2026-09-07T07:25:30,0,2,SYNTHETIC_DEMO
B_20260907,2026-09-07T07:26:00,2,2,SYNTHETIC_DEMO
B_20260907,2026-09-07T07:26:30,1,3,SYNTHETIC_DEMO
B_20260907,2026-09-07T07:27:00,0,1,SYNTHETIC_DEMO
B_20260907,2026-09-07T07:27:30,1,2,SYNTHETIC_DEMO
B_20260907,2026-09-07T07:28:00,2,2,SYNTHETIC_DEMO
B_20260907,2026-09-07T07:28:30,1,2,SYNTHETIC_DEMO
B_20260907,2026-09-07T07:29:00,1,3,SYNTHETIC_DEMO
B_20260907,2026-09-07T07:29:30,0,2,SYNTHETIC_DEMO
L_20260907,2026-09-07T11:30:00,6,3,SYNTHETIC_DEMO
L_20260907,2026-09-07T11:30:30,8,4,SYNTHETIC_DEMO
L_20260907,2026-09-07T11:31:00,7,3,SYNTHETIC_DEMO
L_20260907,2026-09-07T11:31:30,7,4,SYNTHETIC_DEMO
L_20260907,2026-09-07T11:32:00,9,4,SYNTHETIC_DEMO
L_20260907,2026-09-07T11:32:30,7,3,SYNTHETIC_DEMO
L_20260907,2026-09-07T11:33:00,9,4,SYNTHETIC_DEMO
L_20260907,2026-09-07T11:33:30,9,3,SYNTHETIC_DEMO
L_20260907,2026-09-07T11:34:00,9,3,SYNTHETIC_DEMO
L_20260907,2026-09-07T11:34:30,9,3,SYNTHETIC_DEMO
L_20260907,2026-09-07T11:35:00,9,4,SYNTHETIC_DEMO
L_20260907,2026-09-07T11:35:30,8,3,SYNTHETIC_DEMO
L_20260907,2026-09-07T11:36:00,10,4,SYNTHETIC_DEMO
L_20260907,2026-09-07T11:36:30,11,4,SYNTHETIC_DEMO
L_20260907,2026-09-07T11:37:00,10,3,SYNTHETIC_DEMO
L_20260907,2026-09-07T11:37:30,11,5,SYNTHETIC_DEMO
L_20260907,2026-09-07T11:38:00,13,4,SYNTHETIC_DEMO
L_20260907,2026-09-07T11:38:30,12,3,SYNTHETIC_DEMO
L_20260907,2026-09-07T11:39:00,12,5,SYNTHETIC_DEMO
L_20260907,2026-09-07T11:39:30,12,5,SYNTHETIC_DEMO
L_20260907,2026-09-07T11:40:00,13,4,SYNTHETIC_DEMO
L_20260907,2026-09-07T11:40:30,14,5,SYNTHETIC_DEMO
L_20260907,2026-09-07T11:41:00,14,4,SYNTHETIC_DEMO
L_20260907,2026-09-07T11:41:30,14,5,SYNTHETIC_DEMO
L_20260907,2026-09-07T11:42:00,15,5,SYNTHETIC_DEMO
L_20260907,2026-09-07T11:42:30,14,4,SYNTHETIC_DEMO
L_20260907,2026-09-07T11:43:00,15,4,SYNTHETIC_DEMO
L_20260907,2026-09-07T11:43:30,15,5,SYNTHETIC_DEMO
L_20260907,2026-09-07T11:44:00,15,5,SYNTHETIC_DEMO
L_20260907,2026-09-07T11:44:30,16,6,SYNTHETIC_DEMO
L_20260907,2026-09-07T11:45:00,16,5,SYNTHETIC_DEMO
L_20260907,2026-09-07T11:45:30,17,5,SYNTHETIC_DEMO
L_20260907,2026-09-07T11:46:00,17,5,SYNTHETIC_DEMO
L_20260907,2026-09-07T11:46:30,18,6,SYNTHETIC_DEMO
L_20260907,2026-09-07T11:47:00,17,5,SYNTHETIC_DEMO
L_20260907,2026-09-07T11:47:30,17,5,SYNTHETIC_DEMO
L_20260907,2026-09-07T11:48:00,17,6,SYNTHETIC_DEMO
L_20260907,2026-09-07T11:48:30,19,6,SYNTHETIC_DEMO
L_20260907,2026-09-07T11:49:00,18,5,SYNTHETIC_DEMO
L_20260907,2026-09-07T11:49:30,18,5,SYNTHETIC_DEMO
L_20260907,2026-09-07T11:50:00,19,6,SYNTHETIC_DEMO
L_20260907,2026-09-07T11:50:30,19,6,SYNTHETIC_DEMO
L_20260907,2026-09-07T11:51:00,21,6,SYNTHETIC_DEMO
L_20260907,2026-09-07T11:51:30,20,6,SYNTHETIC_DEMO
L_20260907,2026-09-07T11:52:00,22,6,SYNTHETIC_DEMO
L_20260907,2026-09-07T11:52:30,19,5,SYNTHETIC_DEMO
L_20260907,2026-09-07T11:53:00,20,5,SYNTHETIC_DEMO
L_20260907,2026-09-07T11:53:30,22,7,SYNTHETIC_DEMO
L_20260907,2026-09-07T11:54:00,22,6,SYNTHETIC_DEMO
L_20260907,2026-09-07T11:54:30,23,7,SYNTHETIC_DEMO
L_20260907,2026-09-07T11:55:00,21,6,SYNTHETIC_DEMO
L_20260907,2026-09-07T11:55:30,22,6,SYNTHETIC_DEMO
L_20260907,2026-09-07T11:56:00,23,7,SYNTHETIC_DEMO
L_20260907,2026-09-07T11:56:30,22,5,SYNTHETIC_DEMO
L_20260907,2026-09-07T11:57:00,21,6,SYNTHETIC_DEMO
L_20260907,2026-09-07T11:57:30,21,6,SYNTHETIC_DEMO
L_20260907,2026-09-07T11:58:00,23,6,SYNTHETIC_DEMO
L_20260907,2026-09-07T11:58:30,22,6,SYNTHETIC_DEMO
L_20260907,2026-09-07T11:59:00,22,6,SYNTHETIC_DEMO
L_20260907,2026-09-07T11:59:30,23,6,SYNTHETIC_DEMO
L_20260907,2026-09-07T12:00:00,22,6,SYNTHETIC_DEMO
L_20260907,2026-09-07T12:00:30,23,7,SYNTHETIC_DEMO
L_20260907,2026-09-07T12:01:00,23,6,SYNTHETIC_DEMO
L_20260907,2026-09-07T12:01:30,23,5,SYNTHETIC_DEMO
L_20260907,2026-09-07T12:02:00,23,6,SYNTHETIC_DEMO
L_20260907,2026-09-07T12:02:30,23,6,SYNTHETIC_DEMO
L_20260907,2026-09-07T12:03:00,22,6,SYNTHETIC_DEMO
L_20260907,2026-09-07T12:03:30,21,5,SYNTHETIC_DEMO
L_20260907,2026-09-07T12:04:00,22,6,SYNTHETIC_DEMO
L_20260907,2026-09-07T12:04:30,22,6,SYNTHETIC_DEMO
L_20260907,2026-09-07T12:05:00,20,5,SYNTHETIC_DEMO
L_20260907,2026-09-07T12:05:30,21,6,SYNTHETIC_DEMO
L_20260907,2026-09-07T12:06:00,21,5,SYNTHETIC_DEMO
L_20260907,2026-09-07T12:06:30,21,5,SYNTHETIC_DEMO
L_20260907,2026-09-07T12:07:00,20,6,SYNTHETIC_DEMO
L_20260907,2026-09-07T12:07:30,21,6,SYNTHETIC_DEMO
L_20260907,2026-09-07T12:08:00,22,6,SYNTHETIC_DEMO
L_20260907,2026-09-07T12:08:30,19,6,SYNTHETIC_DEMO
L_20260907,2026-09-07T12:09:00,20,6,SYNTHETIC_DEMO
L_20260907,2026-09-07T12:09:30,20,5,SYNTHETIC_DEMO
L_20260907,2026-09-07T12:10:00,19,4,SYNTHETIC_DEMO
L_20260907,2026-09-07T12:10:30,19,5,SYNTHETIC_DEMO
L_20260907,2026-09-07T12:11:00,19,6,SYNTHETIC_DEMO
L_20260907,2026-09-07T12:11:30,18,5,SYNTHETIC_DEMO
L_20260907,2026-09-07T12:12:00,19,6,SYNTHETIC_DEMO
L_20260907,2026-09-07T12:12:30,18,5,SYNTHETIC_DEMO
L_20260907,2026-09-07T12:13:00,17,5,SYNTHETIC_DEMO
L_20260907,2026-09-07T12:13:30,17,5,SYNTHETIC_DEMO
L_20260907,2026-09-07T12:14:00,17,5,SYNTHETIC_DEMO
L_20260907,2026-09-07T12:14:30,17,5,SYNTHETIC_DEMO
L_20260907,2026-09-07T12:15:00,17,6,SYNTHETIC_DEMO
L_20260907,2026-09-07T12:15:30,16,6,SYNTHETIC_DEMO
L_20260907,2026-09-07T12:16:00,15,5,SYNTHETIC_DEMO
L_20260907,2026-09-07T12:16:30,15,5,SYNTHETIC_DEMO
L_20260907,2026-09-07T12:17:00,15,5,SYNTHETIC_DEMO
L_20260907,2026-09-07T12:17:30,14,4,SYNTHETIC_DEMO
L_20260907,2026-09-07T12:18:00,15,5,SYNTHETIC_DEMO
L_20260907,2026-09-07T12:18:30,13,4,SYNTHETIC_DEMO
L_20260907,2026-09-07T12:19:00,12,4,SYNTHETIC_DEMO
L_20260907,2026-09-07T12:19:30,14,5,SYNTHETIC_DEMO
L_20260907,2026-09-07T12:20:00,12,4,SYNTHETIC_DEMO
L_20260907,2026-09-07T12:20:30,12,4,SYNTHETIC_DEMO
L_20260907,2026-09-07T12:21:00,12,4,SYNTHETIC_DEMO
L_20260907,2026-09-07T12:21:30,10,4,SYNTHETIC_DEMO
L_20260907,2026-09-07T12:22:00,10,4,SYNTHETIC_DEMO
L_20260907,2026-09-07T12:22:30,12,4,SYNTHETIC_DEMO
L_20260907,2026-09-07T12:23:00,10,3,SYNTHETIC_DEMO
L_20260907,2026-09-07T12:23:30,11,4,SYNTHETIC_DEMO
L_20260907,2026-09-07T12:24:00,10,4,SYNTHETIC_DEMO
L_20260907,2026-09-07T12:24:30,10,4,SYNTHETIC_DEMO
L_20260907,2026-09-07T12:25:00,9,2,SYNTHETIC_DEMO
L_20260907,2026-09-07T12:25:30,9,5,SYNTHETIC_DEMO
L_20260907,2026-09-07T12:26:00,10,4,SYNTHETIC_DEMO
L_20260907,2026-09-07T12:26:30,7,2,SYNTHETIC_DEMO
L_20260907,2026-09-07T12:27:00,8,3,SYNTHETIC_DEMO
L_20260907,2026-09-07T12:27:30,7,3,SYNTHETIC_DEMO
L_20260907,2026-09-07T12:28:00,7,3,SYNTHETIC_DEMO
L_20260907,2026-09-07T12:28:30,8,4,SYNTHETIC_DEMO
L_20260907,2026-09-07T12:29:00,7,2,SYNTHETIC_DEMO
L_20260907,2026-09-07T12:29:30,7,3,SYNTHETIC_DEMO
L_20260907,2026-09-07T12:30:00,6,3,SYNTHETIC_DEMO
L_20260907,2026-09-07T12:30:30,4,3,SYNTHETIC_DEMO
L_20260907,2026-09-07T12:31:00,6,3,SYNTHETIC_DEMO
L_20260907,2026-09-07T12:31:30,6,4,SYNTHETIC_DEMO
L_20260907,2026-09-07T12:32:00,5,3,SYNTHETIC_DEMO
L_20260907,2026-09-07T12:32:30,5,4,SYNTHETIC_DEMO
L_20260907,2026-09-07T12:33:00,6,3,SYNTHETIC_DEMO
L_20260907,2026-09-07T12:33:30,5,3,SYNTHETIC_DEMO
L_20260907,2026-09-07T12:34:00,4,3,SYNTHETIC_DEMO
L_20260907,2026-09-07T12:34:30,1,2,SYNTHETIC_DEMO
L_20260907,2026-09-07T12:35:00,4,2,SYNTHETIC_DEMO
L_20260907,2026-09-07T12:35:30,4,3,SYNTHETIC_DEMO
L_20260907,2026-09-07T12:36:00,3,2,SYNTHETIC_DEMO
L_20260907,2026-09-07T12:36:30,2,2,SYNTHETIC_DEMO
L_20260907,2026-09-07T12:37:00,3,3,SYNTHETIC_DEMO
L_20260907,2026-09-07T12:37:30,3,3,SYNTHETIC_DEMO
L_20260907,2026-09-07T12:38:00,4,3,SYNTHETIC_DEMO
L_20260907,2026-09-07T12:38:30,3,3,SYNTHETIC_DEMO
L_20260907,2026-09-07T12:39:00,2,3,SYNTHETIC_DEMO
L_20260907,2026-09-07T12:39:30,4,2,SYNTHETIC_DEMO
L_20260907,2026-09-07T12:40:00,2,3,SYNTHETIC_DEMO
L_20260907,2026-09-07T12:40:30,3,3,SYNTHETIC_DEMO
L_20260907,2026-09-07T12:41:00,2,3,SYNTHETIC_DEMO
L_20260907,2026-09-07T12:41:30,2,2,SYNTHETIC_DEMO
L_20260907,2026-09-07T12:42:00,2,3,SYNTHETIC_DEMO
L_20260907,2026-09-07T12:42:30,0,2,SYNTHETIC_DEMO
L_20260907,2026-09-07T12:43:00,3,3,SYNTHETIC_DEMO
L_20260907,2026-09-07T12:43:30,1,3,SYNTHETIC_DEMO
L_20260907,2026-09-07T12:44:00,1,3,SYNTHETIC_DEMO
L_20260907,2026-09-07T12:44:30,1,2,SYNTHETIC_DEMO
L_20260907,2026-09-07T12:45:00,2,2,SYNTHETIC_DEMO
L_20260907,2026-09-07T12:45:30,1,2,SYNTHETIC_DEMO
L_20260907,2026-09-07T12:46:00,1,3,SYNTHETIC_DEMO
L_20260907,2026-09-07T12:46:30,1,2,SYNTHETIC_DEMO
L_20260907,2026-09-07T12:47:00,2,2,SYNTHETIC_DEMO
L_20260907,2026-09-07T12:47:30,1,2,SYNTHETIC_DEMO
L_20260907,2026-09-07T12:48:00,2,2,SYNTHETIC_DEMO
L_20260907,2026-09-07T12:48:30,2,2,SYNTHETIC_DEMO
L_20260907,2026-09-07T12:49:00,1,3,SYNTHETIC_DEMO
L_20260907,2026-09-07T12:49:30,1,3,SYNTHETIC_DEMO
L_20260907,2026-09-07T12:50:00,2,2,SYNTHETIC_DEMO
L_20260907,2026-09-07T12:50:30,1,2,SYNTHETIC_DEMO
L_20260907,2026-09-07T12:51:00,2,2,SYNTHETIC_DEMO
L_20260907,2026-09-07T12:51:30,0,2,SYNTHETIC_DEMO
L_20260907,2026-09-07T12:52:00,2,2,SYNTHETIC_DEMO
L_20260907,2026-09-07T12:52:30,2,2,SYNTHETIC_DEMO
L_20260907,2026-09-07T12:53:00,2,2,SYNTHETIC_DEMO
L_20260907,2026-09-07T12:53:30,1,2,SYNTHETIC_DEMO
L_20260907,2026-09-07T12:54:00,1,2,SYNTHETIC_DEMO
L_20260907,2026-09-07T12:54:30,1,2,SYNTHETIC_DEMO
L_20260907,2026-09-07T12:55:00,3,3,SYNTHETIC_DEMO
L_20260907,2026-09-07T12:55:30,1,3,SYNTHETIC_DEMO
L_20260907,2026-09-07T12:56:00,1,1,SYNTHETIC_DEMO
L_20260907,2026-09-07T12:56:30,2,3,SYNTHETIC_DEMO
L_20260907,2026-09-07T12:57:00,0,2,SYNTHETIC_DEMO
L_20260907,2026-09-07T12:57:30,1,1,SYNTHETIC_DEMO
L_20260907,2026-09-07T12:58:00,2,3,SYNTHETIC_DEMO
L_20260907,2026-09-07T12:58:30,0,2,SYNTHETIC_DEMO
L_20260907,2026-09-07T12:59:00,1,2,SYNTHETIC_DEMO
L_20260907,2026-09-07T12:59:30,2,3,SYNTHETIC_DEMO
L_20260907,2026-09-07T13:00:00,1,2,SYNTHETIC_DEMO
L_20260907,2026-09-07T13:00:30,2,3,SYNTHETIC_DEMO
L_20260907,2026-09-07T13:01:00,0,2,SYNTHETIC_DEMO
L_20260907,2026-09-07T13:01:30,0,2,SYNTHETIC_DEMO
L_20260907,2026-09-07T13:02:00,1,2,SYNTHETIC_DEMO
L_20260907,2026-09-07T13:02:30,1,2,SYNTHETIC_DEMO
L_20260907,2026-09-07T13:03:00,3,3,SYNTHETIC_DEMO
L_20260907,2026-09-07T13:03:30,2,2,SYNTHETIC_DEMO
L_20260907,2026-09-07T13:04:00,2,3,SYNTHETIC_DEMO
L_20260907,2026-09-07T13:04:30,2,2,SYNTHETIC_DEMO
L_20260907,2026-09-07T13:05:00,0,2,SYNTHETIC_DEMO
L_20260907,2026-09-07T13:05:30,1,2,SYNTHETIC_DEMO
L_20260907,2026-09-07T13:06:00,0,2,SYNTHETIC_DEMO
L_20260907,2026-09-07T13:06:30,2,3,SYNTHETIC_DEMO
L_20260907,2026-09-07T13:07:00,0,3,SYNTHETIC_DEMO
L_20260907,2026-09-07T13:07:30,2,2,SYNTHETIC_DEMO
L_20260907,2026-09-07T13:08:00,0,1,SYNTHETIC_DEMO
L_20260907,2026-09-07T13:08:30,0,2,SYNTHETIC_DEMO
L_20260907,2026-09-07T13:09:00,2,2,SYNTHETIC_DEMO
L_20260907,2026-09-07T13:09:30,0,2,SYNTHETIC_DEMO
L_20260907,2026-09-07T13:10:00,1,3,SYNTHETIC_DEMO
L_20260907,2026-09-07T13:10:30,1,2,SYNTHETIC_DEMO
L_20260907,2026-09-07T13:11:00,1,2,SYNTHETIC_DEMO
L_20260907,2026-09-07T13:11:30,0,2,SYNTHETIC_DEMO
L_20260907,2026-09-07T13:12:00,2,2,SYNTHETIC_DEMO
L_20260907,2026-09-07T13:12:30,1,2,SYNTHETIC_DEMO
L_20260907,2026-09-07T13:13:00,1,2,SYNTHETIC_DEMO
L_20260907,2026-09-07T13:13:30,1,3,SYNTHETIC_DEMO
L_20260907,2026-09-07T13:14:00,3,3,SYNTHETIC_DEMO
L_20260907,2026-09-07T13:14:30,2,1,SYNTHETIC_DEMO
L_20260907,2026-09-07T13:15:00,0,2,SYNTHETIC_DEMO
L_20260907,2026-09-07T13:15:30,0,3,SYNTHETIC_DEMO
L_20260907,2026-09-07T13:16:00,1,2,SYNTHETIC_DEMO
L_20260907,2026-09-07T13:16:30,2,2,SYNTHETIC_DEMO
L_20260907,2026-09-07T13:17:00,2,3,SYNTHETIC_DEMO
L_20260907,2026-09-07T13:17:30,0,1,SYNTHETIC_DEMO
L_20260907,2026-09-07T13:18:00,1,2,SYNTHETIC_DEMO
L_20260907,2026-09-07T13:18:30,1,3,SYNTHETIC_DEMO
L_20260907,2026-09-07T13:19:00,2,3,SYNTHETIC_DEMO
L_20260907,2026-09-07T13:19:30,2,2,SYNTHETIC_DEMO
L_20260907,2026-09-07T13:20:00,1,2,SYNTHETIC_DEMO
L_20260907,2026-09-07T13:20:30,1,2,SYNTHETIC_DEMO
L_20260907,2026-09-07T13:21:00,1,2,SYNTHETIC_DEMO
L_20260907,2026-09-07T13:21:30,2,2,SYNTHETIC_DEMO
L_20260907,2026-09-07T13:22:00,1,3,SYNTHETIC_DEMO
L_20260907,2026-09-07T13:22:30,2,1,SYNTHETIC_DEMO
L_20260907,2026-09-07T13:23:00,1,2,SYNTHETIC_DEMO
L_20260907,2026-09-07T13:23:30,1,2,SYNTHETIC_DEMO
L_20260907,2026-09-07T13:24:00,0,2,SYNTHETIC_DEMO
L_20260907,2026-09-07T13:24:30,2,3,SYNTHETIC_DEMO
L_20260907,2026-09-07T13:25:00,0,2,SYNTHETIC_DEMO
L_20260907,2026-09-07T13:25:30,2,3,SYNTHETIC_DEMO
L_20260907,2026-09-07T13:26:00,0,2,SYNTHETIC_DEMO
L_20260907,2026-09-07T13:26:30,0,2,SYNTHETIC_DEMO
L_20260907,2026-09-07T13:27:00,1,3,SYNTHETIC_DEMO
L_20260907,2026-09-07T13:27:30,1,3,SYNTHETIC_DEMO
L_20260907,2026-09-07T13:28:00,1,3,SYNTHETIC_DEMO
L_20260907,2026-09-07T13:28:30,2,3,SYNTHETIC_DEMO
L_20260907,2026-09-07T13:29:00,0,2,SYNTHETIC_DEMO
L_20260907,2026-09-07T13:29:30,0,2,SYNTHETIC_DEMO
D_20260907,2026-09-07T17:00:00,2,3,SYNTHETIC_DEMO
D_20260907,2026-09-07T17:00:30,2,2,SYNTHETIC_DEMO
D_20260907,2026-09-07T17:01:00,2,2,SYNTHETIC_DEMO
D_20260907,2026-09-07T17:01:30,3,2,SYNTHETIC_DEMO
D_20260907,2026-09-07T17:02:00,4,3,SYNTHETIC_DEMO
D_20260907,2026-09-07T17:02:30,3,3,SYNTHETIC_DEMO
D_20260907,2026-09-07T17:03:00,2,2,SYNTHETIC_DEMO
D_20260907,2026-09-07T17:03:30,3,2,SYNTHETIC_DEMO
D_20260907,2026-09-07T17:04:00,3,3,SYNTHETIC_DEMO
D_20260907,2026-09-07T17:04:30,3,3,SYNTHETIC_DEMO
D_20260907,2026-09-07T17:05:00,3,3,SYNTHETIC_DEMO
D_20260907,2026-09-07T17:05:30,4,3,SYNTHETIC_DEMO
D_20260907,2026-09-07T17:06:00,4,2,SYNTHETIC_DEMO
D_20260907,2026-09-07T17:06:30,4,2,SYNTHETIC_DEMO
D_20260907,2026-09-07T17:07:00,3,3,SYNTHETIC_DEMO
D_20260907,2026-09-07T17:07:30,4,3,SYNTHETIC_DEMO
D_20260907,2026-09-07T17:08:00,3,3,SYNTHETIC_DEMO
D_20260907,2026-09-07T17:08:30,3,2,SYNTHETIC_DEMO
D_20260907,2026-09-07T17:09:00,4,3,SYNTHETIC_DEMO
D_20260907,2026-09-07T17:09:30,6,4,SYNTHETIC_DEMO
D_20260907,2026-09-07T17:10:00,5,3,SYNTHETIC_DEMO
D_20260907,2026-09-07T17:10:30,5,3,SYNTHETIC_DEMO
D_20260907,2026-09-07T17:11:00,5,3,SYNTHETIC_DEMO
D_20260907,2026-09-07T17:11:30,7,3,SYNTHETIC_DEMO
D_20260907,2026-09-07T17:12:00,7,4,SYNTHETIC_DEMO
D_20260907,2026-09-07T17:12:30,6,3,SYNTHETIC_DEMO
D_20260907,2026-09-07T17:13:00,5,2,SYNTHETIC_DEMO
D_20260907,2026-09-07T17:13:30,6,3,SYNTHETIC_DEMO
D_20260907,2026-09-07T17:14:00,6,3,SYNTHETIC_DEMO
D_20260907,2026-09-07T17:14:30,7,3,SYNTHETIC_DEMO
D_20260907,2026-09-07T17:15:00,7,3,SYNTHETIC_DEMO
D_20260907,2026-09-07T17:15:30,7,3,SYNTHETIC_DEMO
D_20260907,2026-09-07T17:16:00,7,2,SYNTHETIC_DEMO
D_20260907,2026-09-07T17:16:30,8,3,SYNTHETIC_DEMO
D_20260907,2026-09-07T17:17:00,9,4,SYNTHETIC_DEMO
D_20260907,2026-09-07T17:17:30,8,4,SYNTHETIC_DEMO
D_20260907,2026-09-07T17:18:00,8,4,SYNTHETIC_DEMO
D_20260907,2026-09-07T17:18:30,8,3,SYNTHETIC_DEMO
D_20260907,2026-09-07T17:19:00,10,4,SYNTHETIC_DEMO
D_20260907,2026-09-07T17:19:30,9,4,SYNTHETIC_DEMO
D_20260907,2026-09-07T17:20:00,9,4,SYNTHETIC_DEMO
D_20260907,2026-09-07T17:20:30,8,3,SYNTHETIC_DEMO
D_20260907,2026-09-07T17:21:00,10,3,SYNTHETIC_DEMO
D_20260907,2026-09-07T17:21:30,10,3,SYNTHETIC_DEMO
D_20260907,2026-09-07T17:22:00,9,3,SYNTHETIC_DEMO
D_20260907,2026-09-07T17:22:30,10,4,SYNTHETIC_DEMO
D_20260907,2026-09-07T17:23:00,11,4,SYNTHETIC_DEMO
D_20260907,2026-09-07T17:23:30,11,5,SYNTHETIC_DEMO
D_20260907,2026-09-07T17:24:00,11,5,SYNTHETIC_DEMO
D_20260907,2026-09-07T17:24:30,11,3,SYNTHETIC_DEMO
D_20260907,2026-09-07T17:25:00,11,4,SYNTHETIC_DEMO
D_20260907,2026-09-07T17:25:30,12,5,SYNTHETIC_DEMO
D_20260907,2026-09-07T17:26:00,13,5,SYNTHETIC_DEMO
D_20260907,2026-09-07T17:26:30,12,4,SYNTHETIC_DEMO
D_20260907,2026-09-07T17:27:00,11,4,SYNTHETIC_DEMO
D_20260907,2026-09-07T17:27:30,13,4,SYNTHETIC_DEMO
D_20260907,2026-09-07T17:28:00,15,4,SYNTHETIC_DEMO
D_20260907,2026-09-07T17:28:30,14,4,SYNTHETIC_DEMO
D_20260907,2026-09-07T17:29:00,13,4,SYNTHETIC_DEMO
D_20260907,2026-09-07T17:29:30,13,4,SYNTHETIC_DEMO
D_20260907,2026-09-07T17:30:00,13,5,SYNTHETIC_DEMO
D_20260907,2026-09-07T17:30:30,15,5,SYNTHETIC_DEMO
D_20260907,2026-09-07T17:31:00,13,4,SYNTHETIC_DEMO
D_20260907,2026-09-07T17:31:30,15,4,SYNTHETIC_DEMO
D_20260907,2026-09-07T17:32:00,15,5,SYNTHETIC_DEMO
D_20260907,2026-09-07T17:32:30,14,5,SYNTHETIC_DEMO
D_20260907,2026-09-07T17:33:00,14,5,SYNTHETIC_DEMO
D_20260907,2026-09-07T17:33:30,16,4,SYNTHETIC_DEMO
D_20260907,2026-09-07T17:34:00,15,5,SYNTHETIC_DEMO
D_20260907,2026-09-07T17:34:30,15,5,SYNTHETIC_DEMO
D_20260907,2026-09-07T17:35:00,15,5,SYNTHETIC_DEMO
D_20260907,2026-09-07T17:35:30,16,4,SYNTHETIC_DEMO
D_20260907,2026-09-07T17:36:00,16,4,SYNTHETIC_DEMO
D_20260907,2026-09-07T17:36:30,16,5,SYNTHETIC_DEMO
D_20260907,2026-09-07T17:37:00,15,4,SYNTHETIC_DEMO
D_20260907,2026-09-07T17:37:30,16,5,SYNTHETIC_DEMO
D_20260907,2026-09-07T17:38:00,17,5,SYNTHETIC_DEMO
D_20260907,2026-09-07T17:38:30,16,5,SYNTHETIC_DEMO
D_20260907,2026-09-07T17:39:00,17,5,SYNTHETIC_DEMO
D_20260907,2026-09-07T17:39:30,16,5,SYNTHETIC_DEMO
D_20260907,2026-09-07T17:40:00,16,4,SYNTHETIC_DEMO
D_20260907,2026-09-07T17:40:30,17,5,SYNTHETIC_DEMO
D_20260907,2026-09-07T17:41:00,16,5,SYNTHETIC_DEMO
D_20260907,2026-09-07T17:41:30,17,5,SYNTHETIC_DEMO
D_20260907,2026-09-07T17:42:00,16,5,SYNTHETIC_DEMO
D_20260907,2026-09-07T17:42:30,15,5,SYNTHETIC_DEMO
D_20260907,2026-09-07T17:43:00,16,5,SYNTHETIC_DEMO
D_20260907,2026-09-07T17:43:30,16,5,SYNTHETIC_DEMO
D_20260907,2026-09-07T17:44:00,16,5,SYNTHETIC_DEMO
D_20260907,2026-09-07T17:44:30,15,5,SYNTHETIC_DEMO
D_20260907,2026-09-07T17:45:00,15,5,SYNTHETIC_DEMO
D_20260907,2026-09-07T17:45:30,14,4,SYNTHETIC_DEMO
D_20260907,2026-09-07T17:46:00,16,5,SYNTHETIC_DEMO
D_20260907,2026-09-07T17:46:30,15,5,SYNTHETIC_DEMO
D_20260907,2026-09-07T17:47:00,15,5,SYNTHETIC_DEMO
D_20260907,2026-09-07T17:47:30,15,5,SYNTHETIC_DEMO
D_20260907,2026-09-07T17:48:00,15,5,SYNTHETIC_DEMO
D_20260907,2026-09-07T17:48:30,14,4,SYNTHETIC_DEMO
D_20260907,2026-09-07T17:49:00,15,6,SYNTHETIC_DEMO
D_20260907,2026-09-07T17:49:30,13,4,SYNTHETIC_DEMO
D_20260907,2026-09-07T17:50:00,14,4,SYNTHETIC_DEMO
D_20260907,2026-09-07T17:50:30,14,5,SYNTHETIC_DEMO
D_20260907,2026-09-07T17:51:00,14,4,SYNTHETIC_DEMO
D_20260907,2026-09-07T17:51:30,14,5,SYNTHETIC_DEMO
D_20260907,2026-09-07T17:52:00,12,3,SYNTHETIC_DEMO
D_20260907,2026-09-07T17:52:30,12,4,SYNTHETIC_DEMO
D_20260907,2026-09-07T17:53:00,13,5,SYNTHETIC_DEMO
D_20260907,2026-09-07T17:53:30,12,4,SYNTHETIC_DEMO
D_20260907,2026-09-07T17:54:00,13,4,SYNTHETIC_DEMO
D_20260907,2026-09-07T17:54:30,11,4,SYNTHETIC_DEMO
D_20260907,2026-09-07T17:55:00,11,4,SYNTHETIC_DEMO
D_20260907,2026-09-07T17:55:30,12,4,SYNTHETIC_DEMO
D_20260907,2026-09-07T17:56:00,12,5,SYNTHETIC_DEMO
D_20260907,2026-09-07T17:56:30,11,5,SYNTHETIC_DEMO
D_20260907,2026-09-07T17:57:00,11,4,SYNTHETIC_DEMO
D_20260907,2026-09-07T17:57:30,11,4,SYNTHETIC_DEMO
D_20260907,2026-09-07T17:58:00,11,4,SYNTHETIC_DEMO
D_20260907,2026-09-07T17:58:30,8,3,SYNTHETIC_DEMO
D_20260907,2026-09-07T17:59:00,10,3,SYNTHETIC_DEMO
D_20260907,2026-09-07T17:59:30,10,3,SYNTHETIC_DEMO
D_20260907,2026-09-07T18:00:00,10,4,SYNTHETIC_DEMO
D_20260907,2026-09-07T18:00:30,9,4,SYNTHETIC_DEMO
D_20260907,2026-09-07T18:01:00,9,4,SYNTHETIC_DEMO
D_20260907,2026-09-07T18:01:30,9,3,SYNTHETIC_DEMO
D_20260907,2026-09-07T18:02:00,9,4,SYNTHETIC_DEMO
D_20260907,2026-09-07T18:02:30,8,4,SYNTHETIC_DEMO
D_20260907,2026-09-07T18:03:00,9,4,SYNTHETIC_DEMO
D_20260907,2026-09-07T18:03:30,8,4,SYNTHETIC_DEMO
D_20260907,2026-09-07T18:04:00,8,3,SYNTHETIC_DEMO
D_20260907,2026-09-07T18:04:30,6,3,SYNTHETIC_DEMO
D_20260907,2026-09-07T18:05:00,7,3,SYNTHETIC_DEMO
D_20260907,2026-09-07T18:05:30,7,3,SYNTHETIC_DEMO
D_20260907,2026-09-07T18:06:00,6,3,SYNTHETIC_DEMO
D_20260907,2026-09-07T18:06:30,5,3,SYNTHETIC_DEMO
D_20260907,2026-09-07T18:07:00,7,3,SYNTHETIC_DEMO
D_20260907,2026-09-07T18:07:30,4,3,SYNTHETIC_DEMO
D_20260907,2026-09-07T18:08:00,5,3,SYNTHETIC_DEMO
D_20260907,2026-09-07T18:08:30,5,3,SYNTHETIC_DEMO
D_20260907,2026-09-07T18:09:00,5,3,SYNTHETIC_DEMO
D_20260907,2026-09-07T18:09:30,4,3,SYNTHETIC_DEMO
D_20260907,2026-09-07T18:10:00,4,3,SYNTHETIC_DEMO
D_20260907,2026-09-07T18:10:30,4,3,SYNTHETIC_DEMO
D_20260907,2026-09-07T18:11:00,4,3,SYNTHETIC_DEMO
D_20260907,2026-09-07T18:11:30,5,3,SYNTHETIC_DEMO
D_20260907,2026-09-07T18:12:00,3,3,SYNTHETIC_DEMO
D_20260907,2026-09-07T18:12:30,5,3,SYNTHETIC_DEMO
D_20260907,2026-09-07T18:13:00,3,3,SYNTHETIC_DEMO
D_20260907,2026-09-07T18:13:30,3,2,SYNTHETIC_DEMO
D_20260907,2026-09-07T18:14:00,2,3,SYNTHETIC_DEMO
D_20260907,2026-09-07T18:14:30,3,4,SYNTHETIC_DEMO
D_20260907,2026-09-07T18:15:00,3,1,SYNTHETIC_DEMO
D_20260907,2026-09-07T18:15:30,3,2,SYNTHETIC_DEMO
D_20260907,2026-09-07T18:16:00,2,2,SYNTHETIC_DEMO
D_20260907,2026-09-07T18:16:30,4,3,SYNTHETIC_DEMO
D_20260907,2026-09-07T18:17:00,2,2,SYNTHETIC_DEMO
D_20260907,2026-09-07T18:17:30,2,2,SYNTHETIC_DEMO
D_20260907,2026-09-07T18:18:00,2,3,SYNTHETIC_DEMO
D_20260907,2026-09-07T18:18:30,3,2,SYNTHETIC_DEMO
D_20260907,2026-09-07T18:19:00,3,3,SYNTHETIC_DEMO
D_20260907,2026-09-07T18:19:30,3,2,SYNTHETIC_DEMO
D_20260907,2026-09-07T18:20:00,1,2,SYNTHETIC_DEMO
D_20260907,2026-09-07T18:20:30,4,2,SYNTHETIC_DEMO
D_20260907,2026-09-07T18:21:00,1,2,SYNTHETIC_DEMO
D_20260907,2026-09-07T18:21:30,1,3,SYNTHETIC_DEMO
D_20260907,2026-09-07T18:22:00,2,2,SYNTHETIC_DEMO
D_20260907,2026-09-07T18:22:30,3,2,SYNTHETIC_DEMO
D_20260907,2026-09-07T18:23:00,4,3,SYNTHETIC_DEMO
D_20260907,2026-09-07T18:23:30,0,2,SYNTHETIC_DEMO
D_20260907,2026-09-07T18:24:00,1,2,SYNTHETIC_DEMO
D_20260907,2026-09-07T18:24:30,0,2,SYNTHETIC_DEMO
D_20260907,2026-09-07T18:25:00,2,3,SYNTHETIC_DEMO
D_20260907,2026-09-07T18:25:30,0,1,SYNTHETIC_DEMO
D_20260907,2026-09-07T18:26:00,2,3,SYNTHETIC_DEMO
D_20260907,2026-09-07T18:26:30,3,2,SYNTHETIC_DEMO
D_20260907,2026-09-07T18:27:00,2,2,SYNTHETIC_DEMO
D_20260907,2026-09-07T18:27:30,0,2,SYNTHETIC_DEMO
D_20260907,2026-09-07T18:28:00,1,2,SYNTHETIC_DEMO
D_20260907,2026-09-07T18:28:30,1,2,SYNTHETIC_DEMO
D_20260907,2026-09-07T18:29:00,2,3,SYNTHETIC_DEMO
D_20260907,2026-09-07T18:29:30,2,2,SYNTHETIC_DEMO
D_20260907,2026-09-07T18:30:00,1,2,SYNTHETIC_DEMO
D_20260907,2026-09-07T18:30:30,1,2,SYNTHETIC_DEMO
D_20260907,2026-09-07T18:31:00,1,2,SYNTHETIC_DEMO
D_20260907,2026-09-07T18:31:30,1,3,SYNTHETIC_DEMO
D_20260907,2026-09-07T18:32:00,1,3,SYNTHETIC_DEMO
D_20260907,2026-09-07T18:32:30,2,1,SYNTHETIC_DEMO
D_20260907,2026-09-07T18:33:00,1,3,SYNTHETIC_DEMO
D_20260907,2026-09-07T18:33:30,3,2,SYNTHETIC_DEMO
D_20260907,2026-09-07T18:34:00,1,2,SYNTHETIC_DEMO
D_20260907,2026-09-07T18:34:30,1,2,SYNTHETIC_DEMO
D_20260907,2026-09-07T18:35:00,0,1,SYNTHETIC_DEMO
D_20260907,2026-09-07T18:35:30,1,3,SYNTHETIC_DEMO
D_20260907,2026-09-07T18:36:00,0,4,SYNTHETIC_DEMO
D_20260907,2026-09-07T18:36:30,1,3,SYNTHETIC_DEMO
D_20260907,2026-09-07T18:37:00,1,2,SYNTHETIC_DEMO
D_20260907,2026-09-07T18:37:30,1,2,SYNTHETIC_DEMO
D_20260907,2026-09-07T18:38:00,1,2,SYNTHETIC_DEMO
D_20260907,2026-09-07T18:38:30,1,2,SYNTHETIC_DEMO
D_20260907,2026-09-07T18:39:00,0,2,SYNTHETIC_DEMO
D_20260907,2026-09-07T18:39:30,1,1,SYNTHETIC_DEMO
D_20260907,2026-09-07T18:40:00,0,2,SYNTHETIC_DEMO
D_20260907,2026-09-07T18:40:30,1,2,SYNTHETIC_DEMO
D_20260907,2026-09-07T18:41:00,3,2,SYNTHETIC_DEMO
D_20260907,2026-09-07T18:41:30,0,2,SYNTHETIC_DEMO
D_20260907,2026-09-07T18:42:00,0,2,SYNTHETIC_DEMO
D_20260907,2026-09-07T18:42:30,2,3,SYNTHETIC_DEMO
D_20260907,2026-09-07T18:43:00,0,2,SYNTHETIC_DEMO
D_20260907,2026-09-07T18:43:30,0,1,SYNTHETIC_DEMO
D_20260907,2026-09-07T18:44:00,2,3,SYNTHETIC_DEMO
D_20260907,2026-09-07T18:44:30,0,2,SYNTHETIC_DEMO
D_20260907,2026-09-07T18:45:00,1,3,SYNTHETIC_DEMO
D_20260907,2026-09-07T18:45:30,2,2,SYNTHETIC_DEMO
D_20260907,2026-09-07T18:46:00,0,2,SYNTHETIC_DEMO
D_20260907,2026-09-07T18:46:30,1,2,SYNTHETIC_DEMO
D_20260907,2026-09-07T18:47:00,2,3,SYNTHETIC_DEMO
D_20260907,2026-09-07T18:47:30,1,2,SYNTHETIC_DEMO
D_20260907,2026-09-07T18:48:00,2,3,SYNTHETIC_DEMO
D_20260907,2026-09-07T18:48:30,2,2,SYNTHETIC_DEMO
D_20260907,2026-09-07T18:49:00,0,1,SYNTHETIC_DEMO
D_20260907,2026-09-07T18:49:30,1,2,SYNTHETIC_DEMO
D_20260907,2026-09-07T18:50:00,1,3,SYNTHETIC_DEMO
D_20260907,2026-09-07T18:50:30,1,1,SYNTHETIC_DEMO
D_20260907,2026-09-07T18:51:00,1,2,SYNTHETIC_DEMO
D_20260907,2026-09-07T18:51:30,1,3,SYNTHETIC_DEMO
D_20260907,2026-09-07T18:52:00,2,3,SYNTHETIC_DEMO
D_20260907,2026-09-07T18:52:30,1,2,SYNTHETIC_DEMO
D_20260907,2026-09-07T18:53:00,1,2,SYNTHETIC_DEMO
D_20260907,2026-09-07T18:53:30,0,2,SYNTHETIC_DEMO
D_20260907,2026-09-07T18:54:00,1,3,SYNTHETIC_DEMO
D_20260907,2026-09-07T18:54:30,0,2,SYNTHETIC_DEMO
D_20260907,2026-09-07T18:55:00,1,3,SYNTHETIC_DEMO
D_20260907,2026-09-07T18:55:30,2,2,SYNTHETIC_DEMO
D_20260907,2026-09-07T18:56:00,2,2,SYNTHETIC_DEMO
D_20260907,2026-09-07T18:56:30,0,3,SYNTHETIC_DEMO
D_20260907,2026-09-07T18:57:00,1,4,SYNTHETIC_DEMO
D_20260907,2026-09-07T18:57:30,1,2,SYNTHETIC_DEMO
D_20260907,2026-09-07T18:58:00,0,2,SYNTHETIC_DEMO
D_20260907,2026-09-07T18:58:30,1,2,SYNTHETIC_DEMO
D_20260907,2026-09-07T18:59:00,1,2,SYNTHETIC_DEMO
D_20260907,2026-09-07T18:59:30,0,2,SYNTHETIC_DEMO
B_20260908,2026-09-08T05:30:00,2,2,SYNTHETIC_DEMO
B_20260908,2026-09-08T05:30:30,3,2,SYNTHETIC_DEMO
B_20260908,2026-09-08T05:31:00,4,3,SYNTHETIC_DEMO
B_20260908,2026-09-08T05:31:30,4,2,SYNTHETIC_DEMO
B_20260908,2026-09-08T05:32:00,4,3,SYNTHETIC_DEMO
B_20260908,2026-09-08T05:32:30,4,3,SYNTHETIC_DEMO
B_20260908,2026-09-08T05:33:00,3,3,SYNTHETIC_DEMO
B_20260908,2026-09-08T05:33:30,2,2,SYNTHETIC_DEMO
B_20260908,2026-09-08T05:34:00,3,3,SYNTHETIC_DEMO
B_20260908,2026-09-08T05:34:30,3,2,SYNTHETIC_DEMO
B_20260908,2026-09-08T05:35:00,4,3,SYNTHETIC_DEMO
B_20260908,2026-09-08T05:35:30,4,3,SYNTHETIC_DEMO
B_20260908,2026-09-08T05:36:00,4,3,SYNTHETIC_DEMO
B_20260908,2026-09-08T05:36:30,6,2,SYNTHETIC_DEMO
B_20260908,2026-09-08T05:37:00,4,2,SYNTHETIC_DEMO
B_20260908,2026-09-08T05:37:30,5,4,SYNTHETIC_DEMO
B_20260908,2026-09-08T05:38:00,5,2,SYNTHETIC_DEMO
B_20260908,2026-09-08T05:38:30,5,2,SYNTHETIC_DEMO
B_20260908,2026-09-08T05:39:00,5,3,SYNTHETIC_DEMO
B_20260908,2026-09-08T05:39:30,4,3,SYNTHETIC_DEMO
B_20260908,2026-09-08T05:40:00,6,3,SYNTHETIC_DEMO
B_20260908,2026-09-08T05:40:30,5,3,SYNTHETIC_DEMO
B_20260908,2026-09-08T05:41:00,6,3,SYNTHETIC_DEMO
B_20260908,2026-09-08T05:41:30,7,4,SYNTHETIC_DEMO
B_20260908,2026-09-08T05:42:00,5,3,SYNTHETIC_DEMO
B_20260908,2026-09-08T05:42:30,7,4,SYNTHETIC_DEMO
B_20260908,2026-09-08T05:43:00,7,4,SYNTHETIC_DEMO
B_20260908,2026-09-08T05:43:30,6,4,SYNTHETIC_DEMO
B_20260908,2026-09-08T05:44:00,6,3,SYNTHETIC_DEMO
B_20260908,2026-09-08T05:44:30,7,4,SYNTHETIC_DEMO
B_20260908,2026-09-08T05:45:00,8,4,SYNTHETIC_DEMO
B_20260908,2026-09-08T05:45:30,8,3,SYNTHETIC_DEMO
B_20260908,2026-09-08T05:46:00,9,3,SYNTHETIC_DEMO
B_20260908,2026-09-08T05:46:30,8,3,SYNTHETIC_DEMO
B_20260908,2026-09-08T05:47:00,9,3,SYNTHETIC_DEMO
B_20260908,2026-09-08T05:47:30,9,5,SYNTHETIC_DEMO
B_20260908,2026-09-08T05:48:00,9,4,SYNTHETIC_DEMO
B_20260908,2026-09-08T05:48:30,10,4,SYNTHETIC_DEMO
B_20260908,2026-09-08T05:49:00,9,3,SYNTHETIC_DEMO
B_20260908,2026-09-08T05:49:30,10,4,SYNTHETIC_DEMO
B_20260908,2026-09-08T05:50:00,10,4,SYNTHETIC_DEMO
B_20260908,2026-09-08T05:50:30,9,4,SYNTHETIC_DEMO
B_20260908,2026-09-08T05:51:00,11,4,SYNTHETIC_DEMO
B_20260908,2026-09-08T05:51:30,10,4,SYNTHETIC_DEMO
B_20260908,2026-09-08T05:52:00,10,5,SYNTHETIC_DEMO
B_20260908,2026-09-08T05:52:30,11,4,SYNTHETIC_DEMO
B_20260908,2026-09-08T05:53:00,11,4,SYNTHETIC_DEMO
B_20260908,2026-09-08T05:53:30,11,4,SYNTHETIC_DEMO
B_20260908,2026-09-08T05:54:00,11,4,SYNTHETIC_DEMO
B_20260908,2026-09-08T05:54:30,11,3,SYNTHETIC_DEMO
B_20260908,2026-09-08T05:55:00,12,4,SYNTHETIC_DEMO
B_20260908,2026-09-08T05:55:30,11,4,SYNTHETIC_DEMO
B_20260908,2026-09-08T05:56:00,12,5,SYNTHETIC_DEMO
B_20260908,2026-09-08T05:56:30,13,5,SYNTHETIC_DEMO
B_20260908,2026-09-08T05:57:00,13,4,SYNTHETIC_DEMO
B_20260908,2026-09-08T05:57:30,13,3,SYNTHETIC_DEMO
B_20260908,2026-09-08T05:58:00,13,4,SYNTHETIC_DEMO
B_20260908,2026-09-08T05:58:30,12,4,SYNTHETIC_DEMO
B_20260908,2026-09-08T05:59:00,13,4,SYNTHETIC_DEMO
B_20260908,2026-09-08T05:59:30,13,4,SYNTHETIC_DEMO
B_20260908,2026-09-08T06:00:00,14,4,SYNTHETIC_DEMO
B_20260908,2026-09-08T06:00:30,15,5,SYNTHETIC_DEMO
B_20260908,2026-09-08T06:01:00,13,4,SYNTHETIC_DEMO
B_20260908,2026-09-08T06:01:30,14,4,SYNTHETIC_DEMO
B_20260908,2026-09-08T06:02:00,14,4,SYNTHETIC_DEMO
B_20260908,2026-09-08T06:02:30,12,5,SYNTHETIC_DEMO
B_20260908,2026-09-08T06:03:00,14,4,SYNTHETIC_DEMO
B_20260908,2026-09-08T06:03:30,13,5,SYNTHETIC_DEMO
B_20260908,2026-09-08T06:04:00,12,4,SYNTHETIC_DEMO
B_20260908,2026-09-08T06:04:30,14,4,SYNTHETIC_DEMO
B_20260908,2026-09-08T06:05:00,14,4,SYNTHETIC_DEMO
B_20260908,2026-09-08T06:05:30,13,3,SYNTHETIC_DEMO
B_20260908,2026-09-08T06:06:00,14,4,SYNTHETIC_DEMO
B_20260908,2026-09-08T06:06:30,15,5,SYNTHETIC_DEMO
B_20260908,2026-09-08T06:07:00,14,4,SYNTHETIC_DEMO
B_20260908,2026-09-08T06:07:30,15,5,SYNTHETIC_DEMO
B_20260908,2026-09-08T06:08:00,13,5,SYNTHETIC_DEMO
B_20260908,2026-09-08T06:08:30,14,5,SYNTHETIC_DEMO
B_20260908,2026-09-08T06:09:00,14,5,SYNTHETIC_DEMO
B_20260908,2026-09-08T06:09:30,12,4,SYNTHETIC_DEMO
B_20260908,2026-09-08T06:10:00,13,5,SYNTHETIC_DEMO
B_20260908,2026-09-08T06:10:30,13,4,SYNTHETIC_DEMO
B_20260908,2026-09-08T06:11:00,13,3,SYNTHETIC_DEMO
B_20260908,2026-09-08T06:11:30,13,5,SYNTHETIC_DEMO
B_20260908,2026-09-08T06:12:00,12,4,SYNTHETIC_DEMO
B_20260908,2026-09-08T06:12:30,13,4,SYNTHETIC_DEMO
B_20260908,2026-09-08T06:13:00,13,3,SYNTHETIC_DEMO
B_20260908,2026-09-08T06:13:30,14,5,SYNTHETIC_DEMO
B_20260908,2026-09-08T06:14:00,12,4,SYNTHETIC_DEMO
B_20260908,2026-09-08T06:14:30,12,5,SYNTHETIC_DEMO
B_20260908,2026-09-08T06:15:00,12,4,SYNTHETIC_DEMO
B_20260908,2026-09-08T06:15:30,12,4,SYNTHETIC_DEMO
B_20260908,2026-09-08T06:16:00,12,5,SYNTHETIC_DEMO
B_20260908,2026-09-08T06:16:30,11,4,SYNTHETIC_DEMO
B_20260908,2026-09-08T06:17:00,11,4,SYNTHETIC_DEMO
B_20260908,2026-09-08T06:17:30,11,4,SYNTHETIC_DEMO
B_20260908,2026-09-08T06:18:00,11,4,SYNTHETIC_DEMO
B_20260908,2026-09-08T06:18:30,10,3,SYNTHETIC_DEMO
B_20260908,2026-09-08T06:19:00,10,5,SYNTHETIC_DEMO
B_20260908,2026-09-08T06:19:30,10,3,SYNTHETIC_DEMO
B_20260908,2026-09-08T06:20:00,10,3,SYNTHETIC_DEMO
B_20260908,2026-09-08T06:20:30,9,3,SYNTHETIC_DEMO
B_20260908,2026-09-08T06:21:00,8,4,SYNTHETIC_DEMO
B_20260908,2026-09-08T06:21:30,9,4,SYNTHETIC_DEMO
B_20260908,2026-09-08T06:22:00,7,3,SYNTHETIC_DEMO
B_20260908,2026-09-08T06:22:30,9,3,SYNTHETIC_DEMO
B_20260908,2026-09-08T06:23:00,9,3,SYNTHETIC_DEMO
B_20260908,2026-09-08T06:23:30,7,4,SYNTHETIC_DEMO
B_20260908,2026-09-08T06:24:00,8,4,SYNTHETIC_DEMO
B_20260908,2026-09-08T06:24:30,8,3,SYNTHETIC_DEMO
B_20260908,2026-09-08T06:25:00,9,4,SYNTHETIC_DEMO
B_20260908,2026-09-08T06:25:30,7,4,SYNTHETIC_DEMO
B_20260908,2026-09-08T06:26:00,8,4,SYNTHETIC_DEMO
B_20260908,2026-09-08T06:26:30,6,4,SYNTHETIC_DEMO
B_20260908,2026-09-08T06:27:00,6,3,SYNTHETIC_DEMO
B_20260908,2026-09-08T06:27:30,5,3,SYNTHETIC_DEMO
B_20260908,2026-09-08T06:28:00,6,3,SYNTHETIC_DEMO
B_20260908,2026-09-08T06:28:30,7,4,SYNTHETIC_DEMO
B_20260908,2026-09-08T06:29:00,7,4,SYNTHETIC_DEMO
B_20260908,2026-09-08T06:29:30,7,3,SYNTHETIC_DEMO
B_20260908,2026-09-08T06:30:00,7,3,SYNTHETIC_DEMO
B_20260908,2026-09-08T06:30:30,7,3,SYNTHETIC_DEMO
B_20260908,2026-09-08T06:31:00,5,3,SYNTHETIC_DEMO
B_20260908,2026-09-08T06:31:30,6,3,SYNTHETIC_DEMO
B_20260908,2026-09-08T06:32:00,6,3,SYNTHETIC_DEMO
B_20260908,2026-09-08T06:32:30,6,3,SYNTHETIC_DEMO
B_20260908,2026-09-08T06:33:00,5,2,SYNTHETIC_DEMO
B_20260908,2026-09-08T06:33:30,5,3,SYNTHETIC_DEMO
B_20260908,2026-09-08T06:34:00,2,2,SYNTHETIC_DEMO
B_20260908,2026-09-08T06:34:30,5,2,SYNTHETIC_DEMO
B_20260908,2026-09-08T06:35:00,4,3,SYNTHETIC_DEMO
B_20260908,2026-09-08T06:35:30,4,2,SYNTHETIC_DEMO
B_20260908,2026-09-08T06:36:00,4,3,SYNTHETIC_DEMO
B_20260908,2026-09-08T06:36:30,5,3,SYNTHETIC_DEMO
B_20260908,2026-09-08T06:37:00,4,2,SYNTHETIC_DEMO
B_20260908,2026-09-08T06:37:30,2,3,SYNTHETIC_DEMO
B_20260908,2026-09-08T06:38:00,3,3,SYNTHETIC_DEMO
B_20260908,2026-09-08T06:38:30,3,3,SYNTHETIC_DEMO
B_20260908,2026-09-08T06:39:00,4,3,SYNTHETIC_DEMO
B_20260908,2026-09-08T06:39:30,2,2,SYNTHETIC_DEMO
B_20260908,2026-09-08T06:40:00,1,2,SYNTHETIC_DEMO
B_20260908,2026-09-08T06:40:30,1,2,SYNTHETIC_DEMO
B_20260908,2026-09-08T06:41:00,2,2,SYNTHETIC_DEMO
B_20260908,2026-09-08T06:41:30,4,3,SYNTHETIC_DEMO
B_20260908,2026-09-08T06:42:00,3,2,SYNTHETIC_DEMO
B_20260908,2026-09-08T06:42:30,4,3,SYNTHETIC_DEMO
B_20260908,2026-09-08T06:43:00,3,3,SYNTHETIC_DEMO
B_20260908,2026-09-08T06:43:30,3,2,SYNTHETIC_DEMO
B_20260908,2026-09-08T06:44:00,3,3,SYNTHETIC_DEMO
B_20260908,2026-09-08T06:44:30,2,2,SYNTHETIC_DEMO
B_20260908,2026-09-08T06:45:00,2,2,SYNTHETIC_DEMO
B_20260908,2026-09-08T06:45:30,2,2,SYNTHETIC_DEMO
B_20260908,2026-09-08T06:46:00,2,3,SYNTHETIC_DEMO
B_20260908,2026-09-08T06:46:30,2,3,SYNTHETIC_DEMO
B_20260908,2026-09-08T06:47:00,1,2,SYNTHETIC_DEMO
B_20260908,2026-09-08T06:47:30,2,3,SYNTHETIC_DEMO
B_20260908,2026-09-08T06:48:00,4,2,SYNTHETIC_DEMO
B_20260908,2026-09-08T06:48:30,2,2,SYNTHETIC_DEMO
B_20260908,2026-09-08T06:49:00,1,3,SYNTHETIC_DEMO
B_20260908,2026-09-08T06:49:30,1,1,SYNTHETIC_DEMO
B_20260908,2026-09-08T06:50:00,2,2,SYNTHETIC_DEMO
B_20260908,2026-09-08T06:50:30,2,3,SYNTHETIC_DEMO
B_20260908,2026-09-08T06:51:00,1,3,SYNTHETIC_DEMO
B_20260908,2026-09-08T06:51:30,2,2,SYNTHETIC_DEMO
B_20260908,2026-09-08T06:52:00,1,2,SYNTHETIC_DEMO
B_20260908,2026-09-08T06:52:30,2,2,SYNTHETIC_DEMO
B_20260908,2026-09-08T06:53:00,2,2,SYNTHETIC_DEMO
B_20260908,2026-09-08T06:53:30,1,1,SYNTHETIC_DEMO
B_20260908,2026-09-08T06:54:00,1,2,SYNTHETIC_DEMO
B_20260908,2026-09-08T06:54:30,3,2,SYNTHETIC_DEMO
B_20260908,2026-09-08T06:55:00,1,3,SYNTHETIC_DEMO
B_20260908,2026-09-08T06:55:30,1,2,SYNTHETIC_DEMO
B_20260908,2026-09-08T06:56:00,1,2,SYNTHETIC_DEMO
B_20260908,2026-09-08T06:56:30,0,2,SYNTHETIC_DEMO
B_20260908,2026-09-08T06:57:00,2,2,SYNTHETIC_DEMO
B_20260908,2026-09-08T06:57:30,1,3,SYNTHETIC_DEMO
B_20260908,2026-09-08T06:58:00,0,1,SYNTHETIC_DEMO
B_20260908,2026-09-08T06:58:30,1,2,SYNTHETIC_DEMO
B_20260908,2026-09-08T06:59:00,1,2,SYNTHETIC_DEMO
B_20260908,2026-09-08T06:59:30,1,2,SYNTHETIC_DEMO
B_20260908,2026-09-08T07:00:00,1,1,SYNTHETIC_DEMO
B_20260908,2026-09-08T07:00:30,0,3,SYNTHETIC_DEMO
B_20260908,2026-09-08T07:01:00,1,2,SYNTHETIC_DEMO
B_20260908,2026-09-08T07:01:30,0,2,SYNTHETIC_DEMO
B_20260908,2026-09-08T07:02:00,1,2,SYNTHETIC_DEMO
B_20260908,2026-09-08T07:02:30,1,2,SYNTHETIC_DEMO
B_20260908,2026-09-08T07:03:00,2,3,SYNTHETIC_DEMO
B_20260908,2026-09-08T07:03:30,1,2,SYNTHETIC_DEMO
B_20260908,2026-09-08T07:04:00,3,3,SYNTHETIC_DEMO
B_20260908,2026-09-08T07:04:30,2,1,SYNTHETIC_DEMO
B_20260908,2026-09-08T07:05:00,2,2,SYNTHETIC_DEMO
B_20260908,2026-09-08T07:05:30,0,2,SYNTHETIC_DEMO
B_20260908,2026-09-08T07:06:00,2,3,SYNTHETIC_DEMO
B_20260908,2026-09-08T07:06:30,2,3,SYNTHETIC_DEMO
B_20260908,2026-09-08T07:07:00,2,2,SYNTHETIC_DEMO
B_20260908,2026-09-08T07:07:30,0,2,SYNTHETIC_DEMO
B_20260908,2026-09-08T07:08:00,3,3,SYNTHETIC_DEMO
B_20260908,2026-09-08T07:08:30,0,2,SYNTHETIC_DEMO
B_20260908,2026-09-08T07:09:00,1,2,SYNTHETIC_DEMO
B_20260908,2026-09-08T07:09:30,1,2,SYNTHETIC_DEMO
B_20260908,2026-09-08T07:10:00,1,2,SYNTHETIC_DEMO
B_20260908,2026-09-08T07:10:30,2,3,SYNTHETIC_DEMO
B_20260908,2026-09-08T07:11:00,2,3,SYNTHETIC_DEMO
B_20260908,2026-09-08T07:11:30,1,3,SYNTHETIC_DEMO
B_20260908,2026-09-08T07:12:00,2,3,SYNTHETIC_DEMO
B_20260908,2026-09-08T07:12:30,1,2,SYNTHETIC_DEMO
B_20260908,2026-09-08T07:13:00,1,2,SYNTHETIC_DEMO
B_20260908,2026-09-08T07:13:30,2,2,SYNTHETIC_DEMO
B_20260908,2026-09-08T07:14:00,1,2,SYNTHETIC_DEMO
B_20260908,2026-09-08T07:14:30,1,2,SYNTHETIC_DEMO
B_20260908,2026-09-08T07:15:00,1,2,SYNTHETIC_DEMO
B_20260908,2026-09-08T07:15:30,1,2,SYNTHETIC_DEMO
B_20260908,2026-09-08T07:16:00,2,3,SYNTHETIC_DEMO
B_20260908,2026-09-08T07:16:30,0,2,SYNTHETIC_DEMO
B_20260908,2026-09-08T07:17:00,1,3,SYNTHETIC_DEMO
B_20260908,2026-09-08T07:17:30,0,2,SYNTHETIC_DEMO
B_20260908,2026-09-08T07:18:00,1,3,SYNTHETIC_DEMO
B_20260908,2026-09-08T07:18:30,1,2,SYNTHETIC_DEMO
B_20260908,2026-09-08T07:19:00,1,1,SYNTHETIC_DEMO
B_20260908,2026-09-08T07:19:30,1,3,SYNTHETIC_DEMO
B_20260908,2026-09-08T07:20:00,1,2,SYNTHETIC_DEMO
B_20260908,2026-09-08T07:20:30,2,1,SYNTHETIC_DEMO
B_20260908,2026-09-08T07:21:00,1,3,SYNTHETIC_DEMO
B_20260908,2026-09-08T07:21:30,0,2,SYNTHETIC_DEMO
B_20260908,2026-09-08T07:22:00,1,3,SYNTHETIC_DEMO
B_20260908,2026-09-08T07:22:30,2,2,SYNTHETIC_DEMO
B_20260908,2026-09-08T07:23:00,0,2,SYNTHETIC_DEMO
B_20260908,2026-09-08T07:23:30,1,3,SYNTHETIC_DEMO
B_20260908,2026-09-08T07:24:00,0,2,SYNTHETIC_DEMO
B_20260908,2026-09-08T07:24:30,1,2,SYNTHETIC_DEMO
B_20260908,2026-09-08T07:25:00,1,2,SYNTHETIC_DEMO
B_20260908,2026-09-08T07:25:30,2,2,SYNTHETIC_DEMO
B_20260908,2026-09-08T07:26:00,1,2,SYNTHETIC_DEMO
B_20260908,2026-09-08T07:26:30,0,2,SYNTHETIC_DEMO
B_20260908,2026-09-08T07:27:00,2,3,SYNTHETIC_DEMO
B_20260908,2026-09-08T07:27:30,2,3,SYNTHETIC_DEMO
B_20260908,2026-09-08T07:28:00,1,2,SYNTHETIC_DEMO
B_20260908,2026-09-08T07:28:30,1,1,SYNTHETIC_DEMO
B_20260908,2026-09-08T07:29:00,1,2,SYNTHETIC_DEMO
B_20260908,2026-09-08T07:29:30,1,2,SYNTHETIC_DEMO
L_20260908,2026-09-08T11:30:00,5,2,SYNTHETIC_DEMO
L_20260908,2026-09-08T11:30:30,5,3,SYNTHETIC_DEMO
L_20260908,2026-09-08T11:31:00,4,3,SYNTHETIC_DEMO
L_20260908,2026-09-08T11:31:30,4,3,SYNTHETIC_DEMO
L_20260908,2026-09-08T11:32:00,6,3,SYNTHETIC_DEMO
L_20260908,2026-09-08T11:32:30,5,3,SYNTHETIC_DEMO
L_20260908,2026-09-08T11:33:00,7,4,SYNTHETIC_DEMO
L_20260908,2026-09-08T11:33:30,7,3,SYNTHETIC_DEMO
L_20260908,2026-09-08T11:34:00,3,2,SYNTHETIC_DEMO
L_20260908,2026-09-08T11:34:30,5,4,SYNTHETIC_DEMO
L_20260908,2026-09-08T11:35:00,6,3,SYNTHETIC_DEMO
L_20260908,2026-09-08T11:35:30,7,4,SYNTHETIC_DEMO
L_20260908,2026-09-08T11:36:00,8,3,SYNTHETIC_DEMO
L_20260908,2026-09-08T11:36:30,7,3,SYNTHETIC_DEMO
L_20260908,2026-09-08T11:37:00,8,3,SYNTHETIC_DEMO
L_20260908,2026-09-08T11:37:30,8,4,SYNTHETIC_DEMO
L_20260908,2026-09-08T11:38:00,8,3,SYNTHETIC_DEMO
L_20260908,2026-09-08T11:38:30,9,4,SYNTHETIC_DEMO
L_20260908,2026-09-08T11:39:00,7,3,SYNTHETIC_DEMO
L_20260908,2026-09-08T11:39:30,9,4,SYNTHETIC_DEMO
L_20260908,2026-09-08T11:40:00,8,4,SYNTHETIC_DEMO
L_20260908,2026-09-08T11:40:30,8,3,SYNTHETIC_DEMO
L_20260908,2026-09-08T11:41:00,8,3,SYNTHETIC_DEMO
L_20260908,2026-09-08T11:41:30,9,3,SYNTHETIC_DEMO
L_20260908,2026-09-08T11:42:00,10,4,SYNTHETIC_DEMO
L_20260908,2026-09-08T11:42:30,10,4,SYNTHETIC_DEMO
L_20260908,2026-09-08T11:43:00,9,5,SYNTHETIC_DEMO
L_20260908,2026-09-08T11:43:30,12,4,SYNTHETIC_DEMO
L_20260908,2026-09-08T11:44:00,12,4,SYNTHETIC_DEMO
L_20260908,2026-09-08T11:44:30,10,5,SYNTHETIC_DEMO
L_20260908,2026-09-08T11:45:00,11,4,SYNTHETIC_DEMO
L_20260908,2026-09-08T11:45:30,11,4,SYNTHETIC_DEMO
L_20260908,2026-09-08T11:46:00,11,5,SYNTHETIC_DEMO
L_20260908,2026-09-08T11:46:30,10,4,SYNTHETIC_DEMO
L_20260908,2026-09-08T11:47:00,12,4,SYNTHETIC_DEMO
L_20260908,2026-09-08T11:47:30,13,4,SYNTHETIC_DEMO
L_20260908,2026-09-08T11:48:00,13,4,SYNTHETIC_DEMO
L_20260908,2026-09-08T11:48:30,14,5,SYNTHETIC_DEMO
L_20260908,2026-09-08T11:49:00,12,5,SYNTHETIC_DEMO
L_20260908,2026-09-08T11:49:30,13,4,SYNTHETIC_DEMO
L_20260908,2026-09-08T11:50:00,13,4,SYNTHETIC_DEMO
L_20260908,2026-09-08T11:50:30,14,5,SYNTHETIC_DEMO
L_20260908,2026-09-08T11:51:00,15,5,SYNTHETIC_DEMO
L_20260908,2026-09-08T11:51:30,13,4,SYNTHETIC_DEMO
L_20260908,2026-09-08T11:52:00,13,4,SYNTHETIC_DEMO
L_20260908,2026-09-08T11:52:30,14,4,SYNTHETIC_DEMO
L_20260908,2026-09-08T11:53:00,14,5,SYNTHETIC_DEMO
L_20260908,2026-09-08T11:53:30,15,5,SYNTHETIC_DEMO
L_20260908,2026-09-08T11:54:00,14,4,SYNTHETIC_DEMO
L_20260908,2026-09-08T11:54:30,14,4,SYNTHETIC_DEMO
L_20260908,2026-09-08T11:55:00,15,5,SYNTHETIC_DEMO
L_20260908,2026-09-08T11:55:30,14,5,SYNTHETIC_DEMO
L_20260908,2026-09-08T11:56:00,15,5,SYNTHETIC_DEMO
L_20260908,2026-09-08T11:56:30,14,5,SYNTHETIC_DEMO
L_20260908,2026-09-08T11:57:00,15,6,SYNTHETIC_DEMO
L_20260908,2026-09-08T11:57:30,14,5,SYNTHETIC_DEMO
L_20260908,2026-09-08T11:58:00,15,5,SYNTHETIC_DEMO
L_20260908,2026-09-08T11:58:30,14,5,SYNTHETIC_DEMO
L_20260908,2026-09-08T11:59:00,15,4,SYNTHETIC_DEMO
L_20260908,2026-09-08T11:59:30,16,4,SYNTHETIC_DEMO
L_20260908,2026-09-08T12:00:00,13,4,SYNTHETIC_DEMO
L_20260908,2026-09-08T12:00:30,15,4,SYNTHETIC_DEMO
L_20260908,2026-09-08T12:01:00,14,4,SYNTHETIC_DEMO
L_20260908,2026-09-08T12:01:30,15,5,SYNTHETIC_DEMO
L_20260908,2026-09-08T12:02:00,14,5,SYNTHETIC_DEMO
L_20260908,2026-09-08T12:02:30,15,4,SYNTHETIC_DEMO
L_20260908,2026-09-08T12:03:00,14,4,SYNTHETIC_DEMO
L_20260908,2026-09-08T12:03:30,16,5,SYNTHETIC_DEMO
L_20260908,2026-09-08T12:04:00,15,6,SYNTHETIC_DEMO
L_20260908,2026-09-08T12:04:30,15,5,SYNTHETIC_DEMO
L_20260908,2026-09-08T12:05:00,15,5,SYNTHETIC_DEMO
L_20260908,2026-09-08T12:05:30,15,4,SYNTHETIC_DEMO
L_20260908,2026-09-08T12:06:00,13,5,SYNTHETIC_DEMO
L_20260908,2026-09-08T12:06:30,14,4,SYNTHETIC_DEMO
L_20260908,2026-09-08T12:07:00,14,3,SYNTHETIC_DEMO
L_20260908,2026-09-08T12:07:30,15,5,SYNTHETIC_DEMO
L_20260908,2026-09-08T12:08:00,14,3,SYNTHETIC_DEMO
L_20260908,2026-09-08T12:08:30,14,4,SYNTHETIC_DEMO
L_20260908,2026-09-08T12:09:00,12,4,SYNTHETIC_DEMO
L_20260908,2026-09-08T12:09:30,12,4,SYNTHETIC_DEMO
L_20260908,2026-09-08T12:10:00,14,5,SYNTHETIC_DEMO
L_20260908,2026-09-08T12:10:30,13,4,SYNTHETIC_DEMO
L_20260908,2026-09-08T12:11:00,13,4,SYNTHETIC_DEMO
L_20260908,2026-09-08T12:11:30,13,4,SYNTHETIC_DEMO
L_20260908,2026-09-08T12:12:00,12,3,SYNTHETIC_DEMO
L_20260908,2026-09-08T12:12:30,12,4,SYNTHETIC_DEMO
L_20260908,2026-09-08T12:13:00,12,4,SYNTHETIC_DEMO
L_20260908,2026-09-08T12:13:30,12,3,SYNTHETIC_DEMO
L_20260908,2026-09-08T12:14:00,11,4,SYNTHETIC_DEMO
L_20260908,2026-09-08T12:14:30,10,4,SYNTHETIC_DEMO
L_20260908,2026-09-08T12:15:00,10,4,SYNTHETIC_DEMO
L_20260908,2026-09-08T12:15:30,11,4,SYNTHETIC_DEMO
L_20260908,2026-09-08T12:16:00,11,5,SYNTHETIC_DEMO
L_20260908,2026-09-08T12:16:30,9,3,SYNTHETIC_DEMO
L_20260908,2026-09-08T12:17:00,12,4,SYNTHETIC_DEMO
L_20260908,2026-09-08T12:17:30,9,4,SYNTHETIC_DEMO
L_20260908,2026-09-08T12:18:00,9,3,SYNTHETIC_DEMO
L_20260908,2026-09-08T12:18:30,10,4,SYNTHETIC_DEMO
L_20260908,2026-09-08T12:19:00,9,3,SYNTHETIC_DEMO
L_20260908,2026-09-08T12:19:30,9,3,SYNTHETIC_DEMO
L_20260908,2026-09-08T12:20:00,8,4,SYNTHETIC_DEMO
L_20260908,2026-09-08T12:20:30,10,3,SYNTHETIC_DEMO
L_20260908,2026-09-08T12:21:00,9,3,SYNTHETIC_DEMO
L_20260908,2026-09-08T12:21:30,8,3,SYNTHETIC_DEMO
L_20260908,2026-09-08T12:22:00,9,4,SYNTHETIC_DEMO
L_20260908,2026-09-08T12:22:30,8,3,SYNTHETIC_DEMO
L_20260908,2026-09-08T12:23:00,7,4,SYNTHETIC_DEMO
L_20260908,2026-09-08T12:23:30,7,3,SYNTHETIC_DEMO
L_20260908,2026-09-08T12:24:00,8,3,SYNTHETIC_DEMO
L_20260908,2026-09-08T12:24:30,6,3,SYNTHETIC_DEMO
L_20260908,2026-09-08T12:25:00,6,3,SYNTHETIC_DEMO
L_20260908,2026-09-08T12:25:30,6,3,SYNTHETIC_DEMO
L_20260908,2026-09-08T12:26:00,5,4,SYNTHETIC_DEMO
L_20260908,2026-09-08T12:26:30,5,2,SYNTHETIC_DEMO
L_20260908,2026-09-08T12:27:00,5,2,SYNTHETIC_DEMO
L_20260908,2026-09-08T12:27:30,6,3,SYNTHETIC_DEMO
L_20260908,2026-09-08T12:28:00,5,3,SYNTHETIC_DEMO
L_20260908,2026-09-08T12:28:30,6,3,SYNTHETIC_DEMO
L_20260908,2026-09-08T12:29:00,4,2,SYNTHETIC_DEMO
L_20260908,2026-09-08T12:29:30,4,3,SYNTHETIC_DEMO
L_20260908,2026-09-08T12:30:00,4,3,SYNTHETIC_DEMO
L_20260908,2026-09-08T12:30:30,4,2,SYNTHETIC_DEMO
L_20260908,2026-09-08T12:31:00,3,2,SYNTHETIC_DEMO
L_20260908,2026-09-08T12:31:30,3,2,SYNTHETIC_DEMO
L_20260908,2026-09-08T12:32:00,4,3,SYNTHETIC_DEMO
L_20260908,2026-09-08T12:32:30,5,3,SYNTHETIC_DEMO
L_20260908,2026-09-08T12:33:00,4,3,SYNTHETIC_DEMO
L_20260908,2026-09-08T12:33:30,5,3,SYNTHETIC_DEMO
L_20260908,2026-09-08T12:34:00,5,3,SYNTHETIC_DEMO
L_20260908,2026-09-08T12:34:30,4,3,SYNTHETIC_DEMO
L_20260908,2026-09-08T12:35:00,4,3,SYNTHETIC_DEMO
L_20260908,2026-09-08T12:35:30,3,3,SYNTHETIC_DEMO
L_20260908,2026-09-08T12:36:00,3,2,SYNTHETIC_DEMO
L_20260908,2026-09-08T12:36:30,3,3,SYNTHETIC_DEMO
L_20260908,2026-09-08T12:37:00,4,3,SYNTHETIC_DEMO
L_20260908,2026-09-08T12:37:30,2,3,SYNTHETIC_DEMO
L_20260908,2026-09-08T12:38:00,2,2,SYNTHETIC_DEMO
L_20260908,2026-09-08T12:38:30,2,2,SYNTHETIC_DEMO
L_20260908,2026-09-08T12:39:00,4,2,SYNTHETIC_DEMO
L_20260908,2026-09-08T12:39:30,2,3,SYNTHETIC_DEMO
L_20260908,2026-09-08T12:40:00,3,3,SYNTHETIC_DEMO
L_20260908,2026-09-08T12:40:30,1,3,SYNTHETIC_DEMO
L_20260908,2026-09-08T12:41:00,4,3,SYNTHETIC_DEMO
L_20260908,2026-09-08T12:41:30,2,2,SYNTHETIC_DEMO
L_20260908,2026-09-08T12:42:00,1,3,SYNTHETIC_DEMO
L_20260908,2026-09-08T12:42:30,1,2,SYNTHETIC_DEMO
L_20260908,2026-09-08T12:43:00,1,3,SYNTHETIC_DEMO
L_20260908,2026-09-08T12:43:30,2,2,SYNTHETIC_DEMO
L_20260908,2026-09-08T12:44:00,3,3,SYNTHETIC_DEMO
L_20260908,2026-09-08T12:44:30,2,3,SYNTHETIC_DEMO
L_20260908,2026-09-08T12:45:00,1,3,SYNTHETIC_DEMO
L_20260908,2026-09-08T12:45:30,2,2,SYNTHETIC_DEMO
L_20260908,2026-09-08T12:46:00,3,3,SYNTHETIC_DEMO
L_20260908,2026-09-08T12:46:30,2,1,SYNTHETIC_DEMO
L_20260908,2026-09-08T12:47:00,0,3,SYNTHETIC_DEMO
L_20260908,2026-09-08T12:47:30,2,2,SYNTHETIC_DEMO
L_20260908,2026-09-08T12:48:00,1,2,SYNTHETIC_DEMO
L_20260908,2026-09-08T12:48:30,2,2,SYNTHETIC_DEMO
L_20260908,2026-09-08T12:49:00,0,2,SYNTHETIC_DEMO
L_20260908,2026-09-08T12:49:30,1,2,SYNTHETIC_DEMO
L_20260908,2026-09-08T12:50:00,1,2,SYNTHETIC_DEMO
L_20260908,2026-09-08T12:50:30,0,3,SYNTHETIC_DEMO
L_20260908,2026-09-08T12:51:00,2,2,SYNTHETIC_DEMO
L_20260908,2026-09-08T12:51:30,1,3,SYNTHETIC_DEMO
L_20260908,2026-09-08T12:52:00,2,2,SYNTHETIC_DEMO
L_20260908,2026-09-08T12:52:30,1,2,SYNTHETIC_DEMO
L_20260908,2026-09-08T12:53:00,1,1,SYNTHETIC_DEMO
L_20260908,2026-09-08T12:53:30,1,2,SYNTHETIC_DEMO
L_20260908,2026-09-08T12:54:00,1,2,SYNTHETIC_DEMO
L_20260908,2026-09-08T12:54:30,2,2,SYNTHETIC_DEMO
L_20260908,2026-09-08T12:55:00,0,2,SYNTHETIC_DEMO
L_20260908,2026-09-08T12:55:30,3,2,SYNTHETIC_DEMO
L_20260908,2026-09-08T12:56:00,1,2,SYNTHETIC_DEMO
L_20260908,2026-09-08T12:56:30,0,2,SYNTHETIC_DEMO
L_20260908,2026-09-08T12:57:00,0,2,SYNTHETIC_DEMO
L_20260908,2026-09-08T12:57:30,0,2,SYNTHETIC_DEMO
L_20260908,2026-09-08T12:58:00,1,2,SYNTHETIC_DEMO
L_20260908,2026-09-08T12:58:30,1,2,SYNTHETIC_DEMO
L_20260908,2026-09-08T12:59:00,1,2,SYNTHETIC_DEMO
L_20260908,2026-09-08T12:59:30,1,2,SYNTHETIC_DEMO
L_20260908,2026-09-08T13:00:00,2,3,SYNTHETIC_DEMO
L_20260908,2026-09-08T13:00:30,2,2,SYNTHETIC_DEMO
L_20260908,2026-09-08T13:01:00,1,3,SYNTHETIC_DEMO
L_20260908,2026-09-08T13:01:30,1,2,SYNTHETIC_DEMO
L_20260908,2026-09-08T13:02:00,0,2,SYNTHETIC_DEMO
L_20260908,2026-09-08T13:02:30,2,3,SYNTHETIC_DEMO
L_20260908,2026-09-08T13:03:00,1,3,SYNTHETIC_DEMO
L_20260908,2026-09-08T13:03:30,1,2,SYNTHETIC_DEMO
L_20260908,2026-09-08T13:04:00,2,2,SYNTHETIC_DEMO
L_20260908,2026-09-08T13:04:30,1,2,SYNTHETIC_DEMO
L_20260908,2026-09-08T13:05:00,2,2,SYNTHETIC_DEMO
L_20260908,2026-09-08T13:05:30,0,3,SYNTHETIC_DEMO
L_20260908,2026-09-08T13:06:00,0,1,SYNTHETIC_DEMO
L_20260908,2026-09-08T13:06:30,0,2,SYNTHETIC_DEMO
L_20260908,2026-09-08T13:07:00,0,2,SYNTHETIC_DEMO
L_20260908,2026-09-08T13:07:30,0,2,SYNTHETIC_DEMO
L_20260908,2026-09-08T13:08:00,1,2,SYNTHETIC_DEMO
L_20260908,2026-09-08T13:08:30,2,2,SYNTHETIC_DEMO
L_20260908,2026-09-08T13:09:00,1,3,SYNTHETIC_DEMO
L_20260908,2026-09-08T13:09:30,2,3,SYNTHETIC_DEMO
L_20260908,2026-09-08T13:10:00,2,1,SYNTHETIC_DEMO
L_20260908,2026-09-08T13:10:30,0,2,SYNTHETIC_DEMO
L_20260908,2026-09-08T13:11:00,0,3,SYNTHETIC_DEMO
L_20260908,2026-09-08T13:11:30,2,2,SYNTHETIC_DEMO
L_20260908,2026-09-08T13:12:00,1,2,SYNTHETIC_DEMO
L_20260908,2026-09-08T13:12:30,2,2,SYNTHETIC_DEMO
L_20260908,2026-09-08T13:13:00,1,2,SYNTHETIC_DEMO
L_20260908,2026-09-08T13:13:30,0,3,SYNTHETIC_DEMO
L_20260908,2026-09-08T13:14:00,2,3,SYNTHETIC_DEMO
L_20260908,2026-09-08T13:14:30,1,2,SYNTHETIC_DEMO
L_20260908,2026-09-08T13:15:00,0,2,SYNTHETIC_DEMO
L_20260908,2026-09-08T13:15:30,1,3,SYNTHETIC_DEMO
L_20260908,2026-09-08T13:16:00,1,2,SYNTHETIC_DEMO
L_20260908,2026-09-08T13:16:30,0,2,SYNTHETIC_DEMO
L_20260908,2026-09-08T13:17:00,3,3,SYNTHETIC_DEMO
L_20260908,2026-09-08T13:17:30,2,2,SYNTHETIC_DEMO
L_20260908,2026-09-08T13:18:00,3,3,SYNTHETIC_DEMO
L_20260908,2026-09-08T13:18:30,1,3,SYNTHETIC_DEMO
L_20260908,2026-09-08T13:19:00,1,2,SYNTHETIC_DEMO
L_20260908,2026-09-08T13:19:30,1,2,SYNTHETIC_DEMO
L_20260908,2026-09-08T13:20:00,1,2,SYNTHETIC_DEMO
L_20260908,2026-09-08T13:20:30,1,2,SYNTHETIC_DEMO
L_20260908,2026-09-08T13:21:00,1,2,SYNTHETIC_DEMO
L_20260908,2026-09-08T13:21:30,1,2,SYNTHETIC_DEMO
L_20260908,2026-09-08T13:22:00,2,2,SYNTHETIC_DEMO
L_20260908,2026-09-08T13:22:30,1,3,SYNTHETIC_DEMO
L_20260908,2026-09-08T13:23:00,1,2,SYNTHETIC_DEMO
L_20260908,2026-09-08T13:23:30,0,2,SYNTHETIC_DEMO
L_20260908,2026-09-08T13:24:00,0,2,SYNTHETIC_DEMO
L_20260908,2026-09-08T13:24:30,1,2,SYNTHETIC_DEMO
L_20260908,2026-09-08T13:25:00,0,2,SYNTHETIC_DEMO
L_20260908,2026-09-08T13:25:30,0,3,SYNTHETIC_DEMO
L_20260908,2026-09-08T13:26:00,1,2,SYNTHETIC_DEMO
L_20260908,2026-09-08T13:26:30,1,2,SYNTHETIC_DEMO
L_20260908,2026-09-08T13:27:00,1,2,SYNTHETIC_DEMO
L_20260908,2026-09-08T13:27:30,1,2,SYNTHETIC_DEMO
L_20260908,2026-09-08T13:28:00,1,2,SYNTHETIC_DEMO
L_20260908,2026-09-08T13:28:30,2,2,SYNTHETIC_DEMO
L_20260908,2026-09-08T13:29:00,2,2,SYNTHETIC_DEMO
L_20260908,2026-09-08T13:29:30,2,3,SYNTHETIC_DEMO
D_20260908,2026-09-08T17:00:00,3,2,SYNTHETIC_DEMO
D_20260908,2026-09-08T17:00:30,2,2,SYNTHETIC_DEMO
D_20260908,2026-09-08T17:01:00,2,3,SYNTHETIC_DEMO
D_20260908,2026-09-08T17:01:30,4,3,SYNTHETIC_DEMO
D_20260908,2026-09-08T17:02:00,2,2,SYNTHETIC_DEMO
D_20260908,2026-09-08T17:02:30,3,4,SYNTHETIC_DEMO
D_20260908,2026-09-08T17:03:00,4,4,SYNTHETIC_DEMO
D_20260908,2026-09-08T17:03:30,3,2,SYNTHETIC_DEMO
D_20260908,2026-09-08T17:04:00,3,2,SYNTHETIC_DEMO
D_20260908,2026-09-08T17:04:30,3,3,SYNTHETIC_DEMO
D_20260908,2026-09-08T17:05:00,2,3,SYNTHETIC_DEMO
D_20260908,2026-09-08T17:05:30,3,2,SYNTHETIC_DEMO
D_20260908,2026-09-08T17:06:00,4,3,SYNTHETIC_DEMO
D_20260908,2026-09-08T17:06:30,3,3,SYNTHETIC_DEMO
D_20260908,2026-09-08T17:07:00,3,3,SYNTHETIC_DEMO
D_20260908,2026-09-08T17:07:30,3,3,SYNTHETIC_DEMO
D_20260908,2026-09-08T17:08:00,4,3,SYNTHETIC_DEMO
D_20260908,2026-09-08T17:08:30,3,3,SYNTHETIC_DEMO
D_20260908,2026-09-08T17:09:00,5,2,SYNTHETIC_DEMO
D_20260908,2026-09-08T17:09:30,6,2,SYNTHETIC_DEMO
D_20260908,2026-09-08T17:10:00,6,2,SYNTHETIC_DEMO
D_20260908,2026-09-08T17:10:30,6,4,SYNTHETIC_DEMO
D_20260908,2026-09-08T17:11:00,6,3,SYNTHETIC_DEMO
D_20260908,2026-09-08T17:11:30,8,4,SYNTHETIC_DEMO
D_20260908,2026-09-08T17:12:00,5,3,SYNTHETIC_DEMO
D_20260908,2026-09-08T17:12:30,7,4,SYNTHETIC_DEMO
D_20260908,2026-09-08T17:13:00,6,3,SYNTHETIC_DEMO
D_20260908,2026-09-08T17:13:30,7,3,SYNTHETIC_DEMO
D_20260908,2026-09-08T17:14:00,7,3,SYNTHETIC_DEMO
D_20260908,2026-09-08T17:14:30,6,4,SYNTHETIC_DEMO
D_20260908,2026-09-08T17:15:00,8,4,SYNTHETIC_DEMO
D_20260908,2026-09-08T17:15:30,8,3,SYNTHETIC_DEMO
D_20260908,2026-09-08T17:16:00,6,3,SYNTHETIC_DEMO
D_20260908,2026-09-08T17:16:30,8,4,SYNTHETIC_DEMO
D_20260908,2026-09-08T17:17:00,9,3,SYNTHETIC_DEMO
D_20260908,2026-09-08T17:17:30,10,4,SYNTHETIC_DEMO
D_20260908,2026-09-08T17:18:00,8,2,SYNTHETIC_DEMO
D_20260908,2026-09-08T17:18:30,10,3,SYNTHETIC_DEMO
D_20260908,2026-09-08T17:19:00,9,3,SYNTHETIC_DEMO
D_20260908,2026-09-08T17:19:30,10,3,SYNTHETIC_DEMO
D_20260908,2026-09-08T17:20:00,9,4,SYNTHETIC_DEMO
D_20260908,2026-09-08T17:20:30,10,4,SYNTHETIC_DEMO
D_20260908,2026-09-08T17:21:00,10,4,SYNTHETIC_DEMO
D_20260908,2026-09-08T17:21:30,10,4,SYNTHETIC_DEMO
D_20260908,2026-09-08T17:22:00,9,4,SYNTHETIC_DEMO
D_20260908,2026-09-08T17:22:30,13,4,SYNTHETIC_DEMO
D_20260908,2026-09-08T17:23:00,10,4,SYNTHETIC_DEMO
D_20260908,2026-09-08T17:23:30,12,4,SYNTHETIC_DEMO
D_20260908,2026-09-08T17:24:00,12,4,SYNTHETIC_DEMO
D_20260908,2026-09-08T17:24:30,11,3,SYNTHETIC_DEMO
D_20260908,2026-09-08T17:25:00,12,3,SYNTHETIC_DEMO
D_20260908,2026-09-08T17:25:30,13,4,SYNTHETIC_DEMO
D_20260908,2026-09-08T17:26:00,14,5,SYNTHETIC_DEMO
D_20260908,2026-09-08T17:26:30,14,5,SYNTHETIC_DEMO
D_20260908,2026-09-08T17:27:00,13,4,SYNTHETIC_DEMO
D_20260908,2026-09-08T17:27:30,15,5,SYNTHETIC_DEMO
D_20260908,2026-09-08T17:28:00,14,4,SYNTHETIC_DEMO
D_20260908,2026-09-08T17:28:30,15,5,SYNTHETIC_DEMO
D_20260908,2026-09-08T17:29:00,15,5,SYNTHETIC_DEMO
D_20260908,2026-09-08T17:29:30,15,5,SYNTHETIC_DEMO
D_20260908,2026-09-08T17:30:00,15,5,SYNTHETIC_DEMO
D_20260908,2026-09-08T17:30:30,16,5,SYNTHETIC_DEMO
D_20260908,2026-09-08T17:31:00,16,4,SYNTHETIC_DEMO
D_20260908,2026-09-08T17:31:30,17,5,SYNTHETIC_DEMO
D_20260908,2026-09-08T17:32:00,16,4,SYNTHETIC_DEMO
D_20260908,2026-09-08T17:32:30,17,4,SYNTHETIC_DEMO
D_20260908,2026-09-08T17:33:00,15,4,SYNTHETIC_DEMO
D_20260908,2026-09-08T17:33:30,17,5,SYNTHETIC_DEMO
D_20260908,2026-09-08T17:34:00,15,5,SYNTHETIC_DEMO
D_20260908,2026-09-08T17:34:30,16,5,SYNTHETIC_DEMO
D_20260908,2026-09-08T17:35:00,17,5,SYNTHETIC_DEMO
D_20260908,2026-09-08T17:35:30,17,5,SYNTHETIC_DEMO
D_20260908,2026-09-08T17:36:00,17,4,SYNTHETIC_DEMO
D_20260908,2026-09-08T17:36:30,16,6,SYNTHETIC_DEMO
D_20260908,2026-09-08T17:37:00,19,6,SYNTHETIC_DEMO
D_20260908,2026-09-08T17:37:30,18,5,SYNTHETIC_DEMO
D_20260908,2026-09-08T17:38:00,17,5,SYNTHETIC_DEMO
D_20260908,2026-09-08T17:38:30,17,5,SYNTHETIC_DEMO
D_20260908,2026-09-08T17:39:00,18,5,SYNTHETIC_DEMO
D_20260908,2026-09-08T17:39:30,16,5,SYNTHETIC_DEMO
D_20260908,2026-09-08T17:40:00,17,6,SYNTHETIC_DEMO
D_20260908,2026-09-08T17:40:30,16,5,SYNTHETIC_DEMO
D_20260908,2026-09-08T17:41:00,16,6,SYNTHETIC_DEMO
D_20260908,2026-09-08T17:41:30,18,6,SYNTHETIC_DEMO
D_20260908,2026-09-08T17:42:00,16,5,SYNTHETIC_DEMO
D_20260908,2026-09-08T17:42:30,17,5,SYNTHETIC_DEMO
D_20260908,2026-09-08T17:43:00,18,4,SYNTHETIC_DEMO
D_20260908,2026-09-08T17:43:30,17,5,SYNTHETIC_DEMO
D_20260908,2026-09-08T17:44:00,17,6,SYNTHETIC_DEMO
D_20260908,2026-09-08T17:44:30,17,5,SYNTHETIC_DEMO
D_20260908,2026-09-08T17:45:00,17,5,SYNTHETIC_DEMO
D_20260908,2026-09-08T17:45:30,16,5,SYNTHETIC_DEMO
D_20260908,2026-09-08T17:46:00,16,4,SYNTHETIC_DEMO
D_20260908,2026-09-08T17:46:30,17,5,SYNTHETIC_DEMO
D_20260908,2026-09-08T17:47:00,14,6,SYNTHETIC_DEMO
D_20260908,2026-09-08T17:47:30,16,5,SYNTHETIC_DEMO
D_20260908,2026-09-08T17:48:00,17,4,SYNTHETIC_DEMO
D_20260908,2026-09-08T17:48:30,15,4,SYNTHETIC_DEMO
D_20260908,2026-09-08T17:49:00,15,5,SYNTHETIC_DEMO
D_20260908,2026-09-08T17:49:30,15,5,SYNTHETIC_DEMO
D_20260908,2026-09-08T17:50:00,15,4,SYNTHETIC_DEMO
D_20260908,2026-09-08T17:50:30,15,3,SYNTHETIC_DEMO
D_20260908,2026-09-08T17:51:00,14,5,SYNTHETIC_DEMO
D_20260908,2026-09-08T17:51:30,14,4,SYNTHETIC_DEMO
D_20260908,2026-09-08T17:52:00,15,5,SYNTHETIC_DEMO
D_20260908,2026-09-08T17:52:30,14,5,SYNTHETIC_DEMO
D_20260908,2026-09-08T17:53:00,15,5,SYNTHETIC_DEMO
D_20260908,2026-09-08T17:53:30,14,4,SYNTHETIC_DEMO
D_20260908,2026-09-08T17:54:00,12,5,SYNTHETIC_DEMO
D_20260908,2026-09-08T17:54:30,15,5,SYNTHETIC_DEMO
D_20260908,2026-09-08T17:55:00,13,4,SYNTHETIC_DEMO
D_20260908,2026-09-08T17:55:30,11,4,SYNTHETIC_DEMO
D_20260908,2026-09-08T17:56:00,13,4,SYNTHETIC_DEMO
D_20260908,2026-09-08T17:56:30,13,5,SYNTHETIC_DEMO
D_20260908,2026-09-08T17:57:00,12,5,SYNTHETIC_DEMO
D_20260908,2026-09-08T17:57:30,12,5,SYNTHETIC_DEMO
D_20260908,2026-09-08T17:58:00,10,3,SYNTHETIC_DEMO
D_20260908,2026-09-08T17:58:30,11,4,SYNTHETIC_DEMO
D_20260908,2026-09-08T17:59:00,9,4,SYNTHETIC_DEMO
D_20260908,2026-09-08T17:59:30,10,4,SYNTHETIC_DEMO
D_20260908,2026-09-08T18:00:00,11,4,SYNTHETIC_DEMO
D_20260908,2026-09-08T18:00:30,9,4,SYNTHETIC_DEMO
D_20260908,2026-09-08T18:01:00,9,4,SYNTHETIC_DEMO
D_20260908,2026-09-08T18:01:30,9,4,SYNTHETIC_DEMO
D_20260908,2026-09-08T18:02:00,8,4,SYNTHETIC_DEMO
D_20260908,2026-09-08T18:02:30,8,3,SYNTHETIC_DEMO
D_20260908,2026-09-08T18:03:00,9,4,SYNTHETIC_DEMO
D_20260908,2026-09-08T18:03:30,10,4,SYNTHETIC_DEMO
D_20260908,2026-09-08T18:04:00,8,4,SYNTHETIC_DEMO
D_20260908,2026-09-08T18:04:30,6,2,SYNTHETIC_DEMO
D_20260908,2026-09-08T18:05:00,7,4,SYNTHETIC_DEMO
D_20260908,2026-09-08T18:05:30,7,4,SYNTHETIC_DEMO
D_20260908,2026-09-08T18:06:00,8,4,SYNTHETIC_DEMO
D_20260908,2026-09-08T18:06:30,7,4,SYNTHETIC_DEMO
D_20260908,2026-09-08T18:07:00,6,3,SYNTHETIC_DEMO
D_20260908,2026-09-08T18:07:30,6,3,SYNTHETIC_DEMO
D_20260908,2026-09-08T18:08:00,5,3,SYNTHETIC_DEMO
D_20260908,2026-09-08T18:08:30,5,3,SYNTHETIC_DEMO
D_20260908,2026-09-08T18:09:00,5,3,SYNTHETIC_DEMO
D_20260908,2026-09-08T18:09:30,5,3,SYNTHETIC_DEMO
D_20260908,2026-09-08T18:10:00,4,2,SYNTHETIC_DEMO
D_20260908,2026-09-08T18:10:30,4,3,SYNTHETIC_DEMO
D_20260908,2026-09-08T18:11:00,4,3,SYNTHETIC_DEMO
D_20260908,2026-09-08T18:11:30,5,3,SYNTHETIC_DEMO
D_20260908,2026-09-08T18:12:00,5,2,SYNTHETIC_DEMO
D_20260908,2026-09-08T18:12:30,3,3,SYNTHETIC_DEMO
D_20260908,2026-09-08T18:13:00,2,3,SYNTHETIC_DEMO
D_20260908,2026-09-08T18:13:30,4,3,SYNTHETIC_DEMO
D_20260908,2026-09-08T18:14:00,3,2,SYNTHETIC_DEMO
D_20260908,2026-09-08T18:14:30,4,2,SYNTHETIC_DEMO
D_20260908,2026-09-08T18:15:00,4,2,SYNTHETIC_DEMO
D_20260908,2026-09-08T18:15:30,3,2,SYNTHETIC_DEMO
D_20260908,2026-09-08T18:16:00,4,2,SYNTHETIC_DEMO
D_20260908,2026-09-08T18:16:30,4,3,SYNTHETIC_DEMO
D_20260908,2026-09-08T18:17:00,4,3,SYNTHETIC_DEMO
D_20260908,2026-09-08T18:17:30,4,3,SYNTHETIC_DEMO
D_20260908,2026-09-08T18:18:00,3,3,SYNTHETIC_DEMO
D_20260908,2026-09-08T18:18:30,3,4,SYNTHETIC_DEMO
D_20260908,2026-09-08T18:19:00,2,3,SYNTHETIC_DEMO
D_20260908,2026-09-08T18:19:30,3,3,SYNTHETIC_DEMO
D_20260908,2026-09-08T18:20:00,2,2,SYNTHETIC_DEMO
D_20260908,2026-09-08T18:20:30,3,3,SYNTHETIC_DEMO
D_20260908,2026-09-08T18:21:00,2,3,SYNTHETIC_DEMO
D_20260908,2026-09-08T18:21:30,1,2,SYNTHETIC_DEMO
D_20260908,2026-09-08T18:22:00,3,3,SYNTHETIC_DEMO
D_20260908,2026-09-08T18:22:30,1,1,SYNTHETIC_DEMO
D_20260908,2026-09-08T18:23:00,1,3,SYNTHETIC_DEMO
D_20260908,2026-09-08T18:23:30,1,2,SYNTHETIC_DEMO
D_20260908,2026-09-08T18:24:00,3,2,SYNTHETIC_DEMO
D_20260908,2026-09-08T18:24:30,2,2,SYNTHETIC_DEMO
D_20260908,2026-09-08T18:25:00,3,3,SYNTHETIC_DEMO
D_20260908,2026-09-08T18:25:30,2,3,SYNTHETIC_DEMO
D_20260908,2026-09-08T18:26:00,1,2,SYNTHETIC_DEMO
D_20260908,2026-09-08T18:26:30,2,2,SYNTHETIC_DEMO
D_20260908,2026-09-08T18:27:00,2,3,SYNTHETIC_DEMO
D_20260908,2026-09-08T18:27:30,0,2,SYNTHETIC_DEMO
D_20260908,2026-09-08T18:28:00,3,2,SYNTHETIC_DEMO
D_20260908,2026-09-08T18:28:30,0,2,SYNTHETIC_DEMO
D_20260908,2026-09-08T18:29:00,2,2,SYNTHETIC_DEMO
D_20260908,2026-09-08T18:29:30,2,2,SYNTHETIC_DEMO
D_20260908,2026-09-08T18:30:00,0,2,SYNTHETIC_DEMO
D_20260908,2026-09-08T18:30:30,2,3,SYNTHETIC_DEMO
D_20260908,2026-09-08T18:31:00,0,1,SYNTHETIC_DEMO
D_20260908,2026-09-08T18:31:30,2,3,SYNTHETIC_DEMO
D_20260908,2026-09-08T18:32:00,1,2,SYNTHETIC_DEMO
D_20260908,2026-09-08T18:32:30,0,2,SYNTHETIC_DEMO
D_20260908,2026-09-08T18:33:00,0,2,SYNTHETIC_DEMO
D_20260908,2026-09-08T18:33:30,0,2,SYNTHETIC_DEMO
D_20260908,2026-09-08T18:34:00,2,3,SYNTHETIC_DEMO
D_20260908,2026-09-08T18:34:30,2,2,SYNTHETIC_DEMO
D_20260908,2026-09-08T18:35:00,0,2,SYNTHETIC_DEMO
D_20260908,2026-09-08T18:35:30,0,2,SYNTHETIC_DEMO
D_20260908,2026-09-08T18:36:00,1,3,SYNTHETIC_DEMO
D_20260908,2026-09-08T18:36:30,0,2,SYNTHETIC_DEMO
D_20260908,2026-09-08T18:37:00,2,2,SYNTHETIC_DEMO
D_20260908,2026-09-08T18:37:30,1,2,SYNTHETIC_DEMO
D_20260908,2026-09-08T18:38:00,0,2,SYNTHETIC_DEMO
D_20260908,2026-09-08T18:38:30,0,2,SYNTHETIC_DEMO
D_20260908,2026-09-08T18:39:00,0,3,SYNTHETIC_DEMO
D_20260908,2026-09-08T18:39:30,0,1,SYNTHETIC_DEMO
D_20260908,2026-09-08T18:40:00,1,2,SYNTHETIC_DEMO
D_20260908,2026-09-08T18:40:30,0,1,SYNTHETIC_DEMO
D_20260908,2026-09-08T18:41:00,1,2,SYNTHETIC_DEMO
D_20260908,2026-09-08T18:41:30,0,3,SYNTHETIC_DEMO
D_20260908,2026-09-08T18:42:00,2,2,SYNTHETIC_DEMO
D_20260908,2026-09-08T18:42:30,1,2,SYNTHETIC_DEMO
D_20260908,2026-09-08T18:43:00,0,2,SYNTHETIC_DEMO
D_20260908,2026-09-08T18:43:30,1,2,SYNTHETIC_DEMO
D_20260908,2026-09-08T18:44:00,2,3,SYNTHETIC_DEMO
D_20260908,2026-09-08T18:44:30,1,2,SYNTHETIC_DEMO
D_20260908,2026-09-08T18:45:00,1,2,SYNTHETIC_DEMO
D_20260908,2026-09-08T18:45:30,2,3,SYNTHETIC_DEMO
D_20260908,2026-09-08T18:46:00,3,3,SYNTHETIC_DEMO
D_20260908,2026-09-08T18:46:30,2,3,SYNTHETIC_DEMO
D_20260908,2026-09-08T18:47:00,1,2,SYNTHETIC_DEMO
D_20260908,2026-09-08T18:47:30,1,3,SYNTHETIC_DEMO
D_20260908,2026-09-08T18:48:00,1,3,SYNTHETIC_DEMO
D_20260908,2026-09-08T18:48:30,2,3,SYNTHETIC_DEMO
D_20260908,2026-09-08T18:49:00,1,2,SYNTHETIC_DEMO
D_20260908,2026-09-08T18:49:30,1,3,SYNTHETIC_DEMO
D_20260908,2026-09-08T18:50:00,0,2,SYNTHETIC_DEMO
D_20260908,2026-09-08T18:50:30,2,3,SYNTHETIC_DEMO
D_20260908,2026-09-08T18:51:00,2,2,SYNTHETIC_DEMO
D_20260908,2026-09-08T18:51:30,2,3,SYNTHETIC_DEMO
D_20260908,2026-09-08T18:52:00,0,1,SYNTHETIC_DEMO
D_20260908,2026-09-08T18:52:30,2,3,SYNTHETIC_DEMO
D_20260908,2026-09-08T18:53:00,1,2,SYNTHETIC_DEMO
D_20260908,2026-09-08T18:53:30,1,2,SYNTHETIC_DEMO
D_20260908,2026-09-08T18:54:00,2,3,SYNTHETIC_DEMO
D_20260908,2026-09-08T18:54:30,1,3,SYNTHETIC_DEMO
D_20260908,2026-09-08T18:55:00,2,2,SYNTHETIC_DEMO
D_20260908,2026-09-08T18:55:30,0,2,SYNTHETIC_DEMO
D_20260908,2026-09-08T18:56:00,1,2,SYNTHETIC_DEMO
D_20260908,2026-09-08T18:56:30,1,3,SYNTHETIC_DEMO
D_20260908,2026-09-08T18:57:00,1,2,SYNTHETIC_DEMO
D_20260908,2026-09-08T18:57:30,1,2,SYNTHETIC_DEMO
D_20260908,2026-09-08T18:58:00,2,3,SYNTHETIC_DEMO
D_20260908,2026-09-08T18:58:30,1,2,SYNTHETIC_DEMO
D_20260908,2026-09-08T18:59:00,0,2,SYNTHETIC_DEMO
D_20260908,2026-09-08T18:59:30,0,1,SYNTHETIC_DEMO
B_20260909,2026-09-09T05:30:00,1,2,SYNTHETIC_DEMO
B_20260909,2026-09-09T05:30:30,3,3,SYNTHETIC_DEMO
B_20260909,2026-09-09T05:31:00,2,2,SYNTHETIC_DEMO
B_20260909,2026-09-09T05:31:30,2,2,SYNTHETIC_DEMO
B_20260909,2026-09-09T05:32:00,3,2,SYNTHETIC_DEMO
B_20260909,2026-09-09T05:32:30,4,3,SYNTHETIC_DEMO
B_20260909,2026-09-09T05:33:00,2,2,SYNTHETIC_DEMO
B_20260909,2026-09-09T05:33:30,1,3,SYNTHETIC_DEMO
B_20260909,2026-09-09T05:34:00,3,2,SYNTHETIC_DEMO
B_20260909,2026-09-09T05:34:30,4,3,SYNTHETIC_DEMO
B_20260909,2026-09-09T05:35:00,3,2,SYNTHETIC_DEMO
B_20260909,2026-09-09T05:35:30,2,2,SYNTHETIC_DEMO
B_20260909,2026-09-09T05:36:00,4,2,SYNTHETIC_DEMO
B_20260909,2026-09-09T05:36:30,3,3,SYNTHETIC_DEMO
B_20260909,2026-09-09T05:37:00,4,2,SYNTHETIC_DEMO
B_20260909,2026-09-09T05:37:30,3,2,SYNTHETIC_DEMO
B_20260909,2026-09-09T05:38:00,4,3,SYNTHETIC_DEMO
B_20260909,2026-09-09T05:38:30,5,3,SYNTHETIC_DEMO
B_20260909,2026-09-09T05:39:00,4,3,SYNTHETIC_DEMO
B_20260909,2026-09-09T05:39:30,3,2,SYNTHETIC_DEMO
B_20260909,2026-09-09T05:40:00,5,3,SYNTHETIC_DEMO
B_20260909,2026-09-09T05:40:30,5,3,SYNTHETIC_DEMO
B_20260909,2026-09-09T05:41:00,3,3,SYNTHETIC_DEMO
B_20260909,2026-09-09T05:41:30,3,2,SYNTHETIC_DEMO
B_20260909,2026-09-09T05:42:00,3,2,SYNTHETIC_DEMO
B_20260909,2026-09-09T05:42:30,5,2,SYNTHETIC_DEMO
B_20260909,2026-09-09T05:43:00,6,3,SYNTHETIC_DEMO
B_20260909,2026-09-09T05:43:30,4,2,SYNTHETIC_DEMO
B_20260909,2026-09-09T05:44:00,4,3,SYNTHETIC_DEMO
B_20260909,2026-09-09T05:44:30,6,4,SYNTHETIC_DEMO
B_20260909,2026-09-09T05:45:00,5,4,SYNTHETIC_DEMO
B_20260909,2026-09-09T05:45:30,6,4,SYNTHETIC_DEMO
B_20260909,2026-09-09T05:46:00,5,3,SYNTHETIC_DEMO
B_20260909,2026-09-09T05:46:30,6,3,SYNTHETIC_DEMO
B_20260909,2026-09-09T05:47:00,5,4,SYNTHETIC_DEMO
B_20260909,2026-09-09T05:47:30,6,3,SYNTHETIC_DEMO
B_20260909,2026-09-09T05:48:00,5,3,SYNTHETIC_DEMO
B_20260909,2026-09-09T05:48:30,5,4,SYNTHETIC_DEMO
B_20260909,2026-09-09T05:49:00,7,3,SYNTHETIC_DEMO
B_20260909,2026-09-09T05:49:30,6,3,SYNTHETIC_DEMO
B_20260909,2026-09-09T05:50:00,7,3,SYNTHETIC_DEMO
B_20260909,2026-09-09T05:50:30,8,3,SYNTHETIC_DEMO
B_20260909,2026-09-09T05:51:00,7,3,SYNTHETIC_DEMO
B_20260909,2026-09-09T05:51:30,7,2,SYNTHETIC_DEMO
B_20260909,2026-09-09T05:52:00,8,3,SYNTHETIC_DEMO
B_20260909,2026-09-09T05:52:30,7,3,SYNTHETIC_DEMO
B_20260909,2026-09-09T05:53:00,8,4,SYNTHETIC_DEMO
B_20260909,2026-09-09T05:53:30,7,4,SYNTHETIC_DEMO
B_20260909,2026-09-09T05:54:00,8,3,SYNTHETIC_DEMO
B_20260909,2026-09-09T05:54:30,7,3,SYNTHETIC_DEMO
B_20260909,2026-09-09T05:55:00,8,4,SYNTHETIC_DEMO
B_20260909,2026-09-09T05:55:30,7,3,SYNTHETIC_DEMO
B_20260909,2026-09-09T05:56:00,7,4,SYNTHETIC_DEMO
B_20260909,2026-09-09T05:56:30,9,5,SYNTHETIC_DEMO
B_20260909,2026-09-09T05:57:00,7,3,SYNTHETIC_DEMO
B_20260909,2026-09-09T05:57:30,9,3,SYNTHETIC_DEMO
B_20260909,2026-09-09T05:58:00,8,3,SYNTHETIC_DEMO
B_20260909,2026-09-09T05:58:30,9,4,SYNTHETIC_DEMO
B_20260909,2026-09-09T05:59:00,8,3,SYNTHETIC_DEMO
B_20260909,2026-09-09T05:59:30,9,3,SYNTHETIC_DEMO
B_20260909,2026-09-09T06:00:00,9,3,SYNTHETIC_DEMO
B_20260909,2026-09-09T06:00:30,9,4,SYNTHETIC_DEMO
B_20260909,2026-09-09T06:01:00,9,5,SYNTHETIC_DEMO
B_20260909,2026-09-09T06:01:30,9,4,SYNTHETIC_DEMO
B_20260909,2026-09-09T06:02:00,9,5,SYNTHETIC_DEMO
B_20260909,2026-09-09T06:02:30,8,3,SYNTHETIC_DEMO
B_20260909,2026-09-09T06:03:00,8,4,SYNTHETIC_DEMO
B_20260909,2026-09-09T06:03:30,8,4,SYNTHETIC_DEMO
B_20260909,2026-09-09T06:04:00,9,4,SYNTHETIC_DEMO
B_20260909,2026-09-09T06:04:30,8,3,SYNTHETIC_DEMO
B_20260909,2026-09-09T06:05:00,8,4,SYNTHETIC_DEMO
B_20260909,2026-09-09T06:05:30,10,4,SYNTHETIC_DEMO
B_20260909,2026-09-09T06:06:00,8,3,SYNTHETIC_DEMO
B_20260909,2026-09-09T06:06:30,9,4,SYNTHETIC_DEMO
B_20260909,2026-09-09T06:07:00,8,3,SYNTHETIC_DEMO
B_20260909,2026-09-09T06:07:30,7,3,SYNTHETIC_DEMO
B_20260909,2026-09-09T06:08:00,9,3,SYNTHETIC_DEMO
B_20260909,2026-09-09T06:08:30,9,4,SYNTHETIC_DEMO
B_20260909,2026-09-09T06:09:00,8,4,SYNTHETIC_DEMO
B_20260909,2026-09-09T06:09:30,9,5,SYNTHETIC_DEMO
B_20260909,2026-09-09T06:10:00,7,4,SYNTHETIC_DEMO
B_20260909,2026-09-09T06:10:30,9,4,SYNTHETIC_DEMO
B_20260909,2026-09-09T06:11:00,9,4,SYNTHETIC_DEMO
B_20260909,2026-09-09T06:11:30,8,4,SYNTHETIC_DEMO
B_20260909,2026-09-09T06:12:00,9,4,SYNTHETIC_DEMO
B_20260909,2026-09-09T06:12:30,7,3,SYNTHETIC_DEMO
B_20260909,2026-09-09T06:13:00,7,3,SYNTHETIC_DEMO
B_20260909,2026-09-09T06:13:30,8,3,SYNTHETIC_DEMO
B_20260909,2026-09-09T06:14:00,8,4,SYNTHETIC_DEMO
B_20260909,2026-09-09T06:14:30,8,3,SYNTHETIC_DEMO
B_20260909,2026-09-09T06:15:00,8,3,SYNTHETIC_DEMO
B_20260909,2026-09-09T06:15:30,8,4,SYNTHETIC_DEMO
B_20260909,2026-09-09T06:16:00,6,3,SYNTHETIC_DEMO
B_20260909,2026-09-09T06:16:30,7,4,SYNTHETIC_DEMO
B_20260909,2026-09-09T06:17:00,7,3,SYNTHETIC_DEMO
B_20260909,2026-09-09T06:17:30,8,4,SYNTHETIC_DEMO
B_20260909,2026-09-09T06:18:00,7,3,SYNTHETIC_DEMO
B_20260909,2026-09-09T06:18:30,7,3,SYNTHETIC_DEMO
B_20260909,2026-09-09T06:19:00,6,3,SYNTHETIC_DEMO
B_20260909,2026-09-09T06:19:30,7,4,SYNTHETIC_DEMO
B_20260909,2026-09-09T06:20:00,7,3,SYNTHETIC_DEMO
B_20260909,2026-09-09T06:20:30,6,3,SYNTHETIC_DEMO
B_20260909,2026-09-09T06:21:00,6,3,SYNTHETIC_DEMO
B_20260909,2026-09-09T06:21:30,7,3,SYNTHETIC_DEMO
B_20260909,2026-09-09T06:22:00,4,2,SYNTHETIC_DEMO
B_20260909,2026-09-09T06:22:30,6,4,SYNTHETIC_DEMO
B_20260909,2026-09-09T06:23:00,5,2,SYNTHETIC_DEMO
B_20260909,2026-09-09T06:23:30,5,4,SYNTHETIC_DEMO
B_20260909,2026-09-09T06:24:00,6,2,SYNTHETIC_DEMO
B_20260909,2026-09-09T06:24:30,6,2,SYNTHETIC_DEMO
B_20260909,2026-09-09T06:25:00,5,2,SYNTHETIC_DEMO
B_20260909,2026-09-09T06:25:30,5,3,SYNTHETIC_DEMO
B_20260909,2026-09-09T06:26:00,5,4,SYNTHETIC_DEMO
B_20260909,2026-09-09T06:26:30,6,3,SYNTHETIC_DEMO
B_20260909,2026-09-09T06:27:00,7,4,SYNTHETIC_DEMO
B_20260909,2026-09-09T06:27:30,6,4,SYNTHETIC_DEMO
B_20260909,2026-09-09T06:28:00,5,3,SYNTHETIC_DEMO
B_20260909,2026-09-09T06:28:30,5,2,SYNTHETIC_DEMO
B_20260909,2026-09-09T06:29:00,4,3,SYNTHETIC_DEMO
B_20260909,2026-09-09T06:29:30,4,2,SYNTHETIC_DEMO
B_20260909,2026-09-09T06:30:00,3,2,SYNTHETIC_DEMO
B_20260909,2026-09-09T06:30:30,3,2,SYNTHETIC_DEMO
B_20260909,2026-09-09T06:31:00,5,4,SYNTHETIC_DEMO
B_20260909,2026-09-09T06:31:30,3,2,SYNTHETIC_DEMO
B_20260909,2026-09-09T06:32:00,3,2,SYNTHETIC_DEMO
B_20260909,2026-09-09T06:32:30,4,2,SYNTHETIC_DEMO
B_20260909,2026-09-09T06:33:00,4,2,SYNTHETIC_DEMO
B_20260909,2026-09-09T06:33:30,2,2,SYNTHETIC_DEMO
B_20260909,2026-09-09T06:34:00,3,2,SYNTHETIC_DEMO
B_20260909,2026-09-09T06:34:30,4,2,SYNTHETIC_DEMO
B_20260909,2026-09-09T06:35:00,3,3,SYNTHETIC_DEMO
B_20260909,2026-09-09T06:35:30,3,3,SYNTHETIC_DEMO
B_20260909,2026-09-09T06:36:00,2,3,SYNTHETIC_DEMO
B_20260909,2026-09-09T06:36:30,3,3,SYNTHETIC_DEMO
B_20260909,2026-09-09T06:37:00,3,3,SYNTHETIC_DEMO
B_20260909,2026-09-09T06:37:30,2,2,SYNTHETIC_DEMO
B_20260909,2026-09-09T06:38:00,3,3,SYNTHETIC_DEMO
B_20260909,2026-09-09T06:38:30,3,3,SYNTHETIC_DEMO
B_20260909,2026-09-09T06:39:00,0,2,SYNTHETIC_DEMO
B_20260909,2026-09-09T06:39:30,2,3,SYNTHETIC_DEMO
B_20260909,2026-09-09T06:40:00,1,1,SYNTHETIC_DEMO
B_20260909,2026-09-09T06:40:30,1,3,SYNTHETIC_DEMO
B_20260909,2026-09-09T06:41:00,2,2,SYNTHETIC_DEMO
B_20260909,2026-09-09T06:41:30,2,1,SYNTHETIC_DEMO
B_20260909,2026-09-09T06:42:00,0,2,SYNTHETIC_DEMO
B_20260909,2026-09-09T06:42:30,2,2,SYNTHETIC_DEMO
B_20260909,2026-09-09T06:43:00,2,2,SYNTHETIC_DEMO
B_20260909,2026-09-09T06:43:30,2,3,SYNTHETIC_DEMO
B_20260909,2026-09-09T06:44:00,1,2,SYNTHETIC_DEMO
B_20260909,2026-09-09T06:44:30,1,2,SYNTHETIC_DEMO
B_20260909,2026-09-09T06:45:00,2,3,SYNTHETIC_DEMO
B_20260909,2026-09-09T06:45:30,1,2,SYNTHETIC_DEMO
B_20260909,2026-09-09T06:46:00,2,3,SYNTHETIC_DEMO
B_20260909,2026-09-09T06:46:30,3,3,SYNTHETIC_DEMO
B_20260909,2026-09-09T06:47:00,2,2,SYNTHETIC_DEMO
B_20260909,2026-09-09T06:47:30,1,2,SYNTHETIC_DEMO
B_20260909,2026-09-09T06:48:00,3,3,SYNTHETIC_DEMO
B_20260909,2026-09-09T06:48:30,1,2,SYNTHETIC_DEMO
B_20260909,2026-09-09T06:49:00,1,2,SYNTHETIC_DEMO
B_20260909,2026-09-09T06:49:30,0,2,SYNTHETIC_DEMO
B_20260909,2026-09-09T06:50:00,2,2,SYNTHETIC_DEMO
B_20260909,2026-09-09T06:50:30,2,3,SYNTHETIC_DEMO
B_20260909,2026-09-09T06:51:00,1,3,SYNTHETIC_DEMO
B_20260909,2026-09-09T06:51:30,1,1,SYNTHETIC_DEMO
B_20260909,2026-09-09T06:52:00,0,3,SYNTHETIC_DEMO
B_20260909,2026-09-09T06:52:30,1,2,SYNTHETIC_DEMO
B_20260909,2026-09-09T06:53:00,1,2,SYNTHETIC_DEMO
B_20260909,2026-09-09T06:53:30,2,3,SYNTHETIC_DEMO
B_20260909,2026-09-09T06:54:00,2,3,SYNTHETIC_DEMO
B_20260909,2026-09-09T06:54:30,1,2,SYNTHETIC_DEMO
B_20260909,2026-09-09T06:55:00,1,3,SYNTHETIC_DEMO
B_20260909,2026-09-09T06:55:30,1,2,SYNTHETIC_DEMO
B_20260909,2026-09-09T06:56:00,1,2,SYNTHETIC_DEMO
B_20260909,2026-09-09T06:56:30,2,3,SYNTHETIC_DEMO
B_20260909,2026-09-09T06:57:00,1,3,SYNTHETIC_DEMO
B_20260909,2026-09-09T06:57:30,2,2,SYNTHETIC_DEMO
B_20260909,2026-09-09T06:58:00,1,2,SYNTHETIC_DEMO
B_20260909,2026-09-09T06:58:30,1,2,SYNTHETIC_DEMO
B_20260909,2026-09-09T06:59:00,1,2,SYNTHETIC_DEMO
B_20260909,2026-09-09T06:59:30,1,2,SYNTHETIC_DEMO
B_20260909,2026-09-09T07:00:00,2,2,SYNTHETIC_DEMO
B_20260909,2026-09-09T07:00:30,1,2,SYNTHETIC_DEMO
B_20260909,2026-09-09T07:01:00,1,3,SYNTHETIC_DEMO
B_20260909,2026-09-09T07:01:30,0,1,SYNTHETIC_DEMO
B_20260909,2026-09-09T07:02:00,1,2,SYNTHETIC_DEMO
B_20260909,2026-09-09T07:02:30,1,2,SYNTHETIC_DEMO
B_20260909,2026-09-09T07:03:00,0,3,SYNTHETIC_DEMO
B_20260909,2026-09-09T07:03:30,2,3,SYNTHETIC_DEMO
B_20260909,2026-09-09T07:04:00,0,3,SYNTHETIC_DEMO
B_20260909,2026-09-09T07:04:30,0,1,SYNTHETIC_DEMO
B_20260909,2026-09-09T07:05:00,2,4,SYNTHETIC_DEMO
B_20260909,2026-09-09T07:05:30,2,3,SYNTHETIC_DEMO
B_20260909,2026-09-09T07:06:00,0,3,SYNTHETIC_DEMO
B_20260909,2026-09-09T07:06:30,2,3,SYNTHETIC_DEMO
B_20260909,2026-09-09T07:07:00,2,2,SYNTHETIC_DEMO
B_20260909,2026-09-09T07:07:30,1,2,SYNTHETIC_DEMO
B_20260909,2026-09-09T07:08:00,2,3,SYNTHETIC_DEMO
B_20260909,2026-09-09T07:08:30,1,2,SYNTHETIC_DEMO
B_20260909,2026-09-09T07:09:00,1,3,SYNTHETIC_DEMO
B_20260909,2026-09-09T07:09:30,1,1,SYNTHETIC_DEMO
B_20260909,2026-09-09T07:10:00,1,2,SYNTHETIC_DEMO
B_20260909,2026-09-09T07:10:30,0,2,SYNTHETIC_DEMO
B_20260909,2026-09-09T07:11:00,1,3,SYNTHETIC_DEMO
B_20260909,2026-09-09T07:11:30,0,2,SYNTHETIC_DEMO
B_20260909,2026-09-09T07:12:00,1,3,SYNTHETIC_DEMO
B_20260909,2026-09-09T07:12:30,1,2,SYNTHETIC_DEMO
B_20260909,2026-09-09T07:13:00,0,1,SYNTHETIC_DEMO
B_20260909,2026-09-09T07:13:30,2,3,SYNTHETIC_DEMO
B_20260909,2026-09-09T07:14:00,0,1,SYNTHETIC_DEMO
B_20260909,2026-09-09T07:14:30,1,2,SYNTHETIC_DEMO
B_20260909,2026-09-09T07:15:00,1,2,SYNTHETIC_DEMO
B_20260909,2026-09-09T07:15:30,0,1,SYNTHETIC_DEMO
B_20260909,2026-09-09T07:16:00,0,1,SYNTHETIC_DEMO
B_20260909,2026-09-09T07:16:30,2,2,SYNTHETIC_DEMO
B_20260909,2026-09-09T07:17:00,1,2,SYNTHETIC_DEMO
B_20260909,2026-09-09T07:17:30,2,3,SYNTHETIC_DEMO
B_20260909,2026-09-09T07:18:00,2,3,SYNTHETIC_DEMO
B_20260909,2026-09-09T07:18:30,1,2,SYNTHETIC_DEMO
B_20260909,2026-09-09T07:19:00,0,2,SYNTHETIC_DEMO
B_20260909,2026-09-09T07:19:30,0,1,SYNTHETIC_DEMO
B_20260909,2026-09-09T07:20:00,0,2,SYNTHETIC_DEMO
B_20260909,2026-09-09T07:20:30,2,3,SYNTHETIC_DEMO
B_20260909,2026-09-09T07:21:00,1,2,SYNTHETIC_DEMO
B_20260909,2026-09-09T07:21:30,1,2,SYNTHETIC_DEMO
B_20260909,2026-09-09T07:22:00,2,2,SYNTHETIC_DEMO
B_20260909,2026-09-09T07:22:30,1,2,SYNTHETIC_DEMO
B_20260909,2026-09-09T07:23:00,0,1,SYNTHETIC_DEMO
B_20260909,2026-09-09T07:23:30,1,2,SYNTHETIC_DEMO
B_20260909,2026-09-09T07:24:00,1,2,SYNTHETIC_DEMO
B_20260909,2026-09-09T07:24:30,0,2,SYNTHETIC_DEMO
B_20260909,2026-09-09T07:25:00,0,2,SYNTHETIC_DEMO
B_20260909,2026-09-09T07:25:30,2,3,SYNTHETIC_DEMO
B_20260909,2026-09-09T07:26:00,0,1,SYNTHETIC_DEMO
B_20260909,2026-09-09T07:26:30,0,3,SYNTHETIC_DEMO
B_20260909,2026-09-09T07:27:00,1,3,SYNTHETIC_DEMO
B_20260909,2026-09-09T07:27:30,1,2,SYNTHETIC_DEMO
B_20260909,2026-09-09T07:28:00,0,1,SYNTHETIC_DEMO
B_20260909,2026-09-09T07:28:30,1,3,SYNTHETIC_DEMO
B_20260909,2026-09-09T07:29:00,2,3,SYNTHETIC_DEMO
B_20260909,2026-09-09T07:29:30,0,2,SYNTHETIC_DEMO
L_20260909,2026-09-09T11:30:00,6,3,SYNTHETIC_DEMO
L_20260909,2026-09-09T11:30:30,7,4,SYNTHETIC_DEMO
L_20260909,2026-09-09T11:31:00,5,2,SYNTHETIC_DEMO
L_20260909,2026-09-09T11:31:30,6,2,SYNTHETIC_DEMO
L_20260909,2026-09-09T11:32:00,8,3,SYNTHETIC_DEMO
L_20260909,2026-09-09T11:32:30,7,3,SYNTHETIC_DEMO
L_20260909,2026-09-09T11:33:00,7,3,SYNTHETIC_DEMO
L_20260909,2026-09-09T11:33:30,8,3,SYNTHETIC_DEMO
L_20260909,2026-09-09T11:34:00,7,3,SYNTHETIC_DEMO
L_20260909,2026-09-09T11:34:30,7,5,SYNTHETIC_DEMO
L_20260909,2026-09-09T11:35:00,8,3,SYNTHETIC_DEMO
L_20260909,2026-09-09T11:35:30,8,4,SYNTHETIC_DEMO
L_20260909,2026-09-09T11:36:00,8,3,SYNTHETIC_DEMO
L_20260909,2026-09-09T11:36:30,10,4,SYNTHETIC_DEMO
L_20260909,2026-09-09T11:37:00,11,3,SYNTHETIC_DEMO
L_20260909,2026-09-09T11:37:30,10,4,SYNTHETIC_DEMO
L_20260909,2026-09-09T11:38:00,10,4,SYNTHETIC_DEMO
L_20260909,2026-09-09T11:38:30,10,3,SYNTHETIC_DEMO
L_20260909,2026-09-09T11:39:00,10,5,SYNTHETIC_DEMO
L_20260909,2026-09-09T11:39:30,12,5,SYNTHETIC_DEMO
L_20260909,2026-09-09T11:40:00,11,4,SYNTHETIC_DEMO
L_20260909,2026-09-09T11:40:30,13,4,SYNTHETIC_DEMO
L_20260909,2026-09-09T11:41:00,12,4,SYNTHETIC_DEMO
L_20260909,2026-09-09T11:41:30,14,5,SYNTHETIC_DEMO
L_20260909,2026-09-09T11:42:00,11,4,SYNTHETIC_DEMO
L_20260909,2026-09-09T11:42:30,13,4,SYNTHETIC_DEMO
L_20260909,2026-09-09T11:43:00,12,4,SYNTHETIC_DEMO
L_20260909,2026-09-09T11:43:30,13,4,SYNTHETIC_DEMO
L_20260909,2026-09-09T11:44:00,13,5,SYNTHETIC_DEMO
L_20260909,2026-09-09T11:44:30,14,4,SYNTHETIC_DEMO
L_20260909,2026-09-09T11:45:00,12,4,SYNTHETIC_DEMO
L_20260909,2026-09-09T11:45:30,14,4,SYNTHETIC_DEMO
L_20260909,2026-09-09T11:46:00,15,5,SYNTHETIC_DEMO
L_20260909,2026-09-09T11:46:30,15,4,SYNTHETIC_DEMO
L_20260909,2026-09-09T11:47:00,15,5,SYNTHETIC_DEMO
L_20260909,2026-09-09T11:47:30,16,5,SYNTHETIC_DEMO
L_20260909,2026-09-09T11:48:00,17,6,SYNTHETIC_DEMO
L_20260909,2026-09-09T11:48:30,16,6,SYNTHETIC_DEMO
L_20260909,2026-09-09T11:49:00,16,5,SYNTHETIC_DEMO
L_20260909,2026-09-09T11:49:30,17,6,SYNTHETIC_DEMO
L_20260909,2026-09-09T11:50:00,17,6,SYNTHETIC_DEMO
L_20260909,2026-09-09T11:50:30,16,5,SYNTHETIC_DEMO
L_20260909,2026-09-09T11:51:00,17,5,SYNTHETIC_DEMO
L_20260909,2026-09-09T11:51:30,18,5,SYNTHETIC_DEMO
L_20260909,2026-09-09T11:52:00,19,5,SYNTHETIC_DEMO
L_20260909,2026-09-09T11:52:30,17,5,SYNTHETIC_DEMO
L_20260909,2026-09-09T11:53:00,17,5,SYNTHETIC_DEMO
L_20260909,2026-09-09T11:53:30,19,6,SYNTHETIC_DEMO
L_20260909,2026-09-09T11:54:00,19,6,SYNTHETIC_DEMO
L_20260909,2026-09-09T11:54:30,19,5,SYNTHETIC_DEMO
L_20260909,2026-09-09T11:55:00,19,6,SYNTHETIC_DEMO
L_20260909,2026-09-09T11:55:30,19,5,SYNTHETIC_DEMO
L_20260909,2026-09-09T11:56:00,20,6,SYNTHETIC_DEMO
L_20260909,2026-09-09T11:56:30,19,5,SYNTHETIC_DEMO
L_20260909,2026-09-09T11:57:00,18,5,SYNTHETIC_DEMO
L_20260909,2026-09-09T11:57:30,19,5,SYNTHETIC_DEMO
L_20260909,2026-09-09T11:58:00,19,6,SYNTHETIC_DEMO
L_20260909,2026-09-09T11:58:30,20,6,SYNTHETIC_DEMO
L_20260909,2026-09-09T11:59:00,19,5,SYNTHETIC_DEMO
L_20260909,2026-09-09T11:59:30,18,6,SYNTHETIC_DEMO
L_20260909,2026-09-09T12:00:00,20,6,SYNTHETIC_DEMO
L_20260909,2026-09-09T12:00:30,19,5,SYNTHETIC_DEMO
L_20260909,2026-09-09T12:01:00,20,5,SYNTHETIC_DEMO
L_20260909,2026-09-09T12:01:30,19,6,SYNTHETIC_DEMO
L_20260909,2026-09-09T12:02:00,20,5,SYNTHETIC_DEMO
L_20260909,2026-09-09T12:02:30,20,5,SYNTHETIC_DEMO
L_20260909,2026-09-09T12:03:00,18,5,SYNTHETIC_DEMO
L_20260909,2026-09-09T12:03:30,20,6,SYNTHETIC_DEMO
L_20260909,2026-09-09T12:04:00,19,4,SYNTHETIC_DEMO
L_20260909,2026-09-09T12:04:30,19,5,SYNTHETIC_DEMO
L_20260909,2026-09-09T12:05:00,19,5,SYNTHETIC_DEMO
L_20260909,2026-09-09T12:05:30,18,5,SYNTHETIC_DEMO
L_20260909,2026-09-09T12:06:00,18,5,SYNTHETIC_DEMO
L_20260909,2026-09-09T12:06:30,18,4,SYNTHETIC_DEMO
L_20260909,2026-09-09T12:07:00,17,5,SYNTHETIC_DEMO
L_20260909,2026-09-09T12:07:30,19,6,SYNTHETIC_DEMO
L_20260909,2026-09-09T12:08:00,18,5,SYNTHETIC_DEMO
L_20260909,2026-09-09T12:08:30,19,5,SYNTHETIC_DEMO
L_20260909,2026-09-09T12:09:00,17,5,SYNTHETIC_DEMO
L_20260909,2026-09-09T12:09:30,16,6,SYNTHETIC_DEMO
L_20260909,2026-09-09T12:10:00,16,5,SYNTHETIC_DEMO
L_20260909,2026-09-09T12:10:30,15,5,SYNTHETIC_DEMO
L_20260909,2026-09-09T12:11:00,17,5,SYNTHETIC_DEMO
L_20260909,2026-09-09T12:11:30,16,5,SYNTHETIC_DEMO
L_20260909,2026-09-09T12:12:00,15,4,SYNTHETIC_DEMO
L_20260909,2026-09-09T12:12:30,15,4,SYNTHETIC_DEMO
L_20260909,2026-09-09T12:13:00,15,4,SYNTHETIC_DEMO
L_20260909,2026-09-09T12:13:30,15,5,SYNTHETIC_DEMO
L_20260909,2026-09-09T12:14:00,14,4,SYNTHETIC_DEMO
L_20260909,2026-09-09T12:14:30,15,4,SYNTHETIC_DEMO
L_20260909,2026-09-09T12:15:00,14,5,SYNTHETIC_DEMO
L_20260909,2026-09-09T12:15:30,14,5,SYNTHETIC_DEMO
L_20260909,2026-09-09T12:16:00,13,4,SYNTHETIC_DEMO
L_20260909,2026-09-09T12:16:30,14,5,SYNTHETIC_DEMO
L_20260909,2026-09-09T12:17:00,12,4,SYNTHETIC_DEMO
L_20260909,2026-09-09T12:17:30,13,4,SYNTHETIC_DEMO
L_20260909,2026-09-09T12:18:00,12,4,SYNTHETIC_DEMO
L_20260909,2026-09-09T12:18:30,12,5,SYNTHETIC_DEMO
L_20260909,2026-09-09T12:19:00,10,4,SYNTHETIC_DEMO
L_20260909,2026-09-09T12:19:30,11,5,SYNTHETIC_DEMO
L_20260909,2026-09-09T12:20:00,10,5,SYNTHETIC_DEMO
L_20260909,2026-09-09T12:20:30,11,4,SYNTHETIC_DEMO
L_20260909,2026-09-09T12:21:00,12,4,SYNTHETIC_DEMO
L_20260909,2026-09-09T12:21:30,9,3,SYNTHETIC_DEMO
L_20260909,2026-09-09T12:22:00,10,3,SYNTHETIC_DEMO
L_20260909,2026-09-09T12:22:30,9,3,SYNTHETIC_DEMO
L_20260909,2026-09-09T12:23:00,9,4,SYNTHETIC_DEMO
L_20260909,2026-09-09T12:23:30,9,4,SYNTHETIC_DEMO
L_20260909,2026-09-09T12:24:00,9,4,SYNTHETIC_DEMO
L_20260909,2026-09-09T12:24:30,8,3,SYNTHETIC_DEMO
L_20260909,2026-09-09T12:25:00,7,3,SYNTHETIC_DEMO
L_20260909,2026-09-09T12:25:30,8,4,SYNTHETIC_DEMO
L_20260909,2026-09-09T12:26:00,6,3,SYNTHETIC_DEMO
L_20260909,2026-09-09T12:26:30,6,4,SYNTHETIC_DEMO
L_20260909,2026-09-09T12:27:00,8,4,SYNTHETIC_DEMO
L_20260909,2026-09-09T12:27:30,8,4,SYNTHETIC_DEMO
L_20260909,2026-09-09T12:28:00,8,4,SYNTHETIC_DEMO
L_20260909,2026-09-09T12:28:30,5,3,SYNTHETIC_DEMO
L_20260909,2026-09-09T12:29:00,6,3,SYNTHETIC_DEMO
L_20260909,2026-09-09T12:29:30,6,3,SYNTHETIC_DEMO
L_20260909,2026-09-09T12:30:00,5,3,SYNTHETIC_DEMO
L_20260909,2026-09-09T12:30:30,5,3,SYNTHETIC_DEMO
L_20260909,2026-09-09T12:31:00,7,2,SYNTHETIC_DEMO
L_20260909,2026-09-09T12:31:30,6,4,SYNTHETIC_DEMO
L_20260909,2026-09-09T12:32:00,5,3,SYNTHETIC_DEMO
L_20260909,2026-09-09T12:32:30,5,3,SYNTHETIC_DEMO
L_20260909,2026-09-09T12:33:00,5,3,SYNTHETIC_DEMO
L_20260909,2026-09-09T12:33:30,4,3,SYNTHETIC_DEMO
L_20260909,2026-09-09T12:34:00,5,4,SYNTHETIC_DEMO
L_20260909,2026-09-09T12:34:30,4,3,SYNTHETIC_DEMO
L_20260909,2026-09-09T12:35:00,4,3,SYNTHETIC_DEMO
L_20260909,2026-09-09T12:35:30,4,2,SYNTHETIC_DEMO
L_20260909,2026-09-09T12:36:00,3,3,SYNTHETIC_DEMO
L_20260909,2026-09-09T12:36:30,3,2,SYNTHETIC_DEMO
L_20260909,2026-09-09T12:37:00,4,3,SYNTHETIC_DEMO
L_20260909,2026-09-09T12:37:30,3,3,SYNTHETIC_DEMO
L_20260909,2026-09-09T12:38:00,4,3,SYNTHETIC_DEMO
L_20260909,2026-09-09T12:38:30,2,2,SYNTHETIC_DEMO
L_20260909,2026-09-09T12:39:00,3,4,SYNTHETIC_DEMO
L_20260909,2026-09-09T12:39:30,3,3,SYNTHETIC_DEMO
L_20260909,2026-09-09T12:40:00,3,2,SYNTHETIC_DEMO
L_20260909,2026-09-09T12:40:30,3,2,SYNTHETIC_DEMO
L_20260909,2026-09-09T12:41:00,3,3,SYNTHETIC_DEMO
L_20260909,2026-09-09T12:41:30,3,3,SYNTHETIC_DEMO
L_20260909,2026-09-09T12:42:00,3,3,SYNTHETIC_DEMO
L_20260909,2026-09-09T12:42:30,3,3,SYNTHETIC_DEMO
L_20260909,2026-09-09T12:43:00,3,3,SYNTHETIC_DEMO
L_20260909,2026-09-09T12:43:30,3,3,SYNTHETIC_DEMO
L_20260909,2026-09-09T12:44:00,3,3,SYNTHETIC_DEMO
L_20260909,2026-09-09T12:44:30,2,3,SYNTHETIC_DEMO
L_20260909,2026-09-09T12:45:00,2,2,SYNTHETIC_DEMO
L_20260909,2026-09-09T12:45:30,2,3,SYNTHETIC_DEMO
L_20260909,2026-09-09T12:46:00,2,2,SYNTHETIC_DEMO
L_20260909,2026-09-09T12:46:30,3,3,SYNTHETIC_DEMO
L_20260909,2026-09-09T12:47:00,2,2,SYNTHETIC_DEMO
L_20260909,2026-09-09T12:47:30,1,1,SYNTHETIC_DEMO
L_20260909,2026-09-09T12:48:00,1,2,SYNTHETIC_DEMO
L_20260909,2026-09-09T12:48:30,1,2,SYNTHETIC_DEMO
L_20260909,2026-09-09T12:49:00,2,2,SYNTHETIC_DEMO
L_20260909,2026-09-09T12:49:30,1,3,SYNTHETIC_DEMO
L_20260909,2026-09-09T12:50:00,2,2,SYNTHETIC_DEMO
L_20260909,2026-09-09T12:50:30,1,2,SYNTHETIC_DEMO
L_20260909,2026-09-09T12:51:00,1,3,SYNTHETIC_DEMO
L_20260909,2026-09-09T12:51:30,2,1,SYNTHETIC_DEMO
L_20260909,2026-09-09T12:52:00,1,2,SYNTHETIC_DEMO
L_20260909,2026-09-09T12:52:30,1,2,SYNTHETIC_DEMO
L_20260909,2026-09-09T12:53:00,1,2,SYNTHETIC_DEMO
L_20260909,2026-09-09T12:53:30,1,3,SYNTHETIC_DEMO
L_20260909,2026-09-09T12:54:00,2,4,SYNTHETIC_DEMO
L_20260909,2026-09-09T12:54:30,1,2,SYNTHETIC_DEMO
L_20260909,2026-09-09T12:55:00,2,3,SYNTHETIC_DEMO
L_20260909,2026-09-09T12:55:30,1,3,SYNTHETIC_DEMO
L_20260909,2026-09-09T12:56:00,1,2,SYNTHETIC_DEMO
L_20260909,2026-09-09T12:56:30,2,2,SYNTHETIC_DEMO
L_20260909,2026-09-09T12:57:00,0,1,SYNTHETIC_DEMO
L_20260909,2026-09-09T12:57:30,2,2,SYNTHETIC_DEMO
L_20260909,2026-09-09T12:58:00,2,2,SYNTHETIC_DEMO
L_20260909,2026-09-09T12:58:30,2,3,SYNTHETIC_DEMO
L_20260909,2026-09-09T12:59:00,0,3,SYNTHETIC_DEMO
L_20260909,2026-09-09T12:59:30,1,2,SYNTHETIC_DEMO
L_20260909,2026-09-09T13:00:00,0,2,SYNTHETIC_DEMO
L_20260909,2026-09-09T13:00:30,1,2,SYNTHETIC_DEMO
L_20260909,2026-09-09T13:01:00,0,1,SYNTHETIC_DEMO
L_20260909,2026-09-09T13:01:30,0,3,SYNTHETIC_DEMO
L_20260909,2026-09-09T13:02:00,1,2,SYNTHETIC_DEMO
L_20260909,2026-09-09T13:02:30,0,2,SYNTHETIC_DEMO
L_20260909,2026-09-09T13:03:00,2,3,SYNTHETIC_DEMO
L_20260909,2026-09-09T13:03:30,0,2,SYNTHETIC_DEMO
L_20260909,2026-09-09T13:04:00,2,3,SYNTHETIC_DEMO
L_20260909,2026-09-09T13:04:30,0,3,SYNTHETIC_DEMO
L_20260909,2026-09-09T13:05:00,0,2,SYNTHETIC_DEMO
L_20260909,2026-09-09T13:05:30,3,3,SYNTHETIC_DEMO
L_20260909,2026-09-09T13:06:00,2,2,SYNTHETIC_DEMO
L_20260909,2026-09-09T13:06:30,1,2,SYNTHETIC_DEMO
L_20260909,2026-09-09T13:07:00,0,1,SYNTHETIC_DEMO
L_20260909,2026-09-09T13:07:30,2,3,SYNTHETIC_DEMO
L_20260909,2026-09-09T13:08:00,1,2,SYNTHETIC_DEMO
L_20260909,2026-09-09T13:08:30,1,2,SYNTHETIC_DEMO
L_20260909,2026-09-09T13:09:00,0,2,SYNTHETIC_DEMO
L_20260909,2026-09-09T13:09:30,2,2,SYNTHETIC_DEMO
L_20260909,2026-09-09T13:10:00,1,3,SYNTHETIC_DEMO
L_20260909,2026-09-09T13:10:30,0,2,SYNTHETIC_DEMO
L_20260909,2026-09-09T13:11:00,0,2,SYNTHETIC_DEMO
L_20260909,2026-09-09T13:11:30,3,4,SYNTHETIC_DEMO
L_20260909,2026-09-09T13:12:00,1,1,SYNTHETIC_DEMO
L_20260909,2026-09-09T13:12:30,2,2,SYNTHETIC_DEMO
L_20260909,2026-09-09T13:13:00,2,2,SYNTHETIC_DEMO
L_20260909,2026-09-09T13:13:30,1,2,SYNTHETIC_DEMO
L_20260909,2026-09-09T13:14:00,0,2,SYNTHETIC_DEMO
L_20260909,2026-09-09T13:14:30,1,2,SYNTHETIC_DEMO
L_20260909,2026-09-09T13:15:00,0,2,SYNTHETIC_DEMO
L_20260909,2026-09-09T13:15:30,1,2,SYNTHETIC_DEMO
L_20260909,2026-09-09T13:16:00,0,3,SYNTHETIC_DEMO
L_20260909,2026-09-09T13:16:30,2,3,SYNTHETIC_DEMO
L_20260909,2026-09-09T13:17:00,1,3,SYNTHETIC_DEMO
L_20260909,2026-09-09T13:17:30,2,4,SYNTHETIC_DEMO
L_20260909,2026-09-09T13:18:00,1,2,SYNTHETIC_DEMO
L_20260909,2026-09-09T13:18:30,2,2,SYNTHETIC_DEMO
L_20260909,2026-09-09T13:19:00,1,2,SYNTHETIC_DEMO
L_20260909,2026-09-09T13:19:30,2,2,SYNTHETIC_DEMO
L_20260909,2026-09-09T13:20:00,1,2,SYNTHETIC_DEMO
L_20260909,2026-09-09T13:20:30,3,3,SYNTHETIC_DEMO
L_20260909,2026-09-09T13:21:00,0,3,SYNTHETIC_DEMO
L_20260909,2026-09-09T13:21:30,2,3,SYNTHETIC_DEMO
L_20260909,2026-09-09T13:22:00,1,2,SYNTHETIC_DEMO
L_20260909,2026-09-09T13:22:30,1,2,SYNTHETIC_DEMO
L_20260909,2026-09-09T13:23:00,0,3,SYNTHETIC_DEMO
L_20260909,2026-09-09T13:23:30,1,1,SYNTHETIC_DEMO
L_20260909,2026-09-09T13:24:00,0,2,SYNTHETIC_DEMO
L_20260909,2026-09-09T13:24:30,1,1,SYNTHETIC_DEMO
L_20260909,2026-09-09T13:25:00,1,2,SYNTHETIC_DEMO
L_20260909,2026-09-09T13:25:30,2,3,SYNTHETIC_DEMO
L_20260909,2026-09-09T13:26:00,2,3,SYNTHETIC_DEMO
L_20260909,2026-09-09T13:26:30,2,3,SYNTHETIC_DEMO
L_20260909,2026-09-09T13:27:00,1,2,SYNTHETIC_DEMO
L_20260909,2026-09-09T13:27:30,0,2,SYNTHETIC_DEMO
L_20260909,2026-09-09T13:28:00,1,3,SYNTHETIC_DEMO
L_20260909,2026-09-09T13:28:30,1,2,SYNTHETIC_DEMO
L_20260909,2026-09-09T13:29:00,0,2,SYNTHETIC_DEMO
L_20260909,2026-09-09T13:29:30,1,3,SYNTHETIC_DEMO
D_20260909,2026-09-09T17:00:00,2,3,SYNTHETIC_DEMO
D_20260909,2026-09-09T17:00:30,3,3,SYNTHETIC_DEMO
D_20260909,2026-09-09T17:01:00,2,3,SYNTHETIC_DEMO
D_20260909,2026-09-09T17:01:30,1,2,SYNTHETIC_DEMO
D_20260909,2026-09-09T17:02:00,3,2,SYNTHETIC_DEMO
D_20260909,2026-09-09T17:02:30,3,3,SYNTHETIC_DEMO
D_20260909,2026-09-09T17:03:00,3,3,SYNTHETIC_DEMO
D_20260909,2026-09-09T17:03:30,3,3,SYNTHETIC_DEMO
D_20260909,2026-09-09T17:04:00,2,2,SYNTHETIC_DEMO
D_20260909,2026-09-09T17:04:30,2,2,SYNTHETIC_DEMO
D_20260909,2026-09-09T17:05:00,1,3,SYNTHETIC_DEMO
D_20260909,2026-09-09T17:05:30,0,1,SYNTHETIC_DEMO
D_20260909,2026-09-09T17:06:00,2,3,SYNTHETIC_DEMO
D_20260909,2026-09-09T17:06:30,2,2,SYNTHETIC_DEMO
D_20260909,2026-09-09T17:07:00,3,3,SYNTHETIC_DEMO
D_20260909,2026-09-09T17:07:30,3,2,SYNTHETIC_DEMO
D_20260909,2026-09-09T17:08:00,3,3,SYNTHETIC_DEMO
D_20260909,2026-09-09T17:08:30,3,2,SYNTHETIC_DEMO
D_20260909,2026-09-09T17:09:00,4,2,SYNTHETIC_DEMO
D_20260909,2026-09-09T17:09:30,5,3,SYNTHETIC_DEMO
D_20260909,2026-09-09T17:10:00,3,3,SYNTHETIC_DEMO
D_20260909,2026-09-09T17:10:30,3,3,SYNTHETIC_DEMO
D_20260909,2026-09-09T17:11:00,4,2,SYNTHETIC_DEMO
D_20260909,2026-09-09T17:11:30,3,2,SYNTHETIC_DEMO
D_20260909,2026-09-09T17:12:00,5,2,SYNTHETIC_DEMO
D_20260909,2026-09-09T17:12:30,5,3,SYNTHETIC_DEMO
D_20260909,2026-09-09T17:13:00,5,2,SYNTHETIC_DEMO
D_20260909,2026-09-09T17:13:30,6,3,SYNTHETIC_DEMO
D_20260909,2026-09-09T17:14:00,6,2,SYNTHETIC_DEMO
D_20260909,2026-09-09T17:14:30,6,3,SYNTHETIC_DEMO
D_20260909,2026-09-09T17:15:00,6,3,SYNTHETIC_DEMO
D_20260909,2026-09-09T17:15:30,5,2,SYNTHETIC_DEMO
D_20260909,2026-09-09T17:16:00,5,3,SYNTHETIC_DEMO
D_20260909,2026-09-09T17:16:30,7,3,SYNTHETIC_DEMO
D_20260909,2026-09-09T17:17:00,5,3,SYNTHETIC_DEMO
D_20260909,2026-09-09T17:17:30,6,2,SYNTHETIC_DEMO
D_20260909,2026-09-09T17:18:00,6,4,SYNTHETIC_DEMO
D_20260909,2026-09-09T17:18:30,7,3,SYNTHETIC_DEMO
D_20260909,2026-09-09T17:19:00,6,3,SYNTHETIC_DEMO
D_20260909,2026-09-09T17:19:30,8,3,SYNTHETIC_DEMO
D_20260909,2026-09-09T17:20:00,5,3,SYNTHETIC_DEMO
D_20260909,2026-09-09T17:20:30,6,3,SYNTHETIC_DEMO
D_20260909,2026-09-09T17:21:00,7,3,SYNTHETIC_DEMO
D_20260909,2026-09-09T17:21:30,8,3,SYNTHETIC_DEMO
D_20260909,2026-09-09T17:22:00,9,4,SYNTHETIC_DEMO
D_20260909,2026-09-09T17:22:30,9,3,SYNTHETIC_DEMO
D_20260909,2026-09-09T17:23:00,7,4,SYNTHETIC_DEMO
D_20260909,2026-09-09T17:23:30,8,3,SYNTHETIC_DEMO
D_20260909,2026-09-09T17:24:00,7,3,SYNTHETIC_DEMO
D_20260909,2026-09-09T17:24:30,8,4,SYNTHETIC_DEMO
D_20260909,2026-09-09T17:25:00,7,3,SYNTHETIC_DEMO
D_20260909,2026-09-09T17:25:30,9,3,SYNTHETIC_DEMO
D_20260909,2026-09-09T17:26:00,9,4,SYNTHETIC_DEMO
D_20260909,2026-09-09T17:26:30,10,4,SYNTHETIC_DEMO
D_20260909,2026-09-09T17:27:00,9,4,SYNTHETIC_DEMO
D_20260909,2026-09-09T17:27:30,11,4,SYNTHETIC_DEMO
D_20260909,2026-09-09T17:28:00,11,4,SYNTHETIC_DEMO
D_20260909,2026-09-09T17:28:30,12,4,SYNTHETIC_DEMO
D_20260909,2026-09-09T17:29:00,11,4,SYNTHETIC_DEMO
D_20260909,2026-09-09T17:29:30,10,4,SYNTHETIC_DEMO
D_20260909,2026-09-09T17:30:00,10,4,SYNTHETIC_DEMO
D_20260909,2026-09-09T17:30:30,11,4,SYNTHETIC_DEMO
D_20260909,2026-09-09T17:31:00,11,4,SYNTHETIC_DEMO
D_20260909,2026-09-09T17:31:30,12,3,SYNTHETIC_DEMO
D_20260909,2026-09-09T17:32:00,13,4,SYNTHETIC_DEMO
D_20260909,2026-09-09T17:32:30,11,4,SYNTHETIC_DEMO
D_20260909,2026-09-09T17:33:00,12,4,SYNTHETIC_DEMO
D_20260909,2026-09-09T17:33:30,12,4,SYNTHETIC_DEMO
D_20260909,2026-09-09T17:34:00,10,5,SYNTHETIC_DEMO
D_20260909,2026-09-09T17:34:30,11,4,SYNTHETIC_DEMO
D_20260909,2026-09-09T17:35:00,11,4,SYNTHETIC_DEMO
D_20260909,2026-09-09T17:35:30,12,4,SYNTHETIC_DEMO
D_20260909,2026-09-09T17:36:00,11,4,SYNTHETIC_DEMO
D_20260909,2026-09-09T17:36:30,12,4,SYNTHETIC_DEMO
D_20260909,2026-09-09T17:37:00,13,4,SYNTHETIC_DEMO
D_20260909,2026-09-09T17:37:30,12,5,SYNTHETIC_DEMO
D_20260909,2026-09-09T17:38:00,12,5,SYNTHETIC_DEMO
D_20260909,2026-09-09T17:38:30,12,5,SYNTHETIC_DEMO
D_20260909,2026-09-09T17:39:00,11,4,SYNTHETIC_DEMO
D_20260909,2026-09-09T17:39:30,11,4,SYNTHETIC_DEMO
D_20260909,2026-09-09T17:40:00,10,3,SYNTHETIC_DEMO
D_20260909,2026-09-09T17:40:30,11,4,SYNTHETIC_DEMO
D_20260909,2026-09-09T17:41:00,12,4,SYNTHETIC_DEMO
D_20260909,2026-09-09T17:41:30,13,5,SYNTHETIC_DEMO
D_20260909,2026-09-09T17:42:00,11,4,SYNTHETIC_DEMO
D_20260909,2026-09-09T17:42:30,11,4,SYNTHETIC_DEMO
D_20260909,2026-09-09T17:43:00,11,4,SYNTHETIC_DEMO
D_20260909,2026-09-09T17:43:30,12,4,SYNTHETIC_DEMO
D_20260909,2026-09-09T17:44:00,12,4,SYNTHETIC_DEMO
D_20260909,2026-09-09T17:44:30,12,3,SYNTHETIC_DEMO
D_20260909,2026-09-09T17:45:00,11,4,SYNTHETIC_DEMO
D_20260909,2026-09-09T17:45:30,11,4,SYNTHETIC_DEMO
D_20260909,2026-09-09T17:46:00,12,4,SYNTHETIC_DEMO
D_20260909,2026-09-09T17:46:30,12,3,SYNTHETIC_DEMO
D_20260909,2026-09-09T17:47:00,11,4,SYNTHETIC_DEMO
D_20260909,2026-09-09T17:47:30,11,3,SYNTHETIC_DEMO
D_20260909,2026-09-09T17:48:00,9,4,SYNTHETIC_DEMO
D_20260909,2026-09-09T17:48:30,10,4,SYNTHETIC_DEMO
D_20260909,2026-09-09T17:49:00,11,4,SYNTHETIC_DEMO
D_20260909,2026-09-09T17:49:30,11,3,SYNTHETIC_DEMO
D_20260909,2026-09-09T17:50:00,10,4,SYNTHETIC_DEMO
D_20260909,2026-09-09T17:50:30,12,4,SYNTHETIC_DEMO
D_20260909,2026-09-09T17:51:00,9,4,SYNTHETIC_DEMO
D_20260909,2026-09-09T17:51:30,9,4,SYNTHETIC_DEMO
D_20260909,2026-09-09T17:52:00,9,4,SYNTHETIC_DEMO
D_20260909,2026-09-09T17:52:30,10,4,SYNTHETIC_DEMO
D_20260909,2026-09-09T17:53:00,9,4,SYNTHETIC_DEMO
D_20260909,2026-09-09T17:53:30,10,4,SYNTHETIC_DEMO
D_20260909,2026-09-09T17:54:00,8,3,SYNTHETIC_DEMO
D_20260909,2026-09-09T17:54:30,9,3,SYNTHETIC_DEMO
D_20260909,2026-09-09T17:55:00,8,3,SYNTHETIC_DEMO
D_20260909,2026-09-09T17:55:30,9,4,SYNTHETIC_DEMO
D_20260909,2026-09-09T17:56:00,8,3,SYNTHETIC_DEMO
D_20260909,2026-09-09T17:56:30,7,4,SYNTHETIC_DEMO
D_20260909,2026-09-09T17:57:00,10,4,SYNTHETIC_DEMO
D_20260909,2026-09-09T17:57:30,8,4,SYNTHETIC_DEMO
D_20260909,2026-09-09T17:58:00,8,3,SYNTHETIC_DEMO
D_20260909,2026-09-09T17:58:30,7,3,SYNTHETIC_DEMO
D_20260909,2026-09-09T17:59:00,8,4,SYNTHETIC_DEMO
D_20260909,2026-09-09T17:59:30,7,5,SYNTHETIC_DEMO
D_20260909,2026-09-09T18:00:00,7,3,SYNTHETIC_DEMO
D_20260909,2026-09-09T18:00:30,7,3,SYNTHETIC_DEMO
D_20260909,2026-09-09T18:01:00,8,3,SYNTHETIC_DEMO
D_20260909,2026-09-09T18:01:30,7,3,SYNTHETIC_DEMO
D_20260909,2026-09-09T18:02:00,6,3,SYNTHETIC_DEMO
D_20260909,2026-09-09T18:02:30,5,3,SYNTHETIC_DEMO
D_20260909,2026-09-09T18:03:00,7,4,SYNTHETIC_DEMO
D_20260909,2026-09-09T18:03:30,5,3,SYNTHETIC_DEMO
D_20260909,2026-09-09T18:04:00,6,3,SYNTHETIC_DEMO
D_20260909,2026-09-09T18:04:30,5,2,SYNTHETIC_DEMO
D_20260909,2026-09-09T18:05:00,4,3,SYNTHETIC_DEMO
D_20260909,2026-09-09T18:05:30,6,3,SYNTHETIC_DEMO
D_20260909,2026-09-09T18:06:00,4,3,SYNTHETIC_DEMO
D_20260909,2026-09-09T18:06:30,5,2,SYNTHETIC_DEMO
D_20260909,2026-09-09T18:07:00,5,2,SYNTHETIC_DEMO
D_20260909,2026-09-09T18:07:30,4,3,SYNTHETIC_DEMO
D_20260909,2026-09-09T18:08:00,3,3,SYNTHETIC_DEMO
D_20260909,2026-09-09T18:08:30,4,2,SYNTHETIC_DEMO
D_20260909,2026-09-09T18:09:00,5,3,SYNTHETIC_DEMO
D_20260909,2026-09-09T18:09:30,3,2,SYNTHETIC_DEMO
D_20260909,2026-09-09T18:10:00,3,2,SYNTHETIC_DEMO
D_20260909,2026-09-09T18:10:30,4,2,SYNTHETIC_DEMO
D_20260909,2026-09-09T18:11:00,3,2,SYNTHETIC_DEMO
D_20260909,2026-09-09T18:11:30,5,2,SYNTHETIC_DEMO
D_20260909,2026-09-09T18:12:00,3,2,SYNTHETIC_DEMO
D_20260909,2026-09-09T18:12:30,3,3,SYNTHETIC_DEMO
D_20260909,2026-09-09T18:13:00,2,2,SYNTHETIC_DEMO
D_20260909,2026-09-09T18:13:30,1,3,SYNTHETIC_DEMO
D_20260909,2026-09-09T18:14:00,2,2,SYNTHETIC_DEMO
D_20260909,2026-09-09T18:14:30,4,2,SYNTHETIC_DEMO
D_20260909,2026-09-09T18:15:00,4,3,SYNTHETIC_DEMO
D_20260909,2026-09-09T18:15:30,2,3,SYNTHETIC_DEMO
D_20260909,2026-09-09T18:16:00,2,2,SYNTHETIC_DEMO
D_20260909,2026-09-09T18:16:30,4,4,SYNTHETIC_DEMO
D_20260909,2026-09-09T18:17:00,3,2,SYNTHETIC_DEMO
D_20260909,2026-09-09T18:17:30,2,2,SYNTHETIC_DEMO
D_20260909,2026-09-09T18:18:00,2,2,SYNTHETIC_DEMO
D_20260909,2026-09-09T18:18:30,2,3,SYNTHETIC_DEMO
D_20260909,2026-09-09T18:19:00,2,3,SYNTHETIC_DEMO
D_20260909,2026-09-09T18:19:30,3,3,SYNTHETIC_DEMO
D_20260909,2026-09-09T18:20:00,3,2,SYNTHETIC_DEMO
D_20260909,2026-09-09T18:20:30,1,2,SYNTHETIC_DEMO
D_20260909,2026-09-09T18:21:00,3,2,SYNTHETIC_DEMO
D_20260909,2026-09-09T18:21:30,1,2,SYNTHETIC_DEMO
D_20260909,2026-09-09T18:22:00,2,3,SYNTHETIC_DEMO
D_20260909,2026-09-09T18:22:30,2,3,SYNTHETIC_DEMO
D_20260909,2026-09-09T18:23:00,1,2,SYNTHETIC_DEMO
D_20260909,2026-09-09T18:23:30,0,2,SYNTHETIC_DEMO
D_20260909,2026-09-09T18:24:00,3,3,SYNTHETIC_DEMO
D_20260909,2026-09-09T18:24:30,1,2,SYNTHETIC_DEMO
D_20260909,2026-09-09T18:25:00,1,3,SYNTHETIC_DEMO
D_20260909,2026-09-09T18:25:30,2,2,SYNTHETIC_DEMO
D_20260909,2026-09-09T18:26:00,1,2,SYNTHETIC_DEMO
D_20260909,2026-09-09T18:26:30,0,2,SYNTHETIC_DEMO
D_20260909,2026-09-09T18:27:00,3,2,SYNTHETIC_DEMO
D_20260909,2026-09-09T18:27:30,0,2,SYNTHETIC_DEMO
D_20260909,2026-09-09T18:28:00,3,3,SYNTHETIC_DEMO
D_20260909,2026-09-09T18:28:30,3,3,SYNTHETIC_DEMO
D_20260909,2026-09-09T18:29:00,2,2,SYNTHETIC_DEMO
D_20260909,2026-09-09T18:29:30,1,2,SYNTHETIC_DEMO
D_20260909,2026-09-09T18:30:00,2,1,SYNTHETIC_DEMO
D_20260909,2026-09-09T18:30:30,1,2,SYNTHETIC_DEMO
D_20260909,2026-09-09T18:31:00,1,2,SYNTHETIC_DEMO
D_20260909,2026-09-09T18:31:30,2,2,SYNTHETIC_DEMO
D_20260909,2026-09-09T18:32:00,1,2,SYNTHETIC_DEMO
D_20260909,2026-09-09T18:32:30,0,2,SYNTHETIC_DEMO
D_20260909,2026-09-09T18:33:00,1,3,SYNTHETIC_DEMO
D_20260909,2026-09-09T18:33:30,0,3,SYNTHETIC_DEMO
D_20260909,2026-09-09T18:34:00,2,2,SYNTHETIC_DEMO
D_20260909,2026-09-09T18:34:30,1,1,SYNTHETIC_DEMO
D_20260909,2026-09-09T18:35:00,1,2,SYNTHETIC_DEMO
D_20260909,2026-09-09T18:35:30,1,2,SYNTHETIC_DEMO
D_20260909,2026-09-09T18:36:00,0,1,SYNTHETIC_DEMO
D_20260909,2026-09-09T18:36:30,2,2,SYNTHETIC_DEMO
D_20260909,2026-09-09T18:37:00,0,3,SYNTHETIC_DEMO
D_20260909,2026-09-09T18:37:30,1,1,SYNTHETIC_DEMO
D_20260909,2026-09-09T18:38:00,1,1,SYNTHETIC_DEMO
D_20260909,2026-09-09T18:38:30,2,2,SYNTHETIC_DEMO
D_20260909,2026-09-09T18:39:00,2,2,SYNTHETIC_DEMO
D_20260909,2026-09-09T18:39:30,0,1,SYNTHETIC_DEMO
D_20260909,2026-09-09T18:40:00,1,1,SYNTHETIC_DEMO
D_20260909,2026-09-09T18:40:30,1,3,SYNTHETIC_DEMO
D_20260909,2026-09-09T18:41:00,0,2,SYNTHETIC_DEMO
D_20260909,2026-09-09T18:41:30,1,2,SYNTHETIC_DEMO
D_20260909,2026-09-09T18:42:00,1,2,SYNTHETIC_DEMO
D_20260909,2026-09-09T18:42:30,1,2,SYNTHETIC_DEMO
D_20260909,2026-09-09T18:43:00,1,2,SYNTHETIC_DEMO
D_20260909,2026-09-09T18:43:30,0,2,SYNTHETIC_DEMO
D_20260909,2026-09-09T18:44:00,2,2,SYNTHETIC_DEMO
D_20260909,2026-09-09T18:44:30,2,2,SYNTHETIC_DEMO
D_20260909,2026-09-09T18:45:00,0,2,SYNTHETIC_DEMO
D_20260909,2026-09-09T18:45:30,2,3,SYNTHETIC_DEMO
D_20260909,2026-09-09T18:46:00,2,3,SYNTHETIC_DEMO
D_20260909,2026-09-09T18:46:30,1,3,SYNTHETIC_DEMO
D_20260909,2026-09-09T18:47:00,1,3,SYNTHETIC_DEMO
D_20260909,2026-09-09T18:47:30,2,2,SYNTHETIC_DEMO
D_20260909,2026-09-09T18:48:00,0,2,SYNTHETIC_DEMO
D_20260909,2026-09-09T18:48:30,0,2,SYNTHETIC_DEMO
D_20260909,2026-09-09T18:49:00,0,2,SYNTHETIC_DEMO
D_20260909,2026-09-09T18:49:30,2,3,SYNTHETIC_DEMO
D_20260909,2026-09-09T18:50:00,2,2,SYNTHETIC_DEMO
D_20260909,2026-09-09T18:50:30,0,2,SYNTHETIC_DEMO
D_20260909,2026-09-09T18:51:00,1,2,SYNTHETIC_DEMO
D_20260909,2026-09-09T18:51:30,2,2,SYNTHETIC_DEMO
D_20260909,2026-09-09T18:52:00,0,1,SYNTHETIC_DEMO
D_20260909,2026-09-09T18:52:30,1,2,SYNTHETIC_DEMO
D_20260909,2026-09-09T18:53:00,0,2,SYNTHETIC_DEMO
D_20260909,2026-09-09T18:53:30,2,3,SYNTHETIC_DEMO
D_20260909,2026-09-09T18:54:00,2,2,SYNTHETIC_DEMO
D_20260909,2026-09-09T18:54:30,1,2,SYNTHETIC_DEMO
D_20260909,2026-09-09T18:55:00,0,1,SYNTHETIC_DEMO
D_20260909,2026-09-09T18:55:30,1,2,SYNTHETIC_DEMO
D_20260909,2026-09-09T18:56:00,1,2,SYNTHETIC_DEMO
D_20260909,2026-09-09T18:56:30,1,1,SYNTHETIC_DEMO
D_20260909,2026-09-09T18:57:00,0,3,SYNTHETIC_DEMO
D_20260909,2026-09-09T18:57:30,1,2,SYNTHETIC_DEMO
D_20260909,2026-09-09T18:58:00,1,2,SYNTHETIC_DEMO
D_20260909,2026-09-09T18:58:30,0,2,SYNTHETIC_DEMO
D_20260909,2026-09-09T18:59:00,1,2,SYNTHETIC_DEMO
D_20260909,2026-09-09T18:59:30,0,2,SYNTHETIC_DEMO
B_20260910,2026-09-10T05:30:00,3,2,SYNTHETIC_DEMO
B_20260910,2026-09-10T05:30:30,1,2,SYNTHETIC_DEMO
B_20260910,2026-09-10T05:31:00,3,2,SYNTHETIC_DEMO
B_20260910,2026-09-10T05:31:30,3,3,SYNTHETIC_DEMO
B_20260910,2026-09-10T05:32:00,3,3,SYNTHETIC_DEMO
B_20260910,2026-09-10T05:32:30,2,2,SYNTHETIC_DEMO
B_20260910,2026-09-10T05:33:00,3,2,SYNTHETIC_DEMO
B_20260910,2026-09-10T05:33:30,3,2,SYNTHETIC_DEMO
B_20260910,2026-09-10T05:34:00,4,3,SYNTHETIC_DEMO
B_20260910,2026-09-10T05:34:30,3,2,SYNTHETIC_DEMO
B_20260910,2026-09-10T05:35:00,4,3,SYNTHETIC_DEMO
B_20260910,2026-09-10T05:35:30,5,2,SYNTHETIC_DEMO
B_20260910,2026-09-10T05:36:00,3,3,SYNTHETIC_DEMO
B_20260910,2026-09-10T05:36:30,5,2,SYNTHETIC_DEMO
B_20260910,2026-09-10T05:37:00,2,3,SYNTHETIC_DEMO
B_20260910,2026-09-10T05:37:30,5,2,SYNTHETIC_DEMO
B_20260910,2026-09-10T05:38:00,2,2,SYNTHETIC_DEMO
B_20260910,2026-09-10T05:38:30,4,3,SYNTHETIC_DEMO
B_20260910,2026-09-10T05:39:00,4,3,SYNTHETIC_DEMO
B_20260910,2026-09-10T05:39:30,5,5,SYNTHETIC_DEMO
B_20260910,2026-09-10T05:40:00,5,3,SYNTHETIC_DEMO
B_20260910,2026-09-10T05:40:30,4,2,SYNTHETIC_DEMO
B_20260910,2026-09-10T05:41:00,4,3,SYNTHETIC_DEMO
B_20260910,2026-09-10T05:41:30,4,4,SYNTHETIC_DEMO
B_20260910,2026-09-10T05:42:00,7,3,SYNTHETIC_DEMO
B_20260910,2026-09-10T05:42:30,6,2,SYNTHETIC_DEMO
B_20260910,2026-09-10T05:43:00,5,3,SYNTHETIC_DEMO
B_20260910,2026-09-10T05:43:30,6,3,SYNTHETIC_DEMO
B_20260910,2026-09-10T05:44:00,6,3,SYNTHETIC_DEMO
B_20260910,2026-09-10T05:44:30,4,3,SYNTHETIC_DEMO
B_20260910,2026-09-10T05:45:00,6,3,SYNTHETIC_DEMO
B_20260910,2026-09-10T05:45:30,6,3,SYNTHETIC_DEMO
B_20260910,2026-09-10T05:46:00,7,3,SYNTHETIC_DEMO
B_20260910,2026-09-10T05:46:30,8,2,SYNTHETIC_DEMO
B_20260910,2026-09-10T05:47:00,7,3,SYNTHETIC_DEMO
B_20260910,2026-09-10T05:47:30,6,4,SYNTHETIC_DEMO
B_20260910,2026-09-10T05:48:00,7,4,SYNTHETIC_DEMO
B_20260910,2026-09-10T05:48:30,6,3,SYNTHETIC_DEMO
B_20260910,2026-09-10T05:49:00,7,4,SYNTHETIC_DEMO
B_20260910,2026-09-10T05:49:30,8,3,SYNTHETIC_DEMO
B_20260910,2026-09-10T05:50:00,8,4,SYNTHETIC_DEMO
B_20260910,2026-09-10T05:50:30,8,4,SYNTHETIC_DEMO
B_20260910,2026-09-10T05:51:00,6,3,SYNTHETIC_DEMO
B_20260910,2026-09-10T05:51:30,8,3,SYNTHETIC_DEMO
B_20260910,2026-09-10T05:52:00,7,2,SYNTHETIC_DEMO
B_20260910,2026-09-10T05:52:30,9,3,SYNTHETIC_DEMO
B_20260910,2026-09-10T05:53:00,9,4,SYNTHETIC_DEMO
B_20260910,2026-09-10T05:53:30,9,4,SYNTHETIC_DEMO
B_20260910,2026-09-10T05:54:00,8,3,SYNTHETIC_DEMO
B_20260910,2026-09-10T05:54:30,9,3,SYNTHETIC_DEMO
B_20260910,2026-09-10T05:55:00,10,3,SYNTHETIC_DEMO
B_20260910,2026-09-10T05:55:30,10,4,SYNTHETIC_DEMO
B_20260910,2026-09-10T05:56:00,10,3,SYNTHETIC_DEMO
B_20260910,2026-09-10T05:56:30,9,3,SYNTHETIC_DEMO
B_20260910,2026-09-10T05:57:00,9,4,SYNTHETIC_DEMO
B_20260910,2026-09-10T05:57:30,12,4,SYNTHETIC_DEMO
B_20260910,2026-09-10T05:58:00,10,4,SYNTHETIC_DEMO
B_20260910,2026-09-10T05:58:30,9,3,SYNTHETIC_DEMO
B_20260910,2026-09-10T05:59:00,10,5,SYNTHETIC_DEMO
B_20260910,2026-09-10T05:59:30,11,4,SYNTHETIC_DEMO
B_20260910,2026-09-10T06:00:00,11,5,SYNTHETIC_DEMO
B_20260910,2026-09-10T06:00:30,11,3,SYNTHETIC_DEMO
B_20260910,2026-09-10T06:01:00,10,4,SYNTHETIC_DEMO
B_20260910,2026-09-10T06:01:30,11,4,SYNTHETIC_DEMO
B_20260910,2026-09-10T06:02:00,12,3,SYNTHETIC_DEMO
B_20260910,2026-09-10T06:02:30,12,4,SYNTHETIC_DEMO
B_20260910,2026-09-10T06:03:00,10,4,SYNTHETIC_DEMO
B_20260910,2026-09-10T06:03:30,11,3,SYNTHETIC_DEMO
B_20260910,2026-09-10T06:04:00,11,4,SYNTHETIC_DEMO
B_20260910,2026-09-10T06:04:30,12,4,SYNTHETIC_DEMO
B_20260910,2026-09-10T06:05:00,10,4,SYNTHETIC_DEMO
B_20260910,2026-09-10T06:05:30,12,4,SYNTHETIC_DEMO
B_20260910,2026-09-10T06:06:00,11,4,SYNTHETIC_DEMO
B_20260910,2026-09-10T06:06:30,12,4,SYNTHETIC_DEMO
B_20260910,2026-09-10T06:07:00,12,4,SYNTHETIC_DEMO
B_20260910,2026-09-10T06:07:30,11,4,SYNTHETIC_DEMO
B_20260910,2026-09-10T06:08:00,11,4,SYNTHETIC_DEMO
B_20260910,2026-09-10T06:08:30,10,4,SYNTHETIC_DEMO
B_20260910,2026-09-10T06:09:00,10,4,SYNTHETIC_DEMO
B_20260910,2026-09-10T06:09:30,11,4,SYNTHETIC_DEMO
B_20260910,2026-09-10T06:10:00,10,3,SYNTHETIC_DEMO
B_20260910,2026-09-10T06:10:30,9,3,SYNTHETIC_DEMO
B_20260910,2026-09-10T06:11:00,10,4,SYNTHETIC_DEMO
B_20260910,2026-09-10T06:11:30,8,3,SYNTHETIC_DEMO
B_20260910,2026-09-10T06:12:00,10,5,SYNTHETIC_DEMO
B_20260910,2026-09-10T06:12:30,10,3,SYNTHETIC_DEMO
B_20260910,2026-09-10T06:13:00,9,3,SYNTHETIC_DEMO
B_20260910,2026-09-10T06:13:30,10,4,SYNTHETIC_DEMO
B_20260910,2026-09-10T06:14:00,10,4,SYNTHETIC_DEMO
B_20260910,2026-09-10T06:14:30,11,4,SYNTHETIC_DEMO
B_20260910,2026-09-10T06:15:00,9,4,SYNTHETIC_DEMO
B_20260910,2026-09-10T06:15:30,10,4,SYNTHETIC_DEMO
B_20260910,2026-09-10T06:16:00,9,4,SYNTHETIC_DEMO
B_20260910,2026-09-10T06:16:30,10,5,SYNTHETIC_DEMO
B_20260910,2026-09-10T06:17:00,8,4,SYNTHETIC_DEMO
B_20260910,2026-09-10T06:17:30,10,4,SYNTHETIC_DEMO
B_20260910,2026-09-10T06:18:00,8,4,SYNTHETIC_DEMO
B_20260910,2026-09-10T06:18:30,9,4,SYNTHETIC_DEMO
B_20260910,2026-09-10T06:19:00,7,3,SYNTHETIC_DEMO
B_20260910,2026-09-10T06:19:30,8,3,SYNTHETIC_DEMO
B_20260910,2026-09-10T06:20:00,8,4,SYNTHETIC_DEMO
B_20260910,2026-09-10T06:20:30,7,4,SYNTHETIC_DEMO
B_20260910,2026-09-10T06:21:00,8,3,SYNTHETIC_DEMO
B_20260910,2026-09-10T06:21:30,7,3,SYNTHETIC_DEMO
B_20260910,2026-09-10T06:22:00,7,4,SYNTHETIC_DEMO
B_20260910,2026-09-10T06:22:30,7,3,SYNTHETIC_DEMO
B_20260910,2026-09-10T06:23:00,6,3,SYNTHETIC_DEMO
B_20260910,2026-09-10T06:23:30,7,2,SYNTHETIC_DEMO
B_20260910,2026-09-10T06:24:00,7,3,SYNTHETIC_DEMO
B_20260910,2026-09-10T06:24:30,5,3,SYNTHETIC_DEMO
B_20260910,2026-09-10T06:25:00,6,3,SYNTHETIC_DEMO
B_20260910,2026-09-10T06:25:30,6,4,SYNTHETIC_DEMO
B_20260910,2026-09-10T06:26:00,5,3,SYNTHETIC_DEMO
B_20260910,2026-09-10T06:26:30,7,3,SYNTHETIC_DEMO
B_20260910,2026-09-10T06:27:00,6,4,SYNTHETIC_DEMO
B_20260910,2026-09-10T06:27:30,7,3,SYNTHETIC_DEMO
B_20260910,2026-09-10T06:28:00,6,3,SYNTHETIC_DEMO
B_20260910,2026-09-10T06:28:30,7,4,SYNTHETIC_DEMO
B_20260910,2026-09-10T06:29:00,5,3,SYNTHETIC_DEMO
B_20260910,2026-09-10T06:29:30,6,3,SYNTHETIC_DEMO
B_20260910,2026-09-10T06:30:00,4,3,SYNTHETIC_DEMO
B_20260910,2026-09-10T06:30:30,4,3,SYNTHETIC_DEMO
B_20260910,2026-09-10T06:31:00,6,3,SYNTHETIC_DEMO
B_20260910,2026-09-10T06:31:30,5,2,SYNTHETIC_DEMO
B_20260910,2026-09-10T06:32:00,4,2,SYNTHETIC_DEMO
B_20260910,2026-09-10T06:32:30,4,2,SYNTHETIC_DEMO
B_20260910,2026-09-10T06:33:00,4,3,SYNTHETIC_DEMO
B_20260910,2026-09-10T06:33:30,4,3,SYNTHETIC_DEMO
B_20260910,2026-09-10T06:34:00,2,2,SYNTHETIC_DEMO
B_20260910,2026-09-10T06:34:30,3,3,SYNTHETIC_DEMO
B_20260910,2026-09-10T06:35:00,4,3,SYNTHETIC_DEMO
B_20260910,2026-09-10T06:35:30,3,3,SYNTHETIC_DEMO
B_20260910,2026-09-10T06:36:00,2,2,SYNTHETIC_DEMO
B_20260910,2026-09-10T06:36:30,4,3,SYNTHETIC_DEMO
B_20260910,2026-09-10T06:37:00,3,2,SYNTHETIC_DEMO
B_20260910,2026-09-10T06:37:30,5,3,SYNTHETIC_DEMO
B_20260910,2026-09-10T06:38:00,2,2,SYNTHETIC_DEMO
B_20260910,2026-09-10T06:38:30,3,2,SYNTHETIC_DEMO
B_20260910,2026-09-10T06:39:00,2,3,SYNTHETIC_DEMO
B_20260910,2026-09-10T06:39:30,3,3,SYNTHETIC_DEMO
B_20260910,2026-09-10T06:40:00,3,2,SYNTHETIC_DEMO
B_20260910,2026-09-10T06:40:30,2,2,SYNTHETIC_DEMO
B_20260910,2026-09-10T06:41:00,3,3,SYNTHETIC_DEMO
B_20260910,2026-09-10T06:41:30,3,2,SYNTHETIC_DEMO
B_20260910,2026-09-10T06:42:00,2,3,SYNTHETIC_DEMO
B_20260910,2026-09-10T06:42:30,3,2,SYNTHETIC_DEMO
B_20260910,2026-09-10T06:43:00,2,3,SYNTHETIC_DEMO
B_20260910,2026-09-10T06:43:30,3,2,SYNTHETIC_DEMO
B_20260910,2026-09-10T06:44:00,3,2,SYNTHETIC_DEMO
B_20260910,2026-09-10T06:44:30,2,2,SYNTHETIC_DEMO
B_20260910,2026-09-10T06:45:00,3,3,SYNTHETIC_DEMO
B_20260910,2026-09-10T06:45:30,3,2,SYNTHETIC_DEMO
B_20260910,2026-09-10T06:46:00,2,2,SYNTHETIC_DEMO
B_20260910,2026-09-10T06:46:30,3,2,SYNTHETIC_DEMO
B_20260910,2026-09-10T06:47:00,2,2,SYNTHETIC_DEMO
B_20260910,2026-09-10T06:47:30,2,4,SYNTHETIC_DEMO
B_20260910,2026-09-10T06:48:00,0,2,SYNTHETIC_DEMO
B_20260910,2026-09-10T06:48:30,3,2,SYNTHETIC_DEMO
B_20260910,2026-09-10T06:49:00,1,2,SYNTHETIC_DEMO
B_20260910,2026-09-10T06:49:30,2,3,SYNTHETIC_DEMO
B_20260910,2026-09-10T06:50:00,2,2,SYNTHETIC_DEMO
B_20260910,2026-09-10T06:50:30,2,2,SYNTHETIC_DEMO
B_20260910,2026-09-10T06:51:00,2,3,SYNTHETIC_DEMO
B_20260910,2026-09-10T06:51:30,1,2,SYNTHETIC_DEMO
B_20260910,2026-09-10T06:52:00,1,2,SYNTHETIC_DEMO
B_20260910,2026-09-10T06:52:30,2,1,SYNTHETIC_DEMO
B_20260910,2026-09-10T06:53:00,1,2,SYNTHETIC_DEMO
B_20260910,2026-09-10T06:53:30,2,2,SYNTHETIC_DEMO
B_20260910,2026-09-10T06:54:00,0,2,SYNTHETIC_DEMO
B_20260910,2026-09-10T06:54:30,1,2,SYNTHETIC_DEMO
B_20260910,2026-09-10T06:55:00,1,2,SYNTHETIC_DEMO
B_20260910,2026-09-10T06:55:30,2,3,SYNTHETIC_DEMO
B_20260910,2026-09-10T06:56:00,2,1,SYNTHETIC_DEMO
B_20260910,2026-09-10T06:56:30,2,3,SYNTHETIC_DEMO
B_20260910,2026-09-10T06:57:00,0,2,SYNTHETIC_DEMO
B_20260910,2026-09-10T06:57:30,2,3,SYNTHETIC_DEMO
B_20260910,2026-09-10T06:58:00,2,3,SYNTHETIC_DEMO
B_20260910,2026-09-10T06:58:30,0,3,SYNTHETIC_DEMO
B_20260910,2026-09-10T06:59:00,0,3,SYNTHETIC_DEMO
B_20260910,2026-09-10T06:59:30,0,2,SYNTHETIC_DEMO
B_20260910,2026-09-10T07:00:00,0,1,SYNTHETIC_DEMO
B_20260910,2026-09-10T07:00:30,2,2,SYNTHETIC_DEMO
B_20260910,2026-09-10T07:01:00,1,2,SYNTHETIC_DEMO
B_20260910,2026-09-10T07:01:30,2,2,SYNTHETIC_DEMO
B_20260910,2026-09-10T07:02:00,1,2,SYNTHETIC_DEMO
B_20260910,2026-09-10T07:02:30,1,2,SYNTHETIC_DEMO
B_20260910,2026-09-10T07:03:00,1,2,SYNTHETIC_DEMO
B_20260910,2026-09-10T07:03:30,1,3,SYNTHETIC_DEMO
B_20260910,2026-09-10T07:04:00,1,2,SYNTHETIC_DEMO
B_20260910,2026-09-10T07:04:30,0,2,SYNTHETIC_DEMO
B_20260910,2026-09-10T07:05:00,1,2,SYNTHETIC_DEMO
B_20260910,2026-09-10T07:05:30,0,2,SYNTHETIC_DEMO
B_20260910,2026-09-10T07:06:00,0,1,SYNTHETIC_DEMO
B_20260910,2026-09-10T07:06:30,0,2,SYNTHETIC_DEMO
B_20260910,2026-09-10T07:07:00,1,3,SYNTHETIC_DEMO
B_20260910,2026-09-10T07:07:30,1,2,SYNTHETIC_DEMO
B_20260910,2026-09-10T07:08:00,1,2,SYNTHETIC_DEMO
B_20260910,2026-09-10T07:08:30,0,2,SYNTHETIC_DEMO
B_20260910,2026-09-10T07:09:00,2,2,SYNTHETIC_DEMO
B_20260910,2026-09-10T07:09:30,1,3,SYNTHETIC_DEMO
B_20260910,2026-09-10T07:10:00,1,2,SYNTHETIC_DEMO
B_20260910,2026-09-10T07:10:30,1,3,SYNTHETIC_DEMO
B_20260910,2026-09-10T07:11:00,2,2,SYNTHETIC_DEMO
B_20260910,2026-09-10T07:11:30,1,2,SYNTHETIC_DEMO
B_20260910,2026-09-10T07:12:00,0,2,SYNTHETIC_DEMO
B_20260910,2026-09-10T07:12:30,0,2,SYNTHETIC_DEMO
B_20260910,2026-09-10T07:13:00,1,2,SYNTHETIC_DEMO
B_20260910,2026-09-10T07:13:30,1,3,SYNTHETIC_DEMO
B_20260910,2026-09-10T07:14:00,1,2,SYNTHETIC_DEMO
B_20260910,2026-09-10T07:14:30,0,1,SYNTHETIC_DEMO
B_20260910,2026-09-10T07:15:00,0,3,SYNTHETIC_DEMO
B_20260910,2026-09-10T07:15:30,0,2,SYNTHETIC_DEMO
B_20260910,2026-09-10T07:16:00,1,2,SYNTHETIC_DEMO
B_20260910,2026-09-10T07:16:30,0,3,SYNTHETIC_DEMO
B_20260910,2026-09-10T07:17:00,1,3,SYNTHETIC_DEMO
B_20260910,2026-09-10T07:17:30,1,2,SYNTHETIC_DEMO
B_20260910,2026-09-10T07:18:00,1,2,SYNTHETIC_DEMO
B_20260910,2026-09-10T07:18:30,2,2,SYNTHETIC_DEMO
B_20260910,2026-09-10T07:19:00,1,3,SYNTHETIC_DEMO
B_20260910,2026-09-10T07:19:30,1,2,SYNTHETIC_DEMO
B_20260910,2026-09-10T07:20:00,1,2,SYNTHETIC_DEMO
B_20260910,2026-09-10T07:20:30,0,3,SYNTHETIC_DEMO
B_20260910,2026-09-10T07:21:00,1,3,SYNTHETIC_DEMO
B_20260910,2026-09-10T07:21:30,2,3,SYNTHETIC_DEMO
B_20260910,2026-09-10T07:22:00,1,2,SYNTHETIC_DEMO
B_20260910,2026-09-10T07:22:30,1,2,SYNTHETIC_DEMO
B_20260910,2026-09-10T07:23:00,2,2,SYNTHETIC_DEMO
B_20260910,2026-09-10T07:23:30,1,2,SYNTHETIC_DEMO
B_20260910,2026-09-10T07:24:00,1,2,SYNTHETIC_DEMO
B_20260910,2026-09-10T07:24:30,1,3,SYNTHETIC_DEMO
B_20260910,2026-09-10T07:25:00,0,3,SYNTHETIC_DEMO
B_20260910,2026-09-10T07:25:30,1,4,SYNTHETIC_DEMO
B_20260910,2026-09-10T07:26:00,3,3,SYNTHETIC_DEMO
B_20260910,2026-09-10T07:26:30,1,3,SYNTHETIC_DEMO
B_20260910,2026-09-10T07:27:00,1,3,SYNTHETIC_DEMO
B_20260910,2026-09-10T07:27:30,0,2,SYNTHETIC_DEMO
B_20260910,2026-09-10T07:28:00,2,3,SYNTHETIC_DEMO
B_20260910,2026-09-10T07:28:30,1,3,SYNTHETIC_DEMO
B_20260910,2026-09-10T07:29:00,0,2,SYNTHETIC_DEMO
B_20260910,2026-09-10T07:29:30,0,2,SYNTHETIC_DEMO
L_20260910,2026-09-10T11:30:00,5,4,SYNTHETIC_DEMO
L_20260910,2026-09-10T11:30:30,6,3,SYNTHETIC_DEMO
L_20260910,2026-09-10T11:31:00,8,3,SYNTHETIC_DEMO
L_20260910,2026-09-10T11:31:30,8,3,SYNTHETIC_DEMO
L_20260910,2026-09-10T11:32:00,10,4,SYNTHETIC_DEMO
L_20260910,2026-09-10T11:32:30,7,4,SYNTHETIC_DEMO
L_20260910,2026-09-10T11:33:00,9,4,SYNTHETIC_DEMO
L_20260910,2026-09-10T11:33:30,8,3,SYNTHETIC_DEMO
L_20260910,2026-09-10T11:34:00,9,3,SYNTHETIC_DEMO
L_20260910,2026-09-10T11:34:30,11,4,SYNTHETIC_DEMO
L_20260910,2026-09-10T11:35:00,8,4,SYNTHETIC_DEMO
L_20260910,2026-09-10T11:35:30,10,4,SYNTHETIC_DEMO
L_20260910,2026-09-10T11:36:00,8,4,SYNTHETIC_DEMO
L_20260910,2026-09-10T11:36:30,11,5,SYNTHETIC_DEMO
L_20260910,2026-09-10T11:37:00,11,4,SYNTHETIC_DEMO
L_20260910,2026-09-10T11:37:30,12,4,SYNTHETIC_DEMO
L_20260910,2026-09-10T11:38:00,11,4,SYNTHETIC_DEMO
L_20260910,2026-09-10T11:38:30,13,5,SYNTHETIC_DEMO
L_20260910,2026-09-10T11:39:00,12,4,SYNTHETIC_DEMO
L_20260910,2026-09-10T11:39:30,13,4,SYNTHETIC_DEMO
L_20260910,2026-09-10T11:40:00,14,5,SYNTHETIC_DEMO
L_20260910,2026-09-10T11:40:30,13,4,SYNTHETIC_DEMO
L_20260910,2026-09-10T11:41:00,15,5,SYNTHETIC_DEMO
L_20260910,2026-09-10T11:41:30,16,4,SYNTHETIC_DEMO
L_20260910,2026-09-10T11:42:00,14,5,SYNTHETIC_DEMO
L_20260910,2026-09-10T11:42:30,15,4,SYNTHETIC_DEMO
L_20260910,2026-09-10T11:43:00,15,5,SYNTHETIC_DEMO
L_20260910,2026-09-10T11:43:30,16,4,SYNTHETIC_DEMO
L_20260910,2026-09-10T11:44:00,16,5,SYNTHETIC_DEMO
L_20260910,2026-09-10T11:44:30,16,5,SYNTHETIC_DEMO
L_20260910,2026-09-10T11:45:00,18,5,SYNTHETIC_DEMO
L_20260910,2026-09-10T11:45:30,16,5,SYNTHETIC_DEMO
L_20260910,2026-09-10T11:46:00,16,5,SYNTHETIC_DEMO
L_20260910,2026-09-10T11:46:30,17,5,SYNTHETIC_DEMO
L_20260910,2026-09-10T11:47:00,17,5,SYNTHETIC_DEMO
L_20260910,2026-09-10T11:47:30,18,5,SYNTHETIC_DEMO
L_20260910,2026-09-10T11:48:00,19,5,SYNTHETIC_DEMO
L_20260910,2026-09-10T11:48:30,19,6,SYNTHETIC_DEMO
L_20260910,2026-09-10T11:49:00,20,5,SYNTHETIC_DEMO
L_20260910,2026-09-10T11:49:30,19,6,SYNTHETIC_DEMO
L_20260910,2026-09-10T11:50:00,20,5,SYNTHETIC_DEMO
L_20260910,2026-09-10T11:50:30,20,5,SYNTHETIC_DEMO
L_20260910,2026-09-10T11:51:00,19,4,SYNTHETIC_DEMO
L_20260910,2026-09-10T11:51:30,21,6,SYNTHETIC_DEMO
L_20260910,2026-09-10T11:52:00,22,6,SYNTHETIC_DEMO
L_20260910,2026-09-10T11:52:30,21,6,SYNTHETIC_DEMO
L_20260910,2026-09-10T11:53:00,21,6,SYNTHETIC_DEMO
L_20260910,2026-09-10T11:53:30,21,5,SYNTHETIC_DEMO
L_20260910,2026-09-10T11:54:00,22,6,SYNTHETIC_DEMO
L_20260910,2026-09-10T11:54:30,22,6,SYNTHETIC_DEMO
L_20260910,2026-09-10T11:55:00,22,6,SYNTHETIC_DEMO
L_20260910,2026-09-10T11:55:30,22,5,SYNTHETIC_DEMO
L_20260910,2026-09-10T11:56:00,22,6,SYNTHETIC_DEMO
L_20260910,2026-09-10T11:56:30,23,6,SYNTHETIC_DEMO
L_20260910,2026-09-10T11:57:00,23,6,SYNTHETIC_DEMO
L_20260910,2026-09-10T11:57:30,22,7,SYNTHETIC_DEMO
L_20260910,2026-09-10T11:58:00,22,6,SYNTHETIC_DEMO
L_20260910,2026-09-10T11:58:30,21,5,SYNTHETIC_DEMO
L_20260910,2026-09-10T11:59:00,23,6,SYNTHETIC_DEMO
L_20260910,2026-09-10T11:59:30,23,5,SYNTHETIC_DEMO
L_20260910,2026-09-10T12:00:00,23,6,SYNTHETIC_DEMO
L_20260910,2026-09-10T12:00:30,24,6,SYNTHETIC_DEMO
L_20260910,2026-09-10T12:01:00,24,6,SYNTHETIC_DEMO
L_20260910,2026-09-10T12:01:30,23,6,SYNTHETIC_DEMO
L_20260910,2026-09-10T12:02:00,23,6,SYNTHETIC_DEMO
L_20260910,2026-09-10T12:02:30,23,6,SYNTHETIC_DEMO
L_20260910,2026-09-10T12:03:00,23,6,SYNTHETIC_DEMO
L_20260910,2026-09-10T12:03:30,21,5,SYNTHETIC_DEMO
L_20260910,2026-09-10T12:04:00,22,6,SYNTHETIC_DEMO
L_20260910,2026-09-10T12:04:30,24,6,SYNTHETIC_DEMO
L_20260910,2026-09-10T12:05:00,24,6,SYNTHETIC_DEMO
L_20260910,2026-09-10T12:05:30,22,7,SYNTHETIC_DEMO
L_20260910,2026-09-10T12:06:00,22,5,SYNTHETIC_DEMO
L_20260910,2026-09-10T12:06:30,21,6,SYNTHETIC_DEMO
L_20260910,2026-09-10T12:07:00,22,6,SYNTHETIC_DEMO
L_20260910,2026-09-10T12:07:30,23,5,SYNTHETIC_DEMO
L_20260910,2026-09-10T12:08:00,22,7,SYNTHETIC_DEMO
L_20260910,2026-09-10T12:08:30,21,6,SYNTHETIC_DEMO
L_20260910,2026-09-10T12:09:00,21,5,SYNTHETIC_DEMO
L_20260910,2026-09-10T12:09:30,20,6,SYNTHETIC_DEMO
L_20260910,2026-09-10T12:10:00,21,4,SYNTHETIC_DEMO
L_20260910,2026-09-10T12:10:30,19,5,SYNTHETIC_DEMO
L_20260910,2026-09-10T12:11:00,20,5,SYNTHETIC_DEMO
L_20260910,2026-09-10T12:11:30,19,5,SYNTHETIC_DEMO
L_20260910,2026-09-10T12:12:00,17,4,SYNTHETIC_DEMO
L_20260910,2026-09-10T12:12:30,18,6,SYNTHETIC_DEMO
L_20260910,2026-09-10T12:13:00,19,5,SYNTHETIC_DEMO
L_20260910,2026-09-10T12:13:30,17,4,SYNTHETIC_DEMO
L_20260910,2026-09-10T12:14:00,17,5,SYNTHETIC_DEMO
L_20260910,2026-09-10T12:14:30,17,6,SYNTHETIC_DEMO
L_20260910,2026-09-10T12:15:00,16,5,SYNTHETIC_DEMO
L_20260910,2026-09-10T12:15:30,16,5,SYNTHETIC_DEMO
L_20260910,2026-09-10T12:16:00,17,6,SYNTHETIC_DEMO
L_20260910,2026-09-10T12:16:30,15,4,SYNTHETIC_DEMO
L_20260910,2026-09-10T12:17:00,16,5,SYNTHETIC_DEMO
L_20260910,2026-09-10T12:17:30,15,5,SYNTHETIC_DEMO
L_20260910,2026-09-10T12:18:00,15,4,SYNTHETIC_DEMO
L_20260910,2026-09-10T12:18:30,14,4,SYNTHETIC_DEMO
L_20260910,2026-09-10T12:19:00,13,4,SYNTHETIC_DEMO
L_20260910,2026-09-10T12:19:30,13,3,SYNTHETIC_DEMO
L_20260910,2026-09-10T12:20:00,14,4,SYNTHETIC_DEMO
L_20260910,2026-09-10T12:20:30,11,4,SYNTHETIC_DEMO
L_20260910,2026-09-10T12:21:00,12,4,SYNTHETIC_DEMO
L_20260910,2026-09-10T12:21:30,11,4,SYNTHETIC_DEMO
L_20260910,2026-09-10T12:22:00,11,4,SYNTHETIC_DEMO
L_20260910,2026-09-10T12:22:30,12,4,SYNTHETIC_DEMO
L_20260910,2026-09-10T12:23:00,10,3,SYNTHETIC_DEMO
L_20260910,2026-09-10T12:23:30,9,4,SYNTHETIC_DEMO
L_20260910,2026-09-10T12:24:00,10,4,SYNTHETIC_DEMO
L_20260910,2026-09-10T12:24:30,9,4,SYNTHETIC_DEMO
L_20260910,2026-09-10T12:25:00,8,3,SYNTHETIC_DEMO
L_20260910,2026-09-10T12:25:30,10,4,SYNTHETIC_DEMO
L_20260910,2026-09-10T12:26:00,9,3,SYNTHETIC_DEMO
L_20260910,2026-09-10T12:26:30,9,4,SYNTHETIC_DEMO
L_20260910,2026-09-10T12:27:00,7,4,SYNTHETIC_DEMO
L_20260910,2026-09-10T12:27:30,9,3,SYNTHETIC_DEMO
L_20260910,2026-09-10T12:28:00,8,2,SYNTHETIC_DEMO
L_20260910,2026-09-10T12:28:30,6,2,SYNTHETIC_DEMO
L_20260910,2026-09-10T12:29:00,7,3,SYNTHETIC_DEMO
L_20260910,2026-09-10T12:29:30,6,4,SYNTHETIC_DEMO
L_20260910,2026-09-10T12:30:00,8,3,SYNTHETIC_DEMO
L_20260910,2026-09-10T12:30:30,6,3,SYNTHETIC_DEMO
L_20260910,2026-09-10T12:31:00,7,3,SYNTHETIC_DEMO
L_20260910,2026-09-10T12:31:30,7,3,SYNTHETIC_DEMO
L_20260910,2026-09-10T12:32:00,4,3,SYNTHETIC_DEMO
L_20260910,2026-09-10T12:32:30,5,3,SYNTHETIC_DEMO
L_20260910,2026-09-10T12:33:00,5,2,SYNTHETIC_DEMO
L_20260910,2026-09-10T12:33:30,4,3,SYNTHETIC_DEMO
L_20260910,2026-09-10T12:34:00,5,3,SYNTHETIC_DEMO
L_20260910,2026-09-10T12:34:30,4,3,SYNTHETIC_DEMO
L_20260910,2026-09-10T12:35:00,5,2,SYNTHETIC_DEMO
L_20260910,2026-09-10T12:35:30,3,2,SYNTHETIC_DEMO
L_20260910,2026-09-10T12:36:00,4,2,SYNTHETIC_DEMO
L_20260910,2026-09-10T12:36:30,5,4,SYNTHETIC_DEMO
L_20260910,2026-09-10T12:37:00,2,2,SYNTHETIC_DEMO
L_20260910,2026-09-10T12:37:30,4,3,SYNTHETIC_DEMO
L_20260910,2026-09-10T12:38:00,3,3,SYNTHETIC_DEMO
L_20260910,2026-09-10T12:38:30,3,3,SYNTHETIC_DEMO
L_20260910,2026-09-10T12:39:00,3,2,SYNTHETIC_DEMO
L_20260910,2026-09-10T12:39:30,3,3,SYNTHETIC_DEMO
L_20260910,2026-09-10T12:40:00,3,2,SYNTHETIC_DEMO
L_20260910,2026-09-10T12:40:30,3,2,SYNTHETIC_DEMO
L_20260910,2026-09-10T12:41:00,3,3,SYNTHETIC_DEMO
L_20260910,2026-09-10T12:41:30,3,2,SYNTHETIC_DEMO
L_20260910,2026-09-10T12:42:00,2,2,SYNTHETIC_DEMO
L_20260910,2026-09-10T12:42:30,2,3,SYNTHETIC_DEMO
L_20260910,2026-09-10T12:43:00,2,2,SYNTHETIC_DEMO
L_20260910,2026-09-10T12:43:30,2,2,SYNTHETIC_DEMO
L_20260910,2026-09-10T12:44:00,0,2,SYNTHETIC_DEMO
L_20260910,2026-09-10T12:44:30,3,2,SYNTHETIC_DEMO
L_20260910,2026-09-10T12:45:00,2,2,SYNTHETIC_DEMO
L_20260910,2026-09-10T12:45:30,1,2,SYNTHETIC_DEMO
L_20260910,2026-09-10T12:46:00,1,2,SYNTHETIC_DEMO
L_20260910,2026-09-10T12:46:30,1,2,SYNTHETIC_DEMO
L_20260910,2026-09-10T12:47:00,2,1,SYNTHETIC_DEMO
L_20260910,2026-09-10T12:47:30,2,2,SYNTHETIC_DEMO
L_20260910,2026-09-10T12:48:00,1,1,SYNTHETIC_DEMO
L_20260910,2026-09-10T12:48:30,1,3,SYNTHETIC_DEMO
L_20260910,2026-09-10T12:49:00,1,2,SYNTHETIC_DEMO
L_20260910,2026-09-10T12:49:30,3,3,SYNTHETIC_DEMO
L_20260910,2026-09-10T12:50:00,1,2,SYNTHETIC_DEMO
L_20260910,2026-09-10T12:50:30,0,1,SYNTHETIC_DEMO
L_20260910,2026-09-10T12:51:00,2,2,SYNTHETIC_DEMO
L_20260910,2026-09-10T12:51:30,0,3,SYNTHETIC_DEMO
L_20260910,2026-09-10T12:52:00,1,3,SYNTHETIC_DEMO
L_20260910,2026-09-10T12:52:30,1,3,SYNTHETIC_DEMO
L_20260910,2026-09-10T12:53:00,0,2,SYNTHETIC_DEMO
L_20260910,2026-09-10T12:53:30,2,2,SYNTHETIC_DEMO
L_20260910,2026-09-10T12:54:00,1,2,SYNTHETIC_DEMO
L_20260910,2026-09-10T12:54:30,2,1,SYNTHETIC_DEMO
L_20260910,2026-09-10T12:55:00,2,3,SYNTHETIC_DEMO
L_20260910,2026-09-10T12:55:30,0,2,SYNTHETIC_DEMO
L_20260910,2026-09-10T12:56:00,2,2,SYNTHETIC_DEMO
L_20260910,2026-09-10T12:56:30,1,2,SYNTHETIC_DEMO
L_20260910,2026-09-10T12:57:00,2,3,SYNTHETIC_DEMO
L_20260910,2026-09-10T12:57:30,1,2,SYNTHETIC_DEMO
L_20260910,2026-09-10T12:58:00,1,2,SYNTHETIC_DEMO
L_20260910,2026-09-10T12:58:30,2,2,SYNTHETIC_DEMO
L_20260910,2026-09-10T12:59:00,2,2,SYNTHETIC_DEMO
L_20260910,2026-09-10T12:59:30,0,3,SYNTHETIC_DEMO
L_20260910,2026-09-10T13:00:00,3,2,SYNTHETIC_DEMO
L_20260910,2026-09-10T13:00:30,2,2,SYNTHETIC_DEMO
L_20260910,2026-09-10T13:01:00,1,3,SYNTHETIC_DEMO
L_20260910,2026-09-10T13:01:30,1,2,SYNTHETIC_DEMO
L_20260910,2026-09-10T13:02:00,1,2,SYNTHETIC_DEMO
L_20260910,2026-09-10T13:02:30,2,2,SYNTHETIC_DEMO
L_20260910,2026-09-10T13:03:00,0,3,SYNTHETIC_DEMO
L_20260910,2026-09-10T13:03:30,1,2,SYNTHETIC_DEMO
L_20260910,2026-09-10T13:04:00,0,2,SYNTHETIC_DEMO
L_20260910,2026-09-10T13:04:30,0,1,SYNTHETIC_DEMO
L_20260910,2026-09-10T13:05:00,2,2,SYNTHETIC_DEMO
L_20260910,2026-09-10T13:05:30,2,2,SYNTHETIC_DEMO
L_20260910,2026-09-10T13:06:00,1,2,SYNTHETIC_DEMO
L_20260910,2026-09-10T13:06:30,2,2,SYNTHETIC_DEMO
L_20260910,2026-09-10T13:07:00,1,2,SYNTHETIC_DEMO
L_20260910,2026-09-10T13:07:30,2,3,SYNTHETIC_DEMO
L_20260910,2026-09-10T13:08:00,1,2,SYNTHETIC_DEMO
L_20260910,2026-09-10T13:08:30,1,2,SYNTHETIC_DEMO
L_20260910,2026-09-10T13:09:00,1,2,SYNTHETIC_DEMO
L_20260910,2026-09-10T13:09:30,1,2,SYNTHETIC_DEMO
L_20260910,2026-09-10T13:10:00,1,2,SYNTHETIC_DEMO
L_20260910,2026-09-10T13:10:30,1,3,SYNTHETIC_DEMO
L_20260910,2026-09-10T13:11:00,1,2,SYNTHETIC_DEMO
L_20260910,2026-09-10T13:11:30,0,3,SYNTHETIC_DEMO
L_20260910,2026-09-10T13:12:00,0,2,SYNTHETIC_DEMO
L_20260910,2026-09-10T13:12:30,2,2,SYNTHETIC_DEMO
L_20260910,2026-09-10T13:13:00,0,2,SYNTHETIC_DEMO
L_20260910,2026-09-10T13:13:30,1,2,SYNTHETIC_DEMO
L_20260910,2026-09-10T13:14:00,2,2,SYNTHETIC_DEMO
L_20260910,2026-09-10T13:14:30,1,2,SYNTHETIC_DEMO
L_20260910,2026-09-10T13:15:00,1,2,SYNTHETIC_DEMO
L_20260910,2026-09-10T13:15:30,1,3,SYNTHETIC_DEMO
L_20260910,2026-09-10T13:16:00,2,3,SYNTHETIC_DEMO
L_20260910,2026-09-10T13:16:30,2,2,SYNTHETIC_DEMO
L_20260910,2026-09-10T13:17:00,1,3,SYNTHETIC_DEMO
L_20260910,2026-09-10T13:17:30,0,2,SYNTHETIC_DEMO
L_20260910,2026-09-10T13:18:00,2,2,SYNTHETIC_DEMO
L_20260910,2026-09-10T13:18:30,1,2,SYNTHETIC_DEMO
L_20260910,2026-09-10T13:19:00,2,3,SYNTHETIC_DEMO
L_20260910,2026-09-10T13:19:30,1,2,SYNTHETIC_DEMO
L_20260910,2026-09-10T13:20:00,2,3,SYNTHETIC_DEMO
L_20260910,2026-09-10T13:20:30,2,2,SYNTHETIC_DEMO
L_20260910,2026-09-10T13:21:00,1,2,SYNTHETIC_DEMO
L_20260910,2026-09-10T13:21:30,1,3,SYNTHETIC_DEMO
L_20260910,2026-09-10T13:22:00,1,2,SYNTHETIC_DEMO
L_20260910,2026-09-10T13:22:30,2,2,SYNTHETIC_DEMO
L_20260910,2026-09-10T13:23:00,2,3,SYNTHETIC_DEMO
L_20260910,2026-09-10T13:23:30,1,3,SYNTHETIC_DEMO
L_20260910,2026-09-10T13:24:00,0,2,SYNTHETIC_DEMO
L_20260910,2026-09-10T13:24:30,1,2,SYNTHETIC_DEMO
L_20260910,2026-09-10T13:25:00,2,3,SYNTHETIC_DEMO
L_20260910,2026-09-10T13:25:30,0,3,SYNTHETIC_DEMO
L_20260910,2026-09-10T13:26:00,1,2,SYNTHETIC_DEMO
L_20260910,2026-09-10T13:26:30,0,2,SYNTHETIC_DEMO
L_20260910,2026-09-10T13:27:00,2,3,SYNTHETIC_DEMO
L_20260910,2026-09-10T13:27:30,1,3,SYNTHETIC_DEMO
L_20260910,2026-09-10T13:28:00,1,3,SYNTHETIC_DEMO
L_20260910,2026-09-10T13:28:30,0,3,SYNTHETIC_DEMO
L_20260910,2026-09-10T13:29:00,0,2,SYNTHETIC_DEMO
L_20260910,2026-09-10T13:29:30,3,3,SYNTHETIC_DEMO
D_20260910,2026-09-10T17:00:00,2,2,SYNTHETIC_DEMO
D_20260910,2026-09-10T17:00:30,4,2,SYNTHETIC_DEMO
D_20260910,2026-09-10T17:01:00,2,3,SYNTHETIC_DEMO
D_20260910,2026-09-10T17:01:30,2,3,SYNTHETIC_DEMO
D_20260910,2026-09-10T17:02:00,3,2,SYNTHETIC_DEMO
D_20260910,2026-09-10T17:02:30,2,3,SYNTHETIC_DEMO
D_20260910,2026-09-10T17:03:00,2,3,SYNTHETIC_DEMO
D_20260910,2026-09-10T17:03:30,3,2,SYNTHETIC_DEMO
D_20260910,2026-09-10T17:04:00,4,1,SYNTHETIC_DEMO
D_20260910,2026-09-10T17:04:30,3,3,SYNTHETIC_DEMO
D_20260910,2026-09-10T17:05:00,3,3,SYNTHETIC_DEMO
D_20260910,2026-09-10T17:05:30,3,4,SYNTHETIC_DEMO
D_20260910,2026-09-10T17:06:00,4,3,SYNTHETIC_DEMO
D_20260910,2026-09-10T17:06:30,4,3,SYNTHETIC_DEMO
D_20260910,2026-09-10T17:07:00,3,2,SYNTHETIC_DEMO
D_20260910,2026-09-10T17:07:30,4,2,SYNTHETIC_DEMO
D_20260910,2026-09-10T17:08:00,5,3,SYNTHETIC_DEMO
D_20260910,2026-09-10T17:08:30,4,3,SYNTHETIC_DEMO
D_20260910,2026-09-10T17:09:00,5,4,SYNTHETIC_DEMO
D_20260910,2026-09-10T17:09:30,3,2,SYNTHETIC_DEMO
D_20260910,2026-09-10T17:10:00,5,3,SYNTHETIC_DEMO
D_20260910,2026-09-10T17:10:30,5,4,SYNTHETIC_DEMO
D_20260910,2026-09-10T17:11:00,5,3,SYNTHETIC_DEMO
D_20260910,2026-09-10T17:11:30,4,3,SYNTHETIC_DEMO
D_20260910,2026-09-10T17:12:00,6,3,SYNTHETIC_DEMO
D_20260910,2026-09-10T17:12:30,7,3,SYNTHETIC_DEMO
D_20260910,2026-09-10T17:13:00,6,3,SYNTHETIC_DEMO
D_20260910,2026-09-10T17:13:30,5,3,SYNTHETIC_DEMO
D_20260910,2026-09-10T17:14:00,6,3,SYNTHETIC_DEMO
D_20260910,2026-09-10T17:14:30,5,4,SYNTHETIC_DEMO
D_20260910,2026-09-10T17:15:00,8,3,SYNTHETIC_DEMO
D_20260910,2026-09-10T17:15:30,8,4,SYNTHETIC_DEMO
D_20260910,2026-09-10T17:16:00,7,4,SYNTHETIC_DEMO
D_20260910,2026-09-10T17:16:30,7,3,SYNTHETIC_DEMO
D_20260910,2026-09-10T17:17:00,6,3,SYNTHETIC_DEMO
D_20260910,2026-09-10T17:17:30,8,3,SYNTHETIC_DEMO
D_20260910,2026-09-10T17:18:00,9,4,SYNTHETIC_DEMO
D_20260910,2026-09-10T17:18:30,8,3,SYNTHETIC_DEMO
D_20260910,2026-09-10T17:19:00,8,4,SYNTHETIC_DEMO
D_20260910,2026-09-10T17:19:30,8,3,SYNTHETIC_DEMO
D_20260910,2026-09-10T17:20:00,10,4,SYNTHETIC_DEMO
D_20260910,2026-09-10T17:20:30,9,4,SYNTHETIC_DEMO
D_20260910,2026-09-10T17:21:00,11,5,SYNTHETIC_DEMO
D_20260910,2026-09-10T17:21:30,9,3,SYNTHETIC_DEMO
D_20260910,2026-09-10T17:22:00,9,3,SYNTHETIC_DEMO
D_20260910,2026-09-10T17:22:30,13,4,SYNTHETIC_DEMO
D_20260910,2026-09-10T17:23:00,11,4,SYNTHETIC_DEMO
D_20260910,2026-09-10T17:23:30,11,5,SYNTHETIC_DEMO
D_20260910,2026-09-10T17:24:00,11,4,SYNTHETIC_DEMO
D_20260910,2026-09-10T17:24:30,11,5,SYNTHETIC_DEMO
D_20260910,2026-09-10T17:25:00,10,4,SYNTHETIC_DEMO
D_20260910,2026-09-10T17:25:30,13,5,SYNTHETIC_DEMO
D_20260910,2026-09-10T17:26:00,13,4,SYNTHETIC_DEMO
D_20260910,2026-09-10T17:26:30,13,4,SYNTHETIC_DEMO
D_20260910,2026-09-10T17:27:00,13,4,SYNTHETIC_DEMO
D_20260910,2026-09-10T17:27:30,11,4,SYNTHETIC_DEMO
D_20260910,2026-09-10T17:28:00,12,4,SYNTHETIC_DEMO
D_20260910,2026-09-10T17:28:30,14,5,SYNTHETIC_DEMO
D_20260910,2026-09-10T17:29:00,14,4,SYNTHETIC_DEMO
D_20260910,2026-09-10T17:29:30,13,5,SYNTHETIC_DEMO
D_20260910,2026-09-10T17:30:00,13,4,SYNTHETIC_DEMO
D_20260910,2026-09-10T17:30:30,13,5,SYNTHETIC_DEMO
D_20260910,2026-09-10T17:31:00,14,4,SYNTHETIC_DEMO
D_20260910,2026-09-10T17:31:30,14,5,SYNTHETIC_DEMO
D_20260910,2026-09-10T17:32:00,15,5,SYNTHETIC_DEMO
D_20260910,2026-09-10T17:32:30,15,5,SYNTHETIC_DEMO
D_20260910,2026-09-10T17:33:00,14,4,SYNTHETIC_DEMO
D_20260910,2026-09-10T17:33:30,15,5,SYNTHETIC_DEMO
D_20260910,2026-09-10T17:34:00,15,5,SYNTHETIC_DEMO
D_20260910,2026-09-10T17:34:30,16,5,SYNTHETIC_DEMO
D_20260910,2026-09-10T17:35:00,17,5,SYNTHETIC_DEMO
D_20260910,2026-09-10T17:35:30,15,5,SYNTHETIC_DEMO
D_20260910,2026-09-10T17:36:00,14,4,SYNTHETIC_DEMO
D_20260910,2026-09-10T17:36:30,15,5,SYNTHETIC_DEMO
D_20260910,2026-09-10T17:37:00,17,6,SYNTHETIC_DEMO
D_20260910,2026-09-10T17:37:30,16,5,SYNTHETIC_DEMO
D_20260910,2026-09-10T17:38:00,14,4,SYNTHETIC_DEMO
D_20260910,2026-09-10T17:38:30,16,6,SYNTHETIC_DEMO
D_20260910,2026-09-10T17:39:00,14,5,SYNTHETIC_DEMO
D_20260910,2026-09-10T17:39:30,16,4,SYNTHETIC_DEMO
D_20260910,2026-09-10T17:40:00,16,5,SYNTHETIC_DEMO
D_20260910,2026-09-10T17:40:30,15,4,SYNTHETIC_DEMO
D_20260910,2026-09-10T17:41:00,16,5,SYNTHETIC_DEMO
D_20260910,2026-09-10T17:41:30,15,5,SYNTHETIC_DEMO
D_20260910,2026-09-10T17:42:00,16,5,SYNTHETIC_DEMO
D_20260910,2026-09-10T17:42:30,16,5,SYNTHETIC_DEMO
D_20260910,2026-09-10T17:43:00,16,5,SYNTHETIC_DEMO
D_20260910,2026-09-10T17:43:30,15,5,SYNTHETIC_DEMO
D_20260910,2026-09-10T17:44:00,15,4,SYNTHETIC_DEMO
D_20260910,2026-09-10T17:44:30,15,4,SYNTHETIC_DEMO
D_20260910,2026-09-10T17:45:00,15,5,SYNTHETIC_DEMO
D_20260910,2026-09-10T17:45:30,14,4,SYNTHETIC_DEMO
D_20260910,2026-09-10T17:46:00,15,5,SYNTHETIC_DEMO
D_20260910,2026-09-10T17:46:30,15,4,SYNTHETIC_DEMO
D_20260910,2026-09-10T17:47:00,15,4,SYNTHETIC_DEMO
D_20260910,2026-09-10T17:47:30,13,5,SYNTHETIC_DEMO
D_20260910,2026-09-10T17:48:00,14,5,SYNTHETIC_DEMO
D_20260910,2026-09-10T17:48:30,14,4,SYNTHETIC_DEMO
D_20260910,2026-09-10T17:49:00,12,5,SYNTHETIC_DEMO
D_20260910,2026-09-10T17:49:30,12,5,SYNTHETIC_DEMO
D_20260910,2026-09-10T17:50:00,15,4,SYNTHETIC_DEMO
D_20260910,2026-09-10T17:50:30,14,4,SYNTHETIC_DEMO
D_20260910,2026-09-10T17:51:00,14,4,SYNTHETIC_DEMO
D_20260910,2026-09-10T17:51:30,11,4,SYNTHETIC_DEMO
D_20260910,2026-09-10T17:52:00,13,4,SYNTHETIC_DEMO
D_20260910,2026-09-10T17:52:30,12,5,SYNTHETIC_DEMO
D_20260910,2026-09-10T17:53:00,12,4,SYNTHETIC_DEMO
D_20260910,2026-09-10T17:53:30,11,4,SYNTHETIC_DEMO
D_20260910,2026-09-10T17:54:00,10,4,SYNTHETIC_DEMO
D_20260910,2026-09-10T17:54:30,12,4,SYNTHETIC_DEMO
D_20260910,2026-09-10T17:55:00,11,3,SYNTHETIC_DEMO
D_20260910,2026-09-10T17:55:30,11,5,SYNTHETIC_DEMO
D_20260910,2026-09-10T17:56:00,11,4,SYNTHETIC_DEMO
D_20260910,2026-09-10T17:56:30,9,4,SYNTHETIC_DEMO
D_20260910,2026-09-10T17:57:00,11,4,SYNTHETIC_DEMO
D_20260910,2026-09-10T17:57:30,11,4,SYNTHETIC_DEMO
D_20260910,2026-09-10T17:58:00,8,3,SYNTHETIC_DEMO
D_20260910,2026-09-10T17:58:30,9,3,SYNTHETIC_DEMO
D_20260910,2026-09-10T17:59:00,11,3,SYNTHETIC_DEMO
D_20260910,2026-09-10T17:59:30,7,3,SYNTHETIC_DEMO
D_20260910,2026-09-10T18:00:00,7,2,SYNTHETIC_DEMO
D_20260910,2026-09-10T18:00:30,8,3,SYNTHETIC_DEMO
D_20260910,2026-09-10T18:01:00,10,3,SYNTHETIC_DEMO
D_20260910,2026-09-10T18:01:30,9,4,SYNTHETIC_DEMO
D_20260910,2026-09-10T18:02:00,9,4,SYNTHETIC_DEMO
D_20260910,2026-09-10T18:02:30,7,4,SYNTHETIC_DEMO
D_20260910,2026-09-10T18:03:00,8,2,SYNTHETIC_DEMO
D_20260910,2026-09-10T18:03:30,7,4,SYNTHETIC_DEMO
D_20260910,2026-09-10T18:04:00,7,3,SYNTHETIC_DEMO
D_20260910,2026-09-10T18:04:30,6,3,SYNTHETIC_DEMO
D_20260910,2026-09-10T18:05:00,6,3,SYNTHETIC_DEMO
D_20260910,2026-09-10T18:05:30,5,4,SYNTHETIC_DEMO
D_20260910,2026-09-10T18:06:00,6,4,SYNTHETIC_DEMO
D_20260910,2026-09-10T18:06:30,6,3,SYNTHETIC_DEMO
D_20260910,2026-09-10T18:07:00,5,3,SYNTHETIC_DEMO
D_20260910,2026-09-10T18:07:30,6,2,SYNTHETIC_DEMO
D_20260910,2026-09-10T18:08:00,4,2,SYNTHETIC_DEMO
D_20260910,2026-09-10T18:08:30,6,3,SYNTHETIC_DEMO
D_20260910,2026-09-10T18:09:00,6,3,SYNTHETIC_DEMO
D_20260910,2026-09-10T18:09:30,6,2,SYNTHETIC_DEMO
D_20260910,2026-09-10T18:10:00,4,4,SYNTHETIC_DEMO
D_20260910,2026-09-10T18:10:30,4,4,SYNTHETIC_DEMO
D_20260910,2026-09-10T18:11:00,4,3,SYNTHETIC_DEMO
D_20260910,2026-09-10T18:11:30,4,2,SYNTHETIC_DEMO
D_20260910,2026-09-10T18:12:00,3,3,SYNTHETIC_DEMO
D_20260910,2026-09-10T18:12:30,2,3,SYNTHETIC_DEMO
D_20260910,2026-09-10T18:13:00,3,3,SYNTHETIC_DEMO
D_20260910,2026-09-10T18:13:30,5,3,SYNTHETIC_DEMO
D_20260910,2026-09-10T18:14:00,3,2,SYNTHETIC_DEMO
D_20260910,2026-09-10T18:14:30,2,3,SYNTHETIC_DEMO
D_20260910,2026-09-10T18:15:00,3,3,SYNTHETIC_DEMO
D_20260910,2026-09-10T18:15:30,2,2,SYNTHETIC_DEMO
D_20260910,2026-09-10T18:16:00,3,3,SYNTHETIC_DEMO
D_20260910,2026-09-10T18:16:30,2,2,SYNTHETIC_DEMO
D_20260910,2026-09-10T18:17:00,4,2,SYNTHETIC_DEMO
D_20260910,2026-09-10T18:17:30,2,1,SYNTHETIC_DEMO
D_20260910,2026-09-10T18:18:00,3,3,SYNTHETIC_DEMO
D_20260910,2026-09-10T18:18:30,3,3,SYNTHETIC_DEMO
D_20260910,2026-09-10T18:19:00,3,3,SYNTHETIC_DEMO
D_20260910,2026-09-10T18:19:30,2,2,SYNTHETIC_DEMO
D_20260910,2026-09-10T18:20:00,2,2,SYNTHETIC_DEMO
D_20260910,2026-09-10T18:20:30,2,3,SYNTHETIC_DEMO
D_20260910,2026-09-10T18:21:00,2,2,SYNTHETIC_DEMO
D_20260910,2026-09-10T18:21:30,1,2,SYNTHETIC_DEMO
D_20260910,2026-09-10T18:22:00,2,2,SYNTHETIC_DEMO
D_20260910,2026-09-10T18:22:30,3,3,SYNTHETIC_DEMO
D_20260910,2026-09-10T18:23:00,2,2,SYNTHETIC_DEMO
D_20260910,2026-09-10T18:23:30,0,2,SYNTHETIC_DEMO
D_20260910,2026-09-10T18:24:00,1,2,SYNTHETIC_DEMO
D_20260910,2026-09-10T18:24:30,0,2,SYNTHETIC_DEMO
D_20260910,2026-09-10T18:25:00,2,2,SYNTHETIC_DEMO
D_20260910,2026-09-10T18:25:30,2,3,SYNTHETIC_DEMO
D_20260910,2026-09-10T18:26:00,0,2,SYNTHETIC_DEMO
D_20260910,2026-09-10T18:26:30,0,1,SYNTHETIC_DEMO
D_20260910,2026-09-10T18:27:00,2,2,SYNTHETIC_DEMO
D_20260910,2026-09-10T18:27:30,1,1,SYNTHETIC_DEMO
D_20260910,2026-09-10T18:28:00,1,2,SYNTHETIC_DEMO
D_20260910,2026-09-10T18:28:30,1,2,SYNTHETIC_DEMO
D_20260910,2026-09-10T18:29:00,1,3,SYNTHETIC_DEMO
D_20260910,2026-09-10T18:29:30,1,1,SYNTHETIC_DEMO
D_20260910,2026-09-10T18:30:00,1,3,SYNTHETIC_DEMO
D_20260910,2026-09-10T18:30:30,2,3,SYNTHETIC_DEMO
D_20260910,2026-09-10T18:31:00,1,2,SYNTHETIC_DEMO
D_20260910,2026-09-10T18:31:30,2,2,SYNTHETIC_DEMO
D_20260910,2026-09-10T18:32:00,1,3,SYNTHETIC_DEMO
D_20260910,2026-09-10T18:32:30,0,3,SYNTHETIC_DEMO
D_20260910,2026-09-10T18:33:00,1,2,SYNTHETIC_DEMO
D_20260910,2026-09-10T18:33:30,1,3,SYNTHETIC_DEMO
D_20260910,2026-09-10T18:34:00,1,3,SYNTHETIC_DEMO
D_20260910,2026-09-10T18:34:30,2,3,SYNTHETIC_DEMO
D_20260910,2026-09-10T18:35:00,0,2,SYNTHETIC_DEMO
D_20260910,2026-09-10T18:35:30,0,2,SYNTHETIC_DEMO
D_20260910,2026-09-10T18:36:00,2,1,SYNTHETIC_DEMO
D_20260910,2026-09-10T18:36:30,0,2,SYNTHETIC_DEMO
D_20260910,2026-09-10T18:37:00,1,1,SYNTHETIC_DEMO
D_20260910,2026-09-10T18:37:30,1,2,SYNTHETIC_DEMO
D_20260910,2026-09-10T18:38:00,1,2,SYNTHETIC_DEMO
D_20260910,2026-09-10T18:38:30,2,2,SYNTHETIC_DEMO
D_20260910,2026-09-10T18:39:00,2,2,SYNTHETIC_DEMO
D_20260910,2026-09-10T18:39:30,0,2,SYNTHETIC_DEMO
D_20260910,2026-09-10T18:40:00,2,2,SYNTHETIC_DEMO
D_20260910,2026-09-10T18:40:30,1,3,SYNTHETIC_DEMO
D_20260910,2026-09-10T18:41:00,3,2,SYNTHETIC_DEMO
D_20260910,2026-09-10T18:41:30,2,2,SYNTHETIC_DEMO
D_20260910,2026-09-10T18:42:00,0,3,SYNTHETIC_DEMO
D_20260910,2026-09-10T18:42:30,1,2,SYNTHETIC_DEMO
D_20260910,2026-09-10T18:43:00,2,3,SYNTHETIC_DEMO
D_20260910,2026-09-10T18:43:30,0,1,SYNTHETIC_DEMO
D_20260910,2026-09-10T18:44:00,2,3,SYNTHETIC_DEMO
D_20260910,2026-09-10T18:44:30,2,2,SYNTHETIC_DEMO
D_20260910,2026-09-10T18:45:00,2,3,SYNTHETIC_DEMO
D_20260910,2026-09-10T18:45:30,1,3,SYNTHETIC_DEMO
D_20260910,2026-09-10T18:46:00,1,3,SYNTHETIC_DEMO
D_20260910,2026-09-10T18:46:30,2,2,SYNTHETIC_DEMO
D_20260910,2026-09-10T18:47:00,2,3,SYNTHETIC_DEMO
D_20260910,2026-09-10T18:47:30,0,2,SYNTHETIC_DEMO
D_20260910,2026-09-10T18:48:00,2,3,SYNTHETIC_DEMO
D_20260910,2026-09-10T18:48:30,2,2,SYNTHETIC_DEMO
D_20260910,2026-09-10T18:49:00,2,2,SYNTHETIC_DEMO
D_20260910,2026-09-10T18:49:30,1,2,SYNTHETIC_DEMO
D_20260910,2026-09-10T18:50:00,1,2,SYNTHETIC_DEMO
D_20260910,2026-09-10T18:50:30,2,3,SYNTHETIC_DEMO
D_20260910,2026-09-10T18:51:00,1,2,SYNTHETIC_DEMO
D_20260910,2026-09-10T18:51:30,1,2,SYNTHETIC_DEMO
D_20260910,2026-09-10T18:52:00,0,2,SYNTHETIC_DEMO
D_20260910,2026-09-10T18:52:30,1,3,SYNTHETIC_DEMO
D_20260910,2026-09-10T18:53:00,0,2,SYNTHETIC_DEMO
D_20260910,2026-09-10T18:53:30,0,3,SYNTHETIC_DEMO
D_20260910,2026-09-10T18:54:00,1,2,SYNTHETIC_DEMO
D_20260910,2026-09-10T18:54:30,1,2,SYNTHETIC_DEMO
D_20260910,2026-09-10T18:55:00,1,2,SYNTHETIC_DEMO
D_20260910,2026-09-10T18:55:30,0,2,SYNTHETIC_DEMO
D_20260910,2026-09-10T18:56:00,0,1,SYNTHETIC_DEMO
D_20260910,2026-09-10T18:56:30,1,3,SYNTHETIC_DEMO
D_20260910,2026-09-10T18:57:00,0,2,SYNTHETIC_DEMO
D_20260910,2026-09-10T18:57:30,1,2,SYNTHETIC_DEMO
D_20260910,2026-09-10T18:58:00,0,1,SYNTHETIC_DEMO
D_20260910,2026-09-10T18:58:30,1,1,SYNTHETIC_DEMO
D_20260910,2026-09-10T18:59:00,1,2,SYNTHETIC_DEMO
D_20260910,2026-09-10T18:59:30,0,2,SYNTHETIC_DEMO
B_20260911,2026-09-11T05:30:00,2,3,SYNTHETIC_DEMO
B_20260911,2026-09-11T05:30:30,2,2,SYNTHETIC_DEMO
B_20260911,2026-09-11T05:31:00,4,3,SYNTHETIC_DEMO
B_20260911,2026-09-11T05:31:30,2,2,SYNTHETIC_DEMO
B_20260911,2026-09-11T05:32:00,3,2,SYNTHETIC_DEMO
B_20260911,2026-09-11T05:32:30,4,3,SYNTHETIC_DEMO
B_20260911,2026-09-11T05:33:00,3,2,SYNTHETIC_DEMO
B_20260911,2026-09-11T05:33:30,4,2,SYNTHETIC_DEMO
B_20260911,2026-09-11T05:34:00,3,3,SYNTHETIC_DEMO
B_20260911,2026-09-11T05:34:30,4,2,SYNTHETIC_DEMO
B_20260911,2026-09-11T05:35:00,6,3,SYNTHETIC_DEMO
B_20260911,2026-09-11T05:35:30,5,2,SYNTHETIC_DEMO
B_20260911,2026-09-11T05:36:00,6,3,SYNTHETIC_DEMO
B_20260911,2026-09-11T05:36:30,5,3,SYNTHETIC_DEMO
B_20260911,2026-09-11T05:37:00,5,2,SYNTHETIC_DEMO
B_20260911,2026-09-11T05:37:30,6,4,SYNTHETIC_DEMO
B_20260911,2026-09-11T05:38:00,5,3,SYNTHETIC_DEMO
B_20260911,2026-09-11T05:38:30,5,3,SYNTHETIC_DEMO
B_20260911,2026-09-11T05:39:00,6,3,SYNTHETIC_DEMO
B_20260911,2026-09-11T05:39:30,5,3,SYNTHETIC_DEMO
B_20260911,2026-09-11T05:40:00,6,3,SYNTHETIC_DEMO
B_20260911,2026-09-11T05:40:30,5,2,SYNTHETIC_DEMO
B_20260911,2026-09-11T05:41:00,6,4,SYNTHETIC_DEMO
B_20260911,2026-09-11T05:41:30,6,4,SYNTHETIC_DEMO
B_20260911,2026-09-11T05:42:00,6,2,SYNTHETIC_DEMO
B_20260911,2026-09-11T05:42:30,7,2,SYNTHETIC_DEMO
B_20260911,2026-09-11T05:43:00,6,4,SYNTHETIC_DEMO
B_20260911,2026-09-11T05:43:30,9,4,SYNTHETIC_DEMO
B_20260911,2026-09-11T05:44:00,7,3,SYNTHETIC_DEMO
B_20260911,2026-09-11T05:44:30,7,3,SYNTHETIC_DEMO
B_20260911,2026-09-11T05:45:00,8,4,SYNTHETIC_DEMO
B_20260911,2026-09-11T05:45:30,8,3,SYNTHETIC_DEMO
B_20260911,2026-09-11T05:46:00,9,4,SYNTHETIC_DEMO
B_20260911,2026-09-11T05:46:30,9,5,SYNTHETIC_DEMO
B_20260911,2026-09-11T05:47:00,9,3,SYNTHETIC_DEMO
B_20260911,2026-09-11T05:47:30,9,3,SYNTHETIC_DEMO
B_20260911,2026-09-11T05:48:00,9,4,SYNTHETIC_DEMO
B_20260911,2026-09-11T05:48:30,9,4,SYNTHETIC_DEMO
B_20260911,2026-09-11T05:49:00,9,4,SYNTHETIC_DEMO
B_20260911,2026-09-11T05:49:30,10,4,SYNTHETIC_DEMO
B_20260911,2026-09-11T05:50:00,9,3,SYNTHETIC_DEMO
B_20260911,2026-09-11T05:50:30,9,4,SYNTHETIC_DEMO
B_20260911,2026-09-11T05:51:00,9,3,SYNTHETIC_DEMO
B_20260911,2026-09-11T05:51:30,10,4,SYNTHETIC_DEMO
B_20260911,2026-09-11T05:52:00,12,4,SYNTHETIC_DEMO
B_20260911,2026-09-11T05:52:30,11,4,SYNTHETIC_DEMO
B_20260911,2026-09-11T05:53:00,10,4,SYNTHETIC_DEMO
B_20260911,2026-09-11T05:53:30,12,4,SYNTHETIC_DEMO
B_20260911,2026-09-11T05:54:00,11,4,SYNTHETIC_DEMO
B_20260911,2026-09-11T05:54:30,11,3,SYNTHETIC_DEMO
B_20260911,2026-09-11T05:55:00,13,4,SYNTHETIC_DEMO
B_20260911,2026-09-11T05:55:30,11,5,SYNTHETIC_DEMO
B_20260911,2026-09-11T05:56:00,11,5,SYNTHETIC_DEMO
B_20260911,2026-09-11T05:56:30,14,5,SYNTHETIC_DEMO
B_20260911,2026-09-11T05:57:00,12,4,SYNTHETIC_DEMO
B_20260911,2026-09-11T05:57:30,13,4,SYNTHETIC_DEMO
B_20260911,2026-09-11T05:58:00,11,4,SYNTHETIC_DEMO
B_20260911,2026-09-11T05:58:30,12,3,SYNTHETIC_DEMO
B_20260911,2026-09-11T05:59:00,14,4,SYNTHETIC_DEMO
B_20260911,2026-09-11T05:59:30,13,4,SYNTHETIC_DEMO
B_20260911,2026-09-11T06:00:00,14,5,SYNTHETIC_DEMO
B_20260911,2026-09-11T06:00:30,13,5,SYNTHETIC_DEMO
B_20260911,2026-09-11T06:01:00,13,4,SYNTHETIC_DEMO
B_20260911,2026-09-11T06:01:30,13,4,SYNTHETIC_DEMO
B_20260911,2026-09-11T06:02:00,13,5,SYNTHETIC_DEMO
B_20260911,2026-09-11T06:02:30,13,5,SYNTHETIC_DEMO
B_20260911,2026-09-11T06:03:00,14,5,SYNTHETIC_DEMO
B_20260911,2026-09-11T06:03:30,14,4,SYNTHETIC_DEMO
B_20260911,2026-09-11T06:04:00,15,4,SYNTHETIC_DEMO
B_20260911,2026-09-11T06:04:30,12,5,SYNTHETIC_DEMO
B_20260911,2026-09-11T06:05:00,13,4,SYNTHETIC_DEMO
B_20260911,2026-09-11T06:05:30,14,4,SYNTHETIC_DEMO
B_20260911,2026-09-11T06:06:00,14,5,SYNTHETIC_DEMO
B_20260911,2026-09-11T06:06:30,14,4,SYNTHETIC_DEMO
B_20260911,2026-09-11T06:07:00,14,4,SYNTHETIC_DEMO
B_20260911,2026-09-11T06:07:30,14,4,SYNTHETIC_DEMO
B_20260911,2026-09-11T06:08:00,13,5,SYNTHETIC_DEMO
B_20260911,2026-09-11T06:08:30,12,4,SYNTHETIC_DEMO
B_20260911,2026-09-11T06:09:00,12,3,SYNTHETIC_DEMO
B_20260911,2026-09-11T06:09:30,14,5,SYNTHETIC_DEMO
B_20260911,2026-09-11T06:10:00,14,5,SYNTHETIC_DEMO
B_20260911,2026-09-11T06:10:30,13,4,SYNTHETIC_DEMO
B_20260911,2026-09-11T06:11:00,12,4,SYNTHETIC_DEMO
B_20260911,2026-09-11T06:11:30,12,5,SYNTHETIC_DEMO
B_20260911,2026-09-11T06:12:00,13,5,SYNTHETIC_DEMO
B_20260911,2026-09-11T06:12:30,12,3,SYNTHETIC_DEMO
B_20260911,2026-09-11T06:13:00,12,4,SYNTHETIC_DEMO
B_20260911,2026-09-11T06:13:30,11,4,SYNTHETIC_DEMO
B_20260911,2026-09-11T06:14:00,11,3,SYNTHETIC_DEMO
B_20260911,2026-09-11T06:14:30,13,5,SYNTHETIC_DEMO
B_20260911,2026-09-11T06:15:00,11,4,SYNTHETIC_DEMO
B_20260911,2026-09-11T06:15:30,11,4,SYNTHETIC_DEMO
B_20260911,2026-09-11T06:16:00,13,5,SYNTHETIC_DEMO
B_20260911,2026-09-11T06:16:30,12,4,SYNTHETIC_DEMO
B_20260911,2026-09-11T06:17:00,11,4,SYNTHETIC_DEMO
B_20260911,2026-09-11T06:17:30,11,4,SYNTHETIC_DEMO
B_20260911,2026-09-11T06:18:00,11,4,SYNTHETIC_DEMO
B_20260911,2026-09-11T06:18:30,11,4,SYNTHETIC_DEMO
B_20260911,2026-09-11T06:19:00,10,4,SYNTHETIC_DEMO
B_20260911,2026-09-11T06:19:30,10,4,SYNTHETIC_DEMO
B_20260911,2026-09-11T06:20:00,10,3,SYNTHETIC_DEMO
B_20260911,2026-09-11T06:20:30,9,5,SYNTHETIC_DEMO
B_20260911,2026-09-11T06:21:00,9,4,SYNTHETIC_DEMO
B_20260911,2026-09-11T06:21:30,8,3,SYNTHETIC_DEMO
B_20260911,2026-09-11T06:22:00,10,3,SYNTHETIC_DEMO
B_20260911,2026-09-11T06:22:30,8,3,SYNTHETIC_DEMO
B_20260911,2026-09-11T06:23:00,10,4,SYNTHETIC_DEMO
B_20260911,2026-09-11T06:23:30,9,4,SYNTHETIC_DEMO
B_20260911,2026-09-11T06:24:00,8,4,SYNTHETIC_DEMO
B_20260911,2026-09-11T06:24:30,8,4,SYNTHETIC_DEMO
B_20260911,2026-09-11T06:25:00,9,4,SYNTHETIC_DEMO
B_20260911,2026-09-11T06:25:30,8,3,SYNTHETIC_DEMO
B_20260911,2026-09-11T06:26:00,6,4,SYNTHETIC_DEMO
B_20260911,2026-09-11T06:26:30,8,3,SYNTHETIC_DEMO
B_20260911,2026-09-11T06:27:00,8,4,SYNTHETIC_DEMO
B_20260911,2026-09-11T06:27:30,8,4,SYNTHETIC_DEMO
B_20260911,2026-09-11T06:28:00,7,3,SYNTHETIC_DEMO
B_20260911,2026-09-11T06:28:30,5,3,SYNTHETIC_DEMO
B_20260911,2026-09-11T06:29:00,6,3,SYNTHETIC_DEMO
B_20260911,2026-09-11T06:29:30,8,3,SYNTHETIC_DEMO
B_20260911,2026-09-11T06:30:00,7,4,SYNTHETIC_DEMO
B_20260911,2026-09-11T06:30:30,6,3,SYNTHETIC_DEMO
B_20260911,2026-09-11T06:31:00,3,2,SYNTHETIC_DEMO
B_20260911,2026-09-11T06:31:30,4,3,SYNTHETIC_DEMO
B_20260911,2026-09-11T06:32:00,4,3,SYNTHETIC_DEMO
B_20260911,2026-09-11T06:32:30,5,3,SYNTHETIC_DEMO
B_20260911,2026-09-11T06:33:00,5,3,SYNTHETIC_DEMO
B_20260911,2026-09-11T06:33:30,3,3,SYNTHETIC_DEMO
B_20260911,2026-09-11T06:34:00,4,3,SYNTHETIC_DEMO
B_20260911,2026-09-11T06:34:30,4,3,SYNTHETIC_DEMO
B_20260911,2026-09-11T06:35:00,4,3,SYNTHETIC_DEMO
B_20260911,2026-09-11T06:35:30,4,3,SYNTHETIC_DEMO
B_20260911,2026-09-11T06:36:00,4,3,SYNTHETIC_DEMO
B_20260911,2026-09-11T06:36:30,4,2,SYNTHETIC_DEMO
B_20260911,2026-09-11T06:37:00,3,2,SYNTHETIC_DEMO
B_20260911,2026-09-11T06:37:30,2,2,SYNTHETIC_DEMO
B_20260911,2026-09-11T06:38:00,3,3,SYNTHETIC_DEMO
B_20260911,2026-09-11T06:38:30,4,3,SYNTHETIC_DEMO
B_20260911,2026-09-11T06:39:00,3,3,SYNTHETIC_DEMO
B_20260911,2026-09-11T06:39:30,3,3,SYNTHETIC_DEMO
B_20260911,2026-09-11T06:40:00,5,3,SYNTHETIC_DEMO
B_20260911,2026-09-11T06:40:30,3,2,SYNTHETIC_DEMO
B_20260911,2026-09-11T06:41:00,1,2,SYNTHETIC_DEMO
B_20260911,2026-09-11T06:41:30,3,2,SYNTHETIC_DEMO
B_20260911,2026-09-11T06:42:00,4,3,SYNTHETIC_DEMO
B_20260911,2026-09-11T06:42:30,3,3,SYNTHETIC_DEMO
B_20260911,2026-09-11T06:43:00,1,2,SYNTHETIC_DEMO
B_20260911,2026-09-11T06:43:30,1,3,SYNTHETIC_DEMO
B_20260911,2026-09-11T06:44:00,2,2,SYNTHETIC_DEMO
B_20260911,2026-09-11T06:44:30,3,3,SYNTHETIC_DEMO
B_20260911,2026-09-11T06:45:00,4,2,SYNTHETIC_DEMO
B_20260911,2026-09-11T06:45:30,3,3,SYNTHETIC_DEMO
B_20260911,2026-09-11T06:46:00,4,3,SYNTHETIC_DEMO
B_20260911,2026-09-11T06:46:30,3,3,SYNTHETIC_DEMO
B_20260911,2026-09-11T06:47:00,3,3,SYNTHETIC_DEMO
B_20260911,2026-09-11T06:47:30,3,3,SYNTHETIC_DEMO
B_20260911,2026-09-11T06:48:00,2,2,SYNTHETIC_DEMO
B_20260911,2026-09-11T06:48:30,0,2,SYNTHETIC_DEMO
B_20260911,2026-09-11T06:49:00,2,2,SYNTHETIC_DEMO
B_20260911,2026-09-11T06:49:30,3,2,SYNTHETIC_DEMO
B_20260911,2026-09-11T06:50:00,1,2,SYNTHETIC_DEMO
B_20260911,2026-09-11T06:50:30,1,1,SYNTHETIC_DEMO
B_20260911,2026-09-11T06:51:00,2,2,SYNTHETIC_DEMO
B_20260911,2026-09-11T06:51:30,2,3,SYNTHETIC_DEMO
B_20260911,2026-09-11T06:52:00,1,2,SYNTHETIC_DEMO
B_20260911,2026-09-11T06:52:30,1,4,SYNTHETIC_DEMO
B_20260911,2026-09-11T06:53:00,2,3,SYNTHETIC_DEMO
B_20260911,2026-09-11T06:53:30,2,2,SYNTHETIC_DEMO
B_20260911,2026-09-11T06:54:00,1,1,SYNTHETIC_DEMO
B_20260911,2026-09-11T06:54:30,1,3,SYNTHETIC_DEMO
B_20260911,2026-09-11T06:55:00,1,2,SYNTHETIC_DEMO
B_20260911,2026-09-11T06:55:30,1,3,SYNTHETIC_DEMO
B_20260911,2026-09-11T06:56:00,2,3,SYNTHETIC_DEMO
B_20260911,2026-09-11T06:56:30,2,2,SYNTHETIC_DEMO
B_20260911,2026-09-11T06:57:00,2,4,SYNTHETIC_DEMO
B_20260911,2026-09-11T06:57:30,2,2,SYNTHETIC_DEMO
B_20260911,2026-09-11T06:58:00,0,2,SYNTHETIC_DEMO
B_20260911,2026-09-11T06:58:30,0,2,SYNTHETIC_DEMO
B_20260911,2026-09-11T06:59:00,1,2,SYNTHETIC_DEMO
B_20260911,2026-09-11T06:59:30,0,2,SYNTHETIC_DEMO
B_20260911,2026-09-11T07:00:00,1,2,SYNTHETIC_DEMO
B_20260911,2026-09-11T07:00:30,1,3,SYNTHETIC_DEMO
B_20260911,2026-09-11T07:01:00,1,2,SYNTHETIC_DEMO
B_20260911,2026-09-11T07:01:30,3,3,SYNTHETIC_DEMO
B_20260911,2026-09-11T07:02:00,1,2,SYNTHETIC_DEMO
B_20260911,2026-09-11T07:02:30,1,3,SYNTHETIC_DEMO
B_20260911,2026-09-11T07:03:00,0,1,SYNTHETIC_DEMO
B_20260911,2026-09-11T07:03:30,1,2,SYNTHETIC_DEMO
B_20260911,2026-09-11T07:04:00,0,2,SYNTHETIC_DEMO
B_20260911,2026-09-11T07:04:30,1,2,SYNTHETIC_DEMO
B_20260911,2026-09-11T07:05:00,1,2,SYNTHETIC_DEMO
B_20260911,2026-09-11T07:05:30,0,2,SYNTHETIC_DEMO
B_20260911,2026-09-11T07:06:00,1,3,SYNTHETIC_DEMO
B_20260911,2026-09-11T07:06:30,0,2,SYNTHETIC_DEMO
B_20260911,2026-09-11T07:07:00,1,1,SYNTHETIC_DEMO
B_20260911,2026-09-11T07:07:30,1,3,SYNTHETIC_DEMO
B_20260911,2026-09-11T07:08:00,1,3,SYNTHETIC_DEMO
B_20260911,2026-09-11T07:08:30,1,3,SYNTHETIC_DEMO
B_20260911,2026-09-11T07:09:00,0,3,SYNTHETIC_DEMO
B_20260911,2026-09-11T07:09:30,1,2,SYNTHETIC_DEMO
B_20260911,2026-09-11T07:10:00,1,2,SYNTHETIC_DEMO
B_20260911,2026-09-11T07:10:30,1,3,SYNTHETIC_DEMO
B_20260911,2026-09-11T07:11:00,1,3,SYNTHETIC_DEMO
B_20260911,2026-09-11T07:11:30,2,2,SYNTHETIC_DEMO
B_20260911,2026-09-11T07:12:00,2,2,SYNTHETIC_DEMO
B_20260911,2026-09-11T07:12:30,1,2,SYNTHETIC_DEMO
B_20260911,2026-09-11T07:13:00,1,2,SYNTHETIC_DEMO
B_20260911,2026-09-11T07:13:30,1,1,SYNTHETIC_DEMO
B_20260911,2026-09-11T07:14:00,2,2,SYNTHETIC_DEMO
B_20260911,2026-09-11T07:14:30,1,1,SYNTHETIC_DEMO
B_20260911,2026-09-11T07:15:00,0,2,SYNTHETIC_DEMO
B_20260911,2026-09-11T07:15:30,2,3,SYNTHETIC_DEMO
B_20260911,2026-09-11T07:16:00,1,1,SYNTHETIC_DEMO
B_20260911,2026-09-11T07:16:30,1,2,SYNTHETIC_DEMO
B_20260911,2026-09-11T07:17:00,0,3,SYNTHETIC_DEMO
B_20260911,2026-09-11T07:17:30,3,2,SYNTHETIC_DEMO
B_20260911,2026-09-11T07:18:00,3,2,SYNTHETIC_DEMO
B_20260911,2026-09-11T07:18:30,0,3,SYNTHETIC_DEMO
B_20260911,2026-09-11T07:19:00,1,1,SYNTHETIC_DEMO
B_20260911,2026-09-11T07:19:30,1,3,SYNTHETIC_DEMO
B_20260911,2026-09-11T07:20:00,1,2,SYNTHETIC_DEMO
B_20260911,2026-09-11T07:20:30,1,2,SYNTHETIC_DEMO
B_20260911,2026-09-11T07:21:00,0,2,SYNTHETIC_DEMO
B_20260911,2026-09-11T07:21:30,1,2,SYNTHETIC_DEMO
B_20260911,2026-09-11T07:22:00,0,3,SYNTHETIC_DEMO
B_20260911,2026-09-11T07:22:30,0,2,SYNTHETIC_DEMO
B_20260911,2026-09-11T07:23:00,1,2,SYNTHETIC_DEMO
B_20260911,2026-09-11T07:23:30,0,2,SYNTHETIC_DEMO
B_20260911,2026-09-11T07:24:00,2,3,SYNTHETIC_DEMO
B_20260911,2026-09-11T07:24:30,1,2,SYNTHETIC_DEMO
B_20260911,2026-09-11T07:25:00,2,3,SYNTHETIC_DEMO
B_20260911,2026-09-11T07:25:30,1,1,SYNTHETIC_DEMO
B_20260911,2026-09-11T07:26:00,1,3,SYNTHETIC_DEMO
B_20260911,2026-09-11T07:26:30,1,2,SYNTHETIC_DEMO
B_20260911,2026-09-11T07:27:00,1,3,SYNTHETIC_DEMO
B_20260911,2026-09-11T07:27:30,0,2,SYNTHETIC_DEMO
B_20260911,2026-09-11T07:28:00,1,2,SYNTHETIC_DEMO
B_20260911,2026-09-11T07:28:30,2,2,SYNTHETIC_DEMO
B_20260911,2026-09-11T07:29:00,0,2,SYNTHETIC_DEMO
B_20260911,2026-09-11T07:29:30,1,2,SYNTHETIC_DEMO
L_20260911,2026-09-11T11:30:00,4,3,SYNTHETIC_DEMO
L_20260911,2026-09-11T11:30:30,5,2,SYNTHETIC_DEMO
L_20260911,2026-09-11T11:31:00,5,4,SYNTHETIC_DEMO
L_20260911,2026-09-11T11:31:30,5,3,SYNTHETIC_DEMO
L_20260911,2026-09-11T11:32:00,6,4,SYNTHETIC_DEMO
L_20260911,2026-09-11T11:32:30,5,3,SYNTHETIC_DEMO
L_20260911,2026-09-11T11:33:00,5,3,SYNTHETIC_DEMO
L_20260911,2026-09-11T11:33:30,5,3,SYNTHETIC_DEMO
L_20260911,2026-09-11T11:34:00,5,3,SYNTHETIC_DEMO
L_20260911,2026-09-11T11:34:30,7,3,SYNTHETIC_DEMO
L_20260911,2026-09-11T11:35:00,7,3,SYNTHETIC_DEMO
L_20260911,2026-09-11T11:35:30,7,4,SYNTHETIC_DEMO
L_20260911,2026-09-11T11:36:00,6,3,SYNTHETIC_DEMO
L_20260911,2026-09-11T11:36:30,7,4,SYNTHETIC_DEMO
L_20260911,2026-09-11T11:37:00,7,3,SYNTHETIC_DEMO
L_20260911,2026-09-11T11:37:30,7,3,SYNTHETIC_DEMO
L_20260911,2026-09-11T11:38:00,8,3,SYNTHETIC_DEMO
L_20260911,2026-09-11T11:38:30,10,4,SYNTHETIC_DEMO
L_20260911,2026-09-11T11:39:00,9,4,SYNTHETIC_DEMO
L_20260911,2026-09-11T11:39:30,9,3,SYNTHETIC_DEMO
L_20260911,2026-09-11T11:40:00,10,4,SYNTHETIC_DEMO
L_20260911,2026-09-11T11:40:30,9,3,SYNTHETIC_DEMO
L_20260911,2026-09-11T11:41:00,10,5,SYNTHETIC_DEMO
L_20260911,2026-09-11T11:41:30,9,4,SYNTHETIC_DEMO
L_20260911,2026-09-11T11:42:00,9,3,SYNTHETIC_DEMO
L_20260911,2026-09-11T11:42:30,10,3,SYNTHETIC_DEMO
L_20260911,2026-09-11T11:43:00,11,4,SYNTHETIC_DEMO
L_20260911,2026-09-11T11:43:30,11,4,SYNTHETIC_DEMO
L_20260911,2026-09-11T11:44:00,12,3,SYNTHETIC_DEMO
L_20260911,2026-09-11T11:44:30,10,4,SYNTHETIC_DEMO
L_20260911,2026-09-11T11:45:00,10,3,SYNTHETIC_DEMO
L_20260911,2026-09-11T11:45:30,13,3,SYNTHETIC_DEMO
L_20260911,2026-09-11T11:46:00,12,4,SYNTHETIC_DEMO
L_20260911,2026-09-11T11:46:30,12,5,SYNTHETIC_DEMO
L_20260911,2026-09-11T11:47:00,12,4,SYNTHETIC_DEMO
L_20260911,2026-09-11T11:47:30,13,4,SYNTHETIC_DEMO
L_20260911,2026-09-11T11:48:00,13,5,SYNTHETIC_DEMO
L_20260911,2026-09-11T11:48:30,14,4,SYNTHETIC_DEMO
L_20260911,2026-09-11T11:49:00,13,5,SYNTHETIC_DEMO
L_20260911,2026-09-11T11:49:30,13,5,SYNTHETIC_DEMO
L_20260911,2026-09-11T11:50:00,14,5,SYNTHETIC_DEMO
L_20260911,2026-09-11T11:50:30,14,5,SYNTHETIC_DEMO
L_20260911,2026-09-11T11:51:00,14,4,SYNTHETIC_DEMO
L_20260911,2026-09-11T11:51:30,14,5,SYNTHETIC_DEMO
L_20260911,2026-09-11T11:52:00,14,4,SYNTHETIC_DEMO
L_20260911,2026-09-11T11:52:30,15,4,SYNTHETIC_DEMO
L_20260911,2026-09-11T11:53:00,13,5,SYNTHETIC_DEMO
L_20260911,2026-09-11T11:53:30,15,6,SYNTHETIC_DEMO
L_20260911,2026-09-11T11:54:00,14,4,SYNTHETIC_DEMO
L_20260911,2026-09-11T11:54:30,15,4,SYNTHETIC_DEMO
L_20260911,2026-09-11T11:55:00,16,5,SYNTHETIC_DEMO
L_20260911,2026-09-11T11:55:30,15,5,SYNTHETIC_DEMO
L_20260911,2026-09-11T11:56:00,16,5,SYNTHETIC_DEMO
L_20260911,2026-09-11T11:56:30,16,5,SYNTHETIC_DEMO
L_20260911,2026-09-11T11:57:00,14,4,SYNTHETIC_DEMO
L_20260911,2026-09-11T11:57:30,18,5,SYNTHETIC_DEMO
L_20260911,2026-09-11T11:58:00,16,5,SYNTHETIC_DEMO
L_20260911,2026-09-11T11:58:30,17,5,SYNTHETIC_DEMO
L_20260911,2026-09-11T11:59:00,15,5,SYNTHETIC_DEMO
L_20260911,2026-09-11T11:59:30,15,4,SYNTHETIC_DEMO
L_20260911,2026-09-11T12:00:00,17,6,SYNTHETIC_DEMO
L_20260911,2026-09-11T12:00:30,16,6,SYNTHETIC_DEMO
L_20260911,2026-09-11T12:01:00,15,4,SYNTHETIC_DEMO
L_20260911,2026-09-11T12:01:30,16,5,SYNTHETIC_DEMO
L_20260911,2026-09-11T12:02:00,16,5,SYNTHETIC_DEMO
L_20260911,2026-09-11T12:02:30,16,6,SYNTHETIC_DEMO
L_20260911,2026-09-11T12:03:00,15,5,SYNTHETIC_DEMO
L_20260911,2026-09-11T12:03:30,15,4,SYNTHETIC_DEMO
L_20260911,2026-09-11T12:04:00,17,5,SYNTHETIC_DEMO
L_20260911,2026-09-11T12:04:30,16,5,SYNTHETIC_DEMO
L_20260911,2026-09-11T12:05:00,16,5,SYNTHETIC_DEMO
L_20260911,2026-09-11T12:05:30,16,4,SYNTHETIC_DEMO
L_20260911,2026-09-11T12:06:00,15,5,SYNTHETIC_DEMO
L_20260911,2026-09-11T12:06:30,15,5,SYNTHETIC_DEMO
L_20260911,2026-09-11T12:07:00,15,5,SYNTHETIC_DEMO
L_20260911,2026-09-11T12:07:30,15,5,SYNTHETIC_DEMO
L_20260911,2026-09-11T12:08:00,14,5,SYNTHETIC_DEMO
L_20260911,2026-09-11T12:08:30,13,4,SYNTHETIC_DEMO
L_20260911,2026-09-11T12:09:00,16,5,SYNTHETIC_DEMO
L_20260911,2026-09-11T12:09:30,14,4,SYNTHETIC_DEMO
L_20260911,2026-09-11T12:10:00,13,4,SYNTHETIC_DEMO
L_20260911,2026-09-11T12:10:30,13,5,SYNTHETIC_DEMO
L_20260911,2026-09-11T12:11:00,15,4,SYNTHETIC_DEMO
L_20260911,2026-09-11T12:11:30,13,5,SYNTHETIC_DEMO
L_20260911,2026-09-11T12:12:00,13,4,SYNTHETIC_DEMO
L_20260911,2026-09-11T12:12:30,13,6,SYNTHETIC_DEMO
L_20260911,2026-09-11T12:13:00,13,5,SYNTHETIC_DEMO
L_20260911,2026-09-11T12:13:30,12,4,SYNTHETIC_DEMO
L_20260911,2026-09-11T12:14:00,12,4,SYNTHETIC_DEMO
L_20260911,2026-09-11T12:14:30,12,4,SYNTHETIC_DEMO
L_20260911,2026-09-11T12:15:00,12,4,SYNTHETIC_DEMO
L_20260911,2026-09-11T12:15:30,11,4,SYNTHETIC_DEMO
L_20260911,2026-09-11T12:16:00,11,4,SYNTHETIC_DEMO
L_20260911,2026-09-11T12:16:30,11,4,SYNTHETIC_DEMO
L_20260911,2026-09-11T12:17:00,10,4,SYNTHETIC_DEMO
L_20260911,2026-09-11T12:17:30,11,4,SYNTHETIC_DEMO
L_20260911,2026-09-11T12:18:00,10,3,SYNTHETIC_DEMO
L_20260911,2026-09-11T12:18:30,10,4,SYNTHETIC_DEMO
L_20260911,2026-09-11T12:19:00,9,4,SYNTHETIC_DEMO
L_20260911,2026-09-11T12:19:30,9,4,SYNTHETIC_DEMO
L_20260911,2026-09-11T12:20:00,9,3,SYNTHETIC_DEMO
L_20260911,2026-09-11T12:20:30,8,4,SYNTHETIC_DEMO
L_20260911,2026-09-11T12:21:00,9,4,SYNTHETIC_DEMO
L_20260911,2026-09-11T12:21:30,9,4,SYNTHETIC_DEMO
L_20260911,2026-09-11T12:22:00,7,3,SYNTHETIC_DEMO
L_20260911,2026-09-11T12:22:30,7,3,SYNTHETIC_DEMO
L_20260911,2026-09-11T12:23:00,8,4,SYNTHETIC_DEMO
L_20260911,2026-09-11T12:23:30,8,4,SYNTHETIC_DEMO
L_20260911,2026-09-11T12:24:00,7,3,SYNTHETIC_DEMO
L_20260911,2026-09-11T12:24:30,6,3,SYNTHETIC_DEMO
L_20260911,2026-09-11T12:25:00,7,3,SYNTHETIC_DEMO
L_20260911,2026-09-11T12:25:30,6,3,SYNTHETIC_DEMO
L_20260911,2026-09-11T12:26:00,5,3,SYNTHETIC_DEMO
L_20260911,2026-09-11T12:26:30,5,3,SYNTHETIC_DEMO
L_20260911,2026-09-11T12:27:00,6,3,SYNTHETIC_DEMO
L_20260911,2026-09-11T12:27:30,5,2,SYNTHETIC_DEMO
L_20260911,2026-09-11T12:28:00,6,3,SYNTHETIC_DEMO
L_20260911,2026-09-11T12:28:30,4,2,SYNTHETIC_DEMO
L_20260911,2026-09-11T12:29:00,5,3,SYNTHETIC_DEMO
L_20260911,2026-09-11T12:29:30,5,3,SYNTHETIC_DEMO
L_20260911,2026-09-11T12:30:00,4,4,SYNTHETIC_DEMO
L_20260911,2026-09-11T12:30:30,5,4,SYNTHETIC_DEMO
L_20260911,2026-09-11T12:31:00,4,4,SYNTHETIC_DEMO
L_20260911,2026-09-11T12:31:30,4,3,SYNTHETIC_DEMO
L_20260911,2026-09-11T12:32:00,5,3,SYNTHETIC_DEMO
L_20260911,2026-09-11T12:32:30,4,3,SYNTHETIC_DEMO
L_20260911,2026-09-11T12:33:00,5,3,SYNTHETIC_DEMO
L_20260911,2026-09-11T12:33:30,3,2,SYNTHETIC_DEMO
L_20260911,2026-09-11T12:34:00,4,3,SYNTHETIC_DEMO
L_20260911,2026-09-11T12:34:30,4,3,SYNTHETIC_DEMO
L_20260911,2026-09-11T12:35:00,4,3,SYNTHETIC_DEMO
L_20260911,2026-09-11T12:35:30,1,2,SYNTHETIC_DEMO
L_20260911,2026-09-11T12:36:00,2,2,SYNTHETIC_DEMO
L_20260911,2026-09-11T12:36:30,2,3,SYNTHETIC_DEMO
L_20260911,2026-09-11T12:37:00,3,2,SYNTHETIC_DEMO
L_20260911,2026-09-11T12:37:30,1,3,SYNTHETIC_DEMO
L_20260911,2026-09-11T12:38:00,2,2,SYNTHETIC_DEMO
L_20260911,2026-09-11T12:38:30,3,2,SYNTHETIC_DEMO
L_20260911,2026-09-11T12:39:00,3,3,SYNTHETIC_DEMO
L_20260911,2026-09-11T12:39:30,2,3,SYNTHETIC_DEMO
L_20260911,2026-09-11T12:40:00,2,2,SYNTHETIC_DEMO
L_20260911,2026-09-11T12:40:30,2,2,SYNTHETIC_DEMO
L_20260911,2026-09-11T12:41:00,2,3,SYNTHETIC_DEMO
L_20260911,2026-09-11T12:41:30,2,2,SYNTHETIC_DEMO
L_20260911,2026-09-11T12:42:00,3,3,SYNTHETIC_DEMO
L_20260911,2026-09-11T12:42:30,3,3,SYNTHETIC_DEMO
L_20260911,2026-09-11T12:43:00,2,2,SYNTHETIC_DEMO
L_20260911,2026-09-11T12:43:30,3,3,SYNTHETIC_DEMO
L_20260911,2026-09-11T12:44:00,2,2,SYNTHETIC_DEMO
L_20260911,2026-09-11T12:44:30,2,2,SYNTHETIC_DEMO
L_20260911,2026-09-11T12:45:00,3,3,SYNTHETIC_DEMO
L_20260911,2026-09-11T12:45:30,0,2,SYNTHETIC_DEMO
L_20260911,2026-09-11T12:46:00,2,2,SYNTHETIC_DEMO
L_20260911,2026-09-11T12:46:30,1,1,SYNTHETIC_DEMO
L_20260911,2026-09-11T12:47:00,4,3,SYNTHETIC_DEMO
L_20260911,2026-09-11T12:47:30,2,2,SYNTHETIC_DEMO
L_20260911,2026-09-11T12:48:00,2,3,SYNTHETIC_DEMO
L_20260911,2026-09-11T12:48:30,3,2,SYNTHETIC_DEMO
L_20260911,2026-09-11T12:49:00,3,2,SYNTHETIC_DEMO
L_20260911,2026-09-11T12:49:30,2,2,SYNTHETIC_DEMO
L_20260911,2026-09-11T12:50:00,0,2,SYNTHETIC_DEMO
L_20260911,2026-09-11T12:50:30,1,1,SYNTHETIC_DEMO
L_20260911,2026-09-11T12:51:00,1,2,SYNTHETIC_DEMO
L_20260911,2026-09-11T12:51:30,2,3,SYNTHETIC_DEMO
L_20260911,2026-09-11T12:52:00,0,1,SYNTHETIC_DEMO
L_20260911,2026-09-11T12:52:30,2,3,SYNTHETIC_DEMO
L_20260911,2026-09-11T12:53:00,1,2,SYNTHETIC_DEMO
L_20260911,2026-09-11T12:53:30,1,2,SYNTHETIC_DEMO
L_20260911,2026-09-11T12:54:00,1,2,SYNTHETIC_DEMO
L_20260911,2026-09-11T12:54:30,0,2,SYNTHETIC_DEMO
L_20260911,2026-09-11T12:55:00,3,3,SYNTHETIC_DEMO
L_20260911,2026-09-11T12:55:30,1,2,SYNTHETIC_DEMO
L_20260911,2026-09-11T12:56:00,1,3,SYNTHETIC_DEMO
L_20260911,2026-09-11T12:56:30,0,3,SYNTHETIC_DEMO
L_20260911,2026-09-11T12:57:00,1,2,SYNTHETIC_DEMO
L_20260911,2026-09-11T12:57:30,0,2,SYNTHETIC_DEMO
L_20260911,2026-09-11T12:58:00,3,1,SYNTHETIC_DEMO
L_20260911,2026-09-11T12:58:30,0,2,SYNTHETIC_DEMO
L_20260911,2026-09-11T12:59:00,0,3,SYNTHETIC_DEMO
L_20260911,2026-09-11T12:59:30,0,1,SYNTHETIC_DEMO
L_20260911,2026-09-11T13:00:00,2,2,SYNTHETIC_DEMO
L_20260911,2026-09-11T13:00:30,1,2,SYNTHETIC_DEMO
L_20260911,2026-09-11T13:01:00,1,1,SYNTHETIC_DEMO
L_20260911,2026-09-11T13:01:30,1,1,SYNTHETIC_DEMO
L_20260911,2026-09-11T13:02:00,2,3,SYNTHETIC_DEMO
L_20260911,2026-09-11T13:02:30,2,2,SYNTHETIC_DEMO
L_20260911,2026-09-11T13:03:00,2,3,SYNTHETIC_DEMO
L_20260911,2026-09-11T13:03:30,1,3,SYNTHETIC_DEMO
L_20260911,2026-09-11T13:04:00,0,2,SYNTHETIC_DEMO
L_20260911,2026-09-11T13:04:30,1,2,SYNTHETIC_DEMO
L_20260911,2026-09-11T13:05:00,1,1,SYNTHETIC_DEMO
L_20260911,2026-09-11T13:05:30,1,2,SYNTHETIC_DEMO
L_20260911,2026-09-11T13:06:00,0,2,SYNTHETIC_DEMO
L_20260911,2026-09-11T13:06:30,0,1,SYNTHETIC_DEMO
L_20260911,2026-09-11T13:07:00,1,2,SYNTHETIC_DEMO
L_20260911,2026-09-11T13:07:30,2,3,SYNTHETIC_DEMO
L_20260911,2026-09-11T13:08:00,2,2,SYNTHETIC_DEMO
L_20260911,2026-09-11T13:08:30,0,2,SYNTHETIC_DEMO
L_20260911,2026-09-11T13:09:00,1,2,SYNTHETIC_DEMO
L_20260911,2026-09-11T13:09:30,1,3,SYNTHETIC_DEMO
L_20260911,2026-09-11T13:10:00,0,2,SYNTHETIC_DEMO
L_20260911,2026-09-11T13:10:30,2,3,SYNTHETIC_DEMO
L_20260911,2026-09-11T13:11:00,0,2,SYNTHETIC_DEMO
L_20260911,2026-09-11T13:11:30,1,3,SYNTHETIC_DEMO
L_20260911,2026-09-11T13:12:00,1,1,SYNTHETIC_DEMO
L_20260911,2026-09-11T13:12:30,1,2,SYNTHETIC_DEMO
L_20260911,2026-09-11T13:13:00,1,3,SYNTHETIC_DEMO
L_20260911,2026-09-11T13:13:30,1,3,SYNTHETIC_DEMO
L_20260911,2026-09-11T13:14:00,1,3,SYNTHETIC_DEMO
L_20260911,2026-09-11T13:14:30,1,2,SYNTHETIC_DEMO
L_20260911,2026-09-11T13:15:00,0,2,SYNTHETIC_DEMO
L_20260911,2026-09-11T13:15:30,0,2,SYNTHETIC_DEMO
L_20260911,2026-09-11T13:16:00,0,2,SYNTHETIC_DEMO
L_20260911,2026-09-11T13:16:30,1,2,SYNTHETIC_DEMO
L_20260911,2026-09-11T13:17:00,0,2,SYNTHETIC_DEMO
L_20260911,2026-09-11T13:17:30,0,2,SYNTHETIC_DEMO
L_20260911,2026-09-11T13:18:00,2,3,SYNTHETIC_DEMO
L_20260911,2026-09-11T13:18:30,0,2,SYNTHETIC_DEMO
L_20260911,2026-09-11T13:19:00,2,2,SYNTHETIC_DEMO
L_20260911,2026-09-11T13:19:30,0,2,SYNTHETIC_DEMO
L_20260911,2026-09-11T13:20:00,0,2,SYNTHETIC_DEMO
L_20260911,2026-09-11T13:20:30,0,2,SYNTHETIC_DEMO
L_20260911,2026-09-11T13:21:00,0,2,SYNTHETIC_DEMO
L_20260911,2026-09-11T13:21:30,2,2,SYNTHETIC_DEMO
L_20260911,2026-09-11T13:22:00,2,2,SYNTHETIC_DEMO
L_20260911,2026-09-11T13:22:30,1,2,SYNTHETIC_DEMO
L_20260911,2026-09-11T13:23:00,1,2,SYNTHETIC_DEMO
L_20260911,2026-09-11T13:23:30,1,2,SYNTHETIC_DEMO
L_20260911,2026-09-11T13:24:00,1,2,SYNTHETIC_DEMO
L_20260911,2026-09-11T13:24:30,1,2,SYNTHETIC_DEMO
L_20260911,2026-09-11T13:25:00,1,3,SYNTHETIC_DEMO
L_20260911,2026-09-11T13:25:30,2,2,SYNTHETIC_DEMO
L_20260911,2026-09-11T13:26:00,0,2,SYNTHETIC_DEMO
L_20260911,2026-09-11T13:26:30,1,2,SYNTHETIC_DEMO
L_20260911,2026-09-11T13:27:00,1,2,SYNTHETIC_DEMO
L_20260911,2026-09-11T13:27:30,1,2,SYNTHETIC_DEMO
L_20260911,2026-09-11T13:28:00,1,3,SYNTHETIC_DEMO
L_20260911,2026-09-11T13:28:30,0,2,SYNTHETIC_DEMO
L_20260911,2026-09-11T13:29:00,2,2,SYNTHETIC_DEMO
L_20260911,2026-09-11T13:29:30,1,2,SYNTHETIC_DEMO
D_20260911,2026-09-11T17:00:00,1,2,SYNTHETIC_DEMO
D_20260911,2026-09-11T17:00:30,4,3,SYNTHETIC_DEMO
D_20260911,2026-09-11T17:01:00,2,3,SYNTHETIC_DEMO
D_20260911,2026-09-11T17:01:30,3,2,SYNTHETIC_DEMO
D_20260911,2026-09-11T17:02:00,2,2,SYNTHETIC_DEMO
D_20260911,2026-09-11T17:02:30,4,3,SYNTHETIC_DEMO
D_20260911,2026-09-11T17:03:00,2,2,SYNTHETIC_DEMO
D_20260911,2026-09-11T17:03:30,2,3,SYNTHETIC_DEMO
D_20260911,2026-09-11T17:04:00,3,2,SYNTHETIC_DEMO
D_20260911,2026-09-11T17:04:30,2,2,SYNTHETIC_DEMO
D_20260911,2026-09-11T17:05:00,5,3,SYNTHETIC_DEMO
D_20260911,2026-09-11T17:05:30,4,2,SYNTHETIC_DEMO
D_20260911,2026-09-11T17:06:00,3,2,SYNTHETIC_DEMO
D_20260911,2026-09-11T17:06:30,3,2,SYNTHETIC_DEMO
D_20260911,2026-09-11T17:07:00,4,2,SYNTHETIC_DEMO
D_20260911,2026-09-11T17:07:30,4,3,SYNTHETIC_DEMO
D_20260911,2026-09-11T17:08:00,3,4,SYNTHETIC_DEMO
D_20260911,2026-09-11T17:08:30,5,4,SYNTHETIC_DEMO
D_20260911,2026-09-11T17:09:00,5,3,SYNTHETIC_DEMO
D_20260911,2026-09-11T17:09:30,4,4,SYNTHETIC_DEMO
D_20260911,2026-09-11T17:10:00,4,3,SYNTHETIC_DEMO
D_20260911,2026-09-11T17:10:30,6,4,SYNTHETIC_DEMO
D_20260911,2026-09-11T17:11:00,5,3,SYNTHETIC_DEMO
D_20260911,2026-09-11T17:11:30,5,3,SYNTHETIC_DEMO
D_20260911,2026-09-11T17:12:00,5,3,SYNTHETIC_DEMO
D_20260911,2026-09-11T17:12:30,6,3,SYNTHETIC_DEMO
D_20260911,2026-09-11T17:13:00,6,3,SYNTHETIC_DEMO
D_20260911,2026-09-11T17:13:30,5,2,SYNTHETIC_DEMO
D_20260911,2026-09-11T17:14:00,5,3,SYNTHETIC_DEMO
D_20260911,2026-09-11T17:14:30,6,3,SYNTHETIC_DEMO
D_20260911,2026-09-11T17:15:00,8,3,SYNTHETIC_DEMO
D_20260911,2026-09-11T17:15:30,8,5,SYNTHETIC_DEMO
D_20260911,2026-09-11T17:16:00,7,3,SYNTHETIC_DEMO
D_20260911,2026-09-11T17:16:30,8,3,SYNTHETIC_DEMO
D_20260911,2026-09-11T17:17:00,7,3,SYNTHETIC_DEMO
D_20260911,2026-09-11T17:17:30,7,3,SYNTHETIC_DEMO
D_20260911,2026-09-11T17:18:00,8,3,SYNTHETIC_DEMO
D_20260911,2026-09-11T17:18:30,10,4,SYNTHETIC_DEMO
D_20260911,2026-09-11T17:19:00,10,3,SYNTHETIC_DEMO
D_20260911,2026-09-11T17:19:30,9,4,SYNTHETIC_DEMO
D_20260911,2026-09-11T17:20:00,11,4,SYNTHETIC_DEMO
D_20260911,2026-09-11T17:20:30,10,4,SYNTHETIC_DEMO
D_20260911,2026-09-11T17:21:00,8,3,SYNTHETIC_DEMO
D_20260911,2026-09-11T17:21:30,11,3,SYNTHETIC_DEMO
D_20260911,2026-09-11T17:22:00,10,5,SYNTHETIC_DEMO
D_20260911,2026-09-11T17:22:30,11,4,SYNTHETIC_DEMO
D_20260911,2026-09-11T17:23:00,10,3,SYNTHETIC_DEMO
D_20260911,2026-09-11T17:23:30,10,3,SYNTHETIC_DEMO
D_20260911,2026-09-11T17:24:00,11,4,SYNTHETIC_DEMO
D_20260911,2026-09-11T17:24:30,13,4,SYNTHETIC_DEMO
D_20260911,2026-09-11T17:25:00,11,4,SYNTHETIC_DEMO
D_20260911,2026-09-11T17:25:30,12,4,SYNTHETIC_DEMO
D_20260911,2026-09-11T17:26:00,13,4,SYNTHETIC_DEMO
D_20260911,2026-09-11T17:26:30,13,4,SYNTHETIC_DEMO
D_20260911,2026-09-11T17:27:00,13,5,SYNTHETIC_DEMO
D_20260911,2026-09-11T17:27:30,13,4,SYNTHETIC_DEMO
D_20260911,2026-09-11T17:28:00,12,4,SYNTHETIC_DEMO
D_20260911,2026-09-11T17:28:30,13,5,SYNTHETIC_DEMO
D_20260911,2026-09-11T17:29:00,12,4,SYNTHETIC_DEMO
D_20260911,2026-09-11T17:29:30,14,5,SYNTHETIC_DEMO
D_20260911,2026-09-11T17:30:00,13,4,SYNTHETIC_DEMO
D_20260911,2026-09-11T17:30:30,13,4,SYNTHETIC_DEMO
D_20260911,2026-09-11T17:31:00,14,4,SYNTHETIC_DEMO
D_20260911,2026-09-11T17:31:30,15,4,SYNTHETIC_DEMO
D_20260911,2026-09-11T17:32:00,15,5,SYNTHETIC_DEMO
D_20260911,2026-09-11T17:32:30,15,5,SYNTHETIC_DEMO
D_20260911,2026-09-11T17:33:00,15,5,SYNTHETIC_DEMO
D_20260911,2026-09-11T17:33:30,15,4,SYNTHETIC_DEMO
D_20260911,2026-09-11T17:34:00,15,4,SYNTHETIC_DEMO
D_20260911,2026-09-11T17:34:30,15,5,SYNTHETIC_DEMO
D_20260911,2026-09-11T17:35:00,15,4,SYNTHETIC_DEMO
D_20260911,2026-09-11T17:35:30,17,4,SYNTHETIC_DEMO
D_20260911,2026-09-11T17:36:00,16,5,SYNTHETIC_DEMO
D_20260911,2026-09-11T17:36:30,15,5,SYNTHETIC_DEMO
D_20260911,2026-09-11T17:37:00,16,5,SYNTHETIC_DEMO
D_20260911,2026-09-11T17:37:30,16,6,SYNTHETIC_DEMO
D_20260911,2026-09-11T17:38:00,15,5,SYNTHETIC_DEMO
D_20260911,2026-09-11T17:38:30,16,4,SYNTHETIC_DEMO
D_20260911,2026-09-11T17:39:00,17,4,SYNTHETIC_DEMO
D_20260911,2026-09-11T17:39:30,15,5,SYNTHETIC_DEMO
D_20260911,2026-09-11T17:40:00,15,5,SYNTHETIC_DEMO
D_20260911,2026-09-11T17:40:30,16,4,SYNTHETIC_DEMO
D_20260911,2026-09-11T17:41:00,16,4,SYNTHETIC_DEMO
D_20260911,2026-09-11T17:41:30,15,5,SYNTHETIC_DEMO
D_20260911,2026-09-11T17:42:00,16,5,SYNTHETIC_DEMO
D_20260911,2026-09-11T17:42:30,15,4,SYNTHETIC_DEMO
D_20260911,2026-09-11T17:43:00,16,6,SYNTHETIC_DEMO
D_20260911,2026-09-11T17:43:30,17,5,SYNTHETIC_DEMO
D_20260911,2026-09-11T17:44:00,16,4,SYNTHETIC_DEMO
D_20260911,2026-09-11T17:44:30,15,5,SYNTHETIC_DEMO
D_20260911,2026-09-11T17:45:00,16,5,SYNTHETIC_DEMO
D_20260911,2026-09-11T17:45:30,16,5,SYNTHETIC_DEMO
D_20260911,2026-09-11T17:46:00,15,5,SYNTHETIC_DEMO
D_20260911,2026-09-11T17:46:30,16,5,SYNTHETIC_DEMO
D_20260911,2026-09-11T17:47:00,15,5,SYNTHETIC_DEMO
D_20260911,2026-09-11T17:47:30,14,3,SYNTHETIC_DEMO
D_20260911,2026-09-11T17:48:00,14,4,SYNTHETIC_DEMO
D_20260911,2026-09-11T17:48:30,15,4,SYNTHETIC_DEMO
D_20260911,2026-09-11T17:49:00,14,4,SYNTHETIC_DEMO
D_20260911,2026-09-11T17:49:30,14,5,SYNTHETIC_DEMO
D_20260911,2026-09-11T17:50:00,14,5,SYNTHETIC_DEMO
D_20260911,2026-09-11T17:50:30,14,4,SYNTHETIC_DEMO
D_20260911,2026-09-11T17:51:00,12,5,SYNTHETIC_DEMO
D_20260911,2026-09-11T17:51:30,14,4,SYNTHETIC_DEMO
D_20260911,2026-09-11T17:52:00,13,4,SYNTHETIC_DEMO
D_20260911,2026-09-11T17:52:30,12,4,SYNTHETIC_DEMO
D_20260911,2026-09-11T17:53:00,13,4,SYNTHETIC_DEMO
D_20260911,2026-09-11T17:53:30,13,5,SYNTHETIC_DEMO
D_20260911,2026-09-11T17:54:00,12,4,SYNTHETIC_DEMO
D_20260911,2026-09-11T17:54:30,11,4,SYNTHETIC_DEMO
D_20260911,2026-09-11T17:55:00,12,4,SYNTHETIC_DEMO
D_20260911,2026-09-11T17:55:30,12,5,SYNTHETIC_DEMO
D_20260911,2026-09-11T17:56:00,10,4,SYNTHETIC_DEMO
D_20260911,2026-09-11T17:56:30,12,4,SYNTHETIC_DEMO
D_20260911,2026-09-11T17:57:00,12,5,SYNTHETIC_DEMO
D_20260911,2026-09-11T17:57:30,10,4,SYNTHETIC_DEMO
D_20260911,2026-09-11T17:58:00,11,4,SYNTHETIC_DEMO
D_20260911,2026-09-11T17:58:30,9,4,SYNTHETIC_DEMO
D_20260911,2026-09-11T17:59:00,10,4,SYNTHETIC_DEMO
D_20260911,2026-09-11T17:59:30,10,3,SYNTHETIC_DEMO
D_20260911,2026-09-11T18:00:00,10,4,SYNTHETIC_DEMO
D_20260911,2026-09-11T18:00:30,8,4,SYNTHETIC_DEMO
D_20260911,2026-09-11T18:01:00,9,4,SYNTHETIC_DEMO
D_20260911,2026-09-11T18:01:30,9,4,SYNTHETIC_DEMO
D_20260911,2026-09-11T18:02:00,9,3,SYNTHETIC_DEMO
D_20260911,2026-09-11T18:02:30,8,3,SYNTHETIC_DEMO
D_20260911,2026-09-11T18:03:00,8,3,SYNTHETIC_DEMO
D_20260911,2026-09-11T18:03:30,8,3,SYNTHETIC_DEMO
D_20260911,2026-09-11T18:04:00,6,3,SYNTHETIC_DEMO
D_20260911,2026-09-11T18:04:30,9,3,SYNTHETIC_DEMO
D_20260911,2026-09-11T18:05:00,7,3,SYNTHETIC_DEMO
D_20260911,2026-09-11T18:05:30,6,3,SYNTHETIC_DEMO
D_20260911,2026-09-11T18:06:00,6,3,SYNTHETIC_DEMO
D_20260911,2026-09-11T18:06:30,6,4,SYNTHETIC_DEMO
D_20260911,2026-09-11T18:07:00,8,3,SYNTHETIC_DEMO
D_20260911,2026-09-11T18:07:30,7,4,SYNTHETIC_DEMO
D_20260911,2026-09-11T18:08:00,7,2,SYNTHETIC_DEMO
D_20260911,2026-09-11T18:08:30,5,2,SYNTHETIC_DEMO
D_20260911,2026-09-11T18:09:00,5,4,SYNTHETIC_DEMO
D_20260911,2026-09-11T18:09:30,6,3,SYNTHETIC_DEMO
D_20260911,2026-09-11T18:10:00,6,3,SYNTHETIC_DEMO
D_20260911,2026-09-11T18:10:30,4,2,SYNTHETIC_DEMO
D_20260911,2026-09-11T18:11:00,6,4,SYNTHETIC_DEMO
D_20260911,2026-09-11T18:11:30,4,2,SYNTHETIC_DEMO
D_20260911,2026-09-11T18:12:00,4,1,SYNTHETIC_DEMO
D_20260911,2026-09-11T18:12:30,4,4,SYNTHETIC_DEMO
D_20260911,2026-09-11T18:13:00,4,3,SYNTHETIC_DEMO
D_20260911,2026-09-11T18:13:30,3,3,SYNTHETIC_DEMO
D_20260911,2026-09-11T18:14:00,4,2,SYNTHETIC_DEMO
D_20260911,2026-09-11T18:14:30,3,2,SYNTHETIC_DEMO
D_20260911,2026-09-11T18:15:00,4,3,SYNTHETIC_DEMO
D_20260911,2026-09-11T18:15:30,2,2,SYNTHETIC_DEMO
D_20260911,2026-09-11T18:16:00,4,3,SYNTHETIC_DEMO
D_20260911,2026-09-11T18:16:30,3,3,SYNTHETIC_DEMO
D_20260911,2026-09-11T18:17:00,3,2,SYNTHETIC_DEMO
D_20260911,2026-09-11T18:17:30,2,3,SYNTHETIC_DEMO
D_20260911,2026-09-11T18:18:00,3,3,SYNTHETIC_DEMO
D_20260911,2026-09-11T18:18:30,3,2,SYNTHETIC_DEMO
D_20260911,2026-09-11T18:19:00,3,3,SYNTHETIC_DEMO
D_20260911,2026-09-11T18:19:30,2,2,SYNTHETIC_DEMO
D_20260911,2026-09-11T18:20:00,1,2,SYNTHETIC_DEMO
D_20260911,2026-09-11T18:20:30,2,2,SYNTHETIC_DEMO
D_20260911,2026-09-11T18:21:00,3,3,SYNTHETIC_DEMO
D_20260911,2026-09-11T18:21:30,3,3,SYNTHETIC_DEMO
D_20260911,2026-09-11T18:22:00,1,2,SYNTHETIC_DEMO
D_20260911,2026-09-11T18:22:30,2,2,SYNTHETIC_DEMO
D_20260911,2026-09-11T18:23:00,1,3,SYNTHETIC_DEMO
D_20260911,2026-09-11T18:23:30,2,2,SYNTHETIC_DEMO
D_20260911,2026-09-11T18:24:00,4,3,SYNTHETIC_DEMO
D_20260911,2026-09-11T18:24:30,2,2,SYNTHETIC_DEMO
D_20260911,2026-09-11T18:25:00,1,2,SYNTHETIC_DEMO
D_20260911,2026-09-11T18:25:30,1,2,SYNTHETIC_DEMO
D_20260911,2026-09-11T18:26:00,3,2,SYNTHETIC_DEMO
D_20260911,2026-09-11T18:26:30,2,2,SYNTHETIC_DEMO
D_20260911,2026-09-11T18:27:00,3,3,SYNTHETIC_DEMO
D_20260911,2026-09-11T18:27:30,2,2,SYNTHETIC_DEMO
D_20260911,2026-09-11T18:28:00,2,2,SYNTHETIC_DEMO
D_20260911,2026-09-11T18:28:30,1,2,SYNTHETIC_DEMO
D_20260911,2026-09-11T18:29:00,1,2,SYNTHETIC_DEMO
D_20260911,2026-09-11T18:29:30,1,2,SYNTHETIC_DEMO
D_20260911,2026-09-11T18:30:00,0,2,SYNTHETIC_DEMO
D_20260911,2026-09-11T18:30:30,0,2,SYNTHETIC_DEMO
D_20260911,2026-09-11T18:31:00,2,2,SYNTHETIC_DEMO
D_20260911,2026-09-11T18:31:30,1,3,SYNTHETIC_DEMO
D_20260911,2026-09-11T18:32:00,1,2,SYNTHETIC_DEMO
D_20260911,2026-09-11T18:32:30,1,2,SYNTHETIC_DEMO
D_20260911,2026-09-11T18:33:00,2,2,SYNTHETIC_DEMO
D_20260911,2026-09-11T18:33:30,1,2,SYNTHETIC_DEMO
D_20260911,2026-09-11T18:34:00,1,1,SYNTHETIC_DEMO
D_20260911,2026-09-11T18:34:30,1,2,SYNTHETIC_DEMO
D_20260911,2026-09-11T18:35:00,1,2,SYNTHETIC_DEMO
D_20260911,2026-09-11T18:35:30,2,2,SYNTHETIC_DEMO
D_20260911,2026-09-11T18:36:00,2,2,SYNTHETIC_DEMO
D_20260911,2026-09-11T18:36:30,1,3,SYNTHETIC_DEMO
D_20260911,2026-09-11T18:37:00,1,3,SYNTHETIC_DEMO
D_20260911,2026-09-11T18:37:30,0,2,SYNTHETIC_DEMO
D_20260911,2026-09-11T18:38:00,1,3,SYNTHETIC_DEMO
D_20260911,2026-09-11T18:38:30,0,1,SYNTHETIC_DEMO
D_20260911,2026-09-11T18:39:00,0,2,SYNTHETIC_DEMO
D_20260911,2026-09-11T18:39:30,1,3,SYNTHETIC_DEMO
D_20260911,2026-09-11T18:40:00,3,2,SYNTHETIC_DEMO
D_20260911,2026-09-11T18:40:30,2,2,SYNTHETIC_DEMO
D_20260911,2026-09-11T18:41:00,0,3,SYNTHETIC_DEMO
D_20260911,2026-09-11T18:41:30,0,2,SYNTHETIC_DEMO
D_20260911,2026-09-11T18:42:00,0,3,SYNTHETIC_DEMO
D_20260911,2026-09-11T18:42:30,1,3,SYNTHETIC_DEMO
D_20260911,2026-09-11T18:43:00,0,2,SYNTHETIC_DEMO
D_20260911,2026-09-11T18:43:30,1,3,SYNTHETIC_DEMO
D_20260911,2026-09-11T18:44:00,1,3,SYNTHETIC_DEMO
D_20260911,2026-09-11T18:44:30,1,2,SYNTHETIC_DEMO
D_20260911,2026-09-11T18:45:00,0,2,SYNTHETIC_DEMO
D_20260911,2026-09-11T18:45:30,1,2,SYNTHETIC_DEMO
D_20260911,2026-09-11T18:46:00,0,2,SYNTHETIC_DEMO
D_20260911,2026-09-11T18:46:30,3,3,SYNTHETIC_DEMO
D_20260911,2026-09-11T18:47:00,1,2,SYNTHETIC_DEMO
D_20260911,2026-09-11T18:47:30,1,2,SYNTHETIC_DEMO
D_20260911,2026-09-11T18:48:00,1,2,SYNTHETIC_DEMO
D_20260911,2026-09-11T18:48:30,0,2,SYNTHETIC_DEMO
D_20260911,2026-09-11T18:49:00,0,2,SYNTHETIC_DEMO
D_20260911,2026-09-11T18:49:30,1,3,SYNTHETIC_DEMO
D_20260911,2026-09-11T18:50:00,2,3,SYNTHETIC_DEMO
D_20260911,2026-09-11T18:50:30,0,1,SYNTHETIC_DEMO
D_20260911,2026-09-11T18:51:00,1,2,SYNTHETIC_DEMO
D_20260911,2026-09-11T18:51:30,0,2,SYNTHETIC_DEMO
D_20260911,2026-09-11T18:52:00,0,2,SYNTHETIC_DEMO
D_20260911,2026-09-11T18:52:30,1,2,SYNTHETIC_DEMO
D_20260911,2026-09-11T18:53:00,1,2,SYNTHETIC_DEMO
D_20260911,2026-09-11T18:53:30,1,3,SYNTHETIC_DEMO
D_20260911,2026-09-11T18:54:00,2,1,SYNTHETIC_DEMO
D_20260911,2026-09-11T18:54:30,2,3,SYNTHETIC_DEMO
D_20260911,2026-09-11T18:55:00,0,3,SYNTHETIC_DEMO
D_20260911,2026-09-11T18:55:30,1,2,SYNTHETIC_DEMO
D_20260911,2026-09-11T18:56:00,2,1,SYNTHETIC_DEMO
D_20260911,2026-09-11T18:56:30,2,3,SYNTHETIC_DEMO
D_20260911,2026-09-11T18:57:00,0,2,SYNTHETIC_DEMO
D_20260911,2026-09-11T18:57:30,2,2,SYNTHETIC_DEMO
D_20260911,2026-09-11T18:58:00,1,2,SYNTHETIC_DEMO
D_20260911,2026-09-11T18:58:30,2,2,SYNTHETIC_DEMO
D_20260911,2026-09-11T18:59:00,1,3,SYNTHETIC_DEMO
D_20260911,2026-09-11T18:59:30,2,2,SYNTHETIC_DEMO
B_20260912,2026-09-12T05:30:00,3,3,SYNTHETIC_DEMO
B_20260912,2026-09-12T05:30:30,1,2,SYNTHETIC_DEMO
B_20260912,2026-09-12T05:31:00,2,2,SYNTHETIC_DEMO
B_20260912,2026-09-12T05:31:30,1,2,SYNTHETIC_DEMO
B_20260912,2026-09-12T05:32:00,3,3,SYNTHETIC_DEMO
B_20260912,2026-09-12T05:32:30,2,2,SYNTHETIC_DEMO
B_20260912,2026-09-12T05:33:00,2,3,SYNTHETIC_DEMO
B_20260912,2026-09-12T05:33:30,2,2,SYNTHETIC_DEMO
B_20260912,2026-09-12T05:34:00,2,2,SYNTHETIC_DEMO
B_20260912,2026-09-12T05:34:30,2,2,SYNTHETIC_DEMO
B_20260912,2026-09-12T05:35:00,3,3,SYNTHETIC_DEMO
B_20260912,2026-09-12T05:35:30,2,2,SYNTHETIC_DEMO
B_20260912,2026-09-12T05:36:00,3,2,SYNTHETIC_DEMO
B_20260912,2026-09-12T05:36:30,4,3,SYNTHETIC_DEMO
B_20260912,2026-09-12T05:37:00,4,3,SYNTHETIC_DEMO
B_20260912,2026-09-12T05:37:30,4,2,SYNTHETIC_DEMO
B_20260912,2026-09-12T05:38:00,2,3,SYNTHETIC_DEMO
B_20260912,2026-09-12T05:38:30,4,3,SYNTHETIC_DEMO
B_20260912,2026-09-12T05:39:00,5,3,SYNTHETIC_DEMO
B_20260912,2026-09-12T05:39:30,3,2,SYNTHETIC_DEMO
B_20260912,2026-09-12T05:40:00,4,2,SYNTHETIC_DEMO
B_20260912,2026-09-12T05:40:30,3,3,SYNTHETIC_DEMO
B_20260912,2026-09-12T05:41:00,4,3,SYNTHETIC_DEMO
B_20260912,2026-09-12T05:41:30,5,4,SYNTHETIC_DEMO
B_20260912,2026-09-12T05:42:00,5,3,SYNTHETIC_DEMO
B_20260912,2026-09-12T05:42:30,5,3,SYNTHETIC_DEMO
B_20260912,2026-09-12T05:43:00,4,3,SYNTHETIC_DEMO
B_20260912,2026-09-12T05:43:30,6,3,SYNTHETIC_DEMO
B_20260912,2026-09-12T05:44:00,4,3,SYNTHETIC_DEMO
B_20260912,2026-09-12T05:44:30,4,3,SYNTHETIC_DEMO
B_20260912,2026-09-12T05:45:00,5,4,SYNTHETIC_DEMO
B_20260912,2026-09-12T05:45:30,5,3,SYNTHETIC_DEMO
B_20260912,2026-09-12T05:46:00,5,3,SYNTHETIC_DEMO
B_20260912,2026-09-12T05:46:30,6,3,SYNTHETIC_DEMO
B_20260912,2026-09-12T05:47:00,6,3,SYNTHETIC_DEMO
B_20260912,2026-09-12T05:47:30,5,3,SYNTHETIC_DEMO
B_20260912,2026-09-12T05:48:00,5,3,SYNTHETIC_DEMO
B_20260912,2026-09-12T05:48:30,7,3,SYNTHETIC_DEMO
B_20260912,2026-09-12T05:49:00,5,2,SYNTHETIC_DEMO
B_20260912,2026-09-12T05:49:30,6,4,SYNTHETIC_DEMO
B_20260912,2026-09-12T05:50:00,7,4,SYNTHETIC_DEMO
B_20260912,2026-09-12T05:50:30,6,3,SYNTHETIC_DEMO
B_20260912,2026-09-12T05:51:00,4,3,SYNTHETIC_DEMO
B_20260912,2026-09-12T05:51:30,6,3,SYNTHETIC_DEMO
B_20260912,2026-09-12T05:52:00,8,4,SYNTHETIC_DEMO
B_20260912,2026-09-12T05:52:30,6,3,SYNTHETIC_DEMO
B_20260912,2026-09-12T05:53:00,7,3,SYNTHETIC_DEMO
B_20260912,2026-09-12T05:53:30,8,3,SYNTHETIC_DEMO
B_20260912,2026-09-12T05:54:00,7,3,SYNTHETIC_DEMO
B_20260912,2026-09-12T05:54:30,6,3,SYNTHETIC_DEMO
B_20260912,2026-09-12T05:55:00,7,3,SYNTHETIC_DEMO
B_20260912,2026-09-12T05:55:30,8,4,SYNTHETIC_DEMO
B_20260912,2026-09-12T05:56:00,8,4,SYNTHETIC_DEMO
B_20260912,2026-09-12T05:56:30,6,3,SYNTHETIC_DEMO
B_20260912,2026-09-12T05:57:00,8,4,SYNTHETIC_DEMO
B_20260912,2026-09-12T05:57:30,8,4,SYNTHETIC_DEMO
B_20260912,2026-09-12T05:58:00,8,4,SYNTHETIC_DEMO
B_20260912,2026-09-12T05:58:30,8,4,SYNTHETIC_DEMO
B_20260912,2026-09-12T05:59:00,10,3,SYNTHETIC_DEMO
B_20260912,2026-09-12T05:59:30,7,3,SYNTHETIC_DEMO
B_20260912,2026-09-12T06:00:00,8,4,SYNTHETIC_DEMO
B_20260912,2026-09-12T06:00:30,8,4,SYNTHETIC_DEMO
B_20260912,2026-09-12T06:01:00,7,3,SYNTHETIC_DEMO
B_20260912,2026-09-12T06:01:30,8,4,SYNTHETIC_DEMO
B_20260912,2026-09-12T06:02:00,9,3,SYNTHETIC_DEMO
B_20260912,2026-09-12T06:02:30,8,3,SYNTHETIC_DEMO
B_20260912,2026-09-12T06:03:00,8,3,SYNTHETIC_DEMO
B_20260912,2026-09-12T06:03:30,9,3,SYNTHETIC_DEMO
B_20260912,2026-09-12T06:04:00,9,4,SYNTHETIC_DEMO
B_20260912,2026-09-12T06:04:30,9,4,SYNTHETIC_DEMO
B_20260912,2026-09-12T06:05:00,9,3,SYNTHETIC_DEMO
B_20260912,2026-09-12T06:05:30,10,4,SYNTHETIC_DEMO
B_20260912,2026-09-12T06:06:00,9,4,SYNTHETIC_DEMO
B_20260912,2026-09-12T06:06:30,8,3,SYNTHETIC_DEMO
B_20260912,2026-09-12T06:07:00,8,4,SYNTHETIC_DEMO
B_20260912,2026-09-12T06:07:30,7,4,SYNTHETIC_DEMO
B_20260912,2026-09-12T06:08:00,8,4,SYNTHETIC_DEMO
B_20260912,2026-09-12T06:08:30,6,3,SYNTHETIC_DEMO
B_20260912,2026-09-12T06:09:00,7,3,SYNTHETIC_DEMO
B_20260912,2026-09-12T06:09:30,6,4,SYNTHETIC_DEMO
B_20260912,2026-09-12T06:10:00,7,3,SYNTHETIC_DEMO
B_20260912,2026-09-12T06:10:30,10,4,SYNTHETIC_DEMO
B_20260912,2026-09-12T06:11:00,7,3,SYNTHETIC_DEMO
B_20260912,2026-09-12T06:11:30,6,3,SYNTHETIC_DEMO
B_20260912,2026-09-12T06:12:00,6,3,SYNTHETIC_DEMO
B_20260912,2026-09-12T06:12:30,8,4,SYNTHETIC_DEMO
B_20260912,2026-09-12T06:13:00,8,4,SYNTHETIC_DEMO
B_20260912,2026-09-12T06:13:30,8,3,SYNTHETIC_DEMO
B_20260912,2026-09-12T06:14:00,7,3,SYNTHETIC_DEMO
B_20260912,2026-09-12T06:14:30,8,3,SYNTHETIC_DEMO
B_20260912,2026-09-12T06:15:00,7,4,SYNTHETIC_DEMO
B_20260912,2026-09-12T06:15:30,7,3,SYNTHETIC_DEMO
B_20260912,2026-09-12T06:16:00,7,3,SYNTHETIC_DEMO
B_20260912,2026-09-12T06:16:30,7,4,SYNTHETIC_DEMO
B_20260912,2026-09-12T06:17:00,8,3,SYNTHETIC_DEMO
B_20260912,2026-09-12T06:17:30,7,4,SYNTHETIC_DEMO
B_20260912,2026-09-12T06:18:00,7,3,SYNTHETIC_DEMO
B_20260912,2026-09-12T06:18:30,6,3,SYNTHETIC_DEMO
B_20260912,2026-09-12T06:19:00,6,4,SYNTHETIC_DEMO
B_20260912,2026-09-12T06:19:30,5,3,SYNTHETIC_DEMO
B_20260912,2026-09-12T06:20:00,5,3,SYNTHETIC_DEMO
B_20260912,2026-09-12T06:20:30,5,3,SYNTHETIC_DEMO
B_20260912,2026-09-12T06:21:00,6,3,SYNTHETIC_DEMO
B_20260912,2026-09-12T06:21:30,6,2,SYNTHETIC_DEMO
B_20260912,2026-09-12T06:22:00,6,3,SYNTHETIC_DEMO
B_20260912,2026-09-12T06:22:30,4,2,SYNTHETIC_DEMO
B_20260912,2026-09-12T06:23:00,6,3,SYNTHETIC_DEMO
B_20260912,2026-09-12T06:23:30,6,1,SYNTHETIC_DEMO
B_20260912,2026-09-12T06:24:00,4,2,SYNTHETIC_DEMO
B_20260912,2026-09-12T06:24:30,5,3,SYNTHETIC_DEMO
B_20260912,2026-09-12T06:25:00,6,2,SYNTHETIC_DEMO
B_20260912,2026-09-12T06:25:30,5,3,SYNTHETIC_DEMO
B_20260912,2026-09-12T06:26:00,4,3,SYNTHETIC_DEMO
B_20260912,2026-09-12T06:26:30,4,3,SYNTHETIC_DEMO
B_20260912,2026-09-12T06:27:00,4,3,SYNTHETIC_DEMO
B_20260912,2026-09-12T06:27:30,3,1,SYNTHETIC_DEMO
B_20260912,2026-09-12T06:28:00,3,2,SYNTHETIC_DEMO
B_20260912,2026-09-12T06:28:30,4,2,SYNTHETIC_DEMO
B_20260912,2026-09-12T06:29:00,4,2,SYNTHETIC_DEMO
B_20260912,2026-09-12T06:29:30,2,2,SYNTHETIC_DEMO
B_20260912,2026-09-12T06:30:00,4,3,SYNTHETIC_DEMO
B_20260912,2026-09-12T06:30:30,3,2,SYNTHETIC_DEMO
B_20260912,2026-09-12T06:31:00,2,2,SYNTHETIC_DEMO
B_20260912,2026-09-12T06:31:30,3,3,SYNTHETIC_DEMO
B_20260912,2026-09-12T06:32:00,4,4,SYNTHETIC_DEMO
B_20260912,2026-09-12T06:32:30,4,2,SYNTHETIC_DEMO
B_20260912,2026-09-12T06:33:00,3,3,SYNTHETIC_DEMO
B_20260912,2026-09-12T06:33:30,3,3,SYNTHETIC_DEMO
B_20260912,2026-09-12T06:34:00,4,3,SYNTHETIC_DEMO
B_20260912,2026-09-12T06:34:30,2,2,SYNTHETIC_DEMO
B_20260912,2026-09-12T06:35:00,4,3,SYNTHETIC_DEMO
B_20260912,2026-09-12T06:35:30,2,3,SYNTHETIC_DEMO
B_20260912,2026-09-12T06:36:00,4,2,SYNTHETIC_DEMO
B_20260912,2026-09-12T06:36:30,2,2,SYNTHETIC_DEMO
B_20260912,2026-09-12T06:37:00,3,2,SYNTHETIC_DEMO
B_20260912,2026-09-12T06:37:30,2,2,SYNTHETIC_DEMO
B_20260912,2026-09-12T06:38:00,2,2,SYNTHETIC_DEMO
B_20260912,2026-09-12T06:38:30,1,2,SYNTHETIC_DEMO
B_20260912,2026-09-12T06:39:00,0,2,SYNTHETIC_DEMO
B_20260912,2026-09-12T06:39:30,2,2,SYNTHETIC_DEMO
B_20260912,2026-09-12T06:40:00,3,3,SYNTHETIC_DEMO
B_20260912,2026-09-12T06:40:30,2,3,SYNTHETIC_DEMO
B_20260912,2026-09-12T06:41:00,2,2,SYNTHETIC_DEMO
B_20260912,2026-09-12T06:41:30,1,3,SYNTHETIC_DEMO
B_20260912,2026-09-12T06:42:00,3,1,SYNTHETIC_DEMO
B_20260912,2026-09-12T06:42:30,1,2,SYNTHETIC_DEMO
B_20260912,2026-09-12T06:43:00,2,2,SYNTHETIC_DEMO
B_20260912,2026-09-12T06:43:30,1,2,SYNTHETIC_DEMO
B_20260912,2026-09-12T06:44:00,1,2,SYNTHETIC_DEMO
B_20260912,2026-09-12T06:44:30,1,2,SYNTHETIC_DEMO
B_20260912,2026-09-12T06:45:00,2,2,SYNTHETIC_DEMO
B_20260912,2026-09-12T06:45:30,3,2,SYNTHETIC_DEMO
B_20260912,2026-09-12T06:46:00,1,1,SYNTHETIC_DEMO
B_20260912,2026-09-12T06:46:30,0,2,SYNTHETIC_DEMO
B_20260912,2026-09-12T06:47:00,0,3,SYNTHETIC_DEMO
B_20260912,2026-09-12T06:47:30,1,2,SYNTHETIC_DEMO
B_20260912,2026-09-12T06:48:00,1,2,SYNTHETIC_DEMO
B_20260912,2026-09-12T06:48:30,1,2,SYNTHETIC_DEMO
B_20260912,2026-09-12T06:49:00,1,2,SYNTHETIC_DEMO
B_20260912,2026-09-12T06:49:30,2,3,SYNTHETIC_DEMO
B_20260912,2026-09-12T06:50:00,1,2,SYNTHETIC_DEMO
B_20260912,2026-09-12T06:50:30,1,3,SYNTHETIC_DEMO
B_20260912,2026-09-12T06:51:00,0,3,SYNTHETIC_DEMO
B_20260912,2026-09-12T06:51:30,2,3,SYNTHETIC_DEMO
B_20260912,2026-09-12T06:52:00,1,2,SYNTHETIC_DEMO
B_20260912,2026-09-12T06:52:30,0,1,SYNTHETIC_DEMO
B_20260912,2026-09-12T06:53:00,0,1,SYNTHETIC_DEMO
B_20260912,2026-09-12T06:53:30,2,2,SYNTHETIC_DEMO
B_20260912,2026-09-12T06:54:00,0,3,SYNTHETIC_DEMO
B_20260912,2026-09-12T06:54:30,1,3,SYNTHETIC_DEMO
B_20260912,2026-09-12T06:55:00,1,2,SYNTHETIC_DEMO
B_20260912,2026-09-12T06:55:30,2,2,SYNTHETIC_DEMO
B_20260912,2026-09-12T06:56:00,0,2,SYNTHETIC_DEMO
B_20260912,2026-09-12T06:56:30,1,2,SYNTHETIC_DEMO
B_20260912,2026-09-12T06:57:00,2,2,SYNTHETIC_DEMO
B_20260912,2026-09-12T06:57:30,1,2,SYNTHETIC_DEMO
B_20260912,2026-09-12T06:58:00,1,2,SYNTHETIC_DEMO
B_20260912,2026-09-12T06:58:30,2,3,SYNTHETIC_DEMO
B_20260912,2026-09-12T06:59:00,0,2,SYNTHETIC_DEMO
B_20260912,2026-09-12T06:59:30,2,3,SYNTHETIC_DEMO
B_20260912,2026-09-12T07:00:00,1,3,SYNTHETIC_DEMO
B_20260912,2026-09-12T07:00:30,1,2,SYNTHETIC_DEMO
B_20260912,2026-09-12T07:01:00,1,2,SYNTHETIC_DEMO
B_20260912,2026-09-12T07:01:30,1,3,SYNTHETIC_DEMO
B_20260912,2026-09-12T07:02:00,1,2,SYNTHETIC_DEMO
B_20260912,2026-09-12T07:02:30,2,3,SYNTHETIC_DEMO
B_20260912,2026-09-12T07:03:00,2,2,SYNTHETIC_DEMO
B_20260912,2026-09-12T07:03:30,2,3,SYNTHETIC_DEMO
B_20260912,2026-09-12T07:04:00,1,2,SYNTHETIC_DEMO
B_20260912,2026-09-12T07:04:30,2,2,SYNTHETIC_DEMO
B_20260912,2026-09-12T07:05:00,0,1,SYNTHETIC_DEMO
B_20260912,2026-09-12T07:05:30,2,3,SYNTHETIC_DEMO
B_20260912,2026-09-12T07:06:00,1,2,SYNTHETIC_DEMO
B_20260912,2026-09-12T07:06:30,2,2,SYNTHETIC_DEMO
B_20260912,2026-09-12T07:07:00,1,2,SYNTHETIC_DEMO
B_20260912,2026-09-12T07:07:30,1,2,SYNTHETIC_DEMO
B_20260912,2026-09-12T07:08:00,2,3,SYNTHETIC_DEMO
B_20260912,2026-09-12T07:08:30,0,2,SYNTHETIC_DEMO
B_20260912,2026-09-12T07:09:00,1,2,SYNTHETIC_DEMO
B_20260912,2026-09-12T07:09:30,0,3,SYNTHETIC_DEMO
B_20260912,2026-09-12T07:10:00,0,2,SYNTHETIC_DEMO
B_20260912,2026-09-12T07:10:30,1,1,SYNTHETIC_DEMO
B_20260912,2026-09-12T07:11:00,2,2,SYNTHETIC_DEMO
B_20260912,2026-09-12T07:11:30,1,2,SYNTHETIC_DEMO
B_20260912,2026-09-12T07:12:00,1,3,SYNTHETIC_DEMO
B_20260912,2026-09-12T07:12:30,0,2,SYNTHETIC_DEMO
B_20260912,2026-09-12T07:13:00,2,1,SYNTHETIC_DEMO
B_20260912,2026-09-12T07:13:30,0,2,SYNTHETIC_DEMO
B_20260912,2026-09-12T07:14:00,1,2,SYNTHETIC_DEMO
B_20260912,2026-09-12T07:14:30,1,2,SYNTHETIC_DEMO
B_20260912,2026-09-12T07:15:00,0,2,SYNTHETIC_DEMO
B_20260912,2026-09-12T07:15:30,1,2,SYNTHETIC_DEMO
B_20260912,2026-09-12T07:16:00,1,3,SYNTHETIC_DEMO
B_20260912,2026-09-12T07:16:30,1,2,SYNTHETIC_DEMO
B_20260912,2026-09-12T07:17:00,2,1,SYNTHETIC_DEMO
B_20260912,2026-09-12T07:17:30,0,2,SYNTHETIC_DEMO
B_20260912,2026-09-12T07:18:00,1,2,SYNTHETIC_DEMO
B_20260912,2026-09-12T07:18:30,2,2,SYNTHETIC_DEMO
B_20260912,2026-09-12T07:19:00,1,2,SYNTHETIC_DEMO
B_20260912,2026-09-12T07:19:30,1,1,SYNTHETIC_DEMO
B_20260912,2026-09-12T07:20:00,2,3,SYNTHETIC_DEMO
B_20260912,2026-09-12T07:20:30,0,2,SYNTHETIC_DEMO
B_20260912,2026-09-12T07:21:00,1,2,SYNTHETIC_DEMO
B_20260912,2026-09-12T07:21:30,2,2,SYNTHETIC_DEMO
B_20260912,2026-09-12T07:22:00,0,3,SYNTHETIC_DEMO
B_20260912,2026-09-12T07:22:30,1,2,SYNTHETIC_DEMO
B_20260912,2026-09-12T07:23:00,1,2,SYNTHETIC_DEMO
B_20260912,2026-09-12T07:23:30,1,2,SYNTHETIC_DEMO
B_20260912,2026-09-12T07:24:00,2,2,SYNTHETIC_DEMO
B_20260912,2026-09-12T07:24:30,2,3,SYNTHETIC_DEMO
B_20260912,2026-09-12T07:25:00,0,2,SYNTHETIC_DEMO
B_20260912,2026-09-12T07:25:30,1,2,SYNTHETIC_DEMO
B_20260912,2026-09-12T07:26:00,2,4,SYNTHETIC_DEMO
B_20260912,2026-09-12T07:26:30,0,2,SYNTHETIC_DEMO
B_20260912,2026-09-12T07:27:00,3,3,SYNTHETIC_DEMO
B_20260912,2026-09-12T07:27:30,0,2,SYNTHETIC_DEMO
B_20260912,2026-09-12T07:28:00,2,3,SYNTHETIC_DEMO
B_20260912,2026-09-12T07:28:30,3,3,SYNTHETIC_DEMO
B_20260912,2026-09-12T07:29:00,1,2,SYNTHETIC_DEMO
B_20260912,2026-09-12T07:29:30,0,1,SYNTHETIC_DEMO
L_20260912,2026-09-12T11:30:00,7,4,SYNTHETIC_DEMO
L_20260912,2026-09-12T11:30:30,8,4,SYNTHETIC_DEMO
L_20260912,2026-09-12T11:31:00,7,3,SYNTHETIC_DEMO
L_20260912,2026-09-12T11:31:30,8,4,SYNTHETIC_DEMO
L_20260912,2026-09-12T11:32:00,7,2,SYNTHETIC_DEMO
L_20260912,2026-09-12T11:32:30,7,3,SYNTHETIC_DEMO
L_20260912,2026-09-12T11:33:00,8,4,SYNTHETIC_DEMO
L_20260912,2026-09-12T11:33:30,9,3,SYNTHETIC_DEMO
L_20260912,2026-09-12T11:34:00,9,4,SYNTHETIC_DEMO
L_20260912,2026-09-12T11:34:30,7,3,SYNTHETIC_DEMO
L_20260912,2026-09-12T11:35:00,11,5,SYNTHETIC_DEMO
L_20260912,2026-09-12T11:35:30,9,3,SYNTHETIC_DEMO
L_20260912,2026-09-12T11:36:00,8,4,SYNTHETIC_DEMO
L_20260912,2026-09-12T11:36:30,11,4,SYNTHETIC_DEMO
L_20260912,2026-09-12T11:37:00,10,4,SYNTHETIC_DEMO
L_20260912,2026-09-12T11:37:30,11,4,SYNTHETIC_DEMO
L_20260912,2026-09-12T11:38:00,11,5,SYNTHETIC_DEMO
L_20260912,2026-09-12T11:38:30,12,4,SYNTHETIC_DEMO
L_20260912,2026-09-12T11:39:00,12,4,SYNTHETIC_DEMO
L_20260912,2026-09-12T11:39:30,13,4,SYNTHETIC_DEMO
L_20260912,2026-09-12T11:40:00,13,4,SYNTHETIC_DEMO
L_20260912,2026-09-12T11:40:30,14,5,SYNTHETIC_DEMO
L_20260912,2026-09-12T11:41:00,14,6,SYNTHETIC_DEMO
L_20260912,2026-09-12T11:41:30,11,4,SYNTHETIC_DEMO
L_20260912,2026-09-12T11:42:00,13,5,SYNTHETIC_DEMO
L_20260912,2026-09-12T11:42:30,15,5,SYNTHETIC_DEMO
L_20260912,2026-09-12T11:43:00,15,6,SYNTHETIC_DEMO
L_20260912,2026-09-12T11:43:30,16,5,SYNTHETIC_DEMO
L_20260912,2026-09-12T11:44:00,17,4,SYNTHETIC_DEMO
L_20260912,2026-09-12T11:44:30,16,5,SYNTHETIC_DEMO
L_20260912,2026-09-12T11:45:00,16,4,SYNTHETIC_DEMO
L_20260912,2026-09-12T11:45:30,16,4,SYNTHETIC_DEMO
L_20260912,2026-09-12T11:46:00,19,6,SYNTHETIC_DEMO
L_20260912,2026-09-12T11:46:30,18,5,SYNTHETIC_DEMO
L_20260912,2026-09-12T11:47:00,18,5,SYNTHETIC_DEMO
L_20260912,2026-09-12T11:47:30,18,5,SYNTHETIC_DEMO
L_20260912,2026-09-12T11:48:00,18,5,SYNTHETIC_DEMO
L_20260912,2026-09-12T11:48:30,19,5,SYNTHETIC_DEMO
L_20260912,2026-09-12T11:49:00,19,6,SYNTHETIC_DEMO
L_20260912,2026-09-12T11:49:30,19,5,SYNTHETIC_DEMO
L_20260912,2026-09-12T11:50:00,20,6,SYNTHETIC_DEMO
L_20260912,2026-09-12T11:50:30,21,6,SYNTHETIC_DEMO
L_20260912,2026-09-12T11:51:00,20,6,SYNTHETIC_DEMO
L_20260912,2026-09-12T11:51:30,23,5,SYNTHETIC_DEMO
L_20260912,2026-09-12T11:52:00,19,6,SYNTHETIC_DEMO
L_20260912,2026-09-12T11:52:30,20,5,SYNTHETIC_DEMO
L_20260912,2026-09-12T11:53:00,20,6,SYNTHETIC_DEMO
L_20260912,2026-09-12T11:53:30,21,6,SYNTHETIC_DEMO
L_20260912,2026-09-12T11:54:00,23,6,SYNTHETIC_DEMO
L_20260912,2026-09-12T11:54:30,21,6,SYNTHETIC_DEMO
L_20260912,2026-09-12T11:55:00,21,6,SYNTHETIC_DEMO
L_20260912,2026-09-12T11:55:30,23,6,SYNTHETIC_DEMO
L_20260912,2026-09-12T11:56:00,24,7,SYNTHETIC_DEMO
L_20260912,2026-09-12T11:56:30,23,5,SYNTHETIC_DEMO
L_20260912,2026-09-12T11:57:00,22,6,SYNTHETIC_DEMO
L_20260912,2026-09-12T11:57:30,22,6,SYNTHETIC_DEMO
L_20260912,2026-09-12T11:58:00,23,6,SYNTHETIC_DEMO
L_20260912,2026-09-12T11:58:30,23,6,SYNTHETIC_DEMO
L_20260912,2026-09-12T11:59:00,22,5,SYNTHETIC_DEMO
L_20260912,2026-09-12T11:59:30,22,6,SYNTHETIC_DEMO
L_20260912,2026-09-12T12:00:00,23,7,SYNTHETIC_DEMO
L_20260912,2026-09-12T12:00:30,23,6,SYNTHETIC_DEMO
L_20260912,2026-09-12T12:01:00,24,7,SYNTHETIC_DEMO
L_20260912,2026-09-12T12:01:30,23,6,SYNTHETIC_DEMO
L_20260912,2026-09-12T12:02:00,23,7,SYNTHETIC_DEMO
L_20260912,2026-09-12T12:02:30,22,5,SYNTHETIC_DEMO
L_20260912,2026-09-12T12:03:00,21,6,SYNTHETIC_DEMO
L_20260912,2026-09-12T12:03:30,21,5,SYNTHETIC_DEMO
L_20260912,2026-09-12T12:04:00,20,6,SYNTHETIC_DEMO
L_20260912,2026-09-12T12:04:30,22,6,SYNTHETIC_DEMO
L_20260912,2026-09-12T12:05:00,22,6,SYNTHETIC_DEMO
L_20260912,2026-09-12T12:05:30,21,6,SYNTHETIC_DEMO
L_20260912,2026-09-12T12:06:00,22,5,SYNTHETIC_DEMO
L_20260912,2026-09-12T12:06:30,22,6,SYNTHETIC_DEMO
L_20260912,2026-09-12T12:07:00,22,6,SYNTHETIC_DEMO
L_20260912,2026-09-12T12:07:30,23,6,SYNTHETIC_DEMO
L_20260912,2026-09-12T12:08:00,22,6,SYNTHETIC_DEMO
L_20260912,2026-09-12T12:08:30,20,7,SYNTHETIC_DEMO
L_20260912,2026-09-12T12:09:00,20,6,SYNTHETIC_DEMO
L_20260912,2026-09-12T12:09:30,20,6,SYNTHETIC_DEMO
L_20260912,2026-09-12T12:10:00,20,5,SYNTHETIC_DEMO
L_20260912,2026-09-12T12:10:30,19,6,SYNTHETIC_DEMO
L_20260912,2026-09-12T12:11:00,18,5,SYNTHETIC_DEMO
L_20260912,2026-09-12T12:11:30,17,4,SYNTHETIC_DEMO
L_20260912,2026-09-12T12:12:00,19,6,SYNTHETIC_DEMO
L_20260912,2026-09-12T12:12:30,18,5,SYNTHETIC_DEMO
L_20260912,2026-09-12T12:13:00,18,5,SYNTHETIC_DEMO
L_20260912,2026-09-12T12:13:30,16,5,SYNTHETIC_DEMO
L_20260912,2026-09-12T12:14:00,16,4,SYNTHETIC_DEMO
L_20260912,2026-09-12T12:14:30,16,5,SYNTHETIC_DEMO
L_20260912,2026-09-12T12:15:00,16,4,SYNTHETIC_DEMO
L_20260912,2026-09-12T12:15:30,16,4,SYNTHETIC_DEMO
L_20260912,2026-09-12T12:16:00,16,4,SYNTHETIC_DEMO
L_20260912,2026-09-12T12:16:30,15,5,SYNTHETIC_DEMO
L_20260912,2026-09-12T12:17:00,16,5,SYNTHETIC_DEMO
L_20260912,2026-09-12T12:17:30,15,4,SYNTHETIC_DEMO
L_20260912,2026-09-12T12:18:00,12,5,SYNTHETIC_DEMO
L_20260912,2026-09-12T12:18:30,14,4,SYNTHETIC_DEMO
L_20260912,2026-09-12T12:19:00,14,5,SYNTHETIC_DEMO
L_20260912,2026-09-12T12:19:30,13,4,SYNTHETIC_DEMO
L_20260912,2026-09-12T12:20:00,11,4,SYNTHETIC_DEMO
L_20260912,2026-09-12T12:20:30,12,3,SYNTHETIC_DEMO
L_20260912,2026-09-12T12:21:00,12,4,SYNTHETIC_DEMO
L_20260912,2026-09-12T12:21:30,12,4,SYNTHETIC_DEMO
L_20260912,2026-09-12T12:22:00,10,3,SYNTHETIC_DEMO
L_20260912,2026-09-12T12:22:30,10,4,SYNTHETIC_DEMO
L_20260912,2026-09-12T12:23:00,10,3,SYNTHETIC_DEMO
L_20260912,2026-09-12T12:23:30,11,4,SYNTHETIC_DEMO
L_20260912,2026-09-12T12:24:00,10,4,SYNTHETIC_DEMO
L_20260912,2026-09-12T12:24:30,10,4,SYNTHETIC_DEMO
L_20260912,2026-09-12T12:25:00,10,4,SYNTHETIC_DEMO
L_20260912,2026-09-12T12:25:30,9,4,SYNTHETIC_DEMO
L_20260912,2026-09-12T12:26:00,8,4,SYNTHETIC_DEMO
L_20260912,2026-09-12T12:26:30,7,4,SYNTHETIC_DEMO
L_20260912,2026-09-12T12:27:00,7,4,SYNTHETIC_DEMO
L_20260912,2026-09-12T12:27:30,7,3,SYNTHETIC_DEMO
L_20260912,2026-09-12T12:28:00,8,3,SYNTHETIC_DEMO
L_20260912,2026-09-12T12:28:30,7,4,SYNTHETIC_DEMO
L_20260912,2026-09-12T12:29:00,6,3,SYNTHETIC_DEMO
L_20260912,2026-09-12T12:29:30,8,3,SYNTHETIC_DEMO
L_20260912,2026-09-12T12:30:00,7,3,SYNTHETIC_DEMO
L_20260912,2026-09-12T12:30:30,6,3,SYNTHETIC_DEMO
L_20260912,2026-09-12T12:31:00,8,3,SYNTHETIC_DEMO
L_20260912,2026-09-12T12:31:30,6,4,SYNTHETIC_DEMO
L_20260912,2026-09-12T12:32:00,5,3,SYNTHETIC_DEMO
L_20260912,2026-09-12T12:32:30,5,3,SYNTHETIC_DEMO
L_20260912,2026-09-12T12:33:00,5,3,SYNTHETIC_DEMO
L_20260912,2026-09-12T12:33:30,5,3,SYNTHETIC_DEMO
L_20260912,2026-09-12T12:34:00,3,3,SYNTHETIC_DEMO
L_20260912,2026-09-12T12:34:30,3,2,SYNTHETIC_DEMO
L_20260912,2026-09-12T12:35:00,4,2,SYNTHETIC_DEMO
L_20260912,2026-09-12T12:35:30,4,3,SYNTHETIC_DEMO
L_20260912,2026-09-12T12:36:00,5,3,SYNTHETIC_DEMO
L_20260912,2026-09-12T12:36:30,3,2,SYNTHETIC_DEMO
L_20260912,2026-09-12T12:37:00,4,3,SYNTHETIC_DEMO
L_20260912,2026-09-12T12:37:30,4,3,SYNTHETIC_DEMO
L_20260912,2026-09-12T12:38:00,4,2,SYNTHETIC_DEMO
L_20260912,2026-09-12T12:38:30,3,3,SYNTHETIC_DEMO
L_20260912,2026-09-12T12:39:00,2,3,SYNTHETIC_DEMO
L_20260912,2026-09-12T12:39:30,2,4,SYNTHETIC_DEMO
L_20260912,2026-09-12T12:40:00,2,2,SYNTHETIC_DEMO
L_20260912,2026-09-12T12:40:30,2,2,SYNTHETIC_DEMO
L_20260912,2026-09-12T12:41:00,3,2,SYNTHETIC_DEMO
L_20260912,2026-09-12T12:41:30,2,1,SYNTHETIC_DEMO
L_20260912,2026-09-12T12:42:00,2,2,SYNTHETIC_DEMO
L_20260912,2026-09-12T12:42:30,2,3,SYNTHETIC_DEMO
L_20260912,2026-09-12T12:43:00,3,2,SYNTHETIC_DEMO
L_20260912,2026-09-12T12:43:30,2,3,SYNTHETIC_DEMO
L_20260912,2026-09-12T12:44:00,2,2,SYNTHETIC_DEMO
L_20260912,2026-09-12T12:44:30,2,2,SYNTHETIC_DEMO
L_20260912,2026-09-12T12:45:00,2,3,SYNTHETIC_DEMO
L_20260912,2026-09-12T12:45:30,2,2,SYNTHETIC_DEMO
L_20260912,2026-09-12T12:46:00,2,2,SYNTHETIC_DEMO
L_20260912,2026-09-12T12:46:30,1,2,SYNTHETIC_DEMO
L_20260912,2026-09-12T12:47:00,2,2,SYNTHETIC_DEMO
L_20260912,2026-09-12T12:47:30,1,2,SYNTHETIC_DEMO
L_20260912,2026-09-12T12:48:00,1,2,SYNTHETIC_DEMO
L_20260912,2026-09-12T12:48:30,1,3,SYNTHETIC_DEMO
L_20260912,2026-09-12T12:49:00,2,2,SYNTHETIC_DEMO
L_20260912,2026-09-12T12:49:30,2,2,SYNTHETIC_DEMO
L_20260912,2026-09-12T12:50:00,1,2,SYNTHETIC_DEMO
L_20260912,2026-09-12T12:50:30,2,2,SYNTHETIC_DEMO
L_20260912,2026-09-12T12:51:00,1,2,SYNTHETIC_DEMO
L_20260912,2026-09-12T12:51:30,1,1,SYNTHETIC_DEMO
L_20260912,2026-09-12T12:52:00,1,2,SYNTHETIC_DEMO
L_20260912,2026-09-12T12:52:30,1,3,SYNTHETIC_DEMO
L_20260912,2026-09-12T12:53:00,1,1,SYNTHETIC_DEMO
L_20260912,2026-09-12T12:53:30,3,3,SYNTHETIC_DEMO
L_20260912,2026-09-12T12:54:00,1,2,SYNTHETIC_DEMO
L_20260912,2026-09-12T12:54:30,2,2,SYNTHETIC_DEMO
L_20260912,2026-09-12T12:55:00,1,3,SYNTHETIC_DEMO
L_20260912,2026-09-12T12:55:30,0,1,SYNTHETIC_DEMO
L_20260912,2026-09-12T12:56:00,3,3,SYNTHETIC_DEMO
L_20260912,2026-09-12T12:56:30,2,2,SYNTHETIC_DEMO
L_20260912,2026-09-12T12:57:00,1,1,SYNTHETIC_DEMO
L_20260912,2026-09-12T12:57:30,2,3,SYNTHETIC_DEMO
L_20260912,2026-09-12T12:58:00,2,2,SYNTHETIC_DEMO
L_20260912,2026-09-12T12:58:30,2,2,SYNTHETIC_DEMO
L_20260912,2026-09-12T12:59:00,1,2,SYNTHETIC_DEMO
L_20260912,2026-09-12T12:59:30,2,2,SYNTHETIC_DEMO
L_20260912,2026-09-12T13:00:00,1,1,SYNTHETIC_DEMO
L_20260912,2026-09-12T13:00:30,3,3,SYNTHETIC_DEMO
L_20260912,2026-09-12T13:01:00,2,2,SYNTHETIC_DEMO
L_20260912,2026-09-12T13:01:30,0,3,SYNTHETIC_DEMO
L_20260912,2026-09-12T13:02:00,2,2,SYNTHETIC_DEMO
L_20260912,2026-09-12T13:02:30,2,2,SYNTHETIC_DEMO
L_20260912,2026-09-12T13:03:00,2,3,SYNTHETIC_DEMO
L_20260912,2026-09-12T13:03:30,0,1,SYNTHETIC_DEMO
L_20260912,2026-09-12T13:04:00,2,3,SYNTHETIC_DEMO
L_20260912,2026-09-12T13:04:30,0,2,SYNTHETIC_DEMO
L_20260912,2026-09-12T13:05:00,2,2,SYNTHETIC_DEMO
L_20260912,2026-09-12T13:05:30,1,3,SYNTHETIC_DEMO
L_20260912,2026-09-12T13:06:00,2,2,SYNTHETIC_DEMO
L_20260912,2026-09-12T13:06:30,0,2,SYNTHETIC_DEMO
L_20260912,2026-09-12T13:07:00,2,2,SYNTHETIC_DEMO
L_20260912,2026-09-12T13:07:30,0,2,SYNTHETIC_DEMO
L_20260912,2026-09-12T13:08:00,0,3,SYNTHETIC_DEMO
L_20260912,2026-09-12T13:08:30,1,2,SYNTHETIC_DEMO
L_20260912,2026-09-12T13:09:00,3,2,SYNTHETIC_DEMO
L_20260912,2026-09-12T13:09:30,0,2,SYNTHETIC_DEMO
L_20260912,2026-09-12T13:10:00,2,3,SYNTHETIC_DEMO
L_20260912,2026-09-12T13:10:30,1,3,SYNTHETIC_DEMO
L_20260912,2026-09-12T13:11:00,0,2,SYNTHETIC_DEMO
L_20260912,2026-09-12T13:11:30,1,2,SYNTHETIC_DEMO
L_20260912,2026-09-12T13:12:00,1,2,SYNTHETIC_DEMO
L_20260912,2026-09-12T13:12:30,1,2,SYNTHETIC_DEMO
L_20260912,2026-09-12T13:13:00,0,1,SYNTHETIC_DEMO
L_20260912,2026-09-12T13:13:30,2,2,SYNTHETIC_DEMO
L_20260912,2026-09-12T13:14:00,0,1,SYNTHETIC_DEMO
L_20260912,2026-09-12T13:14:30,1,2,SYNTHETIC_DEMO
L_20260912,2026-09-12T13:15:00,2,2,SYNTHETIC_DEMO
L_20260912,2026-09-12T13:15:30,1,3,SYNTHETIC_DEMO
L_20260912,2026-09-12T13:16:00,2,2,SYNTHETIC_DEMO
L_20260912,2026-09-12T13:16:30,1,2,SYNTHETIC_DEMO
L_20260912,2026-09-12T13:17:00,1,3,SYNTHETIC_DEMO
L_20260912,2026-09-12T13:17:30,2,3,SYNTHETIC_DEMO
L_20260912,2026-09-12T13:18:00,0,2,SYNTHETIC_DEMO
L_20260912,2026-09-12T13:18:30,1,3,SYNTHETIC_DEMO
L_20260912,2026-09-12T13:19:00,1,3,SYNTHETIC_DEMO
L_20260912,2026-09-12T13:19:30,2,2,SYNTHETIC_DEMO
L_20260912,2026-09-12T13:20:00,1,2,SYNTHETIC_DEMO
L_20260912,2026-09-12T13:20:30,1,2,SYNTHETIC_DEMO
L_20260912,2026-09-12T13:21:00,0,2,SYNTHETIC_DEMO
L_20260912,2026-09-12T13:21:30,0,2,SYNTHETIC_DEMO
L_20260912,2026-09-12T13:22:00,2,3,SYNTHETIC_DEMO
L_20260912,2026-09-12T13:22:30,2,2,SYNTHETIC_DEMO
L_20260912,2026-09-12T13:23:00,0,1,SYNTHETIC_DEMO
L_20260912,2026-09-12T13:23:30,2,0,SYNTHETIC_DEMO
L_20260912,2026-09-12T13:24:00,1,2,SYNTHETIC_DEMO
L_20260912,2026-09-12T13:24:30,1,2,SYNTHETIC_DEMO
L_20260912,2026-09-12T13:25:00,3,3,SYNTHETIC_DEMO
L_20260912,2026-09-12T13:25:30,0,1,SYNTHETIC_DEMO
L_20260912,2026-09-12T13:26:00,2,3,SYNTHETIC_DEMO
L_20260912,2026-09-12T13:26:30,1,2,SYNTHETIC_DEMO
L_20260912,2026-09-12T13:27:00,2,3,SYNTHETIC_DEMO
L_20260912,2026-09-12T13:27:30,1,2,SYNTHETIC_DEMO
L_20260912,2026-09-12T13:28:00,1,3,SYNTHETIC_DEMO
L_20260912,2026-09-12T13:28:30,2,2,SYNTHETIC_DEMO
L_20260912,2026-09-12T13:29:00,0,2,SYNTHETIC_DEMO
L_20260912,2026-09-12T13:29:30,1,2,SYNTHETIC_DEMO
D_20260912,2026-09-12T17:00:00,2,2,SYNTHETIC_DEMO
D_20260912,2026-09-12T17:00:30,2,3,SYNTHETIC_DEMO
D_20260912,2026-09-12T17:01:00,2,3,SYNTHETIC_DEMO
D_20260912,2026-09-12T17:01:30,2,2,SYNTHETIC_DEMO
D_20260912,2026-09-12T17:02:00,3,3,SYNTHETIC_DEMO
D_20260912,2026-09-12T17:02:30,2,2,SYNTHETIC_DEMO
D_20260912,2026-09-12T17:03:00,2,2,SYNTHETIC_DEMO
D_20260912,2026-09-12T17:03:30,3,3,SYNTHETIC_DEMO
D_20260912,2026-09-12T17:04:00,4,2,SYNTHETIC_DEMO
D_20260912,2026-09-12T17:04:30,3,3,SYNTHETIC_DEMO
D_20260912,2026-09-12T17:05:00,3,3,SYNTHETIC_DEMO
D_20260912,2026-09-12T17:05:30,4,3,SYNTHETIC_DEMO
D_20260912,2026-09-12T17:06:00,3,3,SYNTHETIC_DEMO
D_20260912,2026-09-12T17:06:30,3,2,SYNTHETIC_DEMO
D_20260912,2026-09-12T17:07:00,4,2,SYNTHETIC_DEMO
D_20260912,2026-09-12T17:07:30,3,2,SYNTHETIC_DEMO
D_20260912,2026-09-12T17:08:00,2,2,SYNTHETIC_DEMO
D_20260912,2026-09-12T17:08:30,4,3,SYNTHETIC_DEMO
D_20260912,2026-09-12T17:09:00,2,3,SYNTHETIC_DEMO
D_20260912,2026-09-12T17:09:30,4,2,SYNTHETIC_DEMO
D_20260912,2026-09-12T17:10:00,4,2,SYNTHETIC_DEMO
D_20260912,2026-09-12T17:10:30,4,3,SYNTHETIC_DEMO
D_20260912,2026-09-12T17:11:00,6,3,SYNTHETIC_DEMO
D_20260912,2026-09-12T17:11:30,5,1,SYNTHETIC_DEMO
D_20260912,2026-09-12T17:12:00,4,3,SYNTHETIC_DEMO
D_20260912,2026-09-12T17:12:30,4,3,SYNTHETIC_DEMO
D_20260912,2026-09-12T17:13:00,5,3,SYNTHETIC_DEMO
D_20260912,2026-09-12T17:13:30,5,3,SYNTHETIC_DEMO
D_20260912,2026-09-12T17:14:00,5,3,SYNTHETIC_DEMO
D_20260912,2026-09-12T17:14:30,5,4,SYNTHETIC_DEMO
D_20260912,2026-09-12T17:15:00,6,3,SYNTHETIC_DEMO
D_20260912,2026-09-12T17:15:30,6,2,SYNTHETIC_DEMO
D_20260912,2026-09-12T17:16:00,7,3,SYNTHETIC_DEMO
D_20260912,2026-09-12T17:16:30,5,2,SYNTHETIC_DEMO
D_20260912,2026-09-12T17:17:00,6,3,SYNTHETIC_DEMO
D_20260912,2026-09-12T17:17:30,6,3,SYNTHETIC_DEMO
D_20260912,2026-09-12T17:18:00,6,3,SYNTHETIC_DEMO
D_20260912,2026-09-12T17:18:30,7,2,SYNTHETIC_DEMO
D_20260912,2026-09-12T17:19:00,8,3,SYNTHETIC_DEMO
D_20260912,2026-09-12T17:19:30,7,2,SYNTHETIC_DEMO
D_20260912,2026-09-12T17:20:00,7,3,SYNTHETIC_DEMO
D_20260912,2026-09-12T17:20:30,8,3,SYNTHETIC_DEMO
D_20260912,2026-09-12T17:21:00,7,3,SYNTHETIC_DEMO
D_20260912,2026-09-12T17:21:30,7,4,SYNTHETIC_DEMO
D_20260912,2026-09-12T17:22:00,9,3,SYNTHETIC_DEMO
D_20260912,2026-09-12T17:22:30,7,4,SYNTHETIC_DEMO
D_20260912,2026-09-12T17:23:00,8,3,SYNTHETIC_DEMO
D_20260912,2026-09-12T17:23:30,9,4,SYNTHETIC_DEMO
D_20260912,2026-09-12T17:24:00,9,3,SYNTHETIC_DEMO
D_20260912,2026-09-12T17:24:30,9,3,SYNTHETIC_DEMO
D_20260912,2026-09-12T17:25:00,8,3,SYNTHETIC_DEMO
D_20260912,2026-09-12T17:25:30,10,4,SYNTHETIC_DEMO
D_20260912,2026-09-12T17:26:00,11,5,SYNTHETIC_DEMO
D_20260912,2026-09-12T17:26:30,9,4,SYNTHETIC_DEMO
D_20260912,2026-09-12T17:27:00,8,4,SYNTHETIC_DEMO
D_20260912,2026-09-12T17:27:30,9,3,SYNTHETIC_DEMO
D_20260912,2026-09-12T17:28:00,9,3,SYNTHETIC_DEMO
D_20260912,2026-09-12T17:28:30,10,4,SYNTHETIC_DEMO
D_20260912,2026-09-12T17:29:00,10,4,SYNTHETIC_DEMO
D_20260912,2026-09-12T17:29:30,11,4,SYNTHETIC_DEMO
D_20260912,2026-09-12T17:30:00,12,4,SYNTHETIC_DEMO
D_20260912,2026-09-12T17:30:30,10,4,SYNTHETIC_DEMO
D_20260912,2026-09-12T17:31:00,11,5,SYNTHETIC_DEMO
D_20260912,2026-09-12T17:31:30,12,5,SYNTHETIC_DEMO
D_20260912,2026-09-12T17:32:00,12,4,SYNTHETIC_DEMO
D_20260912,2026-09-12T17:32:30,11,4,SYNTHETIC_DEMO
D_20260912,2026-09-12T17:33:00,12,4,SYNTHETIC_DEMO
D_20260912,2026-09-12T17:33:30,13,4,SYNTHETIC_DEMO
D_20260912,2026-09-12T17:34:00,11,4,SYNTHETIC_DEMO
D_20260912,2026-09-12T17:34:30,10,4,SYNTHETIC_DEMO
D_20260912,2026-09-12T17:35:00,11,4,SYNTHETIC_DEMO
D_20260912,2026-09-12T17:35:30,12,4,SYNTHETIC_DEMO
D_20260912,2026-09-12T17:36:00,13,4,SYNTHETIC_DEMO
D_20260912,2026-09-12T17:36:30,13,4,SYNTHETIC_DEMO
D_20260912,2026-09-12T17:37:00,14,5,SYNTHETIC_DEMO
D_20260912,2026-09-12T17:37:30,14,5,SYNTHETIC_DEMO
D_20260912,2026-09-12T17:38:00,13,5,SYNTHETIC_DEMO
D_20260912,2026-09-12T17:38:30,12,4,SYNTHETIC_DEMO
D_20260912,2026-09-12T17:39:00,14,4,SYNTHETIC_DEMO
D_20260912,2026-09-12T17:39:30,12,4,SYNTHETIC_DEMO
D_20260912,2026-09-12T17:40:00,11,3,SYNTHETIC_DEMO
D_20260912,2026-09-12T17:40:30,13,4,SYNTHETIC_DEMO
D_20260912,2026-09-12T17:41:00,12,5,SYNTHETIC_DEMO
D_20260912,2026-09-12T17:41:30,13,4,SYNTHETIC_DEMO
D_20260912,2026-09-12T17:42:00,14,5,SYNTHETIC_DEMO
D_20260912,2026-09-12T17:42:30,13,5,SYNTHETIC_DEMO
D_20260912,2026-09-12T17:43:00,13,4,SYNTHETIC_DEMO
D_20260912,2026-09-12T17:43:30,13,4,SYNTHETIC_DEMO
D_20260912,2026-09-12T17:44:00,12,4,SYNTHETIC_DEMO
D_20260912,2026-09-12T17:44:30,12,4,SYNTHETIC_DEMO
D_20260912,2026-09-12T17:45:00,13,4,SYNTHETIC_DEMO
D_20260912,2026-09-12T17:45:30,12,3,SYNTHETIC_DEMO
D_20260912,2026-09-12T17:46:00,13,4,SYNTHETIC_DEMO
D_20260912,2026-09-12T17:46:30,12,5,SYNTHETIC_DEMO
D_20260912,2026-09-12T17:47:00,11,4,SYNTHETIC_DEMO
D_20260912,2026-09-12T17:47:30,13,4,SYNTHETIC_DEMO
D_20260912,2026-09-12T17:48:00,10,4,SYNTHETIC_DEMO
D_20260912,2026-09-12T17:48:30,12,3,SYNTHETIC_DEMO
D_20260912,2026-09-12T17:49:00,11,4,SYNTHETIC_DEMO
D_20260912,2026-09-12T17:49:30,11,3,SYNTHETIC_DEMO
D_20260912,2026-09-12T17:50:00,12,3,SYNTHETIC_DEMO
D_20260912,2026-09-12T17:50:30,10,4,SYNTHETIC_DEMO
D_20260912,2026-09-12T17:51:00,10,4,SYNTHETIC_DEMO
D_20260912,2026-09-12T17:51:30,10,5,SYNTHETIC_DEMO
D_20260912,2026-09-12T17:52:00,12,4,SYNTHETIC_DEMO
D_20260912,2026-09-12T17:52:30,10,3,SYNTHETIC_DEMO
D_20260912,2026-09-12T17:53:00,10,4,SYNTHETIC_DEMO
D_20260912,2026-09-12T17:53:30,11,4,SYNTHETIC_DEMO
D_20260912,2026-09-12T17:54:00,10,4,SYNTHETIC_DEMO
D_20260912,2026-09-12T17:54:30,10,4,SYNTHETIC_DEMO
D_20260912,2026-09-12T17:55:00,10,3,SYNTHETIC_DEMO
D_20260912,2026-09-12T17:55:30,10,4,SYNTHETIC_DEMO
D_20260912,2026-09-12T17:56:00,9,4,SYNTHETIC_DEMO
D_20260912,2026-09-12T17:56:30,8,4,SYNTHETIC_DEMO
D_20260912,2026-09-12T17:57:00,9,3,SYNTHETIC_DEMO
D_20260912,2026-09-12T17:57:30,8,3,SYNTHETIC_DEMO
D_20260912,2026-09-12T17:58:00,8,3,SYNTHETIC_DEMO
D_20260912,2026-09-12T17:58:30,7,3,SYNTHETIC_DEMO
D_20260912,2026-09-12T17:59:00,8,3,SYNTHETIC_DEMO
D_20260912,2026-09-12T17:59:30,9,4,SYNTHETIC_DEMO
D_20260912,2026-09-12T18:00:00,7,4,SYNTHETIC_DEMO
D_20260912,2026-09-12T18:00:30,7,3,SYNTHETIC_DEMO
D_20260912,2026-09-12T18:01:00,7,2,SYNTHETIC_DEMO
D_20260912,2026-09-12T18:01:30,6,2,SYNTHETIC_DEMO
D_20260912,2026-09-12T18:02:00,9,3,SYNTHETIC_DEMO
D_20260912,2026-09-12T18:02:30,6,4,SYNTHETIC_DEMO
D_20260912,2026-09-12T18:03:00,5,2,SYNTHETIC_DEMO
D_20260912,2026-09-12T18:03:30,5,2,SYNTHETIC_DEMO
D_20260912,2026-09-12T18:04:00,6,3,SYNTHETIC_DEMO
D_20260912,2026-09-12T18:04:30,7,4,SYNTHETIC_DEMO
D_20260912,2026-09-12T18:05:00,5,2,SYNTHETIC_DEMO
D_20260912,2026-09-12T18:05:30,6,3,SYNTHETIC_DEMO
D_20260912,2026-09-12T18:06:00,5,2,SYNTHETIC_DEMO
D_20260912,2026-09-12T18:06:30,5,3,SYNTHETIC_DEMO
D_20260912,2026-09-12T18:07:00,5,3,SYNTHETIC_DEMO
D_20260912,2026-09-12T18:07:30,4,3,SYNTHETIC_DEMO
D_20260912,2026-09-12T18:08:00,5,2,SYNTHETIC_DEMO
D_20260912,2026-09-12T18:08:30,4,3,SYNTHETIC_DEMO
D_20260912,2026-09-12T18:09:00,3,3,SYNTHETIC_DEMO
D_20260912,2026-09-12T18:09:30,4,2,SYNTHETIC_DEMO
D_20260912,2026-09-12T18:10:00,3,3,SYNTHETIC_DEMO
D_20260912,2026-09-12T18:10:30,4,2,SYNTHETIC_DEMO
D_20260912,2026-09-12T18:11:00,4,3,SYNTHETIC_DEMO
D_20260912,2026-09-12T18:11:30,3,3,SYNTHETIC_DEMO
D_20260912,2026-09-12T18:12:00,3,2,SYNTHETIC_DEMO
D_20260912,2026-09-12T18:12:30,4,3,SYNTHETIC_DEMO
D_20260912,2026-09-12T18:13:00,3,3,SYNTHETIC_DEMO
D_20260912,2026-09-12T18:13:30,4,3,SYNTHETIC_DEMO
D_20260912,2026-09-12T18:14:00,3,2,SYNTHETIC_DEMO
D_20260912,2026-09-12T18:14:30,4,2,SYNTHETIC_DEMO
D_20260912,2026-09-12T18:15:00,2,2,SYNTHETIC_DEMO
D_20260912,2026-09-12T18:15:30,4,3,SYNTHETIC_DEMO
D_20260912,2026-09-12T18:16:00,3,3,SYNTHETIC_DEMO
D_20260912,2026-09-12T18:16:30,2,1,SYNTHETIC_DEMO
D_20260912,2026-09-12T18:17:00,2,2,SYNTHETIC_DEMO
D_20260912,2026-09-12T18:17:30,1,2,SYNTHETIC_DEMO
D_20260912,2026-09-12T18:18:00,1,2,SYNTHETIC_DEMO
D_20260912,2026-09-12T18:18:30,2,4,SYNTHETIC_DEMO
D_20260912,2026-09-12T18:19:00,2,2,SYNTHETIC_DEMO
D_20260912,2026-09-12T18:19:30,1,2,SYNTHETIC_DEMO
D_20260912,2026-09-12T18:20:00,2,3,SYNTHETIC_DEMO
D_20260912,2026-09-12T18:20:30,1,3,SYNTHETIC_DEMO
D_20260912,2026-09-12T18:21:00,2,2,SYNTHETIC_DEMO
D_20260912,2026-09-12T18:21:30,4,3,SYNTHETIC_DEMO
D_20260912,2026-09-12T18:22:00,3,2,SYNTHETIC_DEMO
D_20260912,2026-09-12T18:22:30,1,2,SYNTHETIC_DEMO
D_20260912,2026-09-12T18:23:00,3,2,SYNTHETIC_DEMO
D_20260912,2026-09-12T18:23:30,0,1,SYNTHETIC_DEMO
D_20260912,2026-09-12T18:24:00,3,2,SYNTHETIC_DEMO
D_20260912,2026-09-12T18:24:30,1,2,SYNTHETIC_DEMO
D_20260912,2026-09-12T18:25:00,2,2,SYNTHETIC_DEMO
D_20260912,2026-09-12T18:25:30,2,1,SYNTHETIC_DEMO
D_20260912,2026-09-12T18:26:00,1,1,SYNTHETIC_DEMO
D_20260912,2026-09-12T18:26:30,2,3,SYNTHETIC_DEMO
D_20260912,2026-09-12T18:27:00,1,2,SYNTHETIC_DEMO
D_20260912,2026-09-12T18:27:30,1,2,SYNTHETIC_DEMO
D_20260912,2026-09-12T18:28:00,1,2,SYNTHETIC_DEMO
D_20260912,2026-09-12T18:28:30,1,2,SYNTHETIC_DEMO
D_20260912,2026-09-12T18:29:00,0,2,SYNTHETIC_DEMO
D_20260912,2026-09-12T18:29:30,2,2,SYNTHETIC_DEMO
D_20260912,2026-09-12T18:30:00,1,2,SYNTHETIC_DEMO
D_20260912,2026-09-12T18:30:30,2,3,SYNTHETIC_DEMO
D_20260912,2026-09-12T18:31:00,0,2,SYNTHETIC_DEMO
D_20260912,2026-09-12T18:31:30,3,3,SYNTHETIC_DEMO
D_20260912,2026-09-12T18:32:00,0,3,SYNTHETIC_DEMO
D_20260912,2026-09-12T18:32:30,2,2,SYNTHETIC_DEMO
D_20260912,2026-09-12T18:33:00,1,2,SYNTHETIC_DEMO
D_20260912,2026-09-12T18:33:30,0,2,SYNTHETIC_DEMO
D_20260912,2026-09-12T18:34:00,0,2,SYNTHETIC_DEMO
D_20260912,2026-09-12T18:34:30,2,3,SYNTHETIC_DEMO
D_20260912,2026-09-12T18:35:00,1,3,SYNTHETIC_DEMO
D_20260912,2026-09-12T18:35:30,2,3,SYNTHETIC_DEMO
D_20260912,2026-09-12T18:36:00,1,2,SYNTHETIC_DEMO
D_20260912,2026-09-12T18:36:30,2,2,SYNTHETIC_DEMO
D_20260912,2026-09-12T18:37:00,0,2,SYNTHETIC_DEMO
D_20260912,2026-09-12T18:37:30,2,3,SYNTHETIC_DEMO
D_20260912,2026-09-12T18:38:00,1,2,SYNTHETIC_DEMO
D_20260912,2026-09-12T18:38:30,0,3,SYNTHETIC_DEMO
D_20260912,2026-09-12T18:39:00,2,2,SYNTHETIC_DEMO
D_20260912,2026-09-12T18:39:30,1,2,SYNTHETIC_DEMO
D_20260912,2026-09-12T18:40:00,2,2,SYNTHETIC_DEMO
D_20260912,2026-09-12T18:40:30,0,2,SYNTHETIC_DEMO
D_20260912,2026-09-12T18:41:00,1,2,SYNTHETIC_DEMO
D_20260912,2026-09-12T18:41:30,1,2,SYNTHETIC_DEMO
D_20260912,2026-09-12T18:42:00,0,1,SYNTHETIC_DEMO
D_20260912,2026-09-12T18:42:30,2,3,SYNTHETIC_DEMO
D_20260912,2026-09-12T18:43:00,1,3,SYNTHETIC_DEMO
D_20260912,2026-09-12T18:43:30,3,2,SYNTHETIC_DEMO
D_20260912,2026-09-12T18:44:00,0,2,SYNTHETIC_DEMO
D_20260912,2026-09-12T18:44:30,2,2,SYNTHETIC_DEMO
D_20260912,2026-09-12T18:45:00,2,3,SYNTHETIC_DEMO
D_20260912,2026-09-12T18:45:30,2,2,SYNTHETIC_DEMO
D_20260912,2026-09-12T18:46:00,0,2,SYNTHETIC_DEMO
D_20260912,2026-09-12T18:46:30,0,2,SYNTHETIC_DEMO
D_20260912,2026-09-12T18:47:00,1,2,SYNTHETIC_DEMO
D_20260912,2026-09-12T18:47:30,3,2,SYNTHETIC_DEMO
D_20260912,2026-09-12T18:48:00,1,2,SYNTHETIC_DEMO
D_20260912,2026-09-12T18:48:30,0,1,SYNTHETIC_DEMO
D_20260912,2026-09-12T18:49:00,0,2,SYNTHETIC_DEMO
D_20260912,2026-09-12T18:49:30,1,2,SYNTHETIC_DEMO
D_20260912,2026-09-12T18:50:00,2,3,SYNTHETIC_DEMO
D_20260912,2026-09-12T18:50:30,2,2,SYNTHETIC_DEMO
D_20260912,2026-09-12T18:51:00,2,2,SYNTHETIC_DEMO
D_20260912,2026-09-12T18:51:30,2,1,SYNTHETIC_DEMO
D_20260912,2026-09-12T18:52:00,1,1,SYNTHETIC_DEMO
D_20260912,2026-09-12T18:52:30,2,3,SYNTHETIC_DEMO
D_20260912,2026-09-12T18:53:00,0,2,SYNTHETIC_DEMO
D_20260912,2026-09-12T18:53:30,0,2,SYNTHETIC_DEMO
D_20260912,2026-09-12T18:54:00,1,2,SYNTHETIC_DEMO
D_20260912,2026-09-12T18:54:30,0,1,SYNTHETIC_DEMO
D_20260912,2026-09-12T18:55:00,0,2,SYNTHETIC_DEMO
D_20260912,2026-09-12T18:55:30,0,1,SYNTHETIC_DEMO
D_20260912,2026-09-12T18:56:00,1,3,SYNTHETIC_DEMO
D_20260912,2026-09-12T18:56:30,1,2,SYNTHETIC_DEMO
D_20260912,2026-09-12T18:57:00,0,2,SYNTHETIC_DEMO
D_20260912,2026-09-12T18:57:30,1,2,SYNTHETIC_DEMO
D_20260912,2026-09-12T18:58:00,1,2,SYNTHETIC_DEMO
D_20260912,2026-09-12T18:58:30,3,3,SYNTHETIC_DEMO
D_20260912,2026-09-12T18:59:00,0,2,SYNTHETIC_DEMO
D_20260912,2026-09-12T18:59:30,0,2,SYNTHETIC_DEMO
B_20260913,2026-09-13T05:30:00,3,3,SYNTHETIC_DEMO
B_20260913,2026-09-13T05:30:30,3,2,SYNTHETIC_DEMO
B_20260913,2026-09-13T05:31:00,2,3,SYNTHETIC_DEMO
B_20260913,2026-09-13T05:31:30,2,2,SYNTHETIC_DEMO
B_20260913,2026-09-13T05:32:00,4,2,SYNTHETIC_DEMO
B_20260913,2026-09-13T05:32:30,3,2,SYNTHETIC_DEMO
B_20260913,2026-09-13T05:33:00,2,2,SYNTHETIC_DEMO
B_20260913,2026-09-13T05:33:30,3,3,SYNTHETIC_DEMO
B_20260913,2026-09-13T05:34:00,2,2,SYNTHETIC_DEMO
B_20260913,2026-09-13T05:34:30,4,2,SYNTHETIC_DEMO
B_20260913,2026-09-13T05:35:00,3,3,SYNTHETIC_DEMO
B_20260913,2026-09-13T05:35:30,2,2,SYNTHETIC_DEMO
B_20260913,2026-09-13T05:36:00,1,1,SYNTHETIC_DEMO
B_20260913,2026-09-13T05:36:30,4,3,SYNTHETIC_DEMO
B_20260913,2026-09-13T05:37:00,5,3,SYNTHETIC_DEMO
B_20260913,2026-09-13T05:37:30,4,3,SYNTHETIC_DEMO
B_20260913,2026-09-13T05:38:00,4,3,SYNTHETIC_DEMO
B_20260913,2026-09-13T05:38:30,4,3,SYNTHETIC_DEMO
B_20260913,2026-09-13T05:39:00,4,3,SYNTHETIC_DEMO
B_20260913,2026-09-13T05:39:30,4,3,SYNTHETIC_DEMO
B_20260913,2026-09-13T05:40:00,5,3,SYNTHETIC_DEMO
B_20260913,2026-09-13T05:40:30,5,3,SYNTHETIC_DEMO
B_20260913,2026-09-13T05:41:00,5,3,SYNTHETIC_DEMO
B_20260913,2026-09-13T05:41:30,5,3,SYNTHETIC_DEMO
B_20260913,2026-09-13T05:42:00,5,4,SYNTHETIC_DEMO
B_20260913,2026-09-13T05:42:30,5,3,SYNTHETIC_DEMO
B_20260913,2026-09-13T05:43:00,6,3,SYNTHETIC_DEMO
B_20260913,2026-09-13T05:43:30,6,2,SYNTHETIC_DEMO
B_20260913,2026-09-13T05:44:00,7,3,SYNTHETIC_DEMO
B_20260913,2026-09-13T05:44:30,6,4,SYNTHETIC_DEMO
B_20260913,2026-09-13T05:45:00,5,3,SYNTHETIC_DEMO
B_20260913,2026-09-13T05:45:30,7,3,SYNTHETIC_DEMO
B_20260913,2026-09-13T05:46:00,6,2,SYNTHETIC_DEMO
B_20260913,2026-09-13T05:46:30,7,3,SYNTHETIC_DEMO
B_20260913,2026-09-13T05:47:00,6,3,SYNTHETIC_DEMO
B_20260913,2026-09-13T05:47:30,6,3,SYNTHETIC_DEMO
B_20260913,2026-09-13T05:48:00,6,3,SYNTHETIC_DEMO
B_20260913,2026-09-13T05:48:30,7,4,SYNTHETIC_DEMO
B_20260913,2026-09-13T05:49:00,9,3,SYNTHETIC_DEMO
B_20260913,2026-09-13T05:49:30,9,4,SYNTHETIC_DEMO
B_20260913,2026-09-13T05:50:00,7,3,SYNTHETIC_DEMO
B_20260913,2026-09-13T05:50:30,9,4,SYNTHETIC_DEMO
B_20260913,2026-09-13T05:51:00,8,4,SYNTHETIC_DEMO
B_20260913,2026-09-13T05:51:30,9,4,SYNTHETIC_DEMO
B_20260913,2026-09-13T05:52:00,9,4,SYNTHETIC_DEMO
B_20260913,2026-09-13T05:52:30,8,3,SYNTHETIC_DEMO
B_20260913,2026-09-13T05:53:00,9,4,SYNTHETIC_DEMO
B_20260913,2026-09-13T05:53:30,9,3,SYNTHETIC_DEMO
B_20260913,2026-09-13T05:54:00,9,4,SYNTHETIC_DEMO
B_20260913,2026-09-13T05:54:30,9,5,SYNTHETIC_DEMO
B_20260913,2026-09-13T05:55:00,11,4,SYNTHETIC_DEMO
B_20260913,2026-09-13T05:55:30,9,4,SYNTHETIC_DEMO
B_20260913,2026-09-13T05:56:00,9,5,SYNTHETIC_DEMO
B_20260913,2026-09-13T05:56:30,10,5,SYNTHETIC_DEMO
B_20260913,2026-09-13T05:57:00,9,3,SYNTHETIC_DEMO
B_20260913,2026-09-13T05:57:30,9,4,SYNTHETIC_DEMO
B_20260913,2026-09-13T05:58:00,10,4,SYNTHETIC_DEMO
B_20260913,2026-09-13T05:58:30,9,3,SYNTHETIC_DEMO
B_20260913,2026-09-13T05:59:00,10,4,SYNTHETIC_DEMO
B_20260913,2026-09-13T05:59:30,11,4,SYNTHETIC_DEMO
B_20260913,2026-09-13T06:00:00,9,3,SYNTHETIC_DEMO
B_20260913,2026-09-13T06:00:30,12,5,SYNTHETIC_DEMO
B_20260913,2026-09-13T06:01:00,9,3,SYNTHETIC_DEMO
B_20260913,2026-09-13T06:01:30,11,5,SYNTHETIC_DEMO
B_20260913,2026-09-13T06:02:00,9,3,SYNTHETIC_DEMO
B_20260913,2026-09-13T06:02:30,11,4,SYNTHETIC_DEMO
B_20260913,2026-09-13T06:03:00,10,3,SYNTHETIC_DEMO
B_20260913,2026-09-13T06:03:30,10,3,SYNTHETIC_DEMO
B_20260913,2026-09-13T06:04:00,11,5,SYNTHETIC_DEMO
B_20260913,2026-09-13T06:04:30,9,4,SYNTHETIC_DEMO
B_20260913,2026-09-13T06:05:00,11,4,SYNTHETIC_DEMO
B_20260913,2026-09-13T06:05:30,10,4,SYNTHETIC_DEMO
B_20260913,2026-09-13T06:06:00,10,3,SYNTHETIC_DEMO
B_20260913,2026-09-13T06:06:30,11,4,SYNTHETIC_DEMO
B_20260913,2026-09-13T06:07:00,12,4,SYNTHETIC_DEMO
B_20260913,2026-09-13T06:07:30,11,3,SYNTHETIC_DEMO
B_20260913,2026-09-13T06:08:00,12,4,SYNTHETIC_DEMO
B_20260913,2026-09-13T06:08:30,12,5,SYNTHETIC_DEMO
B_20260913,2026-09-13T06:09:00,10,4,SYNTHETIC_DEMO
B_20260913,2026-09-13T06:09:30,11,4,SYNTHETIC_DEMO
B_20260913,2026-09-13T06:10:00,11,4,SYNTHETIC_DEMO
B_20260913,2026-09-13T06:10:30,9,4,SYNTHETIC_DEMO
B_20260913,2026-09-13T06:11:00,10,3,SYNTHETIC_DEMO
B_20260913,2026-09-13T06:11:30,9,3,SYNTHETIC_DEMO
B_20260913,2026-09-13T06:12:00,9,4,SYNTHETIC_DEMO
B_20260913,2026-09-13T06:12:30,10,4,SYNTHETIC_DEMO
B_20260913,2026-09-13T06:13:00,9,4,SYNTHETIC_DEMO
B_20260913,2026-09-13T06:13:30,8,5,SYNTHETIC_DEMO
B_20260913,2026-09-13T06:14:00,10,4,SYNTHETIC_DEMO
B_20260913,2026-09-13T06:14:30,10,4,SYNTHETIC_DEMO
B_20260913,2026-09-13T06:15:00,9,3,SYNTHETIC_DEMO
B_20260913,2026-09-13T06:15:30,9,3,SYNTHETIC_DEMO
B_20260913,2026-09-13T06:16:00,9,3,SYNTHETIC_DEMO
B_20260913,2026-09-13T06:16:30,8,4,SYNTHETIC_DEMO
B_20260913,2026-09-13T06:17:00,9,3,SYNTHETIC_DEMO
B_20260913,2026-09-13T06:17:30,9,4,SYNTHETIC_DEMO
B_20260913,2026-09-13T06:18:00,8,3,SYNTHETIC_DEMO
B_20260913,2026-09-13T06:18:30,8,3,SYNTHETIC_DEMO
B_20260913,2026-09-13T06:19:00,9,3,SYNTHETIC_DEMO
B_20260913,2026-09-13T06:19:30,8,3,SYNTHETIC_DEMO
B_20260913,2026-09-13T06:20:00,9,3,SYNTHETIC_DEMO
B_20260913,2026-09-13T06:20:30,8,4,SYNTHETIC_DEMO
B_20260913,2026-09-13T06:21:00,6,3,SYNTHETIC_DEMO
B_20260913,2026-09-13T06:21:30,8,3,SYNTHETIC_DEMO
B_20260913,2026-09-13T06:22:00,8,3,SYNTHETIC_DEMO
B_20260913,2026-09-13T06:22:30,8,3,SYNTHETIC_DEMO
B_20260913,2026-09-13T06:23:00,7,4,SYNTHETIC_DEMO
B_20260913,2026-09-13T06:23:30,7,3,SYNTHETIC_DEMO
B_20260913,2026-09-13T06:24:00,8,4,SYNTHETIC_DEMO
B_20260913,2026-09-13T06:24:30,6,4,SYNTHETIC_DEMO
B_20260913,2026-09-13T06:25:00,7,3,SYNTHETIC_DEMO
B_20260913,2026-09-13T06:25:30,7,4,SYNTHETIC_DEMO
B_20260913,2026-09-13T06:26:00,6,3,SYNTHETIC_DEMO
B_20260913,2026-09-13T06:26:30,6,3,SYNTHETIC_DEMO
B_20260913,2026-09-13T06:27:00,7,4,SYNTHETIC_DEMO
B_20260913,2026-09-13T06:27:30,5,3,SYNTHETIC_DEMO
B_20260913,2026-09-13T06:28:00,7,3,SYNTHETIC_DEMO
B_20260913,2026-09-13T06:28:30,5,3,SYNTHETIC_DEMO
B_20260913,2026-09-13T06:29:00,5,3,SYNTHETIC_DEMO
B_20260913,2026-09-13T06:29:30,5,4,SYNTHETIC_DEMO
B_20260913,2026-09-13T06:30:00,5,3,SYNTHETIC_DEMO
B_20260913,2026-09-13T06:30:30,4,3,SYNTHETIC_DEMO
B_20260913,2026-09-13T06:31:00,4,2,SYNTHETIC_DEMO
B_20260913,2026-09-13T06:31:30,5,3,SYNTHETIC_DEMO
B_20260913,2026-09-13T06:32:00,4,3,SYNTHETIC_DEMO
B_20260913,2026-09-13T06:32:30,3,2,SYNTHETIC_DEMO
B_20260913,2026-09-13T06:33:00,4,3,SYNTHETIC_DEMO
B_20260913,2026-09-13T06:33:30,3,3,SYNTHETIC_DEMO
B_20260913,2026-09-13T06:34:00,5,3,SYNTHETIC_DEMO
B_20260913,2026-09-13T06:34:30,1,3,SYNTHETIC_DEMO
B_20260913,2026-09-13T06:35:00,4,3,SYNTHETIC_DEMO
B_20260913,2026-09-13T06:35:30,3,2,SYNTHETIC_DEMO
B_20260913,2026-09-13T06:36:00,4,2,SYNTHETIC_DEMO
B_20260913,2026-09-13T06:36:30,2,2,SYNTHETIC_DEMO
B_20260913,2026-09-13T06:37:00,2,3,SYNTHETIC_DEMO
B_20260913,2026-09-13T06:37:30,3,3,SYNTHETIC_DEMO
B_20260913,2026-09-13T06:38:00,3,3,SYNTHETIC_DEMO
B_20260913,2026-09-13T06:38:30,3,2,SYNTHETIC_DEMO
B_20260913,2026-09-13T06:39:00,2,3,SYNTHETIC_DEMO
B_20260913,2026-09-13T06:39:30,1,2,SYNTHETIC_DEMO
B_20260913,2026-09-13T06:40:00,4,3,SYNTHETIC_DEMO
B_20260913,2026-09-13T06:40:30,3,2,SYNTHETIC_DEMO
B_20260913,2026-09-13T06:41:00,3,2,SYNTHETIC_DEMO
B_20260913,2026-09-13T06:41:30,1,3,SYNTHETIC_DEMO
B_20260913,2026-09-13T06:42:00,1,2,SYNTHETIC_DEMO
B_20260913,2026-09-13T06:42:30,1,2,SYNTHETIC_DEMO
B_20260913,2026-09-13T06:43:00,2,3,SYNTHETIC_DEMO
B_20260913,2026-09-13T06:43:30,1,2,SYNTHETIC_DEMO
B_20260913,2026-09-13T06:44:00,2,3,SYNTHETIC_DEMO
B_20260913,2026-09-13T06:44:30,2,2,SYNTHETIC_DEMO
B_20260913,2026-09-13T06:45:00,1,2,SYNTHETIC_DEMO
B_20260913,2026-09-13T06:45:30,0,2,SYNTHETIC_DEMO
B_20260913,2026-09-13T06:46:00,2,3,SYNTHETIC_DEMO
B_20260913,2026-09-13T06:46:30,1,2,SYNTHETIC_DEMO
B_20260913,2026-09-13T06:47:00,3,3,SYNTHETIC_DEMO
B_20260913,2026-09-13T06:47:30,1,2,SYNTHETIC_DEMO
B_20260913,2026-09-13T06:48:00,2,3,SYNTHETIC_DEMO
B_20260913,2026-09-13T06:48:30,3,2,SYNTHETIC_DEMO
B_20260913,2026-09-13T06:49:00,2,2,SYNTHETIC_DEMO
B_20260913,2026-09-13T06:49:30,1,3,SYNTHETIC_DEMO
B_20260913,2026-09-13T06:50:00,1,3,SYNTHETIC_DEMO
B_20260913,2026-09-13T06:50:30,2,3,SYNTHETIC_DEMO
B_20260913,2026-09-13T06:51:00,1,2,SYNTHETIC_DEMO
B_20260913,2026-09-13T06:51:30,2,3,SYNTHETIC_DEMO
B_20260913,2026-09-13T06:52:00,2,2,SYNTHETIC_DEMO
B_20260913,2026-09-13T06:52:30,2,2,SYNTHETIC_DEMO
B_20260913,2026-09-13T06:53:00,1,2,SYNTHETIC_DEMO
B_20260913,2026-09-13T06:53:30,1,3,SYNTHETIC_DEMO
B_20260913,2026-09-13T06:54:00,1,2,SYNTHETIC_DEMO
B_20260913,2026-09-13T06:54:30,0,2,SYNTHETIC_DEMO
B_20260913,2026-09-13T06:55:00,3,2,SYNTHETIC_DEMO
B_20260913,2026-09-13T06:55:30,2,3,SYNTHETIC_DEMO
B_20260913,2026-09-13T06:56:00,2,2,SYNTHETIC_DEMO
B_20260913,2026-09-13T06:56:30,2,3,SYNTHETIC_DEMO
B_20260913,2026-09-13T06:57:00,3,3,SYNTHETIC_DEMO
B_20260913,2026-09-13T06:57:30,1,1,SYNTHETIC_DEMO
B_20260913,2026-09-13T06:58:00,1,3,SYNTHETIC_DEMO
B_20260913,2026-09-13T06:58:30,2,2,SYNTHETIC_DEMO
B_20260913,2026-09-13T06:59:00,2,3,SYNTHETIC_DEMO
B_20260913,2026-09-13T06:59:30,3,3,SYNTHETIC_DEMO
B_20260913,2026-09-13T07:00:00,1,3,SYNTHETIC_DEMO
B_20260913,2026-09-13T07:00:30,1,3,SYNTHETIC_DEMO
B_20260913,2026-09-13T07:01:00,3,3,SYNTHETIC_DEMO
B_20260913,2026-09-13T07:01:30,1,2,SYNTHETIC_DEMO
B_20260913,2026-09-13T07:02:00,0,3,SYNTHETIC_DEMO
B_20260913,2026-09-13T07:02:30,1,2,SYNTHETIC_DEMO
B_20260913,2026-09-13T07:03:00,0,2,SYNTHETIC_DEMO
B_20260913,2026-09-13T07:03:30,1,2,SYNTHETIC_DEMO
B_20260913,2026-09-13T07:04:00,0,3,SYNTHETIC_DEMO
B_20260913,2026-09-13T07:04:30,2,3,SYNTHETIC_DEMO
B_20260913,2026-09-13T07:05:00,1,2,SYNTHETIC_DEMO
B_20260913,2026-09-13T07:05:30,2,2,SYNTHETIC_DEMO
B_20260913,2026-09-13T07:06:00,1,1,SYNTHETIC_DEMO
B_20260913,2026-09-13T07:06:30,2,3,SYNTHETIC_DEMO
B_20260913,2026-09-13T07:07:00,1,2,SYNTHETIC_DEMO
B_20260913,2026-09-13T07:07:30,3,2,SYNTHETIC_DEMO
B_20260913,2026-09-13T07:08:00,0,2,SYNTHETIC_DEMO
B_20260913,2026-09-13T07:08:30,2,3,SYNTHETIC_DEMO
B_20260913,2026-09-13T07:09:00,1,1,SYNTHETIC_DEMO
B_20260913,2026-09-13T07:09:30,1,3,SYNTHETIC_DEMO
B_20260913,2026-09-13T07:10:00,1,2,SYNTHETIC_DEMO
B_20260913,2026-09-13T07:10:30,1,2,SYNTHETIC_DEMO
B_20260913,2026-09-13T07:11:00,0,2,SYNTHETIC_DEMO
B_20260913,2026-09-13T07:11:30,2,3,SYNTHETIC_DEMO
B_20260913,2026-09-13T07:12:00,0,2,SYNTHETIC_DEMO
B_20260913,2026-09-13T07:12:30,1,1,SYNTHETIC_DEMO
B_20260913,2026-09-13T07:13:00,1,1,SYNTHETIC_DEMO
B_20260913,2026-09-13T07:13:30,1,2,SYNTHETIC_DEMO
B_20260913,2026-09-13T07:14:00,0,1,SYNTHETIC_DEMO
B_20260913,2026-09-13T07:14:30,2,2,SYNTHETIC_DEMO
B_20260913,2026-09-13T07:15:00,1,2,SYNTHETIC_DEMO
B_20260913,2026-09-13T07:15:30,2,3,SYNTHETIC_DEMO
B_20260913,2026-09-13T07:16:00,0,2,SYNTHETIC_DEMO
B_20260913,2026-09-13T07:16:30,1,2,SYNTHETIC_DEMO
B_20260913,2026-09-13T07:17:00,2,2,SYNTHETIC_DEMO
B_20260913,2026-09-13T07:17:30,1,2,SYNTHETIC_DEMO
B_20260913,2026-09-13T07:18:00,0,2,SYNTHETIC_DEMO
B_20260913,2026-09-13T07:18:30,0,2,SYNTHETIC_DEMO
B_20260913,2026-09-13T07:19:00,1,2,SYNTHETIC_DEMO
B_20260913,2026-09-13T07:19:30,0,2,SYNTHETIC_DEMO
B_20260913,2026-09-13T07:20:00,3,3,SYNTHETIC_DEMO
B_20260913,2026-09-13T07:20:30,1,2,SYNTHETIC_DEMO
B_20260913,2026-09-13T07:21:00,0,2,SYNTHETIC_DEMO
B_20260913,2026-09-13T07:21:30,0,2,SYNTHETIC_DEMO
B_20260913,2026-09-13T07:22:00,2,2,SYNTHETIC_DEMO
B_20260913,2026-09-13T07:22:30,1,3,SYNTHETIC_DEMO
B_20260913,2026-09-13T07:23:00,2,3,SYNTHETIC_DEMO
B_20260913,2026-09-13T07:23:30,1,3,SYNTHETIC_DEMO
B_20260913,2026-09-13T07:24:00,2,3,SYNTHETIC_DEMO
B_20260913,2026-09-13T07:24:30,1,3,SYNTHETIC_DEMO
B_20260913,2026-09-13T07:25:00,2,3,SYNTHETIC_DEMO
B_20260913,2026-09-13T07:25:30,2,2,SYNTHETIC_DEMO
B_20260913,2026-09-13T07:26:00,0,2,SYNTHETIC_DEMO
B_20260913,2026-09-13T07:26:30,3,3,SYNTHETIC_DEMO
B_20260913,2026-09-13T07:27:00,2,3,SYNTHETIC_DEMO
B_20260913,2026-09-13T07:27:30,2,2,SYNTHETIC_DEMO
B_20260913,2026-09-13T07:28:00,2,3,SYNTHETIC_DEMO
B_20260913,2026-09-13T07:28:30,2,2,SYNTHETIC_DEMO
B_20260913,2026-09-13T07:29:00,0,2,SYNTHETIC_DEMO
B_20260913,2026-09-13T07:29:30,1,1,SYNTHETIC_DEMO
L_20260913,2026-09-13T11:30:00,7,4,SYNTHETIC_DEMO
L_20260913,2026-09-13T11:30:30,7,4,SYNTHETIC_DEMO
L_20260913,2026-09-13T11:31:00,7,3,SYNTHETIC_DEMO
L_20260913,2026-09-13T11:31:30,6,4,SYNTHETIC_DEMO
L_20260913,2026-09-13T11:32:00,7,4,SYNTHETIC_DEMO
L_20260913,2026-09-13T11:32:30,8,4,SYNTHETIC_DEMO
L_20260913,2026-09-13T11:33:00,9,4,SYNTHETIC_DEMO
L_20260913,2026-09-13T11:33:30,8,4,SYNTHETIC_DEMO
L_20260913,2026-09-13T11:34:00,8,3,SYNTHETIC_DEMO
L_20260913,2026-09-13T11:34:30,10,3,SYNTHETIC_DEMO
L_20260913,2026-09-13T11:35:00,10,4,SYNTHETIC_DEMO
L_20260913,2026-09-13T11:35:30,10,4,SYNTHETIC_DEMO
L_20260913,2026-09-13T11:36:00,10,4,SYNTHETIC_DEMO
L_20260913,2026-09-13T11:36:30,11,4,SYNTHETIC_DEMO
L_20260913,2026-09-13T11:37:00,10,4,SYNTHETIC_DEMO
L_20260913,2026-09-13T11:37:30,11,4,SYNTHETIC_DEMO
L_20260913,2026-09-13T11:38:00,11,2,SYNTHETIC_DEMO
L_20260913,2026-09-13T11:38:30,12,5,SYNTHETIC_DEMO
L_20260913,2026-09-13T11:39:00,12,4,SYNTHETIC_DEMO
L_20260913,2026-09-13T11:39:30,12,4,SYNTHETIC_DEMO
L_20260913,2026-09-13T11:40:00,12,4,SYNTHETIC_DEMO
L_20260913,2026-09-13T11:40:30,14,5,SYNTHETIC_DEMO
L_20260913,2026-09-13T11:41:00,14,5,SYNTHETIC_DEMO
L_20260913,2026-09-13T11:41:30,13,4,SYNTHETIC_DEMO
L_20260913,2026-09-13T11:42:00,15,5,SYNTHETIC_DEMO
L_20260913,2026-09-13T11:42:30,13,4,SYNTHETIC_DEMO
L_20260913,2026-09-13T11:43:00,15,5,SYNTHETIC_DEMO
L_20260913,2026-09-13T11:43:30,16,6,SYNTHETIC_DEMO
L_20260913,2026-09-13T11:44:00,18,6,SYNTHETIC_DEMO
L_20260913,2026-09-13T11:44:30,16,6,SYNTHETIC_DEMO
L_20260913,2026-09-13T11:45:00,16,6,SYNTHETIC_DEMO
L_20260913,2026-09-13T11:45:30,16,4,SYNTHETIC_DEMO
L_20260913,2026-09-13T11:46:00,17,5,SYNTHETIC_DEMO
L_20260913,2026-09-13T11:46:30,17,6,SYNTHETIC_DEMO
L_20260913,2026-09-13T11:47:00,17,6,SYNTHETIC_DEMO
L_20260913,2026-09-13T11:47:30,17,6,SYNTHETIC_DEMO
L_20260913,2026-09-13T11:48:00,19,5,SYNTHETIC_DEMO
L_20260913,2026-09-13T11:48:30,19,6,SYNTHETIC_DEMO
L_20260913,2026-09-13T11:49:00,19,6,SYNTHETIC_DEMO
L_20260913,2026-09-13T11:49:30,19,5,SYNTHETIC_DEMO
L_20260913,2026-09-13T11:50:00,19,6,SYNTHETIC_DEMO
L_20260913,2026-09-13T11:50:30,19,5,SYNTHETIC_DEMO
L_20260913,2026-09-13T11:51:00,20,6,SYNTHETIC_DEMO
L_20260913,2026-09-13T11:51:30,20,5,SYNTHETIC_DEMO
L_20260913,2026-09-13T11:52:00,21,6,SYNTHETIC_DEMO
L_20260913,2026-09-13T11:52:30,21,6,SYNTHETIC_DEMO
L_20260913,2026-09-13T11:53:00,22,6,SYNTHETIC_DEMO
L_20260913,2026-09-13T11:53:30,22,6,SYNTHETIC_DEMO
L_20260913,2026-09-13T11:54:00,20,6,SYNTHETIC_DEMO
L_20260913,2026-09-13T11:54:30,21,6,SYNTHETIC_DEMO
L_20260913,2026-09-13T11:55:00,21,6,SYNTHETIC_DEMO
L_20260913,2026-09-13T11:55:30,24,6,SYNTHETIC_DEMO
L_20260913,2026-09-13T11:56:00,22,6,SYNTHETIC_DEMO
L_20260913,2026-09-13T11:56:30,23,6,SYNTHETIC_DEMO
L_20260913,2026-09-13T11:57:00,22,6,SYNTHETIC_DEMO
L_20260913,2026-09-13T11:57:30,21,6,SYNTHETIC_DEMO
L_20260913,2026-09-13T11:58:00,23,7,SYNTHETIC_DEMO
L_20260913,2026-09-13T11:58:30,22,5,SYNTHETIC_DEMO
L_20260913,2026-09-13T11:59:00,23,5,SYNTHETIC_DEMO
L_20260913,2026-09-13T11:59:30,21,6,SYNTHETIC_DEMO
L_20260913,2026-09-13T12:00:00,25,7,SYNTHETIC_DEMO
L_20260913,2026-09-13T12:00:30,23,6,SYNTHETIC_DEMO
L_20260913,2026-09-13T12:01:00,22,6,SYNTHETIC_DEMO
L_20260913,2026-09-13T12:01:30,23,6,SYNTHETIC_DEMO
L_20260913,2026-09-13T12:02:00,22,6,SYNTHETIC_DEMO
L_20260913,2026-09-13T12:02:30,24,6,SYNTHETIC_DEMO
L_20260913,2026-09-13T12:03:00,21,6,SYNTHETIC_DEMO
L_20260913,2026-09-13T12:03:30,23,6,SYNTHETIC_DEMO
L_20260913,2026-09-13T12:04:00,20,5,SYNTHETIC_DEMO
L_20260913,2026-09-13T12:04:30,21,6,SYNTHETIC_DEMO
L_20260913,2026-09-13T12:05:00,22,6,SYNTHETIC_DEMO
L_20260913,2026-09-13T12:05:30,22,6,SYNTHETIC_DEMO
L_20260913,2026-09-13T12:06:00,22,7,SYNTHETIC_DEMO
L_20260913,2026-09-13T12:06:30,21,6,SYNTHETIC_DEMO
L_20260913,2026-09-13T12:07:00,21,6,SYNTHETIC_DEMO
L_20260913,2026-09-13T12:07:30,22,6,SYNTHETIC_DEMO
L_20260913,2026-09-13T12:08:00,22,6,SYNTHETIC_DEMO
L_20260913,2026-09-13T12:08:30,21,6,SYNTHETIC_DEMO
L_20260913,2026-09-13T12:09:00,21,6,SYNTHETIC_DEMO
L_20260913,2026-09-13T12:09:30,19,5,SYNTHETIC_DEMO
L_20260913,2026-09-13T12:10:00,21,6,SYNTHETIC_DEMO
L_20260913,2026-09-13T12:10:30,19,5,SYNTHETIC_DEMO
L_20260913,2026-09-13T12:11:00,19,5,SYNTHETIC_DEMO
L_20260913,2026-09-13T12:11:30,19,6,SYNTHETIC_DEMO
L_20260913,2026-09-13T12:12:00,18,5,SYNTHETIC_DEMO
L_20260913,2026-09-13T12:12:30,18,6,SYNTHETIC_DEMO
L_20260913,2026-09-13T12:13:00,18,5,SYNTHETIC_DEMO
L_20260913,2026-09-13T12:13:30,16,6,SYNTHETIC_DEMO
L_20260913,2026-09-13T12:14:00,15,5,SYNTHETIC_DEMO
L_20260913,2026-09-13T12:14:30,17,5,SYNTHETIC_DEMO
L_20260913,2026-09-13T12:15:00,15,5,SYNTHETIC_DEMO
L_20260913,2026-09-13T12:15:30,16,5,SYNTHETIC_DEMO
L_20260913,2026-09-13T12:16:00,16,6,SYNTHETIC_DEMO
L_20260913,2026-09-13T12:16:30,15,4,SYNTHETIC_DEMO
L_20260913,2026-09-13T12:17:00,16,5,SYNTHETIC_DEMO
L_20260913,2026-09-13T12:17:30,13,5,SYNTHETIC_DEMO
L_20260913,2026-09-13T12:18:00,15,4,SYNTHETIC_DEMO
L_20260913,2026-09-13T12:18:30,12,3,SYNTHETIC_DEMO
L_20260913,2026-09-13T12:19:00,12,4,SYNTHETIC_DEMO
L_20260913,2026-09-13T12:19:30,13,4,SYNTHETIC_DEMO
L_20260913,2026-09-13T12:20:00,12,5,SYNTHETIC_DEMO
L_20260913,2026-09-13T12:20:30,13,5,SYNTHETIC_DEMO
L_20260913,2026-09-13T12:21:00,13,5,SYNTHETIC_DEMO
L_20260913,2026-09-13T12:21:30,12,4,SYNTHETIC_DEMO
L_20260913,2026-09-13T12:22:00,12,5,SYNTHETIC_DEMO
L_20260913,2026-09-13T12:22:30,11,5,SYNTHETIC_DEMO
L_20260913,2026-09-13T12:23:00,11,3,SYNTHETIC_DEMO
L_20260913,2026-09-13T12:23:30,11,4,SYNTHETIC_DEMO
L_20260913,2026-09-13T12:24:00,9,3,SYNTHETIC_DEMO
L_20260913,2026-09-13T12:24:30,10,4,SYNTHETIC_DEMO
L_20260913,2026-09-13T12:25:00,9,4,SYNTHETIC_DEMO
L_20260913,2026-09-13T12:25:30,10,5,SYNTHETIC_DEMO
L_20260913,2026-09-13T12:26:00,9,3,SYNTHETIC_DEMO
L_20260913,2026-09-13T12:26:30,9,4,SYNTHETIC_DEMO
L_20260913,2026-09-13T12:27:00,9,4,SYNTHETIC_DEMO
L_20260913,2026-09-13T12:27:30,7,3,SYNTHETIC_DEMO
L_20260913,2026-09-13T12:28:00,6,3,SYNTHETIC_DEMO
L_20260913,2026-09-13T12:28:30,7,4,SYNTHETIC_DEMO
L_20260913,2026-09-13T12:29:00,5,3,SYNTHETIC_DEMO
L_20260913,2026-09-13T12:29:30,7,3,SYNTHETIC_DEMO
L_20260913,2026-09-13T12:30:00,7,3,SYNTHETIC_DEMO
L_20260913,2026-09-13T12:30:30,6,3,SYNTHETIC_DEMO
L_20260913,2026-09-13T12:31:00,6,2,SYNTHETIC_DEMO
L_20260913,2026-09-13T12:31:30,5,3,SYNTHETIC_DEMO
L_20260913,2026-09-13T12:32:00,5,3,SYNTHETIC_DEMO
L_20260913,2026-09-13T12:32:30,5,3,SYNTHETIC_DEMO
L_20260913,2026-09-13T12:33:00,7,3,SYNTHETIC_DEMO
L_20260913,2026-09-13T12:33:30,5,3,SYNTHETIC_DEMO
L_20260913,2026-09-13T12:34:00,4,3,SYNTHETIC_DEMO
L_20260913,2026-09-13T12:34:30,4,3,SYNTHETIC_DEMO
L_20260913,2026-09-13T12:35:00,5,2,SYNTHETIC_DEMO
L_20260913,2026-09-13T12:35:30,3,3,SYNTHETIC_DEMO
L_20260913,2026-09-13T12:36:00,3,2,SYNTHETIC_DEMO
L_20260913,2026-09-13T12:36:30,3,2,SYNTHETIC_DEMO
L_20260913,2026-09-13T12:37:00,2,2,SYNTHETIC_DEMO
L_20260913,2026-09-13T12:37:30,3,3,SYNTHETIC_DEMO
L_20260913,2026-09-13T12:38:00,4,3,SYNTHETIC_DEMO
L_20260913,2026-09-13T12:38:30,4,2,SYNTHETIC_DEMO
L_20260913,2026-09-13T12:39:00,3,2,SYNTHETIC_DEMO
L_20260913,2026-09-13T12:39:30,3,2,SYNTHETIC_DEMO
L_20260913,2026-09-13T12:40:00,3,3,SYNTHETIC_DEMO
L_20260913,2026-09-13T12:40:30,3,2,SYNTHETIC_DEMO
L_20260913,2026-09-13T12:41:00,2,2,SYNTHETIC_DEMO
L_20260913,2026-09-13T12:41:30,2,2,SYNTHETIC_DEMO
L_20260913,2026-09-13T12:42:00,2,3,SYNTHETIC_DEMO
L_20260913,2026-09-13T12:42:30,1,2,SYNTHETIC_DEMO
L_20260913,2026-09-13T12:43:00,2,2,SYNTHETIC_DEMO
L_20260913,2026-09-13T12:43:30,2,3,SYNTHETIC_DEMO
L_20260913,2026-09-13T12:44:00,1,2,SYNTHETIC_DEMO
L_20260913,2026-09-13T12:44:30,3,3,SYNTHETIC_DEMO
L_20260913,2026-09-13T12:45:00,2,3,SYNTHETIC_DEMO
L_20260913,2026-09-13T12:45:30,3,3,SYNTHETIC_DEMO
L_20260913,2026-09-13T12:46:00,2,3,SYNTHETIC_DEMO
L_20260913,2026-09-13T12:46:30,3,3,SYNTHETIC_DEMO
L_20260913,2026-09-13T12:47:00,1,2,SYNTHETIC_DEMO
L_20260913,2026-09-13T12:47:30,2,2,SYNTHETIC_DEMO
L_20260913,2026-09-13T12:48:00,1,3,SYNTHETIC_DEMO
L_20260913,2026-09-13T12:48:30,3,1,SYNTHETIC_DEMO
L_20260913,2026-09-13T12:49:00,2,3,SYNTHETIC_DEMO
L_20260913,2026-09-13T12:49:30,1,2,SYNTHETIC_DEMO
L_20260913,2026-09-13T12:50:00,2,3,SYNTHETIC_DEMO
L_20260913,2026-09-13T12:50:30,1,2,SYNTHETIC_DEMO
L_20260913,2026-09-13T12:51:00,1,2,SYNTHETIC_DEMO
L_20260913,2026-09-13T12:51:30,1,2,SYNTHETIC_DEMO
L_20260913,2026-09-13T12:52:00,0,1,SYNTHETIC_DEMO
L_20260913,2026-09-13T12:52:30,1,2,SYNTHETIC_DEMO
L_20260913,2026-09-13T12:53:00,2,3,SYNTHETIC_DEMO
L_20260913,2026-09-13T12:53:30,2,3,SYNTHETIC_DEMO
L_20260913,2026-09-13T12:54:00,2,3,SYNTHETIC_DEMO
L_20260913,2026-09-13T12:54:30,1,3,SYNTHETIC_DEMO
L_20260913,2026-09-13T12:55:00,1,2,SYNTHETIC_DEMO
L_20260913,2026-09-13T12:55:30,1,3,SYNTHETIC_DEMO
L_20260913,2026-09-13T12:56:00,0,2,SYNTHETIC_DEMO
L_20260913,2026-09-13T12:56:30,1,2,SYNTHETIC_DEMO
L_20260913,2026-09-13T12:57:00,2,2,SYNTHETIC_DEMO
L_20260913,2026-09-13T12:57:30,2,2,SYNTHETIC_DEMO
L_20260913,2026-09-13T12:58:00,1,2,SYNTHETIC_DEMO
L_20260913,2026-09-13T12:58:30,1,2,SYNTHETIC_DEMO
L_20260913,2026-09-13T12:59:00,0,2,SYNTHETIC_DEMO
L_20260913,2026-09-13T12:59:30,2,2,SYNTHETIC_DEMO
L_20260913,2026-09-13T13:00:00,2,3,SYNTHETIC_DEMO
L_20260913,2026-09-13T13:00:30,1,2,SYNTHETIC_DEMO
L_20260913,2026-09-13T13:01:00,1,3,SYNTHETIC_DEMO
L_20260913,2026-09-13T13:01:30,1,2,SYNTHETIC_DEMO
L_20260913,2026-09-13T13:02:00,0,2,SYNTHETIC_DEMO
L_20260913,2026-09-13T13:02:30,2,3,SYNTHETIC_DEMO
L_20260913,2026-09-13T13:03:00,2,3,SYNTHETIC_DEMO
L_20260913,2026-09-13T13:03:30,2,2,SYNTHETIC_DEMO
L_20260913,2026-09-13T13:04:00,1,2,SYNTHETIC_DEMO
L_20260913,2026-09-13T13:04:30,0,2,SYNTHETIC_DEMO
L_20260913,2026-09-13T13:05:00,1,2,SYNTHETIC_DEMO
L_20260913,2026-09-13T13:05:30,1,2,SYNTHETIC_DEMO
L_20260913,2026-09-13T13:06:00,2,3,SYNTHETIC_DEMO
L_20260913,2026-09-13T13:06:30,0,1,SYNTHETIC_DEMO
L_20260913,2026-09-13T13:07:00,1,3,SYNTHETIC_DEMO
L_20260913,2026-09-13T13:07:30,2,2,SYNTHETIC_DEMO
L_20260913,2026-09-13T13:08:00,0,3,SYNTHETIC_DEMO
L_20260913,2026-09-13T13:08:30,1,2,SYNTHETIC_DEMO
L_20260913,2026-09-13T13:09:00,0,3,SYNTHETIC_DEMO
L_20260913,2026-09-13T13:09:30,0,3,SYNTHETIC_DEMO
L_20260913,2026-09-13T13:10:00,0,2,SYNTHETIC_DEMO
L_20260913,2026-09-13T13:10:30,2,3,SYNTHETIC_DEMO
L_20260913,2026-09-13T13:11:00,0,3,SYNTHETIC_DEMO
L_20260913,2026-09-13T13:11:30,0,2,SYNTHETIC_DEMO
L_20260913,2026-09-13T13:12:00,0,1,SYNTHETIC_DEMO
L_20260913,2026-09-13T13:12:30,0,2,SYNTHETIC_DEMO
L_20260913,2026-09-13T13:13:00,0,2,SYNTHETIC_DEMO
L_20260913,2026-09-13T13:13:30,2,2,SYNTHETIC_DEMO
L_20260913,2026-09-13T13:14:00,1,3,SYNTHETIC_DEMO
L_20260913,2026-09-13T13:14:30,2,2,SYNTHETIC_DEMO
L_20260913,2026-09-13T13:15:00,1,3,SYNTHETIC_DEMO
L_20260913,2026-09-13T13:15:30,0,2,SYNTHETIC_DEMO
L_20260913,2026-09-13T13:16:00,2,2,SYNTHETIC_DEMO
L_20260913,2026-09-13T13:16:30,0,2,SYNTHETIC_DEMO
L_20260913,2026-09-13T13:17:00,0,2,SYNTHETIC_DEMO
L_20260913,2026-09-13T13:17:30,0,3,SYNTHETIC_DEMO
L_20260913,2026-09-13T13:18:00,0,3,SYNTHETIC_DEMO
L_20260913,2026-09-13T13:18:30,0,2,SYNTHETIC_DEMO
L_20260913,2026-09-13T13:19:00,2,3,SYNTHETIC_DEMO
L_20260913,2026-09-13T13:19:30,1,1,SYNTHETIC_DEMO
L_20260913,2026-09-13T13:20:00,1,3,SYNTHETIC_DEMO
L_20260913,2026-09-13T13:20:30,1,1,SYNTHETIC_DEMO
L_20260913,2026-09-13T13:21:00,1,2,SYNTHETIC_DEMO
L_20260913,2026-09-13T13:21:30,1,2,SYNTHETIC_DEMO
L_20260913,2026-09-13T13:22:00,0,2,SYNTHETIC_DEMO
L_20260913,2026-09-13T13:22:30,0,2,SYNTHETIC_DEMO
L_20260913,2026-09-13T13:23:00,0,2,SYNTHETIC_DEMO
L_20260913,2026-09-13T13:23:30,2,2,SYNTHETIC_DEMO
L_20260913,2026-09-13T13:24:00,2,3,SYNTHETIC_DEMO
L_20260913,2026-09-13T13:24:30,1,2,SYNTHETIC_DEMO
L_20260913,2026-09-13T13:25:00,1,2,SYNTHETIC_DEMO
L_20260913,2026-09-13T13:25:30,0,1,SYNTHETIC_DEMO
L_20260913,2026-09-13T13:26:00,1,3,SYNTHETIC_DEMO
L_20260913,2026-09-13T13:26:30,1,2,SYNTHETIC_DEMO
L_20260913,2026-09-13T13:27:00,0,3,SYNTHETIC_DEMO
L_20260913,2026-09-13T13:27:30,2,2,SYNTHETIC_DEMO
L_20260913,2026-09-13T13:28:00,2,2,SYNTHETIC_DEMO
L_20260913,2026-09-13T13:28:30,1,2,SYNTHETIC_DEMO
L_20260913,2026-09-13T13:29:00,1,2,SYNTHETIC_DEMO
L_20260913,2026-09-13T13:29:30,1,3,SYNTHETIC_DEMO
D_20260913,2026-09-13T17:00:00,3,3,SYNTHETIC_DEMO
D_20260913,2026-09-13T17:00:30,1,2,SYNTHETIC_DEMO
D_20260913,2026-09-13T17:01:00,3,1,SYNTHETIC_DEMO
D_20260913,2026-09-13T17:01:30,3,3,SYNTHETIC_DEMO
D_20260913,2026-09-13T17:02:00,3,3,SYNTHETIC_DEMO
D_20260913,2026-09-13T17:02:30,2,3,SYNTHETIC_DEMO
D_20260913,2026-09-13T17:03:00,3,3,SYNTHETIC_DEMO
D_20260913,2026-09-13T17:03:30,4,2,SYNTHETIC_DEMO
D_20260913,2026-09-13T17:04:00,1,3,SYNTHETIC_DEMO
D_20260913,2026-09-13T17:04:30,3,2,SYNTHETIC_DEMO
D_20260913,2026-09-13T17:05:00,3,2,SYNTHETIC_DEMO
D_20260913,2026-09-13T17:05:30,2,2,SYNTHETIC_DEMO
D_20260913,2026-09-13T17:06:00,3,3,SYNTHETIC_DEMO
D_20260913,2026-09-13T17:06:30,4,3,SYNTHETIC_DEMO
D_20260913,2026-09-13T17:07:00,4,3,SYNTHETIC_DEMO
D_20260913,2026-09-13T17:07:30,5,4,SYNTHETIC_DEMO
D_20260913,2026-09-13T17:08:00,4,2,SYNTHETIC_DEMO
D_20260913,2026-09-13T17:08:30,3,2,SYNTHETIC_DEMO
D_20260913,2026-09-13T17:09:00,4,3,SYNTHETIC_DEMO
D_20260913,2026-09-13T17:09:30,3,3,SYNTHETIC_DEMO
D_20260913,2026-09-13T17:10:00,4,3,SYNTHETIC_DEMO
D_20260913,2026-09-13T17:10:30,5,3,SYNTHETIC_DEMO
D_20260913,2026-09-13T17:11:00,5,3,SYNTHETIC_DEMO
D_20260913,2026-09-13T17:11:30,4,3,SYNTHETIC_DEMO
D_20260913,2026-09-13T17:12:00,5,3,SYNTHETIC_DEMO
D_20260913,2026-09-13T17:12:30,6,3,SYNTHETIC_DEMO
D_20260913,2026-09-13T17:13:00,4,3,SYNTHETIC_DEMO
D_20260913,2026-09-13T17:13:30,6,3,SYNTHETIC_DEMO
D_20260913,2026-09-13T17:14:00,6,2,SYNTHETIC_DEMO
D_20260913,2026-09-13T17:14:30,6,2,SYNTHETIC_DEMO
D_20260913,2026-09-13T17:15:00,5,3,SYNTHETIC_DEMO
D_20260913,2026-09-13T17:15:30,6,3,SYNTHETIC_DEMO
D_20260913,2026-09-13T17:16:00,7,3,SYNTHETIC_DEMO
D_20260913,2026-09-13T17:16:30,8,3,SYNTHETIC_DEMO
D_20260913,2026-09-13T17:17:00,8,4,SYNTHETIC_DEMO
D_20260913,2026-09-13T17:17:30,6,3,SYNTHETIC_DEMO
D_20260913,2026-09-13T17:18:00,7,3,SYNTHETIC_DEMO
D_20260913,2026-09-13T17:18:30,9,5,SYNTHETIC_DEMO
D_20260913,2026-09-13T17:19:00,8,3,SYNTHETIC_DEMO
D_20260913,2026-09-13T17:19:30,6,4,SYNTHETIC_DEMO
D_20260913,2026-09-13T17:20:00,9,4,SYNTHETIC_DEMO
D_20260913,2026-09-13T17:20:30,9,2,SYNTHETIC_DEMO
D_20260913,2026-09-13T17:21:00,10,3,SYNTHETIC_DEMO
D_20260913,2026-09-13T17:21:30,10,3,SYNTHETIC_DEMO
D_20260913,2026-09-13T17:22:00,9,4,SYNTHETIC_DEMO
D_20260913,2026-09-13T17:22:30,9,4,SYNTHETIC_DEMO
D_20260913,2026-09-13T17:23:00,9,3,SYNTHETIC_DEMO
D_20260913,2026-09-13T17:23:30,9,4,SYNTHETIC_DEMO
D_20260913,2026-09-13T17:24:00,10,3,SYNTHETIC_DEMO
D_20260913,2026-09-13T17:24:30,12,4,SYNTHETIC_DEMO
D_20260913,2026-09-13T17:25:00,9,3,SYNTHETIC_DEMO
D_20260913,2026-09-13T17:25:30,12,4,SYNTHETIC_DEMO
D_20260913,2026-09-13T17:26:00,12,4,SYNTHETIC_DEMO
D_20260913,2026-09-13T17:26:30,11,4,SYNTHETIC_DEMO
D_20260913,2026-09-13T17:27:00,11,4,SYNTHETIC_DEMO
D_20260913,2026-09-13T17:27:30,11,3,SYNTHETIC_DEMO
D_20260913,2026-09-13T17:28:00,11,3,SYNTHETIC_DEMO
D_20260913,2026-09-13T17:28:30,11,4,SYNTHETIC_DEMO
D_20260913,2026-09-13T17:29:00,12,5,SYNTHETIC_DEMO
D_20260913,2026-09-13T17:29:30,12,4,SYNTHETIC_DEMO
D_20260913,2026-09-13T17:30:00,12,4,SYNTHETIC_DEMO
D_20260913,2026-09-13T17:30:30,12,4,SYNTHETIC_DEMO
D_20260913,2026-09-13T17:31:00,14,5,SYNTHETIC_DEMO
D_20260913,2026-09-13T17:31:30,13,4,SYNTHETIC_DEMO
D_20260913,2026-09-13T17:32:00,14,5,SYNTHETIC_DEMO
D_20260913,2026-09-13T17:32:30,13,5,SYNTHETIC_DEMO
D_20260913,2026-09-13T17:33:00,13,5,SYNTHETIC_DEMO
D_20260913,2026-09-13T17:33:30,14,4,SYNTHETIC_DEMO
D_20260913,2026-09-13T17:34:00,14,5,SYNTHETIC_DEMO
D_20260913,2026-09-13T17:34:30,14,4,SYNTHETIC_DEMO
D_20260913,2026-09-13T17:35:00,15,4,SYNTHETIC_DEMO
D_20260913,2026-09-13T17:35:30,14,5,SYNTHETIC_DEMO
D_20260913,2026-09-13T17:36:00,15,5,SYNTHETIC_DEMO
D_20260913,2026-09-13T17:36:30,15,5,SYNTHETIC_DEMO
D_20260913,2026-09-13T17:37:00,14,5,SYNTHETIC_DEMO
D_20260913,2026-09-13T17:37:30,15,5,SYNTHETIC_DEMO
D_20260913,2026-09-13T17:38:00,14,4,SYNTHETIC_DEMO
D_20260913,2026-09-13T17:38:30,12,5,SYNTHETIC_DEMO
D_20260913,2026-09-13T17:39:00,14,5,SYNTHETIC_DEMO
D_20260913,2026-09-13T17:39:30,13,5,SYNTHETIC_DEMO
D_20260913,2026-09-13T17:40:00,16,4,SYNTHETIC_DEMO
D_20260913,2026-09-13T17:40:30,13,4,SYNTHETIC_DEMO
D_20260913,2026-09-13T17:41:00,14,4,SYNTHETIC_DEMO
D_20260913,2026-09-13T17:41:30,14,5,SYNTHETIC_DEMO
D_20260913,2026-09-13T17:42:00,14,5,SYNTHETIC_DEMO
D_20260913,2026-09-13T17:42:30,14,4,SYNTHETIC_DEMO
D_20260913,2026-09-13T17:43:00,15,5,SYNTHETIC_DEMO
D_20260913,2026-09-13T17:43:30,13,4,SYNTHETIC_DEMO
D_20260913,2026-09-13T17:44:00,15,4,SYNTHETIC_DEMO
D_20260913,2026-09-13T17:44:30,13,4,SYNTHETIC_DEMO
D_20260913,2026-09-13T17:45:00,13,4,SYNTHETIC_DEMO
D_20260913,2026-09-13T17:45:30,14,4,SYNTHETIC_DEMO
D_20260913,2026-09-13T17:46:00,14,4,SYNTHETIC_DEMO
D_20260913,2026-09-13T17:46:30,13,4,SYNTHETIC_DEMO
D_20260913,2026-09-13T17:47:00,12,3,SYNTHETIC_DEMO
D_20260913,2026-09-13T17:47:30,14,4,SYNTHETIC_DEMO
D_20260913,2026-09-13T17:48:00,12,4,SYNTHETIC_DEMO
D_20260913,2026-09-13T17:48:30,13,5,SYNTHETIC_DEMO
D_20260913,2026-09-13T17:49:00,14,4,SYNTHETIC_DEMO
D_20260913,2026-09-13T17:49:30,14,4,SYNTHETIC_DEMO
D_20260913,2026-09-13T17:50:00,12,4,SYNTHETIC_DEMO
D_20260913,2026-09-13T17:50:30,14,5,SYNTHETIC_DEMO
D_20260913,2026-09-13T17:51:00,12,4,SYNTHETIC_DEMO
D_20260913,2026-09-13T17:51:30,13,4,SYNTHETIC_DEMO
D_20260913,2026-09-13T17:52:00,12,4,SYNTHETIC_DEMO
D_20260913,2026-09-13T17:52:30,11,4,SYNTHETIC_DEMO
D_20260913,2026-09-13T17:53:00,11,4,SYNTHETIC_DEMO
D_20260913,2026-09-13T17:53:30,12,5,SYNTHETIC_DEMO
D_20260913,2026-09-13T17:54:00,11,4,SYNTHETIC_DEMO
D_20260913,2026-09-13T17:54:30,11,4,SYNTHETIC_DEMO
D_20260913,2026-09-13T17:55:00,11,4,SYNTHETIC_DEMO
D_20260913,2026-09-13T17:55:30,11,4,SYNTHETIC_DEMO
D_20260913,2026-09-13T17:56:00,9,4,SYNTHETIC_DEMO
D_20260913,2026-09-13T17:56:30,9,4,SYNTHETIC_DEMO
D_20260913,2026-09-13T17:57:00,9,4,SYNTHETIC_DEMO
D_20260913,2026-09-13T17:57:30,9,4,SYNTHETIC_DEMO
D_20260913,2026-09-13T17:58:00,10,4,SYNTHETIC_DEMO
D_20260913,2026-09-13T17:58:30,9,3,SYNTHETIC_DEMO
D_20260913,2026-09-13T17:59:00,7,2,SYNTHETIC_DEMO
D_20260913,2026-09-13T17:59:30,8,4,SYNTHETIC_DEMO
D_20260913,2026-09-13T18:00:00,8,4,SYNTHETIC_DEMO
D_20260913,2026-09-13T18:00:30,8,4,SYNTHETIC_DEMO
D_20260913,2026-09-13T18:01:00,7,4,SYNTHETIC_DEMO
D_20260913,2026-09-13T18:01:30,7,3,SYNTHETIC_DEMO
D_20260913,2026-09-13T18:02:00,8,4,SYNTHETIC_DEMO
D_20260913,2026-09-13T18:02:30,8,3,SYNTHETIC_DEMO
D_20260913,2026-09-13T18:03:00,9,3,SYNTHETIC_DEMO
D_20260913,2026-09-13T18:03:30,8,4,SYNTHETIC_DEMO
D_20260913,2026-09-13T18:04:00,6,3,SYNTHETIC_DEMO
D_20260913,2026-09-13T18:04:30,7,3,SYNTHETIC_DEMO
D_20260913,2026-09-13T18:05:00,6,3,SYNTHETIC_DEMO
D_20260913,2026-09-13T18:05:30,6,2,SYNTHETIC_DEMO
D_20260913,2026-09-13T18:06:00,6,2,SYNTHETIC_DEMO
D_20260913,2026-09-13T18:06:30,6,3,SYNTHETIC_DEMO
D_20260913,2026-09-13T18:07:00,4,3,SYNTHETIC_DEMO
D_20260913,2026-09-13T18:07:30,6,2,SYNTHETIC_DEMO
D_20260913,2026-09-13T18:08:00,5,3,SYNTHETIC_DEMO
D_20260913,2026-09-13T18:08:30,5,3,SYNTHETIC_DEMO
D_20260913,2026-09-13T18:09:00,4,3,SYNTHETIC_DEMO
D_20260913,2026-09-13T18:09:30,5,2,SYNTHETIC_DEMO
D_20260913,2026-09-13T18:10:00,5,3,SYNTHETIC_DEMO
D_20260913,2026-09-13T18:10:30,5,3,SYNTHETIC_DEMO
D_20260913,2026-09-13T18:11:00,5,3,SYNTHETIC_DEMO
D_20260913,2026-09-13T18:11:30,4,3,SYNTHETIC_DEMO
D_20260913,2026-09-13T18:12:00,3,2,SYNTHETIC_DEMO
D_20260913,2026-09-13T18:12:30,3,3,SYNTHETIC_DEMO
D_20260913,2026-09-13T18:13:00,5,2,SYNTHETIC_DEMO
D_20260913,2026-09-13T18:13:30,4,2,SYNTHETIC_DEMO
D_20260913,2026-09-13T18:14:00,4,2,SYNTHETIC_DEMO
D_20260913,2026-09-13T18:14:30,2,2,SYNTHETIC_DEMO
D_20260913,2026-09-13T18:15:00,2,3,SYNTHETIC_DEMO
D_20260913,2026-09-13T18:15:30,3,3,SYNTHETIC_DEMO
D_20260913,2026-09-13T18:16:00,3,2,SYNTHETIC_DEMO
D_20260913,2026-09-13T18:16:30,2,2,SYNTHETIC_DEMO
D_20260913,2026-09-13T18:17:00,2,3,SYNTHETIC_DEMO
D_20260913,2026-09-13T18:17:30,2,2,SYNTHETIC_DEMO
D_20260913,2026-09-13T18:18:00,2,3,SYNTHETIC_DEMO
D_20260913,2026-09-13T18:18:30,2,3,SYNTHETIC_DEMO
D_20260913,2026-09-13T18:19:00,3,2,SYNTHETIC_DEMO
D_20260913,2026-09-13T18:19:30,3,3,SYNTHETIC_DEMO
D_20260913,2026-09-13T18:20:00,1,2,SYNTHETIC_DEMO
D_20260913,2026-09-13T18:20:30,2,2,SYNTHETIC_DEMO
D_20260913,2026-09-13T18:21:00,3,3,SYNTHETIC_DEMO
D_20260913,2026-09-13T18:21:30,1,1,SYNTHETIC_DEMO
D_20260913,2026-09-13T18:22:00,2,2,SYNTHETIC_DEMO
D_20260913,2026-09-13T18:22:30,3,3,SYNTHETIC_DEMO
D_20260913,2026-09-13T18:23:00,2,1,SYNTHETIC_DEMO
D_20260913,2026-09-13T18:23:30,2,1,SYNTHETIC_DEMO
D_20260913,2026-09-13T18:24:00,2,2,SYNTHETIC_DEMO
D_20260913,2026-09-13T18:24:30,0,2,SYNTHETIC_DEMO
D_20260913,2026-09-13T18:25:00,1,2,SYNTHETIC_DEMO
D_20260913,2026-09-13T18:25:30,1,2,SYNTHETIC_DEMO
D_20260913,2026-09-13T18:26:00,2,2,SYNTHETIC_DEMO
D_20260913,2026-09-13T18:26:30,3,2,SYNTHETIC_DEMO
D_20260913,2026-09-13T18:27:00,1,2,SYNTHETIC_DEMO
D_20260913,2026-09-13T18:27:30,1,2,SYNTHETIC_DEMO
D_20260913,2026-09-13T18:28:00,1,2,SYNTHETIC_DEMO
D_20260913,2026-09-13T18:28:30,1,2,SYNTHETIC_DEMO
D_20260913,2026-09-13T18:29:00,1,2,SYNTHETIC_DEMO
D_20260913,2026-09-13T18:29:30,1,2,SYNTHETIC_DEMO
D_20260913,2026-09-13T18:30:00,2,3,SYNTHETIC_DEMO
D_20260913,2026-09-13T18:30:30,0,3,SYNTHETIC_DEMO
D_20260913,2026-09-13T18:31:00,0,3,SYNTHETIC_DEMO
D_20260913,2026-09-13T18:31:30,2,2,SYNTHETIC_DEMO
D_20260913,2026-09-13T18:32:00,2,2,SYNTHETIC_DEMO
D_20260913,2026-09-13T18:32:30,2,2,SYNTHETIC_DEMO
D_20260913,2026-09-13T18:33:00,1,3,SYNTHETIC_DEMO
D_20260913,2026-09-13T18:33:30,2,3,SYNTHETIC_DEMO
D_20260913,2026-09-13T18:34:00,1,2,SYNTHETIC_DEMO
D_20260913,2026-09-13T18:34:30,2,2,SYNTHETIC_DEMO
D_20260913,2026-09-13T18:35:00,1,2,SYNTHETIC_DEMO
D_20260913,2026-09-13T18:35:30,1,2,SYNTHETIC_DEMO
D_20260913,2026-09-13T18:36:00,0,2,SYNTHETIC_DEMO
D_20260913,2026-09-13T18:36:30,0,2,SYNTHETIC_DEMO
D_20260913,2026-09-13T18:37:00,1,2,SYNTHETIC_DEMO
D_20260913,2026-09-13T18:37:30,2,3,SYNTHETIC_DEMO
D_20260913,2026-09-13T18:38:00,1,2,SYNTHETIC_DEMO
D_20260913,2026-09-13T18:38:30,1,3,SYNTHETIC_DEMO
D_20260913,2026-09-13T18:39:00,0,2,SYNTHETIC_DEMO
D_20260913,2026-09-13T18:39:30,1,2,SYNTHETIC_DEMO
D_20260913,2026-09-13T18:40:00,1,2,SYNTHETIC_DEMO
D_20260913,2026-09-13T18:40:30,0,2,SYNTHETIC_DEMO
D_20260913,2026-09-13T18:41:00,2,3,SYNTHETIC_DEMO
D_20260913,2026-09-13T18:41:30,1,2,SYNTHETIC_DEMO
D_20260913,2026-09-13T18:42:00,1,2,SYNTHETIC_DEMO
D_20260913,2026-09-13T18:42:30,2,3,SYNTHETIC_DEMO
D_20260913,2026-09-13T18:43:00,2,2,SYNTHETIC_DEMO
D_20260913,2026-09-13T18:43:30,0,1,SYNTHETIC_DEMO
D_20260913,2026-09-13T18:44:00,1,2,SYNTHETIC_DEMO
D_20260913,2026-09-13T18:44:30,0,2,SYNTHETIC_DEMO
D_20260913,2026-09-13T18:45:00,1,2,SYNTHETIC_DEMO
D_20260913,2026-09-13T18:45:30,1,2,SYNTHETIC_DEMO
D_20260913,2026-09-13T18:46:00,2,3,SYNTHETIC_DEMO
D_20260913,2026-09-13T18:46:30,1,3,SYNTHETIC_DEMO
D_20260913,2026-09-13T18:47:00,2,3,SYNTHETIC_DEMO
D_20260913,2026-09-13T18:47:30,2,1,SYNTHETIC_DEMO
D_20260913,2026-09-13T18:48:00,0,2,SYNTHETIC_DEMO
D_20260913,2026-09-13T18:48:30,0,2,SYNTHETIC_DEMO
D_20260913,2026-09-13T18:49:00,1,2,SYNTHETIC_DEMO
D_20260913,2026-09-13T18:49:30,0,2,SYNTHETIC_DEMO
D_20260913,2026-09-13T18:50:00,0,2,SYNTHETIC_DEMO
D_20260913,2026-09-13T18:50:30,1,2,SYNTHETIC_DEMO
D_20260913,2026-09-13T18:51:00,1,2,SYNTHETIC_DEMO
D_20260913,2026-09-13T18:51:30,2,3,SYNTHETIC_DEMO
D_20260913,2026-09-13T18:52:00,0,2,SYNTHETIC_DEMO
D_20260913,2026-09-13T18:52:30,1,2,SYNTHETIC_DEMO
D_20260913,2026-09-13T18:53:00,1,2,SYNTHETIC_DEMO
D_20260913,2026-09-13T18:53:30,0,2,SYNTHETIC_DEMO
D_20260913,2026-09-13T18:54:00,2,2,SYNTHETIC_DEMO
D_20260913,2026-09-13T18:54:30,1,2,SYNTHETIC_DEMO
D_20260913,2026-09-13T18:55:00,2,2,SYNTHETIC_DEMO
D_20260913,2026-09-13T18:55:30,0,2,SYNTHETIC_DEMO
D_20260913,2026-09-13T18:56:00,1,2,SYNTHETIC_DEMO
D_20260913,2026-09-13T18:56:30,2,2,SYNTHETIC_DEMO
D_20260913,2026-09-13T18:57:00,1,2,SYNTHETIC_DEMO
D_20260913,2026-09-13T18:57:30,2,2,SYNTHETIC_DEMO
D_20260913,2026-09-13T18:58:00,1,3,SYNTHETIC_DEMO
D_20260913,2026-09-13T18:58:30,2,2,SYNTHETIC_DEMO
D_20260913,2026-09-13T18:59:00,1,2,SYNTHETIC_DEMO
D_20260913,2026-09-13T18:59:30,2,1,SYNTHETIC_DEMO
B_20260914,2026-09-14T05:30:00,4,3,SYNTHETIC_DEMO
B_20260914,2026-09-14T05:30:30,4,3,SYNTHETIC_DEMO
B_20260914,2026-09-14T05:31:00,3,3,SYNTHETIC_DEMO
B_20260914,2026-09-14T05:31:30,4,2,SYNTHETIC_DEMO
B_20260914,2026-09-14T05:32:00,2,2,SYNTHETIC_DEMO
B_20260914,2026-09-14T05:32:30,4,2,SYNTHETIC_DEMO
B_20260914,2026-09-14T05:33:00,4,3,SYNTHETIC_DEMO
B_20260914,2026-09-14T05:33:30,4,3,SYNTHETIC_DEMO
B_20260914,2026-09-14T05:34:00,4,3,SYNTHETIC_DEMO
B_20260914,2026-09-14T05:34:30,4,2,SYNTHETIC_DEMO
B_20260914,2026-09-14T05:35:00,4,3,SYNTHETIC_DEMO
B_20260914,2026-09-14T05:35:30,3,2,SYNTHETIC_DEMO
B_20260914,2026-09-14T05:36:00,3,3,SYNTHETIC_DEMO
B_20260914,2026-09-14T05:36:30,4,3,SYNTHETIC_DEMO
B_20260914,2026-09-14T05:37:00,5,3,SYNTHETIC_DEMO
B_20260914,2026-09-14T05:37:30,4,2,SYNTHETIC_DEMO
B_20260914,2026-09-14T05:38:00,6,3,SYNTHETIC_DEMO
B_20260914,2026-09-14T05:38:30,5,5,SYNTHETIC_DEMO
B_20260914,2026-09-14T05:39:00,5,3,SYNTHETIC_DEMO
B_20260914,2026-09-14T05:39:30,5,3,SYNTHETIC_DEMO
B_20260914,2026-09-14T05:40:00,5,2,SYNTHETIC_DEMO
B_20260914,2026-09-14T05:40:30,6,3,SYNTHETIC_DEMO
B_20260914,2026-09-14T05:41:00,5,3,SYNTHETIC_DEMO
B_20260914,2026-09-14T05:41:30,6,4,SYNTHETIC_DEMO
B_20260914,2026-09-14T05:42:00,7,3,SYNTHETIC_DEMO
B_20260914,2026-09-14T05:42:30,7,4,SYNTHETIC_DEMO
B_20260914,2026-09-14T05:43:00,6,3,SYNTHETIC_DEMO
B_20260914,2026-09-14T05:43:30,6,2,SYNTHETIC_DEMO
B_20260914,2026-09-14T05:44:00,8,4,SYNTHETIC_DEMO
B_20260914,2026-09-14T05:44:30,10,3,SYNTHETIC_DEMO
B_20260914,2026-09-14T05:45:00,8,4,SYNTHETIC_DEMO
B_20260914,2026-09-14T05:45:30,7,3,SYNTHETIC_DEMO
B_20260914,2026-09-14T05:46:00,7,4,SYNTHETIC_DEMO
B_20260914,2026-09-14T05:46:30,9,4,SYNTHETIC_DEMO
B_20260914,2026-09-14T05:47:00,8,3,SYNTHETIC_DEMO
B_20260914,2026-09-14T05:47:30,9,4,SYNTHETIC_DEMO
B_20260914,2026-09-14T05:48:00,8,2,SYNTHETIC_DEMO
B_20260914,2026-09-14T05:48:30,11,4,SYNTHETIC_DEMO
B_20260914,2026-09-14T05:49:00,9,3,SYNTHETIC_DEMO
B_20260914,2026-09-14T05:49:30,9,3,SYNTHETIC_DEMO
B_20260914,2026-09-14T05:50:00,10,3,SYNTHETIC_DEMO
B_20260914,2026-09-14T05:50:30,12,4,SYNTHETIC_DEMO
B_20260914,2026-09-14T05:51:00,9,4,SYNTHETIC_DEMO
B_20260914,2026-09-14T05:51:30,10,4,SYNTHETIC_DEMO
B_20260914,2026-09-14T05:52:00,11,4,SYNTHETIC_DEMO
B_20260914,2026-09-14T05:52:30,11,4,SYNTHETIC_DEMO
B_20260914,2026-09-14T05:53:00,11,5,SYNTHETIC_DEMO
B_20260914,2026-09-14T05:53:30,10,5,SYNTHETIC_DEMO
B_20260914,2026-09-14T05:54:00,12,4,SYNTHETIC_DEMO
B_20260914,2026-09-14T05:54:30,11,4,SYNTHETIC_DEMO
B_20260914,2026-09-14T05:55:00,12,4,SYNTHETIC_DEMO
B_20260914,2026-09-14T05:55:30,12,5,SYNTHETIC_DEMO
B_20260914,2026-09-14T05:56:00,12,4,SYNTHETIC_DEMO
B_20260914,2026-09-14T05:56:30,12,5,SYNTHETIC_DEMO
B_20260914,2026-09-14T05:57:00,12,4,SYNTHETIC_DEMO
B_20260914,2026-09-14T05:57:30,12,4,SYNTHETIC_DEMO
B_20260914,2026-09-14T05:58:00,13,4,SYNTHETIC_DEMO
B_20260914,2026-09-14T05:58:30,13,4,SYNTHETIC_DEMO
B_20260914,2026-09-14T05:59:00,12,5,SYNTHETIC_DEMO
B_20260914,2026-09-14T05:59:30,12,4,SYNTHETIC_DEMO
B_20260914,2026-09-14T06:00:00,13,4,SYNTHETIC_DEMO
B_20260914,2026-09-14T06:00:30,14,4,SYNTHETIC_DEMO
B_20260914,2026-09-14T06:01:00,14,4,SYNTHETIC_DEMO
B_20260914,2026-09-14T06:01:30,14,4,SYNTHETIC_DEMO
B_20260914,2026-09-14T06:02:00,13,5,SYNTHETIC_DEMO
B_20260914,2026-09-14T06:02:30,12,4,SYNTHETIC_DEMO
B_20260914,2026-09-14T06:03:00,13,5,SYNTHETIC_DEMO
B_20260914,2026-09-14T06:03:30,14,5,SYNTHETIC_DEMO
B_20260914,2026-09-14T06:04:00,14,4,SYNTHETIC_DEMO
B_20260914,2026-09-14T06:04:30,14,4,SYNTHETIC_DEMO
B_20260914,2026-09-14T06:05:00,14,4,SYNTHETIC_DEMO
B_20260914,2026-09-14T06:05:30,14,4,SYNTHETIC_DEMO
B_20260914,2026-09-14T06:06:00,14,4,SYNTHETIC_DEMO
B_20260914,2026-09-14T06:06:30,15,4,SYNTHETIC_DEMO
B_20260914,2026-09-14T06:07:00,14,5,SYNTHETIC_DEMO
B_20260914,2026-09-14T06:07:30,14,5,SYNTHETIC_DEMO
B_20260914,2026-09-14T06:08:00,14,4,SYNTHETIC_DEMO
B_20260914,2026-09-14T06:08:30,13,4,SYNTHETIC_DEMO
B_20260914,2026-09-14T06:09:00,15,4,SYNTHETIC_DEMO
B_20260914,2026-09-14T06:09:30,13,4,SYNTHETIC_DEMO
B_20260914,2026-09-14T06:10:00,12,3,SYNTHETIC_DEMO
B_20260914,2026-09-14T06:10:30,14,4,SYNTHETIC_DEMO
B_20260914,2026-09-14T06:11:00,13,4,SYNTHETIC_DEMO
B_20260914,2026-09-14T06:11:30,15,5,SYNTHETIC_DEMO
B_20260914,2026-09-14T06:12:00,13,5,SYNTHETIC_DEMO
B_20260914,2026-09-14T06:12:30,12,4,SYNTHETIC_DEMO
B_20260914,2026-09-14T06:13:00,11,4,SYNTHETIC_DEMO
B_20260914,2026-09-14T06:13:30,13,4,SYNTHETIC_DEMO
B_20260914,2026-09-14T06:14:00,12,4,SYNTHETIC_DEMO
B_20260914,2026-09-14T06:14:30,12,4,SYNTHETIC_DEMO
B_20260914,2026-09-14T06:15:00,12,4,SYNTHETIC_DEMO
B_20260914,2026-09-14T06:15:30,12,4,SYNTHETIC_DEMO
B_20260914,2026-09-14T06:16:00,11,5,SYNTHETIC_DEMO
B_20260914,2026-09-14T06:16:30,11,4,SYNTHETIC_DEMO
B_20260914,2026-09-14T06:17:00,11,3,SYNTHETIC_DEMO
B_20260914,2026-09-14T06:17:30,11,4,SYNTHETIC_DEMO
B_20260914,2026-09-14T06:18:00,11,4,SYNTHETIC_DEMO
B_20260914,2026-09-14T06:18:30,11,4,SYNTHETIC_DEMO
B_20260914,2026-09-14T06:19:00,9,4,SYNTHETIC_DEMO
B_20260914,2026-09-14T06:19:30,9,5,SYNTHETIC_DEMO
B_20260914,2026-09-14T06:20:00,9,4,SYNTHETIC_DEMO
B_20260914,2026-09-14T06:20:30,11,3,SYNTHETIC_DEMO
B_20260914,2026-09-14T06:21:00,9,3,SYNTHETIC_DEMO
B_20260914,2026-09-14T06:21:30,10,4,SYNTHETIC_DEMO
B_20260914,2026-09-14T06:22:00,10,4,SYNTHETIC_DEMO
B_20260914,2026-09-14T06:22:30,10,4,SYNTHETIC_DEMO
B_20260914,2026-09-14T06:23:00,8,3,SYNTHETIC_DEMO
B_20260914,2026-09-14T06:23:30,8,3,SYNTHETIC_DEMO
B_20260914,2026-09-14T06:24:00,10,3,SYNTHETIC_DEMO
B_20260914,2026-09-14T06:24:30,9,4,SYNTHETIC_DEMO
B_20260914,2026-09-14T06:25:00,9,3,SYNTHETIC_DEMO
B_20260914,2026-09-14T06:25:30,8,4,SYNTHETIC_DEMO
B_20260914,2026-09-14T06:26:00,7,3,SYNTHETIC_DEMO
B_20260914,2026-09-14T06:26:30,6,2,SYNTHETIC_DEMO
B_20260914,2026-09-14T06:27:00,7,2,SYNTHETIC_DEMO
B_20260914,2026-09-14T06:27:30,5,3,SYNTHETIC_DEMO
B_20260914,2026-09-14T06:28:00,7,5,SYNTHETIC_DEMO
B_20260914,2026-09-14T06:28:30,7,4,SYNTHETIC_DEMO
B_20260914,2026-09-14T06:29:00,7,3,SYNTHETIC_DEMO
B_20260914,2026-09-14T06:29:30,3,2,SYNTHETIC_DEMO
B_20260914,2026-09-14T06:30:00,5,4,SYNTHETIC_DEMO
B_20260914,2026-09-14T06:30:30,6,3,SYNTHETIC_DEMO
B_20260914,2026-09-14T06:31:00,5,3,SYNTHETIC_DEMO
B_20260914,2026-09-14T06:31:30,5,3,SYNTHETIC_DEMO
B_20260914,2026-09-14T06:32:00,5,2,SYNTHETIC_DEMO
B_20260914,2026-09-14T06:32:30,5,3,SYNTHETIC_DEMO
B_20260914,2026-09-14T06:33:00,5,2,SYNTHETIC_DEMO
B_20260914,2026-09-14T06:33:30,6,3,SYNTHETIC_DEMO
B_20260914,2026-09-14T06:34:00,5,3,SYNTHETIC_DEMO
B_20260914,2026-09-14T06:34:30,5,2,SYNTHETIC_DEMO
B_20260914,2026-09-14T06:35:00,5,2,SYNTHETIC_DEMO
B_20260914,2026-09-14T06:35:30,4,3,SYNTHETIC_DEMO
B_20260914,2026-09-14T06:36:00,4,3,SYNTHETIC_DEMO
B_20260914,2026-09-14T06:36:30,3,1,SYNTHETIC_DEMO
B_20260914,2026-09-14T06:37:00,4,3,SYNTHETIC_DEMO
B_20260914,2026-09-14T06:37:30,4,3,SYNTHETIC_DEMO
B_20260914,2026-09-14T06:38:00,3,3,SYNTHETIC_DEMO
B_20260914,2026-09-14T06:38:30,4,3,SYNTHETIC_DEMO
B_20260914,2026-09-14T06:39:00,4,3,SYNTHETIC_DEMO
B_20260914,2026-09-14T06:39:30,4,3,SYNTHETIC_DEMO
B_20260914,2026-09-14T06:40:00,4,3,SYNTHETIC_DEMO
B_20260914,2026-09-14T06:40:30,3,2,SYNTHETIC_DEMO
B_20260914,2026-09-14T06:41:00,2,2,SYNTHETIC_DEMO
B_20260914,2026-09-14T06:41:30,3,3,SYNTHETIC_DEMO
B_20260914,2026-09-14T06:42:00,3,3,SYNTHETIC_DEMO
B_20260914,2026-09-14T06:42:30,3,4,SYNTHETIC_DEMO
B_20260914,2026-09-14T06:43:00,3,2,SYNTHETIC_DEMO
B_20260914,2026-09-14T06:43:30,3,2,SYNTHETIC_DEMO
B_20260914,2026-09-14T06:44:00,2,2,SYNTHETIC_DEMO
B_20260914,2026-09-14T06:44:30,2,3,SYNTHETIC_DEMO
B_20260914,2026-09-14T06:45:00,3,2,SYNTHETIC_DEMO
B_20260914,2026-09-14T06:45:30,3,2,SYNTHETIC_DEMO
B_20260914,2026-09-14T06:46:00,1,2,SYNTHETIC_DEMO
B_20260914,2026-09-14T06:46:30,0,2,SYNTHETIC_DEMO
B_20260914,2026-09-14T06:47:00,2,3,SYNTHETIC_DEMO
B_20260914,2026-09-14T06:47:30,1,1,SYNTHETIC_DEMO
B_20260914,2026-09-14T06:48:00,2,3,SYNTHETIC_DEMO
B_20260914,2026-09-14T06:48:30,0,2,SYNTHETIC_DEMO
B_20260914,2026-09-14T06:49:00,3,3,SYNTHETIC_DEMO
B_20260914,2026-09-14T06:49:30,4,3,SYNTHETIC_DEMO
B_20260914,2026-09-14T06:50:00,1,2,SYNTHETIC_DEMO
B_20260914,2026-09-14T06:50:30,2,2,SYNTHETIC_DEMO
B_20260914,2026-09-14T06:51:00,2,3,SYNTHETIC_DEMO
B_20260914,2026-09-14T06:51:30,1,2,SYNTHETIC_DEMO
B_20260914,2026-09-14T06:52:00,3,2,SYNTHETIC_DEMO
B_20260914,2026-09-14T06:52:30,0,2,SYNTHETIC_DEMO
B_20260914,2026-09-14T06:53:00,0,2,SYNTHETIC_DEMO
B_20260914,2026-09-14T06:53:30,1,1,SYNTHETIC_DEMO
B_20260914,2026-09-14T06:54:00,0,1,SYNTHETIC_DEMO
B_20260914,2026-09-14T06:54:30,2,3,SYNTHETIC_DEMO
B_20260914,2026-09-14T06:55:00,1,2,SYNTHETIC_DEMO
B_20260914,2026-09-14T06:55:30,1,2,SYNTHETIC_DEMO
B_20260914,2026-09-14T06:56:00,2,3,SYNTHETIC_DEMO
B_20260914,2026-09-14T06:56:30,1,2,SYNTHETIC_DEMO
B_20260914,2026-09-14T06:57:00,2,2,SYNTHETIC_DEMO
B_20260914,2026-09-14T06:57:30,1,2,SYNTHETIC_DEMO
B_20260914,2026-09-14T06:58:00,1,1,SYNTHETIC_DEMO
B_20260914,2026-09-14T06:58:30,2,2,SYNTHETIC_DEMO
B_20260914,2026-09-14T06:59:00,2,3,SYNTHETIC_DEMO
B_20260914,2026-09-14T06:59:30,2,3,SYNTHETIC_DEMO
B_20260914,2026-09-14T07:00:00,1,2,SYNTHETIC_DEMO
B_20260914,2026-09-14T07:00:30,0,2,SYNTHETIC_DEMO
B_20260914,2026-09-14T07:01:00,1,3,SYNTHETIC_DEMO
B_20260914,2026-09-14T07:01:30,2,3,SYNTHETIC_DEMO
B_20260914,2026-09-14T07:02:00,1,2,SYNTHETIC_DEMO
B_20260914,2026-09-14T07:02:30,1,2,SYNTHETIC_DEMO
B_20260914,2026-09-14T07:03:00,3,3,SYNTHETIC_DEMO
B_20260914,2026-09-14T07:03:30,0,2,SYNTHETIC_DEMO
B_20260914,2026-09-14T07:04:00,0,2,SYNTHETIC_DEMO
B_20260914,2026-09-14T07:04:30,2,2,SYNTHETIC_DEMO
B_20260914,2026-09-14T07:05:00,0,2,SYNTHETIC_DEMO
B_20260914,2026-09-14T07:05:30,1,3,SYNTHETIC_DEMO
B_20260914,2026-09-14T07:06:00,1,2,SYNTHETIC_DEMO
B_20260914,2026-09-14T07:06:30,1,2,SYNTHETIC_DEMO
B_20260914,2026-09-14T07:07:00,1,2,SYNTHETIC_DEMO
B_20260914,2026-09-14T07:07:30,1,1,SYNTHETIC_DEMO
B_20260914,2026-09-14T07:08:00,0,2,SYNTHETIC_DEMO
B_20260914,2026-09-14T07:08:30,2,2,SYNTHETIC_DEMO
B_20260914,2026-09-14T07:09:00,0,2,SYNTHETIC_DEMO
B_20260914,2026-09-14T07:09:30,3,3,SYNTHETIC_DEMO
B_20260914,2026-09-14T07:10:00,0,1,SYNTHETIC_DEMO
B_20260914,2026-09-14T07:10:30,0,2,SYNTHETIC_DEMO
B_20260914,2026-09-14T07:11:00,0,2,SYNTHETIC_DEMO
B_20260914,2026-09-14T07:11:30,1,2,SYNTHETIC_DEMO
B_20260914,2026-09-14T07:12:00,1,2,SYNTHETIC_DEMO
B_20260914,2026-09-14T07:12:30,1,2,SYNTHETIC_DEMO
B_20260914,2026-09-14T07:13:00,3,2,SYNTHETIC_DEMO
B_20260914,2026-09-14T07:13:30,3,3,SYNTHETIC_DEMO
B_20260914,2026-09-14T07:14:00,2,3,SYNTHETIC_DEMO
B_20260914,2026-09-14T07:14:30,2,2,SYNTHETIC_DEMO
B_20260914,2026-09-14T07:15:00,1,3,SYNTHETIC_DEMO
B_20260914,2026-09-14T07:15:30,1,2,SYNTHETIC_DEMO
B_20260914,2026-09-14T07:16:00,1,3,SYNTHETIC_DEMO
B_20260914,2026-09-14T07:16:30,1,2,SYNTHETIC_DEMO
B_20260914,2026-09-14T07:17:00,1,3,SYNTHETIC_DEMO
B_20260914,2026-09-14T07:17:30,1,2,SYNTHETIC_DEMO
B_20260914,2026-09-14T07:18:00,1,2,SYNTHETIC_DEMO
B_20260914,2026-09-14T07:18:30,1,2,SYNTHETIC_DEMO
B_20260914,2026-09-14T07:19:00,1,2,SYNTHETIC_DEMO
B_20260914,2026-09-14T07:19:30,2,3,SYNTHETIC_DEMO
B_20260914,2026-09-14T07:20:00,3,3,SYNTHETIC_DEMO
B_20260914,2026-09-14T07:20:30,2,3,SYNTHETIC_DEMO
B_20260914,2026-09-14T07:21:00,0,2,SYNTHETIC_DEMO
B_20260914,2026-09-14T07:21:30,0,2,SYNTHETIC_DEMO
B_20260914,2026-09-14T07:22:00,1,3,SYNTHETIC_DEMO
B_20260914,2026-09-14T07:22:30,1,2,SYNTHETIC_DEMO
B_20260914,2026-09-14T07:23:00,1,2,SYNTHETIC_DEMO
B_20260914,2026-09-14T07:23:30,2,2,SYNTHETIC_DEMO
B_20260914,2026-09-14T07:24:00,0,3,SYNTHETIC_DEMO
B_20260914,2026-09-14T07:24:30,1,2,SYNTHETIC_DEMO
B_20260914,2026-09-14T07:25:00,1,2,SYNTHETIC_DEMO
B_20260914,2026-09-14T07:25:30,0,3,SYNTHETIC_DEMO
B_20260914,2026-09-14T07:26:00,2,2,SYNTHETIC_DEMO
B_20260914,2026-09-14T07:26:30,1,1,SYNTHETIC_DEMO
B_20260914,2026-09-14T07:27:00,0,2,SYNTHETIC_DEMO
B_20260914,2026-09-14T07:27:30,0,2,SYNTHETIC_DEMO
B_20260914,2026-09-14T07:28:00,3,2,SYNTHETIC_DEMO
B_20260914,2026-09-14T07:28:30,0,3,SYNTHETIC_DEMO
B_20260914,2026-09-14T07:29:00,1,2,SYNTHETIC_DEMO
B_20260914,2026-09-14T07:29:30,1,2,SYNTHETIC_DEMO
L_20260914,2026-09-14T11:30:00,4,2,SYNTHETIC_DEMO
L_20260914,2026-09-14T11:30:30,5,3,SYNTHETIC_DEMO
L_20260914,2026-09-14T11:31:00,6,4,SYNTHETIC_DEMO
L_20260914,2026-09-14T11:31:30,5,4,SYNTHETIC_DEMO
L_20260914,2026-09-14T11:32:00,6,3,SYNTHETIC_DEMO
L_20260914,2026-09-14T11:32:30,6,3,SYNTHETIC_DEMO
L_20260914,2026-09-14T11:33:00,5,3,SYNTHETIC_DEMO
L_20260914,2026-09-14T11:33:30,6,2,SYNTHETIC_DEMO
L_20260914,2026-09-14T11:34:00,7,3,SYNTHETIC_DEMO
L_20260914,2026-09-14T11:34:30,8,3,SYNTHETIC_DEMO
L_20260914,2026-09-14T11:35:00,8,4,SYNTHETIC_DEMO
L_20260914,2026-09-14T11:35:30,7,3,SYNTHETIC_DEMO
L_20260914,2026-09-14T11:36:00,8,3,SYNTHETIC_DEMO
L_20260914,2026-09-14T11:36:30,8,3,SYNTHETIC_DEMO
L_20260914,2026-09-14T11:37:00,8,4,SYNTHETIC_DEMO
L_20260914,2026-09-14T11:37:30,8,3,SYNTHETIC_DEMO
L_20260914,2026-09-14T11:38:00,9,4,SYNTHETIC_DEMO
L_20260914,2026-09-14T11:38:30,8,3,SYNTHETIC_DEMO
L_20260914,2026-09-14T11:39:00,10,4,SYNTHETIC_DEMO
L_20260914,2026-09-14T11:39:30,10,3,SYNTHETIC_DEMO
L_20260914,2026-09-14T11:40:00,10,4,SYNTHETIC_DEMO
L_20260914,2026-09-14T11:40:30,9,4,SYNTHETIC_DEMO
L_20260914,2026-09-14T11:41:00,10,3,SYNTHETIC_DEMO
L_20260914,2026-09-14T11:41:30,9,4,SYNTHETIC_DEMO
L_20260914,2026-09-14T11:42:00,11,4,SYNTHETIC_DEMO
L_20260914,2026-09-14T11:42:30,10,4,SYNTHETIC_DEMO
L_20260914,2026-09-14T11:43:00,12,4,SYNTHETIC_DEMO
L_20260914,2026-09-14T11:43:30,11,5,SYNTHETIC_DEMO
L_20260914,2026-09-14T11:44:00,12,4,SYNTHETIC_DEMO
L_20260914,2026-09-14T11:44:30,12,5,SYNTHETIC_DEMO
L_20260914,2026-09-14T11:45:00,12,4,SYNTHETIC_DEMO
L_20260914,2026-09-14T11:45:30,13,4,SYNTHETIC_DEMO
L_20260914,2026-09-14T11:46:00,15,4,SYNTHETIC_DEMO
L_20260914,2026-09-14T11:46:30,13,5,SYNTHETIC_DEMO
L_20260914,2026-09-14T11:47:00,14,5,SYNTHETIC_DEMO
L_20260914,2026-09-14T11:47:30,14,4,SYNTHETIC_DEMO
L_20260914,2026-09-14T11:48:00,13,5,SYNTHETIC_DEMO
L_20260914,2026-09-14T11:48:30,15,4,SYNTHETIC_DEMO
L_20260914,2026-09-14T11:49:00,15,4,SYNTHETIC_DEMO
L_20260914,2026-09-14T11:49:30,13,5,SYNTHETIC_DEMO
L_20260914,2026-09-14T11:50:00,17,5,SYNTHETIC_DEMO
L_20260914,2026-09-14T11:50:30,16,5,SYNTHETIC_DEMO
L_20260914,2026-09-14T11:51:00,16,5,SYNTHETIC_DEMO
L_20260914,2026-09-14T11:51:30,15,5,SYNTHETIC_DEMO
L_20260914,2026-09-14T11:52:00,15,5,SYNTHETIC_DEMO
L_20260914,2026-09-14T11:52:30,15,5,SYNTHETIC_DEMO
L_20260914,2026-09-14T11:53:00,16,5,SYNTHETIC_DEMO
L_20260914,2026-09-14T11:53:30,16,5,SYNTHETIC_DEMO
L_20260914,2026-09-14T11:54:00,16,6,SYNTHETIC_DEMO
L_20260914,2026-09-14T11:54:30,17,6,SYNTHETIC_DEMO
L_20260914,2026-09-14T11:55:00,17,5,SYNTHETIC_DEMO
L_20260914,2026-09-14T11:55:30,15,5,SYNTHETIC_DEMO
L_20260914,2026-09-14T11:56:00,17,6,SYNTHETIC_DEMO
L_20260914,2026-09-14T11:56:30,16,5,SYNTHETIC_DEMO
L_20260914,2026-09-14T11:57:00,17,5,SYNTHETIC_DEMO
L_20260914,2026-09-14T11:57:30,16,5,SYNTHETIC_DEMO
L_20260914,2026-09-14T11:58:00,16,5,SYNTHETIC_DEMO
L_20260914,2026-09-14T11:58:30,18,5,SYNTHETIC_DEMO
L_20260914,2026-09-14T11:59:00,15,5,SYNTHETIC_DEMO
L_20260914,2026-09-14T11:59:30,17,5,SYNTHETIC_DEMO
L_20260914,2026-09-14T12:00:00,17,5,SYNTHETIC_DEMO
L_20260914,2026-09-14T12:00:30,18,6,SYNTHETIC_DEMO
L_20260914,2026-09-14T12:01:00,17,6,SYNTHETIC_DEMO
L_20260914,2026-09-14T12:01:30,18,6,SYNTHETIC_DEMO
L_20260914,2026-09-14T12:02:00,16,5,SYNTHETIC_DEMO
L_20260914,2026-09-14T12:02:30,18,6,SYNTHETIC_DEMO
L_20260914,2026-09-14T12:03:00,15,5,SYNTHETIC_DEMO
L_20260914,2026-09-14T12:03:30,17,5,SYNTHETIC_DEMO
L_20260914,2026-09-14T12:04:00,18,5,SYNTHETIC_DEMO
L_20260914,2026-09-14T12:04:30,16,6,SYNTHETIC_DEMO
L_20260914,2026-09-14T12:05:00,17,5,SYNTHETIC_DEMO
L_20260914,2026-09-14T12:05:30,18,5,SYNTHETIC_DEMO
L_20260914,2026-09-14T12:06:00,15,5,SYNTHETIC_DEMO
L_20260914,2026-09-14T12:06:30,14,5,SYNTHETIC_DEMO
L_20260914,2026-09-14T12:07:00,18,5,SYNTHETIC_DEMO
L_20260914,2026-09-14T12:07:30,16,5,SYNTHETIC_DEMO
L_20260914,2026-09-14T12:08:00,14,5,SYNTHETIC_DEMO
L_20260914,2026-09-14T12:08:30,18,4,SYNTHETIC_DEMO
L_20260914,2026-09-14T12:09:00,17,5,SYNTHETIC_DEMO
L_20260914,2026-09-14T12:09:30,14,5,SYNTHETIC_DEMO
L_20260914,2026-09-14T12:10:00,15,5,SYNTHETIC_DEMO
L_20260914,2026-09-14T12:10:30,13,4,SYNTHETIC_DEMO
L_20260914,2026-09-14T12:11:00,15,5,SYNTHETIC_DEMO
L_20260914,2026-09-14T12:11:30,16,5,SYNTHETIC_DEMO
L_20260914,2026-09-14T12:12:00,13,4,SYNTHETIC_DEMO
L_20260914,2026-09-14T12:12:30,14,4,SYNTHETIC_DEMO
L_20260914,2026-09-14T12:13:00,13,4,SYNTHETIC_DEMO
L_20260914,2026-09-14T12:13:30,12,4,SYNTHETIC_DEMO
L_20260914,2026-09-14T12:14:00,12,5,SYNTHETIC_DEMO
L_20260914,2026-09-14T12:14:30,13,4,SYNTHETIC_DEMO
L_20260914,2026-09-14T12:15:00,12,5,SYNTHETIC_DEMO
L_20260914,2026-09-14T12:15:30,11,4,SYNTHETIC_DEMO
L_20260914,2026-09-14T12:16:00,10,4,SYNTHETIC_DEMO
L_20260914,2026-09-14T12:16:30,12,4,SYNTHETIC_DEMO
L_20260914,2026-09-14T12:17:00,9,4,SYNTHETIC_DEMO
L_20260914,2026-09-14T12:17:30,10,4,SYNTHETIC_DEMO
L_20260914,2026-09-14T12:18:00,12,4,SYNTHETIC_DEMO
L_20260914,2026-09-14T12:18:30,9,2,SYNTHETIC_DEMO
L_20260914,2026-09-14T12:19:00,10,4,SYNTHETIC_DEMO
L_20260914,2026-09-14T12:19:30,9,4,SYNTHETIC_DEMO
L_20260914,2026-09-14T12:20:00,9,4,SYNTHETIC_DEMO
L_20260914,2026-09-14T12:20:30,10,5,SYNTHETIC_DEMO
L_20260914,2026-09-14T12:21:00,9,3,SYNTHETIC_DEMO
L_20260914,2026-09-14T12:21:30,11,4,SYNTHETIC_DEMO
L_20260914,2026-09-14T12:22:00,9,5,SYNTHETIC_DEMO
L_20260914,2026-09-14T12:22:30,7,4,SYNTHETIC_DEMO
L_20260914,2026-09-14T12:23:00,8,4,SYNTHETIC_DEMO
L_20260914,2026-09-14T12:23:30,7,3,SYNTHETIC_DEMO
L_20260914,2026-09-14T12:24:00,6,3,SYNTHETIC_DEMO
L_20260914,2026-09-14T12:24:30,8,3,SYNTHETIC_DEMO
L_20260914,2026-09-14T12:25:00,7,3,SYNTHETIC_DEMO
L_20260914,2026-09-14T12:25:30,8,4,SYNTHETIC_DEMO
L_20260914,2026-09-14T12:26:00,6,4,SYNTHETIC_DEMO
L_20260914,2026-09-14T12:26:30,5,2,SYNTHETIC_DEMO
L_20260914,2026-09-14T12:27:00,8,3,SYNTHETIC_DEMO
L_20260914,2026-09-14T12:27:30,6,3,SYNTHETIC_DEMO
L_20260914,2026-09-14T12:28:00,5,4,SYNTHETIC_DEMO
L_20260914,2026-09-14T12:28:30,7,2,SYNTHETIC_DEMO
L_20260914,2026-09-14T12:29:00,7,3,SYNTHETIC_DEMO
L_20260914,2026-09-14T12:29:30,6,3,SYNTHETIC_DEMO
L_20260914,2026-09-14T12:30:00,4,3,SYNTHETIC_DEMO
L_20260914,2026-09-14T12:30:30,4,3,SYNTHETIC_DEMO
L_20260914,2026-09-14T12:31:00,5,3,SYNTHETIC_DEMO
L_20260914,2026-09-14T12:31:30,5,3,SYNTHETIC_DEMO
L_20260914,2026-09-14T12:32:00,3,2,SYNTHETIC_DEMO
L_20260914,2026-09-14T12:32:30,4,3,SYNTHETIC_DEMO
L_20260914,2026-09-14T12:33:00,3,2,SYNTHETIC_DEMO
L_20260914,2026-09-14T12:33:30,4,3,SYNTHETIC_DEMO
L_20260914,2026-09-14T12:34:00,4,3,SYNTHETIC_DEMO
L_20260914,2026-09-14T12:34:30,4,3,SYNTHETIC_DEMO
L_20260914,2026-09-14T12:35:00,3,3,SYNTHETIC_DEMO
L_20260914,2026-09-14T12:35:30,4,2,SYNTHETIC_DEMO
L_20260914,2026-09-14T12:36:00,4,3,SYNTHETIC_DEMO
L_20260914,2026-09-14T12:36:30,3,3,SYNTHETIC_DEMO
L_20260914,2026-09-14T12:37:00,1,2,SYNTHETIC_DEMO
L_20260914,2026-09-14T12:37:30,4,2,SYNTHETIC_DEMO
L_20260914,2026-09-14T12:38:00,2,2,SYNTHETIC_DEMO
L_20260914,2026-09-14T12:38:30,3,2,SYNTHETIC_DEMO
L_20260914,2026-09-14T12:39:00,3,3,SYNTHETIC_DEMO
L_20260914,2026-09-14T12:39:30,1,1,SYNTHETIC_DEMO
L_20260914,2026-09-14T12:40:00,3,3,SYNTHETIC_DEMO
L_20260914,2026-09-14T12:40:30,2,3,SYNTHETIC_DEMO
L_20260914,2026-09-14T12:41:00,2,3,SYNTHETIC_DEMO
L_20260914,2026-09-14T12:41:30,2,2,SYNTHETIC_DEMO
L_20260914,2026-09-14T12:42:00,2,3,SYNTHETIC_DEMO
L_20260914,2026-09-14T12:42:30,2,3,SYNTHETIC_DEMO
L_20260914,2026-09-14T12:43:00,1,2,SYNTHETIC_DEMO
L_20260914,2026-09-14T12:43:30,2,3,SYNTHETIC_DEMO
L_20260914,2026-09-14T12:44:00,3,3,SYNTHETIC_DEMO
L_20260914,2026-09-14T12:44:30,2,3,SYNTHETIC_DEMO
L_20260914,2026-09-14T12:45:00,2,2,SYNTHETIC_DEMO
L_20260914,2026-09-14T12:45:30,2,2,SYNTHETIC_DEMO
L_20260914,2026-09-14T12:46:00,2,3,SYNTHETIC_DEMO
L_20260914,2026-09-14T12:46:30,1,2,SYNTHETIC_DEMO
L_20260914,2026-09-14T12:47:00,2,2,SYNTHETIC_DEMO
L_20260914,2026-09-14T12:47:30,2,3,SYNTHETIC_DEMO
L_20260914,2026-09-14T12:48:00,2,3,SYNTHETIC_DEMO
L_20260914,2026-09-14T12:48:30,1,3,SYNTHETIC_DEMO
L_20260914,2026-09-14T12:49:00,1,2,SYNTHETIC_DEMO
L_20260914,2026-09-14T12:49:30,1,1,SYNTHETIC_DEMO
L_20260914,2026-09-14T12:50:00,2,2,SYNTHETIC_DEMO
L_20260914,2026-09-14T12:50:30,3,2,SYNTHETIC_DEMO
L_20260914,2026-09-14T12:51:00,1,3,SYNTHETIC_DEMO
L_20260914,2026-09-14T12:51:30,2,2,SYNTHETIC_DEMO
L_20260914,2026-09-14T12:52:00,2,3,SYNTHETIC_DEMO
L_20260914,2026-09-14T12:52:30,1,2,SYNTHETIC_DEMO
L_20260914,2026-09-14T12:53:00,1,1,SYNTHETIC_DEMO
L_20260914,2026-09-14T12:53:30,0,2,SYNTHETIC_DEMO
L_20260914,2026-09-14T12:54:00,1,2,SYNTHETIC_DEMO
L_20260914,2026-09-14T12:54:30,2,3,SYNTHETIC_DEMO
L_20260914,2026-09-14T12:55:00,1,3,SYNTHETIC_DEMO
L_20260914,2026-09-14T12:55:30,1,2,SYNTHETIC_DEMO
L_20260914,2026-09-14T12:56:00,0,2,SYNTHETIC_DEMO
L_20260914,2026-09-14T12:56:30,2,3,SYNTHETIC_DEMO
L_20260914,2026-09-14T12:57:00,0,2,SYNTHETIC_DEMO
L_20260914,2026-09-14T12:57:30,2,2,SYNTHETIC_DEMO
L_20260914,2026-09-14T12:58:00,2,2,SYNTHETIC_DEMO
L_20260914,2026-09-14T12:58:30,2,3,SYNTHETIC_DEMO
L_20260914,2026-09-14T12:59:00,2,2,SYNTHETIC_DEMO
L_20260914,2026-09-14T12:59:30,2,2,SYNTHETIC_DEMO
L_20260914,2026-09-14T13:00:00,1,3,SYNTHETIC_DEMO
L_20260914,2026-09-14T13:00:30,1,2,SYNTHETIC_DEMO
L_20260914,2026-09-14T13:01:00,1,2,SYNTHETIC_DEMO
L_20260914,2026-09-14T13:01:30,3,2,SYNTHETIC_DEMO
L_20260914,2026-09-14T13:02:00,0,3,SYNTHETIC_DEMO
L_20260914,2026-09-14T13:02:30,1,3,SYNTHETIC_DEMO
L_20260914,2026-09-14T13:03:00,3,2,SYNTHETIC_DEMO
L_20260914,2026-09-14T13:03:30,1,2,SYNTHETIC_DEMO
L_20260914,2026-09-14T13:04:00,1,3,SYNTHETIC_DEMO
L_20260914,2026-09-14T13:04:30,3,2,SYNTHETIC_DEMO
L_20260914,2026-09-14T13:05:00,1,3,SYNTHETIC_DEMO
L_20260914,2026-09-14T13:05:30,1,3,SYNTHETIC_DEMO
L_20260914,2026-09-14T13:06:00,1,2,SYNTHETIC_DEMO
L_20260914,2026-09-14T13:06:30,1,2,SYNTHETIC_DEMO
L_20260914,2026-09-14T13:07:00,2,1,SYNTHETIC_DEMO
L_20260914,2026-09-14T13:07:30,0,2,SYNTHETIC_DEMO
L_20260914,2026-09-14T13:08:00,0,2,SYNTHETIC_DEMO
L_20260914,2026-09-14T13:08:30,0,2,SYNTHETIC_DEMO
L_20260914,2026-09-14T13:09:00,4,3,SYNTHETIC_DEMO
L_20260914,2026-09-14T13:09:30,1,2,SYNTHETIC_DEMO
L_20260914,2026-09-14T13:10:00,0,3,SYNTHETIC_DEMO
L_20260914,2026-09-14T13:10:30,1,2,SYNTHETIC_DEMO
L_20260914,2026-09-14T13:11:00,0,2,SYNTHETIC_DEMO
L_20260914,2026-09-14T13:11:30,1,2,SYNTHETIC_DEMO
L_20260914,2026-09-14T13:12:00,1,2,SYNTHETIC_DEMO
L_20260914,2026-09-14T13:12:30,1,2,SYNTHETIC_DEMO
L_20260914,2026-09-14T13:13:00,0,2,SYNTHETIC_DEMO
L_20260914,2026-09-14T13:13:30,0,3,SYNTHETIC_DEMO
L_20260914,2026-09-14T13:14:00,1,1,SYNTHETIC_DEMO
L_20260914,2026-09-14T13:14:30,0,2,SYNTHETIC_DEMO
L_20260914,2026-09-14T13:15:00,1,2,SYNTHETIC_DEMO
L_20260914,2026-09-14T13:15:30,2,2,SYNTHETIC_DEMO
L_20260914,2026-09-14T13:16:00,2,2,SYNTHETIC_DEMO
L_20260914,2026-09-14T13:16:30,0,2,SYNTHETIC_DEMO
L_20260914,2026-09-14T13:17:00,1,3,SYNTHETIC_DEMO
L_20260914,2026-09-14T13:17:30,1,2,SYNTHETIC_DEMO
L_20260914,2026-09-14T13:18:00,2,2,SYNTHETIC_DEMO
L_20260914,2026-09-14T13:18:30,2,3,SYNTHETIC_DEMO
L_20260914,2026-09-14T13:19:00,0,2,SYNTHETIC_DEMO
L_20260914,2026-09-14T13:19:30,2,2,SYNTHETIC_DEMO
L_20260914,2026-09-14T13:20:00,0,2,SYNTHETIC_DEMO
L_20260914,2026-09-14T13:20:30,1,3,SYNTHETIC_DEMO
L_20260914,2026-09-14T13:21:00,0,2,SYNTHETIC_DEMO
L_20260914,2026-09-14T13:21:30,1,2,SYNTHETIC_DEMO
L_20260914,2026-09-14T13:22:00,2,2,SYNTHETIC_DEMO
L_20260914,2026-09-14T13:22:30,1,2,SYNTHETIC_DEMO
L_20260914,2026-09-14T13:23:00,2,2,SYNTHETIC_DEMO
L_20260914,2026-09-14T13:23:30,0,2,SYNTHETIC_DEMO
L_20260914,2026-09-14T13:24:00,2,3,SYNTHETIC_DEMO
L_20260914,2026-09-14T13:24:30,0,2,SYNTHETIC_DEMO
L_20260914,2026-09-14T13:25:00,2,2,SYNTHETIC_DEMO
L_20260914,2026-09-14T13:25:30,2,2,SYNTHETIC_DEMO
L_20260914,2026-09-14T13:26:00,2,3,SYNTHETIC_DEMO
L_20260914,2026-09-14T13:26:30,1,2,SYNTHETIC_DEMO
L_20260914,2026-09-14T13:27:00,1,2,SYNTHETIC_DEMO
L_20260914,2026-09-14T13:27:30,0,2,SYNTHETIC_DEMO
L_20260914,2026-09-14T13:28:00,0,1,SYNTHETIC_DEMO
L_20260914,2026-09-14T13:28:30,3,1,SYNTHETIC_DEMO
L_20260914,2026-09-14T13:29:00,1,2,SYNTHETIC_DEMO
L_20260914,2026-09-14T13:29:30,1,2,SYNTHETIC_DEMO
D_20260914,2026-09-14T17:00:00,2,2,SYNTHETIC_DEMO
D_20260914,2026-09-14T17:00:30,2,3,SYNTHETIC_DEMO
D_20260914,2026-09-14T17:01:00,2,3,SYNTHETIC_DEMO
D_20260914,2026-09-14T17:01:30,2,2,SYNTHETIC_DEMO
D_20260914,2026-09-14T17:02:00,1,3,SYNTHETIC_DEMO
D_20260914,2026-09-14T17:02:30,2,2,SYNTHETIC_DEMO
D_20260914,2026-09-14T17:03:00,3,3,SYNTHETIC_DEMO
D_20260914,2026-09-14T17:03:30,2,3,SYNTHETIC_DEMO
D_20260914,2026-09-14T17:04:00,4,2,SYNTHETIC_DEMO
D_20260914,2026-09-14T17:04:30,3,3,SYNTHETIC_DEMO
D_20260914,2026-09-14T17:05:00,3,2,SYNTHETIC_DEMO
D_20260914,2026-09-14T17:05:30,5,3,SYNTHETIC_DEMO
D_20260914,2026-09-14T17:06:00,3,2,SYNTHETIC_DEMO
D_20260914,2026-09-14T17:06:30,4,3,SYNTHETIC_DEMO
D_20260914,2026-09-14T17:07:00,3,4,SYNTHETIC_DEMO
D_20260914,2026-09-14T17:07:30,2,2,SYNTHETIC_DEMO
D_20260914,2026-09-14T17:08:00,4,2,SYNTHETIC_DEMO
D_20260914,2026-09-14T17:08:30,4,3,SYNTHETIC_DEMO
D_20260914,2026-09-14T17:09:00,5,2,SYNTHETIC_DEMO
D_20260914,2026-09-14T17:09:30,5,3,SYNTHETIC_DEMO
D_20260914,2026-09-14T17:10:00,4,2,SYNTHETIC_DEMO
D_20260914,2026-09-14T17:10:30,4,2,SYNTHETIC_DEMO
D_20260914,2026-09-14T17:11:00,6,2,SYNTHETIC_DEMO
D_20260914,2026-09-14T17:11:30,6,3,SYNTHETIC_DEMO
D_20260914,2026-09-14T17:12:00,6,4,SYNTHETIC_DEMO
D_20260914,2026-09-14T17:12:30,5,3,SYNTHETIC_DEMO
D_20260914,2026-09-14T17:13:00,8,3,SYNTHETIC_DEMO
D_20260914,2026-09-14T17:13:30,7,2,SYNTHETIC_DEMO
D_20260914,2026-09-14T17:14:00,6,4,SYNTHETIC_DEMO
D_20260914,2026-09-14T17:14:30,6,4,SYNTHETIC_DEMO
D_20260914,2026-09-14T17:15:00,7,2,SYNTHETIC_DEMO
D_20260914,2026-09-14T17:15:30,7,3,SYNTHETIC_DEMO
D_20260914,2026-09-14T17:16:00,7,4,SYNTHETIC_DEMO
D_20260914,2026-09-14T17:16:30,7,3,SYNTHETIC_DEMO
D_20260914,2026-09-14T17:17:00,8,4,SYNTHETIC_DEMO
D_20260914,2026-09-14T17:17:30,8,4,SYNTHETIC_DEMO
D_20260914,2026-09-14T17:18:00,8,2,SYNTHETIC_DEMO
D_20260914,2026-09-14T17:18:30,8,4,SYNTHETIC_DEMO
D_20260914,2026-09-14T17:19:00,10,4,SYNTHETIC_DEMO
D_20260914,2026-09-14T17:19:30,11,4,SYNTHETIC_DEMO
D_20260914,2026-09-14T17:20:00,10,3,SYNTHETIC_DEMO
D_20260914,2026-09-14T17:20:30,8,3,SYNTHETIC_DEMO
D_20260914,2026-09-14T17:21:00,10,4,SYNTHETIC_DEMO
D_20260914,2026-09-14T17:21:30,9,4,SYNTHETIC_DEMO
D_20260914,2026-09-14T17:22:00,11,3,SYNTHETIC_DEMO
D_20260914,2026-09-14T17:22:30,12,4,SYNTHETIC_DEMO
D_20260914,2026-09-14T17:23:00,12,4,SYNTHETIC_DEMO
D_20260914,2026-09-14T17:23:30,11,5,SYNTHETIC_DEMO
D_20260914,2026-09-14T17:24:00,14,5,SYNTHETIC_DEMO
D_20260914,2026-09-14T17:24:30,12,5,SYNTHETIC_DEMO
D_20260914,2026-09-14T17:25:00,13,5,SYNTHETIC_DEMO
D_20260914,2026-09-14T17:25:30,13,4,SYNTHETIC_DEMO
D_20260914,2026-09-14T17:26:00,12,4,SYNTHETIC_DEMO
D_20260914,2026-09-14T17:26:30,14,5,SYNTHETIC_DEMO
D_20260914,2026-09-14T17:27:00,13,3,SYNTHETIC_DEMO
D_20260914,2026-09-14T17:27:30,13,4,SYNTHETIC_DEMO
D_20260914,2026-09-14T17:28:00,13,5,SYNTHETIC_DEMO
D_20260914,2026-09-14T17:28:30,13,4,SYNTHETIC_DEMO
D_20260914,2026-09-14T17:29:00,15,5,SYNTHETIC_DEMO
D_20260914,2026-09-14T17:29:30,15,4,SYNTHETIC_DEMO
D_20260914,2026-09-14T17:30:00,15,6,SYNTHETIC_DEMO
D_20260914,2026-09-14T17:30:30,15,5,SYNTHETIC_DEMO
D_20260914,2026-09-14T17:31:00,14,5,SYNTHETIC_DEMO
D_20260914,2026-09-14T17:31:30,15,4,SYNTHETIC_DEMO
D_20260914,2026-09-14T17:32:00,16,5,SYNTHETIC_DEMO
D_20260914,2026-09-14T17:32:30,15,5,SYNTHETIC_DEMO
D_20260914,2026-09-14T17:33:00,15,5,SYNTHETIC_DEMO
D_20260914,2026-09-14T17:33:30,15,4,SYNTHETIC_DEMO
D_20260914,2026-09-14T17:34:00,16,5,SYNTHETIC_DEMO
D_20260914,2026-09-14T17:34:30,15,4,SYNTHETIC_DEMO
D_20260914,2026-09-14T17:35:00,17,5,SYNTHETIC_DEMO
D_20260914,2026-09-14T17:35:30,15,4,SYNTHETIC_DEMO
D_20260914,2026-09-14T17:36:00,15,5,SYNTHETIC_DEMO
D_20260914,2026-09-14T17:36:30,16,5,SYNTHETIC_DEMO
D_20260914,2026-09-14T17:37:00,16,5,SYNTHETIC_DEMO
D_20260914,2026-09-14T17:37:30,16,5,SYNTHETIC_DEMO
D_20260914,2026-09-14T17:38:00,16,5,SYNTHETIC_DEMO
D_20260914,2026-09-14T17:38:30,16,4,SYNTHETIC_DEMO
D_20260914,2026-09-14T17:39:00,16,4,SYNTHETIC_DEMO
D_20260914,2026-09-14T17:39:30,17,4,SYNTHETIC_DEMO
D_20260914,2026-09-14T17:40:00,15,5,SYNTHETIC_DEMO
D_20260914,2026-09-14T17:40:30,16,5,SYNTHETIC_DEMO
D_20260914,2026-09-14T17:41:00,17,5,SYNTHETIC_DEMO
D_20260914,2026-09-14T17:41:30,16,5,SYNTHETIC_DEMO
D_20260914,2026-09-14T17:42:00,16,5,SYNTHETIC_DEMO
D_20260914,2026-09-14T17:42:30,18,7,SYNTHETIC_DEMO
D_20260914,2026-09-14T17:43:00,16,5,SYNTHETIC_DEMO
D_20260914,2026-09-14T17:43:30,16,5,SYNTHETIC_DEMO
D_20260914,2026-09-14T17:44:00,17,5,SYNTHETIC_DEMO
D_20260914,2026-09-14T17:44:30,17,5,SYNTHETIC_DEMO
D_20260914,2026-09-14T17:45:00,15,5,SYNTHETIC_DEMO
D_20260914,2026-09-14T17:45:30,18,5,SYNTHETIC_DEMO
D_20260914,2026-09-14T17:46:00,16,5,SYNTHETIC_DEMO
D_20260914,2026-09-14T17:46:30,16,5,SYNTHETIC_DEMO
D_20260914,2026-09-14T17:47:00,15,4,SYNTHETIC_DEMO
D_20260914,2026-09-14T17:47:30,14,5,SYNTHETIC_DEMO
D_20260914,2026-09-14T17:48:00,15,4,SYNTHETIC_DEMO
D_20260914,2026-09-14T17:48:30,16,4,SYNTHETIC_DEMO
D_20260914,2026-09-14T17:49:00,14,6,SYNTHETIC_DEMO
D_20260914,2026-09-14T17:49:30,14,5,SYNTHETIC_DEMO
D_20260914,2026-09-14T17:50:00,14,5,SYNTHETIC_DEMO
D_20260914,2026-09-14T17:50:30,15,4,SYNTHETIC_DEMO
D_20260914,2026-09-14T17:51:00,14,4,SYNTHETIC_DEMO
D_20260914,2026-09-14T17:51:30,14,5,SYNTHETIC_DEMO
D_20260914,2026-09-14T17:52:00,14,4,SYNTHETIC_DEMO
D_20260914,2026-09-14T17:52:30,12,4,SYNTHETIC_DEMO
D_20260914,2026-09-14T17:53:00,13,4,SYNTHETIC_DEMO
D_20260914,2026-09-14T17:53:30,13,4,SYNTHETIC_DEMO
D_20260914,2026-09-14T17:54:00,11,4,SYNTHETIC_DEMO
D_20260914,2026-09-14T17:54:30,11,3,SYNTHETIC_DEMO
D_20260914,2026-09-14T17:55:00,13,4,SYNTHETIC_DEMO
D_20260914,2026-09-14T17:55:30,14,4,SYNTHETIC_DEMO
D_20260914,2026-09-14T17:56:00,11,4,SYNTHETIC_DEMO
D_20260914,2026-09-14T17:56:30,12,4,SYNTHETIC_DEMO
D_20260914,2026-09-14T17:57:00,12,3,SYNTHETIC_DEMO
D_20260914,2026-09-14T17:57:30,11,5,SYNTHETIC_DEMO
D_20260914,2026-09-14T17:58:00,12,3,SYNTHETIC_DEMO
D_20260914,2026-09-14T17:58:30,12,3,SYNTHETIC_DEMO
D_20260914,2026-09-14T17:59:00,10,4,SYNTHETIC_DEMO
D_20260914,2026-09-14T17:59:30,10,4,SYNTHETIC_DEMO
D_20260914,2026-09-14T18:00:00,10,4,SYNTHETIC_DEMO
D_20260914,2026-09-14T18:00:30,10,4,SYNTHETIC_DEMO
D_20260914,2026-09-14T18:01:00,10,4,SYNTHETIC_DEMO
D_20260914,2026-09-14T18:01:30,8,3,SYNTHETIC_DEMO
D_20260914,2026-09-14T18:02:00,8,3,SYNTHETIC_DEMO
D_20260914,2026-09-14T18:02:30,7,3,SYNTHETIC_DEMO
D_20260914,2026-09-14T18:03:00,9,4,SYNTHETIC_DEMO
D_20260914,2026-09-14T18:03:30,8,3,SYNTHETIC_DEMO
D_20260914,2026-09-14T18:04:00,8,4,SYNTHETIC_DEMO
D_20260914,2026-09-14T18:04:30,6,3,SYNTHETIC_DEMO
D_20260914,2026-09-14T18:05:00,6,3,SYNTHETIC_DEMO
D_20260914,2026-09-14T18:05:30,6,4,SYNTHETIC_DEMO
D_20260914,2026-09-14T18:06:00,6,3,SYNTHETIC_DEMO
D_20260914,2026-09-14T18:06:30,7,4,SYNTHETIC_DEMO
D_20260914,2026-09-14T18:07:00,6,2,SYNTHETIC_DEMO
D_20260914,2026-09-14T18:07:30,5,3,SYNTHETIC_DEMO
D_20260914,2026-09-14T18:08:00,5,4,SYNTHETIC_DEMO
D_20260914,2026-09-14T18:08:30,4,2,SYNTHETIC_DEMO
D_20260914,2026-09-14T18:09:00,6,2,SYNTHETIC_DEMO
D_20260914,2026-09-14T18:09:30,6,3,SYNTHETIC_DEMO
D_20260914,2026-09-14T18:10:00,5,3,SYNTHETIC_DEMO
D_20260914,2026-09-14T18:10:30,5,4,SYNTHETIC_DEMO
D_20260914,2026-09-14T18:11:00,5,3,SYNTHETIC_DEMO
D_20260914,2026-09-14T18:11:30,5,3,SYNTHETIC_DEMO
D_20260914,2026-09-14T18:12:00,3,3,SYNTHETIC_DEMO
D_20260914,2026-09-14T18:12:30,4,3,SYNTHETIC_DEMO
D_20260914,2026-09-14T18:13:00,6,3,SYNTHETIC_DEMO
D_20260914,2026-09-14T18:13:30,4,2,SYNTHETIC_DEMO
D_20260914,2026-09-14T18:14:00,4,3,SYNTHETIC_DEMO
D_20260914,2026-09-14T18:14:30,5,3,SYNTHETIC_DEMO
D_20260914,2026-09-14T18:15:00,4,3,SYNTHETIC_DEMO
D_20260914,2026-09-14T18:15:30,4,3,SYNTHETIC_DEMO
D_20260914,2026-09-14T18:16:00,3,2,SYNTHETIC_DEMO
D_20260914,2026-09-14T18:16:30,3,3,SYNTHETIC_DEMO
D_20260914,2026-09-14T18:17:00,3,2,SYNTHETIC_DEMO
D_20260914,2026-09-14T18:17:30,3,3,SYNTHETIC_DEMO
D_20260914,2026-09-14T18:18:00,2,2,SYNTHETIC_DEMO
D_20260914,2026-09-14T18:18:30,3,2,SYNTHETIC_DEMO
D_20260914,2026-09-14T18:19:00,4,2,SYNTHETIC_DEMO
D_20260914,2026-09-14T18:19:30,3,2,SYNTHETIC_DEMO
D_20260914,2026-09-14T18:20:00,3,2,SYNTHETIC_DEMO
D_20260914,2026-09-14T18:20:30,3,3,SYNTHETIC_DEMO
D_20260914,2026-09-14T18:21:00,3,3,SYNTHETIC_DEMO
D_20260914,2026-09-14T18:21:30,1,2,SYNTHETIC_DEMO
D_20260914,2026-09-14T18:22:00,2,2,SYNTHETIC_DEMO
D_20260914,2026-09-14T18:22:30,2,3,SYNTHETIC_DEMO
D_20260914,2026-09-14T18:23:00,2,3,SYNTHETIC_DEMO
D_20260914,2026-09-14T18:23:30,2,2,SYNTHETIC_DEMO
D_20260914,2026-09-14T18:24:00,2,3,SYNTHETIC_DEMO
D_20260914,2026-09-14T18:24:30,2,3,SYNTHETIC_DEMO
D_20260914,2026-09-14T18:25:00,2,3,SYNTHETIC_DEMO
D_20260914,2026-09-14T18:25:30,1,3,SYNTHETIC_DEMO
D_20260914,2026-09-14T18:26:00,2,3,SYNTHETIC_DEMO
D_20260914,2026-09-14T18:26:30,2,2,SYNTHETIC_DEMO
D_20260914,2026-09-14T18:27:00,0,3,SYNTHETIC_DEMO
D_20260914,2026-09-14T18:27:30,2,2,SYNTHETIC_DEMO
D_20260914,2026-09-14T18:28:00,1,2,SYNTHETIC_DEMO
D_20260914,2026-09-14T18:28:30,1,3,SYNTHETIC_DEMO
D_20260914,2026-09-14T18:29:00,1,2,SYNTHETIC_DEMO
D_20260914,2026-09-14T18:29:30,2,2,SYNTHETIC_DEMO
D_20260914,2026-09-14T18:30:00,1,2,SYNTHETIC_DEMO
D_20260914,2026-09-14T18:30:30,1,2,SYNTHETIC_DEMO
D_20260914,2026-09-14T18:31:00,3,3,SYNTHETIC_DEMO
D_20260914,2026-09-14T18:31:30,2,3,SYNTHETIC_DEMO
D_20260914,2026-09-14T18:32:00,2,3,SYNTHETIC_DEMO
D_20260914,2026-09-14T18:32:30,0,2,SYNTHETIC_DEMO
D_20260914,2026-09-14T18:33:00,2,3,SYNTHETIC_DEMO
D_20260914,2026-09-14T18:33:30,2,2,SYNTHETIC_DEMO
D_20260914,2026-09-14T18:34:00,1,2,SYNTHETIC_DEMO
D_20260914,2026-09-14T18:34:30,1,2,SYNTHETIC_DEMO
D_20260914,2026-09-14T18:35:00,1,3,SYNTHETIC_DEMO
D_20260914,2026-09-14T18:35:30,0,2,SYNTHETIC_DEMO
D_20260914,2026-09-14T18:36:00,1,2,SYNTHETIC_DEMO
D_20260914,2026-09-14T18:36:30,1,2,SYNTHETIC_DEMO
D_20260914,2026-09-14T18:37:00,1,2,SYNTHETIC_DEMO
D_20260914,2026-09-14T18:37:30,1,2,SYNTHETIC_DEMO
D_20260914,2026-09-14T18:38:00,1,2,SYNTHETIC_DEMO
D_20260914,2026-09-14T18:38:30,0,2,SYNTHETIC_DEMO
D_20260914,2026-09-14T18:39:00,1,2,SYNTHETIC_DEMO
D_20260914,2026-09-14T18:39:30,0,2,SYNTHETIC_DEMO
D_20260914,2026-09-14T18:40:00,2,3,SYNTHETIC_DEMO
D_20260914,2026-09-14T18:40:30,1,1,SYNTHETIC_DEMO
D_20260914,2026-09-14T18:41:00,2,2,SYNTHETIC_DEMO
D_20260914,2026-09-14T18:41:30,1,3,SYNTHETIC_DEMO
D_20260914,2026-09-14T18:42:00,0,3,SYNTHETIC_DEMO
D_20260914,2026-09-14T18:42:30,1,3,SYNTHETIC_DEMO
D_20260914,2026-09-14T18:43:00,1,2,SYNTHETIC_DEMO
D_20260914,2026-09-14T18:43:30,2,2,SYNTHETIC_DEMO
D_20260914,2026-09-14T18:44:00,0,3,SYNTHETIC_DEMO
D_20260914,2026-09-14T18:44:30,2,2,SYNTHETIC_DEMO
D_20260914,2026-09-14T18:45:00,2,2,SYNTHETIC_DEMO
D_20260914,2026-09-14T18:45:30,0,2,SYNTHETIC_DEMO
D_20260914,2026-09-14T18:46:00,2,2,SYNTHETIC_DEMO
D_20260914,2026-09-14T18:46:30,2,2,SYNTHETIC_DEMO
D_20260914,2026-09-14T18:47:00,2,2,SYNTHETIC_DEMO
D_20260914,2026-09-14T18:47:30,1,2,SYNTHETIC_DEMO
D_20260914,2026-09-14T18:48:00,0,2,SYNTHETIC_DEMO
D_20260914,2026-09-14T18:48:30,0,2,SYNTHETIC_DEMO
D_20260914,2026-09-14T18:49:00,1,2,SYNTHETIC_DEMO
D_20260914,2026-09-14T18:49:30,1,2,SYNTHETIC_DEMO
D_20260914,2026-09-14T18:50:00,0,2,SYNTHETIC_DEMO
D_20260914,2026-09-14T18:50:30,1,3,SYNTHETIC_DEMO
D_20260914,2026-09-14T18:51:00,1,2,SYNTHETIC_DEMO
D_20260914,2026-09-14T18:51:30,1,3,SYNTHETIC_DEMO
D_20260914,2026-09-14T18:52:00,1,2,SYNTHETIC_DEMO
D_20260914,2026-09-14T18:52:30,1,3,SYNTHETIC_DEMO
D_20260914,2026-09-14T18:53:00,2,2,SYNTHETIC_DEMO
D_20260914,2026-09-14T18:53:30,1,2,SYNTHETIC_DEMO
D_20260914,2026-09-14T18:54:00,2,2,SYNTHETIC_DEMO
D_20260914,2026-09-14T18:54:30,2,2,SYNTHETIC_DEMO
D_20260914,2026-09-14T18:55:00,0,1,SYNTHETIC_DEMO
D_20260914,2026-09-14T18:55:30,2,2,SYNTHETIC_DEMO
D_20260914,2026-09-14T18:56:00,1,2,SYNTHETIC_DEMO
D_20260914,2026-09-14T18:56:30,3,3,SYNTHETIC_DEMO
D_20260914,2026-09-14T18:57:00,0,3,SYNTHETIC_DEMO
D_20260914,2026-09-14T18:57:30,0,2,SYNTHETIC_DEMO
D_20260914,2026-09-14T18:58:00,1,3,SYNTHETIC_DEMO
D_20260914,2026-09-14T18:58:30,1,2,SYNTHETIC_DEMO
D_20260914,2026-09-14T18:59:00,0,2,SYNTHETIC_DEMO
D_20260914,2026-09-14T18:59:30,2,2,SYNTHETIC_DEMO
