session_id,timestamp,track_id,event,wait_seconds,queue_count,data_source
B_20260901,2026-09-01T06:20:45,1,ENTER,,7,SYNTHETIC_DEMO
B_20260901,2026-09-01T06:23:04,1,SERVED,138.5,7,SYNTHETIC_DEMO
B_20260901,2026-09-01T06:17:45,2,ENTER,,7,SYNTHETIC_DEMO
B_20260901,2026-09-01T06:20:28,2,SERVED,163.3,7,SYNTHETIC_DEMO
B_20260901,2026-09-01T06:23:32,3,ENTER,,6,SYNTHETIC_DEMO
B_20260901,2026-09-01T06:25:29,3,SERVED,116.9,6,SYNTHETIC_DEMO
B_20260901,2026-09-01T05:42:13,4,ENTER,,6,SYNTHETIC_DEMO
B_20260901,2026-09-01T05:44:48,4,SERVED,154.7,6,SYNTHETIC_DEMO
B_20260901,2026-09-01T06:29:10,5,ENTER,,3,SYNTHETIC_DEMO
B_20260901,2026-09-01T06:31:18,5,SERVED,128.2,3,SYNTHETIC_DEMO
B_20260901,2026-09-01T06:27:19,6,ENTER,,5,SYNTHETIC_DEMO
B_20260901,2026-09-01T06:29:31,6,SERVED,131.7,5,SYNTHETIC_DEMO
B_20260901,2026-09-01T05:30:00,7,ENTER,,3,SYNTHETIC_DEMO
B_20260901,2026-09-01T05:31:10,7,SERVED,70.7,3,SYNTHETIC_DEMO
B_20260901,2026-09-01T05:54:42,8,ENTER,,10,SYNTHETIC_DEMO
B_20260901,2026-09-01T05:57:36,8,SERVED,174.3,10,SYNTHETIC_DEMO
B_20260901,2026-09-01T05:56:19,9,ENTER,,11,SYNTHETIC_DEMO
B_20260901,2026-09-01T05:59:32,9,SERVED,193.6,11,SYNTHETIC_DEMO
B_20260901,2026-09-01T05:32:19,10,ENTER,,3,SYNTHETIC_DEMO
B_20260901,2026-09-01T05:33:20,10,SERVED,61.4,3,SYNTHETIC_DEMO
B_20260901,2026-09-01T06:06:12,11,ENTER,,11,SYNTHETIC_DEMO
B_20260901,2026-09-01T06:10:05,11,SERVED,232.1,11,SYNTHETIC_DEMO
B_20260901,2026-09-01T06:19:47,12,ENTER,,8,SYNTHETIC_DEMO
B_20260901,2026-09-01T06:22:51,12,SERVED,184.0,8,SYNTHETIC_DEMO
B_20260901,2026-09-01T06:06:37,13,ENTER,,11,SYNTHETIC_DEMO
B_20260901,2026-09-01T06:09:29,13,SERVED,171.4,11,SYNTHETIC_DEMO
B_20260901,2026-09-01T05:49:58,14,ENTER,,8,SYNTHETIC_DEMO
B_20260901,2026-09-01T05:52:28,14,SERVED,150.2,8,SYNTHETIC_DEMO
B_20260901,2026-09-01T06:36:00,15,ENTER,,3,SYNTHETIC_DEMO
B_20260901,2026-09-01T06:37:54,15,SERVED,113.6,3,SYNTHETIC_DEMO
B_20260901,2026-09-01T05:55:09,16,ENTER,,10,SYNTHETIC_DEMO
B_20260901,2026-09-01T05:58:46,16,SERVED,216.9,10,SYNTHETIC_DEMO
B_20260901,2026-09-01T06:21:15,17,ENTER,,7,SYNTHETIC_DEMO
B_20260901,2026-09-01T06:24:13,17,SERVED,178.2,7,SYNTHETIC_DEMO
B_20260901,2026-09-01T05:33:26,18,ENTER,,2,SYNTHETIC_DEMO
B_20260901,2026-09-01T05:34:28,18,SERVED,61.9,2,SYNTHETIC_DEMO
B_20260901,2026-09-01T05:55:19,19,ENTER,,10,SYNTHETIC_DEMO
B_20260901,2026-09-01T05:58:47,19,SERVED,208.0,10,SYNTHETIC_DEMO
B_20260901,2026-09-01T05:59:41,20,ENTER,,10,SYNTHETIC_DEMO
B_20260901,2026-09-01T06:02:50,20,SERVED,188.4,10,SYNTHETIC_DEMO
B_20260901,2026-09-01T06:31:12,21,ENTER,,5,SYNTHETIC_DEMO
B_20260901,2026-09-01T06:32:37,21,SERVED,84.9,5,SYNTHETIC_DEMO
B_20260901,2026-09-01T05:43:43,22,ENTER,,6,SYNTHETIC_DEMO
B_20260901,2026-09-01T05:45:46,22,SERVED,123.3,6,SYNTHETIC_DEMO
B_20260901,2026-09-01T05:53:50,23,ENTER,,9,SYNTHETIC_DEMO
B_20260901,2026-09-01T05:56:19,23,SERVED,149.5,9,SYNTHETIC_DEMO
B_20260901,2026-09-01T05:48:48,24,ENTER,,6,SYNTHETIC_DEMO
B_20260901,2026-09-01T05:51:31,24,SERVED,163.4,6,SYNTHETIC_DEMO
B_20260901,2026-09-01T05:30:00,25,ENTER,,3,SYNTHETIC_DEMO
B_20260901,2026-09-01T05:31:40,25,SERVED,100.3,3,SYNTHETIC_DEMO
B_20260901,2026-09-01T06:06:19,26,ENTER,,12,SYNTHETIC_DEMO
B_20260901,2026-09-01T06:09:35,26,SERVED,196.5,12,SYNTHETIC_DEMO
B_20260901,2026-09-01T06:05:04,27,ENTER,,9,SYNTHETIC_DEMO
B_20260901,2026-09-01T06:08:09,27,SERVED,184.9,9,SYNTHETIC_DEMO
B_20260901,2026-09-01T05:47:16,28,ENTER,,7,SYNTHETIC_DEMO
B_20260901,2026-09-01T05:49:42,28,SERVED,145.5,7,SYNTHETIC_DEMO
B_20260901,2026-09-01T06:04:09,29,ENTER,,11,SYNTHETIC_DEMO
B_20260901,2026-09-01T06:07:35,29,SERVED,206.1,11,SYNTHETIC_DEMO
B_20260901,2026-09-01T05:42:21,30,ENTER,,5,SYNTHETIC_DEMO
B_20260901,2026-09-01T05:43:58,30,SERVED,97.8,5,SYNTHETIC_DEMO
B_20260901,2026-09-01T05:43:49,31,ENTER,,6,SYNTHETIC_DEMO
B_20260901,2026-09-01T05:45:43,31,SERVED,114.5,6,SYNTHETIC_DEMO
B_20260901,2026-09-01T05:59:49,32,ENTER,,9,SYNTHETIC_DEMO
B_20260901,2026-09-01T06:02:07,32,SERVED,138.0,9,SYNTHETIC_DEMO
B_20260901,2026-09-01T05:52:40,33,ENTER,,9,SYNTHETIC_DEMO
B_20260901,2026-09-01T05:55:45,33,SERVED,184.6,9,SYNTHETIC_DEMO
B_20260901,2026-09-01T05:47:40,34,ENTER,,7,SYNTHETIC_DEMO
B_20260901,2026-09-01T05:50:42,34,SERVED,182.2,7,SYNTHETIC_DEMO
B_20260901,2026-09-01T05:51:52,35,ENTER,,9,SYNTHETIC_DEMO
B_20260901,2026-09-01T05:54:31,35,SERVED,158.9,9,SYNTHETIC_DEMO
B_20260901,2026-09-01T06:01:52,36,ENTER,,9,SYNTHETIC_DEMO
B_20260901,2026-09-01T06:05:02,36,SERVED,190.3,9,SYNTHETIC_DEMO
B_20260901,2026-09-01T06:00:12,37,ENTER,,9,SYNTHETIC_DEMO
B_20260901,2026-09-01T06:03:22,37,SERVED,190.0,9,SYNTHETIC_DEMO
B_20260901,2026-09-01T05:36:24,38,ENTER,,3,SYNTHETIC_DEMO
B_20260901,2026-09-01T05:38:05,38,SERVED,100.6,3,SYNTHETIC_DEMO
B_20260901,2026-09-01T06:13:19,39,ENTER,,9,SYNTHETIC_DEMO
B_20260901,2026-09-01T06:16:01,39,SERVED,162.8,9,SYNTHETIC_DEMO
B_20260901,2026-09-01T06:02:17,40,ENTER,,10,SYNTHETIC_DEMO
B_20260901,2026-09-01T06:04:50,40,SERVED,153.3,10,SYNTHETIC_DEMO
B_20260901,2026-09-01T05:52:25,41,ENTER,,10,SYNTHETIC_DEMO
B_20260901,2026-09-01T05:55:41,41,SERVED,195.9,10,SYNTHETIC_DEMO
B_20260901,2026-09-01T06:07:30,42,ENTER,,10,SYNTHETIC_DEMO
B_20260901,2026-09-01T06:10:21,42,SERVED,170.5,10,SYNTHETIC_DEMO
B_20260901,2026-09-01T05:36:59,43,ENTER,,6,SYNTHETIC_DEMO
B_20260901,2026-09-01T05:38:55,43,SERVED,115.4,6,SYNTHETIC_DEMO
B_20260901,2026-09-01T06:10:32,44,ENTER,,10,SYNTHETIC_DEMO
B_20260901,2026-09-01T06:13:37,44,SERVED,185.4,10,SYNTHETIC_DEMO
B_20260901,2026-09-01T06:00:32,45,ENTER,,10,SYNTHETIC_DEMO
B_20260901,2026-09-01T06:04:00,45,SERVED,208.4,10,SYNTHETIC_DEMO
B_20260901,2026-09-01T06:17:59,46,ENTER,,8,SYNTHETIC_DEMO
B_20260901,2026-09-01T06:20:43,46,SERVED,163.8,8,SYNTHETIC_DEMO
B_20260901,2026-09-01T05:42:08,47,ENTER,,5,SYNTHETIC_DEMO
B_20260901,2026-09-01T05:44:28,47,SERVED,139.8,5,SYNTHETIC_DEMO
B_20260901,2026-09-01T06:19:06,48,ENTER,,7,SYNTHETIC_DEMO
B_20260901,2026-09-01T06:21:38,48,SERVED,152.8,7,SYNTHETIC_DEMO
B_20260901,2026-09-01T05:58:35,49,ENTER,,10,SYNTHETIC_DEMO
B_20260901,2026-09-01T06:02:14,49,SERVED,219.1,10,SYNTHETIC_DEMO
B_20260901,2026-09-01T06:07:14,50,ENTER,,9,SYNTHETIC_DEMO
B_20260901,2026-09-01T06:09:50,50,SERVED,155.9,9,SYNTHETIC_DEMO
B_20260901,2026-09-01T06:06:36,51,ENTER,,11,SYNTHETIC_DEMO
B_20260901,2026-09-01T06:09:31,51,SERVED,174.5,11,SYNTHETIC_DEMO
B_20260901,2026-09-01T05:56:37,52,ENTER,,8,SYNTHETIC_DEMO
B_20260901,2026-09-01T05:58:43,52,SERVED,126.0,8,SYNTHETIC_DEMO
B_20260901,2026-09-01T05:56:54,53,ENTER,,11,SYNTHETIC_DEMO
B_20260901,2026-09-01T05:59:42,53,SERVED,168.3,11,SYNTHETIC_DEMO
B_20260901,2026-09-01T06:01:46,54,ENTER,,12,SYNTHETIC_DEMO
B_20260901,2026-09-01T06:05:24,54,SERVED,218.9,12,SYNTHETIC_DEMO
B_20260901,2026-09-01T06:08:10,55,ENTER,,10,SYNTHETIC_DEMO
B_20260901,2026-09-01T06:10:56,55,SERVED,166.2,10,SYNTHETIC_DEMO
B_20260901,2026-09-01T06:03:54,56,ENTER,,11,SYNTHETIC_DEMO
B_20260901,2026-09-01T06:06:42,56,SERVED,167.5,11,SYNTHETIC_DEMO
B_20260901,2026-09-01T05:34:09,57,ENTER,,2,SYNTHETIC_DEMO
B_20260901,2026-09-01T05:36:00,57,SERVED,110.7,2,SYNTHETIC_DEMO
B_20260901,2026-09-01T05:48:17,58,ENTER,,7,SYNTHETIC_DEMO
B_20260901,2026-09-01T05:50:37,58,SERVED,139.4,7,SYNTHETIC_DEMO
B_20260901,2026-09-01T05:44:12,59,ENTER,,6,SYNTHETIC_DEMO
B_20260901,2026-09-01T05:46:32,59,SERVED,140.3,6,SYNTHETIC_DEMO
B_20260901,2026-09-01T06:02:21,60,ENTER,,9,SYNTHETIC_DEMO
B_20260901,2026-09-01T06:04:40,60,SERVED,138.7,9,SYNTHETIC_DEMO
B_20260901,2026-09-01T05:46:49,61,ENTER,,5,SYNTHETIC_DEMO
B_20260901,2026-09-01T05:48:55,61,SERVED,126.3,5,SYNTHETIC_DEMO
B_20260901,2026-09-01T06:08:26,62,ENTER,,9,SYNTHETIC_DEMO
B_20260901,2026-09-01T06:11:24,62,SERVED,178.3,9,SYNTHETIC_DEMO
B_20260901,2026-09-01T06:15:57,63,ENTER,,10,SYNTHETIC_DEMO
B_20260901,2026-09-01T06:18:59,63,SERVED,181.8,10,SYNTHETIC_DEMO
B_20260901,2026-09-01T06:26:23,64,ENTER,,6,SYNTHETIC_DEMO
B_20260901,2026-09-01T06:28:59,64,SERVED,155.8,6,SYNTHETIC_DEMO
B_20260901,2026-09-01T05:44:52,65,ENTER,,6,SYNTHETIC_DEMO
B_20260901,2026-09-01T05:46:52,65,SERVED,120.3,6,SYNTHETIC_DEMO
B_20260901,2026-09-01T06:15:56,66,ENTER,,9,SYNTHETIC_DEMO
B_20260901,2026-09-01T06:18:49,66,SERVED,172.5,9,SYNTHETIC_DEMO
B_20260901,2026-09-01T05:37:35,67,ENTER,,5,SYNTHETIC_DEMO
B_20260901,2026-09-01T05:39:01,67,SERVED,86.6,5,SYNTHETIC_DEMO
B_20260901,2026-09-01T06:04:51,68,ENTER,,11,SYNTHETIC_DEMO
B_20260901,2026-09-01T06:08:29,68,SERVED,218.8,11,SYNTHETIC_DEMO
B_20260901,2026-09-01T06:05:26,69,ENTER,,10,SYNTHETIC_DEMO
B_20260901,2026-09-01T06:08:58,69,SERVED,212.6,10,SYNTHETIC_DEMO
B_20260901,2026-09-01T06:27:47,70,ENTER,,5,SYNTHETIC_DEMO
B_20260901,2026-09-01T06:29:56,70,SERVED,128.8,5,SYNTHETIC_DEMO
B_20260901,2026-09-01T05:58:54,71,ENTER,,10,SYNTHETIC_DEMO
B_20260901,2026-09-01T06:01:44,71,SERVED,169.2,10,SYNTHETIC_DEMO
B_20260901,2026-09-01T05:55:14,72,ENTER,,11,SYNTHETIC_DEMO
B_20260901,2026-09-01T05:58:32,72,SERVED,198.1,11,SYNTHETIC_DEMO
B_20260901,2026-09-01T05:40:27,73,ENTER,,4,SYNTHETIC_DEMO
B_20260901,2026-09-01T05:42:29,73,SERVED,121.9,4,SYNTHETIC_DEMO
B_20260901,2026-09-01T06:25:24,74,ENTER,,6,SYNTHETIC_DEMO
B_20260901,2026-09-01T06:27:17,74,SERVED,113.4,6,SYNTHETIC_DEMO
B_20260901,2026-09-01T06:41:40,75,ENTER,,3,SYNTHETIC_DEMO
B_20260901,2026-09-01T06:43:24,75,SERVED,104.2,3,SYNTHETIC_DEMO
B_20260901,2026-09-01T06:20:09,76,ENTER,,7,SYNTHETIC_DEMO
B_20260901,2026-09-01T06:22:50,76,SERVED,161.2,7,SYNTHETIC_DEMO
B_20260901,2026-09-01T05:42:31,77,ENTER,,5,SYNTHETIC_DEMO
B_20260901,2026-09-01T05:44:28,77,SERVED,116.9,5,SYNTHETIC_DEMO
B_20260901,2026-09-01T06:14:51,78,ENTER,,10,SYNTHETIC_DEMO
B_20260901,2026-09-01T06:18:15,78,SERVED,203.7,10,SYNTHETIC_DEMO
B_20260901,2026-09-01T06:36:09,79,ENTER,,4,SYNTHETIC_DEMO
B_20260901,2026-09-01T06:38:22,79,SERVED,132.3,4,SYNTHETIC_DEMO
B_20260901,2026-09-01T06:08:42,80,ENTER,,9,SYNTHETIC_DEMO
B_20260901,2026-09-01T06:10:59,80,SERVED,137.0,9,SYNTHETIC_DEMO
L_20260901,2026-09-01T11:53:10,1,ENTER,,24,SYNTHETIC_DEMO
L_20260901,2026-09-01T11:59:32,1,SERVED,382.1,24,SYNTHETIC_DEMO
L_20260901,2026-09-01T12:12:35,2,ENTER,,19,SYNTHETIC_DEMO
L_20260901,2026-09-01T12:17:46,2,SERVED,310.8,19,SYNTHETIC_DEMO
L_20260901,2026-09-01T11:30:00,3,ENTER,,9,SYNTHETIC_DEMO
L_20260901,2026-09-01T11:33:07,3,SERVED,187.1,9,SYNTHETIC_DEMO
L_20260901,2026-09-01T11:30:00,4,ENTER,,6,SYNTHETIC_DEMO
L_20260901,2026-09-01T11:31:59,4,SERVED,119.5,6,SYNTHETIC_DEMO
L_20260901,2026-09-01T12:09:28,5,ENTER,,20,SYNTHETIC_DEMO
L_20260901,2026-09-01T12:14:59,5,SERVED,330.2,20,SYNTHETIC_DEMO
L_20260901,2026-09-01T11:57:51,6,ENTER,,23,SYNTHETIC_DEMO
L_20260901,2026-09-01T12:03:50,6,SERVED,359.5,23,SYNTHETIC_DEMO
L_20260901,2026-09-01T11:43:11,7,ENTER,,17,SYNTHETIC_DEMO
L_20260901,2026-09-01T11:47:40,7,SERVED,268.5,17,SYNTHETIC_DEMO
L_20260901,2026-09-01T12:10:50,8,ENTER,,23,SYNTHETIC_DEMO
L_20260901,2026-09-01T12:16:46,8,SERVED,356.6,23,SYNTHETIC_DEMO
L_20260901,2026-09-01T12:05:12,9,ENTER,,24,SYNTHETIC_DEMO
L_20260901,2026-09-01T12:11:47,9,SERVED,395.6,24,SYNTHETIC_DEMO
L_20260901,2026-09-01T12:04:57,10,ENTER,,22,SYNTHETIC_DEMO
L_20260901,2026-09-01T12:11:10,10,SERVED,372.0,22,SYNTHETIC_DEMO
L_20260901,2026-09-01T11:42:18,11,ENTER,,17,SYNTHETIC_DEMO
L_20260901,2026-09-01T11:46:30,11,SERVED,251.8,17,SYNTHETIC_DEMO
L_20260901,2026-09-01T12:19:46,12,ENTER,,15,SYNTHETIC_DEMO
L_20260901,2026-09-01T12:24:17,12,SERVED,271.5,15,SYNTHETIC_DEMO
L_20260901,2026-09-01T12:10:51,13,ENTER,,21,SYNTHETIC_DEMO
L_20260901,2026-09-01T12:16:16,13,SERVED,324.8,21,SYNTHETIC_DEMO
L_20260901,2026-09-01T12:01:41,14,ENTER,,25,SYNTHETIC_DEMO
L_20260901,2026-09-01T12:07:50,14,SERVED,368.5,25,SYNTHETIC_DEMO
L_20260901,2026-09-01T11:36:32,15,ENTER,,11,SYNTHETIC_DEMO
L_20260901,2026-09-01T11:39:38,15,SERVED,185.5,11,SYNTHETIC_DEMO
L_20260901,2026-09-01T11:30:00,16,ENTER,,7,SYNTHETIC_DEMO
L_20260901,2026-09-01T11:32:16,16,SERVED,136.9,7,SYNTHETIC_DEMO
L_20260901,2026-09-01T12:22:09,17,ENTER,,12,SYNTHETIC_DEMO
L_20260901,2026-09-01T12:25:25,17,SERVED,196.7,12,SYNTHETIC_DEMO
L_20260901,2026-09-01T11:30:00,18,ENTER,,7,SYNTHETIC_DEMO
L_20260901,2026-09-01T11:32:49,18,SERVED,169.2,7,SYNTHETIC_DEMO
L_20260901,2026-09-01T12:09:47,19,ENTER,,22,SYNTHETIC_DEMO
L_20260901,2026-09-01T12:15:41,19,SERVED,354.6,22,SYNTHETIC_DEMO
L_20260901,2026-09-01T11:51:14,20,ENTER,,22,SYNTHETIC_DEMO
L_20260901,2026-09-01T11:57:23,20,SERVED,369.3,22,SYNTHETIC_DEMO
L_20260901,2026-09-01T11:52:34,21,ENTER,,24,SYNTHETIC_DEMO
L_20260901,2026-09-01T11:58:29,21,SERVED,354.4,24,SYNTHETIC_DEMO
L_20260901,2026-09-01T12:12:53,22,ENTER,,20,SYNTHETIC_DEMO
L_20260901,2026-09-01T12:18:43,22,SERVED,350.1,20,SYNTHETIC_DEMO
L_20260901,2026-09-01T11:42:19,23,ENTER,,16,SYNTHETIC_DEMO
L_20260901,2026-09-01T11:46:10,23,SERVED,231.1,16,SYNTHETIC_DEMO
L_20260901,2026-09-01T11:45:20,24,ENTER,,18,SYNTHETIC_DEMO
L_20260901,2026-09-01T11:50:47,24,SERVED,327.2,18,SYNTHETIC_DEMO
L_20260901,2026-09-01T12:45:30,25,ENTER,,2,SYNTHETIC_DEMO
L_20260901,2026-09-01T12:47:15,25,SERVED,104.8,2,SYNTHETIC_DEMO
L_20260901,2026-09-01T12:02:47,26,ENTER,,24,SYNTHETIC_DEMO
L_20260901,2026-09-01T12:08:43,26,SERVED,355.5,24,SYNTHETIC_DEMO
L_20260901,2026-09-01T11:56:21,27,ENTER,,24,SYNTHETIC_DEMO
L_20260901,2026-09-01T12:02:47,27,SERVED,385.6,24,SYNTHETIC_DEMO
L_20260901,2026-09-01T12:08:07,28,ENTER,,22,SYNTHETIC_DEMO
L_20260901,2026-09-01T12:13:34,28,SERVED,326.8,22,SYNTHETIC_DEMO
L_20260901,2026-09-01T11:30:00,29,ENTER,,6,SYNTHETIC_DEMO
L_20260901,2026-09-01T11:32:15,29,SERVED,135.2,6,SYNTHETIC_DEMO
L_20260901,2026-09-01T11:55:59,30,ENTER,,25,SYNTHETIC_DEMO
L_20260901,2026-09-01T12:01:50,30,SERVED,351.4,25,SYNTHETIC_DEMO
L_20260901,2026-09-01T12:06:01,31,ENTER,,22,SYNTHETIC_DEMO
L_20260901,2026-09-01T12:11:17,31,SERVED,316.4,22,SYNTHETIC_DEMO
L_20260901,2026-09-01T11:57:00,32,ENTER,,24,SYNTHETIC_DEMO
L_20260901,2026-09-01T12:03:12,32,SERVED,371.9,24,SYNTHETIC_DEMO
L_20260901,2026-09-01T12:13:07,33,ENTER,,20,SYNTHETIC_DEMO
L_20260901,2026-09-01T12:18:34,33,SERVED,326.3,20,SYNTHETIC_DEMO
L_20260901,2026-09-01T11:34:24,34,ENTER,,10,SYNTHETIC_DEMO
L_20260901,2026-09-01T11:37:01,34,SERVED,156.2,10,SYNTHETIC_DEMO
L_20260901,2026-09-01T12:22:15,35,ENTER,,12,SYNTHETIC_DEMO
L_20260901,2026-09-01T12:25:48,35,SERVED,212.9,12,SYNTHETIC_DEMO
L_20260901,2026-09-01T11:41:14,36,ENTER,,14,SYNTHETIC_DEMO
L_20260901,2026-09-01T11:45:11,36,SERVED,236.6,14,SYNTHETIC_DEMO
L_20260901,2026-09-01T12:15:11,37,ENTER,,17,SYNTHETIC_DEMO
L_20260901,2026-09-01T12:19:14,37,SERVED,243.6,17,SYNTHETIC_DEMO
L_20260901,2026-09-01T11:41:45,38,ENTER,,16,SYNTHETIC_DEMO
L_20260901,2026-09-01T11:46:20,38,SERVED,274.4,16,SYNTHETIC_DEMO
L_20260901,2026-09-01T11:58:19,39,ENTER,,24,SYNTHETIC_DEMO
L_20260901,2026-09-01T12:03:57,39,SERVED,338.0,24,SYNTHETIC_DEMO
L_20260901,2026-09-01T12:04:49,40,ENTER,,23,SYNTHETIC_DEMO
L_20260901,2026-09-01T12:11:06,40,SERVED,377.7,23,SYNTHETIC_DEMO
L_20260901,2026-09-01T11:50:29,41,ENTER,,20,SYNTHETIC_DEMO
L_20260901,2026-09-01T11:56:09,41,SERVED,340.4,20,SYNTHETIC_DEMO
L_20260901,2026-09-01T12:03:37,42,ENTER,,23,SYNTHETIC_DEMO
L_20260901,2026-09-01T12:09:20,42,SERVED,342.7,23,SYNTHETIC_DEMO
L_20260901,2026-09-01T12:01:49,43,ENTER,,25,SYNTHETIC_DEMO
L_20260901,2026-09-01T12:08:44,43,SERVED,415.2,25,SYNTHETIC_DEMO
L_20260901,2026-09-01T12:24:58,44,ENTER,,10,SYNTHETIC_DEMO
L_20260901,2026-09-01T12:27:46,44,SERVED,168.2,10,SYNTHETIC_DEMO
L_20260901,2026-09-01T12:06:47,45,ENTER,,24,SYNTHETIC_DEMO
L_20260901,2026-09-01T12:13:18,45,SERVED,391.0,24,SYNTHETIC_DEMO
L_20260901,2026-09-01T11:54:55,46,ENTER,,24,SYNTHETIC_DEMO
L_20260901,2026-09-01T12:00:56,46,SERVED,361.3,24,SYNTHETIC_DEMO
L_20260901,2026-09-01T11:58:12,47,ENTER,,23,SYNTHETIC_DEMO
L_20260901,2026-09-01T12:04:02,47,SERVED,349.4,23,SYNTHETIC_DEMO
L_20260901,2026-09-01T11:36:32,48,ENTER,,11,SYNTHETIC_DEMO
L_20260901,2026-09-01T11:40:22,48,SERVED,229.8,11,SYNTHETIC_DEMO
L_20260901,2026-09-01T12:10:10,49,ENTER,,20,SYNTHETIC_DEMO
L_20260901,2026-09-01T12:14:58,49,SERVED,287.7,20,SYNTHETIC_DEMO
L_20260901,2026-09-01T12:11:01,50,ENTER,,20,SYNTHETIC_DEMO
L_20260901,2026-09-01T12:16:06,50,SERVED,305.1,20,SYNTHETIC_DEMO
L_20260901,2026-09-01T11:50:54,51,ENTER,,21,SYNTHETIC_DEMO
L_20260901,2026-09-01T11:56:33,51,SERVED,338.6,21,SYNTHETIC_DEMO
L_20260901,2026-09-01T11:53:07,52,ENTER,,22,SYNTHETIC_DEMO
L_20260901,2026-09-01T11:58:18,52,SERVED,311.4,22,SYNTHETIC_DEMO
L_20260901,2026-09-01T11:30:00,53,ENTER,,9,SYNTHETIC_DEMO
L_20260901,2026-09-01T11:32:36,53,SERVED,156.6,9,SYNTHETIC_DEMO
L_20260901,2026-09-01T12:07:28,54,ENTER,,23,SYNTHETIC_DEMO
L_20260901,2026-09-01T12:13:36,54,SERVED,367.5,23,SYNTHETIC_DEMO
L_20260901,2026-09-01T12:09:31,55,ENTER,,20,SYNTHETIC_DEMO
L_20260901,2026-09-01T12:15:21,55,SERVED,350.6,20,SYNTHETIC_DEMO
L_20260901,2026-09-01T11:32:47,56,ENTER,,8,SYNTHETIC_DEMO
L_20260901,2026-09-01T11:34:53,56,SERVED,126.1,8,SYNTHETIC_DEMO
L_20260901,2026-09-01T12:03:24,57,ENTER,,23,SYNTHETIC_DEMO
L_20260901,2026-09-01T12:09:13,57,SERVED,349.2,23,SYNTHETIC_DEMO
L_20260901,2026-09-01T11:36:11,58,ENTER,,10,SYNTHETIC_DEMO
L_20260901,2026-09-01T11:39:49,58,SERVED,218.3,10,SYNTHETIC_DEMO
L_20260901,2026-09-01T12:02:08,59,ENTER,,23,SYNTHETIC_DEMO
L_20260901,2026-09-01T12:08:08,59,SERVED,359.7,23,SYNTHETIC_DEMO
L_20260901,2026-09-01T11:51:03,60,ENTER,,21,SYNTHETIC_DEMO
L_20260901,2026-09-01T11:56:06,60,SERVED,303.4,21,SYNTHETIC_DEMO
L_20260901,2026-09-01T11:40:12,61,ENTER,,14,SYNTHETIC_DEMO
L_20260901,2026-09-01T11:44:16,61,SERVED,243.2,14,SYNTHETIC_DEMO
L_20260901,2026-09-01T11:58:35,62,ENTER,,25,SYNTHETIC_DEMO
L_20260901,2026-09-01T12:05:35,62,SERVED,419.7,25,SYNTHETIC_DEMO
L_20260901,2026-09-01T12:20:07,63,ENTER,,13,SYNTHETIC_DEMO
L_20260901,2026-09-01T12:23:25,63,SERVED,198.4,13,SYNTHETIC_DEMO
L_20260901,2026-09-01T11:30:00,64,ENTER,,7,SYNTHETIC_DEMO
L_20260901,2026-09-01T11:32:22,64,SERVED,142.4,7,SYNTHETIC_DEMO
L_20260901,2026-09-01T11:43:58,65,ENTER,,15,SYNTHETIC_DEMO
L_20260901,2026-09-01T11:47:57,65,SERVED,239.0,15,SYNTHETIC_DEMO
L_20260901,2026-09-01T12:22:56,66,ENTER,,12,SYNTHETIC_DEMO
L_20260901,2026-09-01T12:26:57,66,SERVED,240.6,12,SYNTHETIC_DEMO
L_20260901,2026-09-01T11:49:06,67,ENTER,,19,SYNTHETIC_DEMO
L_20260901,2026-09-01T11:54:21,67,SERVED,314.7,19,SYNTHETIC_DEMO
L_20260901,2026-09-01T11:49:50,68,ENTER,,21,SYNTHETIC_DEMO
L_20260901,2026-09-01T11:55:00,68,SERVED,309.7,21,SYNTHETIC_DEMO
L_20260901,2026-09-01T12:01:09,69,ENTER,,24,SYNTHETIC_DEMO
L_20260901,2026-09-01T12:07:24,69,SERVED,374.7,24,SYNTHETIC_DEMO
L_20260901,2026-09-01T12:08:22,70,ENTER,,21,SYNTHETIC_DEMO
L_20260901,2026-09-01T12:14:02,70,SERVED,339.3,21,SYNTHETIC_DEMO
L_20260901,2026-09-01T11:31:13,71,ENTER,,11,SYNTHETIC_DEMO
L_20260901,2026-09-01T11:34:48,71,SERVED,215.0,11,SYNTHETIC_DEMO
L_20260901,2026-09-01T12:04:28,72,ENTER,,22,SYNTHETIC_DEMO
L_20260901,2026-09-01T12:09:42,72,SERVED,313.7,22,SYNTHETIC_DEMO
L_20260901,2026-09-01T11:46:18,73,ENTER,,18,SYNTHETIC_DEMO
L_20260901,2026-09-01T11:51:23,73,SERVED,304.6,18,SYNTHETIC_DEMO
L_20260901,2026-09-01T12:25:04,74,ENTER,,9,SYNTHETIC_DEMO
L_20260901,2026-09-01T12:28:07,74,SERVED,182.9,9,SYNTHETIC_DEMO
L_20260901,2026-09-01T12:20:48,75,ENTER,,13,SYNTHETIC_DEMO
L_20260901,2026-09-01T12:25:04,75,SERVED,255.2,13,SYNTHETIC_DEMO
L_20260901,2026-09-01T12:08:11,76,ENTER,,23,SYNTHETIC_DEMO
L_20260901,2026-09-01T12:13:45,76,SERVED,333.5,23,SYNTHETIC_DEMO
L_20260901,2026-09-01T11:55:20,77,ENTER,,23,SYNTHETIC_DEMO
L_20260901,2026-09-01T12:01:49,77,SERVED,389.3,23,SYNTHETIC_DEMO
L_20260901,2026-09-01T12:08:36,78,ENTER,,22,SYNTHETIC_DEMO
L_20260901,2026-09-01T12:14:30,78,SERVED,354.1,22,SYNTHETIC_DEMO
L_20260901,2026-09-01T12:11:59,79,ENTER,,20,SYNTHETIC_DEMO
L_20260901,2026-09-01T12:17:20,79,SERVED,320.4,20,SYNTHETIC_DEMO
L_20260901,2026-09-01T12:23:19,80,ENTER,,13,SYNTHETIC_DEMO
L_20260901,2026-09-01T12:26:40,80,SERVED,200.7,13,SYNTHETIC_DEMO
L_20260901,2026-09-01T11:54:59,81,ENTER,,23,SYNTHETIC_DEMO
L_20260901,2026-09-01T12:01:22,81,SERVED,382.3,23,SYNTHETIC_DEMO
L_20260901,2026-09-01T12:02:11,82,ENTER,,24,SYNTHETIC_DEMO
L_20260901,2026-09-01T12:07:49,82,SERVED,338.1,24,SYNTHETIC_DEMO
L_20260901,2026-09-01T11:34:17,83,ENTER,,9,SYNTHETIC_DEMO
L_20260901,2026-09-01T11:37:29,83,SERVED,192.0,9,SYNTHETIC_DEMO
L_20260901,2026-09-01T11:44:55,84,ENTER,,17,SYNTHETIC_DEMO
L_20260901,2026-09-01T11:49:42,84,SERVED,287.6,17,SYNTHETIC_DEMO
L_20260901,2026-09-01T12:22:07,85,ENTER,,12,SYNTHETIC_DEMO
L_20260901,2026-09-01T12:26:01,85,SERVED,234.3,12,SYNTHETIC_DEMO
L_20260901,2026-09-01T11:57:42,86,ENTER,,25,SYNTHETIC_DEMO
L_20260901,2026-09-01T12:03:35,86,SERVED,352.3,25,SYNTHETIC_DEMO
L_20260901,2026-09-01T11:46:33,87,ENTER,,19,SYNTHETIC_DEMO
L_20260901,2026-09-01T11:51:45,87,SERVED,312.5,19,SYNTHETIC_DEMO
L_20260901,2026-09-01T11:53:34,88,ENTER,,22,SYNTHETIC_DEMO
L_20260901,2026-09-01T11:59:44,88,SERVED,370.4,22,SYNTHETIC_DEMO
L_20260901,2026-09-01T12:13:06,89,ENTER,,20,SYNTHETIC_DEMO
L_20260901,2026-09-01T12:18:28,89,SERVED,322.4,20,SYNTHETIC_DEMO
L_20260901,2026-09-01T11:44:34,90,ENTER,,17,SYNTHETIC_DEMO
L_20260901,2026-09-01T11:48:54,90,SERVED,260.3,17,SYNTHETIC_DEMO
L_20260901,2026-09-01T11:55:04,91,ENTER,,24,SYNTHETIC_DEMO
L_20260901,2026-09-01T12:01:23,91,SERVED,379.1,24,SYNTHETIC_DEMO
L_20260901,2026-09-01T12:07:49,92,ENTER,,22,SYNTHETIC_DEMO
L_20260901,2026-09-01T12:13:21,92,SERVED,332.0,22,SYNTHETIC_DEMO
L_20260901,2026-09-01T11:46:58,93,ENTER,,20,SYNTHETIC_DEMO
L_20260901,2026-09-01T11:52:15,93,SERVED,317.9,20,SYNTHETIC_DEMO
L_20260901,2026-09-01T11:42:49,94,ENTER,,16,SYNTHETIC_DEMO
L_20260901,2026-09-01T11:46:40,94,SERVED,230.9,16,SYNTHETIC_DEMO
L_20260901,2026-09-01T11:30:00,95,ENTER,,7,SYNTHETIC_DEMO
L_20260901,2026-09-01T11:32:05,95,SERVED,125.9,7,SYNTHETIC_DEMO
L_20260901,2026-09-01T12:22:12,96,ENTER,,12,SYNTHETIC_DEMO
L_20260901,2026-09-01T12:26:12,96,SERVED,239.9,12,SYNTHETIC_DEMO
L_20260901,2026-09-01T11:35:36,97,ENTER,,11,SYNTHETIC_DEMO
L_20260901,2026-09-01T11:39:21,97,SERVED,224.2,11,SYNTHETIC_DEMO
L_20260901,2026-09-01T12:23:50,98,ENTER,,10,SYNTHETIC_DEMO
L_20260901,2026-09-01T12:27:15,98,SERVED,205.0,10,SYNTHETIC_DEMO
L_20260901,2026-09-01T11:38:54,99,ENTER,,13,SYNTHETIC_DEMO
L_20260901,2026-09-01T11:42:18,99,SERVED,203.6,13,SYNTHETIC_DEMO
L_20260901,2026-09-01T12:21:12,100,ENTER,,13,SYNTHETIC_DEMO
L_20260901,2026-09-01T12:25:17,100,SERVED,244.6,13,SYNTHETIC_DEMO
L_20260901,2026-09-01T12:30:08,101,ENTER,,7,SYNTHETIC_DEMO
L_20260901,2026-09-01T12:32:07,101,SERVED,119.0,7,SYNTHETIC_DEMO
L_20260901,2026-09-01T11:32:01,102,ENTER,,9,SYNTHETIC_DEMO
L_20260901,2026-09-01T11:34:42,102,SERVED,161.2,9,SYNTHETIC_DEMO
L_20260901,2026-09-01T12:00:24,103,ENTER,,24,SYNTHETIC_DEMO
L_20260901,2026-09-01T12:06:36,103,SERVED,371.5,24,SYNTHETIC_DEMO
L_20260901,2026-09-01T12:10:25,104,ENTER,,21,SYNTHETIC_DEMO
L_20260901,2026-09-01T12:15:44,104,SERVED,319.2,21,SYNTHETIC_DEMO
L_20260901,2026-09-01T11:33:41,105,ENTER,,9,SYNTHETIC_DEMO
L_20260901,2026-09-01T11:36:34,105,SERVED,173.9,9,SYNTHETIC_DEMO
L_20260901,2026-09-01T11:50:58,106,ENTER,,21,SYNTHETIC_DEMO
L_20260901,2026-09-01T11:57:04,106,SERVED,366.5,21,SYNTHETIC_DEMO
L_20260901,2026-09-01T11:54:29,107,ENTER,,24,SYNTHETIC_DEMO
L_20260901,2026-09-01T12:01:03,107,SERVED,394.4,24,SYNTHETIC_DEMO
L_20260901,2026-09-01T11:55:40,108,ENTER,,23,SYNTHETIC_DEMO
L_20260901,2026-09-01T12:02:00,108,SERVED,380.3,23,SYNTHETIC_DEMO
L_20260901,2026-09-01T11:34:14,109,ENTER,,7,SYNTHETIC_DEMO
L_20260901,2026-09-01T11:36:47,109,SERVED,152.4,7,SYNTHETIC_DEMO
L_20260901,2026-09-01T11:55:17,110,ENTER,,23,SYNTHETIC_DEMO
L_20260901,2026-09-01T12:00:40,110,SERVED,323.5,23,SYNTHETIC_DEMO
L_20260901,2026-09-01T12:34:12,111,ENTER,,5,SYNTHETIC_DEMO
L_20260901,2026-09-01T12:36:32,111,SERVED,139.9,5,SYNTHETIC_DEMO
L_20260901,2026-09-01T11:55:16,112,ENTER,,23,SYNTHETIC_DEMO
L_20260901,2026-09-01T12:00:49,112,SERVED,333.9,23,SYNTHETIC_DEMO
L_20260901,2026-09-01T11:31:59,113,ENTER,,7,SYNTHETIC_DEMO
L_20260901,2026-09-01T11:34:00,113,SERVED,121.0,7,SYNTHETIC_DEMO
L_20260901,2026-09-01T12:47:42,114,ENTER,,2,SYNTHETIC_DEMO
L_20260901,2026-09-01T12:48:08,114,ABANDONED,,2,SYNTHETIC_DEMO
L_20260901,2026-09-01T11:55:32,115,ENTER,,24,SYNTHETIC_DEMO
L_20260901,2026-09-01T12:01:56,115,SERVED,384.5,24,SYNTHETIC_DEMO
L_20260901,2026-09-01T12:07:01,116,ENTER,,21,SYNTHETIC_DEMO
L_20260901,2026-09-01T12:13:00,116,SERVED,358.0,21,SYNTHETIC_DEMO
L_20260901,2026-09-01T12:10:04,117,ENTER,,21,SYNTHETIC_DEMO
L_20260901,2026-09-01T12:15:14,117,SERVED,310.1,21,SYNTHETIC_DEMO
L_20260901,2026-09-01T11:47:12,118,ENTER,,18,SYNTHETIC_DEMO
L_20260901,2026-09-01T11:51:50,118,SERVED,278.2,18,SYNTHETIC_DEMO
L_20260901,2026-09-01T12:15:35,119,ENTER,,17,SYNTHETIC_DEMO
L_20260901,2026-09-01T12:20:03,119,SERVED,267.9,17,SYNTHETIC_DEMO
L_20260901,2026-09-01T11:54:46,120,ENTER,,22,SYNTHETIC_DEMO
L_20260901,2026-09-01T12:00:45,120,SERVED,358.3,22,SYNTHETIC_DEMO
L_20260901,2026-09-01T12:05:20,121,ENTER,,24,SYNTHETIC_DEMO
L_20260901,2026-09-01T12:11:35,121,SERVED,375.0,24,SYNTHETIC_DEMO
L_20260901,2026-09-01T12:16:34,122,ENTER,,16,SYNTHETIC_DEMO
L_20260901,2026-09-01T12:20:44,122,SERVED,250.0,16,SYNTHETIC_DEMO
L_20260901,2026-09-01T11:55:07,123,ENTER,,23,SYNTHETIC_DEMO
L_20260901,2026-09-01T12:00:54,123,SERVED,346.7,23,SYNTHETIC_DEMO
L_20260901,2026-09-01T12:04:29,124,ENTER,,23,SYNTHETIC_DEMO
L_20260901,2026-09-01T12:10:00,124,SERVED,330.4,23,SYNTHETIC_DEMO
L_20260901,2026-09-01T11:30:00,125,ENTER,,8,SYNTHETIC_DEMO
L_20260901,2026-09-01T11:33:02,125,SERVED,182.5,8,SYNTHETIC_DEMO
L_20260901,2026-09-01T12:05:34,126,ENTER,,23,SYNTHETIC_DEMO
L_20260901,2026-09-01T12:11:16,126,SERVED,342.3,23,SYNTHETIC_DEMO
L_20260901,2026-09-01T11:47:41,127,ENTER,,20,SYNTHETIC_DEMO
L_20260901,2026-09-01T11:52:42,127,SERVED,300.5,20,SYNTHETIC_DEMO
L_20260901,2026-09-01T12:07:22,128,ENTER,,24,SYNTHETIC_DEMO
L_20260901,2026-09-01T12:14:04,128,SERVED,402.0,24,SYNTHETIC_DEMO
L_20260901,2026-09-01T12:17:59,129,ENTER,,16,SYNTHETIC_DEMO
L_20260901,2026-09-01T12:22:31,129,SERVED,271.5,16,SYNTHETIC_DEMO
L_20260901,2026-09-01T11:48:07,130,ENTER,,19,SYNTHETIC_DEMO
L_20260901,2026-09-01T11:53:21,130,SERVED,314.7,19,SYNTHETIC_DEMO
L_20260901,2026-09-01T11:32:48,131,ENTER,,9,SYNTHETIC_DEMO
L_20260901,2026-09-01T11:35:12,131,SERVED,144.0,9,SYNTHETIC_DEMO
L_20260901,2026-09-01T12:25:16,132,ENTER,,10,SYNTHETIC_DEMO
L_20260901,2026-09-01T12:28:53,132,SERVED,216.9,10,SYNTHETIC_DEMO
L_20260901,2026-09-01T12:37:40,133,ENTER,,3,SYNTHETIC_DEMO
L_20260901,2026-09-01T12:39:12,133,SERVED,92.0,3,SYNTHETIC_DEMO
L_20260901,2026-09-01T12:17:09,134,ENTER,,16,SYNTHETIC_DEMO
L_20260901,2026-09-01T12:21:44,134,SERVED,275.7,16,SYNTHETIC_DEMO
L_20260901,2026-09-01T12:22:06,135,ENTER,,13,SYNTHETIC_DEMO
L_20260901,2026-09-01T12:25:54,135,SERVED,228.1,13,SYNTHETIC_DEMO
L_20260901,2026-09-01T12:40:46,136,ENTER,,2,SYNTHETIC_DEMO
L_20260901,2026-09-01T12:41:43,136,SERVED,57.0,2,SYNTHETIC_DEMO
L_20260901,2026-09-01T12:20:11,137,ENTER,,15,SYNTHETIC_DEMO
L_20260901,2026-09-01T12:24:59,137,SERVED,287.8,15,SYNTHETIC_DEMO
L_20260901,2026-09-01T11:30:00,138,ENTER,,7,SYNTHETIC_DEMO
L_20260901,2026-09-01T11:32:59,138,SERVED,179.7,7,SYNTHETIC_DEMO
L_20260901,2026-09-01T12:01:57,139,ENTER,,24,SYNTHETIC_DEMO
L_20260901,2026-09-01T12:08:12,139,SERVED,375.7,24,SYNTHETIC_DEMO
L_20260901,2026-09-01T12:16:16,140,ENTER,,17,SYNTHETIC_DEMO
L_20260901,2026-09-01T12:21:30,140,SERVED,313.6,17,SYNTHETIC_DEMO
L_20260901,2026-09-01T11:30:00,141,ENTER,,7,SYNTHETIC_DEMO
L_20260901,2026-09-01T11:32:51,141,SERVED,171.7,7,SYNTHETIC_DEMO
L_20260901,2026-09-01T12:03:26,142,ENTER,,25,SYNTHETIC_DEMO
L_20260901,2026-09-01T12:09:26,142,SERVED,359.7,25,SYNTHETIC_DEMO
L_20260901,2026-09-01T11:59:24,143,ENTER,,25,SYNTHETIC_DEMO
L_20260901,2026-09-01T12:06:05,143,SERVED,401.0,25,SYNTHETIC_DEMO
L_20260901,2026-09-01T11:30:00,144,ENTER,,6,SYNTHETIC_DEMO
L_20260901,2026-09-01T11:31:49,144,SERVED,109.8,6,SYNTHETIC_DEMO
L_20260901,2026-09-01T12:29:53,145,ENTER,,6,SYNTHETIC_DEMO
L_20260901,2026-09-01T12:32:07,145,SERVED,134.3,6,SYNTHETIC_DEMO
L_20260901,2026-09-01T11:53:47,146,ENTER,,23,SYNTHETIC_DEMO
L_20260901,2026-09-01T11:59:19,146,SERVED,331.7,23,SYNTHETIC_DEMO
L_20260901,2026-09-01T12:00:11,147,ENTER,,25,SYNTHETIC_DEMO
L_20260901,2026-09-01T12:06:16,147,SERVED,365.0,25,SYNTHETIC_DEMO
L_20260901,2026-09-01T12:16:15,148,ENTER,,16,SYNTHETIC_DEMO
L_20260901,2026-09-01T12:18:35,148,ABANDONED,,16,SYNTHETIC_DEMO
L_20260901,2026-09-01T11:42:31,149,ENTER,,15,SYNTHETIC_DEMO
L_20260901,2026-09-01T11:46:11,149,SERVED,220.5,15,SYNTHETIC_DEMO
L_20260901,2026-09-01T11:52:52,150,ENTER,,24,SYNTHETIC_DEMO
L_20260901,2026-09-01T11:59:03,150,SERVED,371.0,24,SYNTHETIC_DEMO
L_20260901,2026-09-01T11:55:02,151,ENTER,,23,SYNTHETIC_DEMO
L_20260901,2026-09-01T12:00:32,151,SERVED,330.1,23,SYNTHETIC_DEMO
L_20260901,2026-09-01T11:52:17,152,ENTER,,24,SYNTHETIC_DEMO
L_20260901,2026-09-01T11:58:07,152,SERVED,350.6,24,SYNTHETIC_DEMO
L_20260901,2026-09-01T12:18:58,153,ENTER,,16,SYNTHETIC_DEMO
L_20260901,2026-09-01T12:23:30,153,SERVED,272.8,16,SYNTHETIC_DEMO
L_20260901,2026-09-01T11:38:30,154,ENTER,,12,SYNTHETIC_DEMO
L_20260901,2026-09-01T11:42:05,154,SERVED,215.1,12,SYNTHETIC_DEMO
D_20260901,2026-09-01T17:49:09,1,ENTER,,14,SYNTHETIC_DEMO
D_20260901,2026-09-01T17:53:30,1,SERVED,261.0,14,SYNTHETIC_DEMO
D_20260901,2026-09-01T18:12:32,2,ENTER,,5,SYNTHETIC_DEMO
D_20260901,2026-09-01T18:14:10,2,SERVED,97.5,5,SYNTHETIC_DEMO
D_20260901,2026-09-01T17:24:56,3,ENTER,,11,SYNTHETIC_DEMO
D_20260901,2026-09-01T17:28:42,3,SERVED,225.3,11,SYNTHETIC_DEMO
D_20260901,2026-09-01T17:22:41,4,ENTER,,9,SYNTHETIC_DEMO
D_20260901,2026-09-01T17:25:42,4,SERVED,180.8,9,SYNTHETIC_DEMO
D_20260901,2026-09-01T17:17:41,5,ENTER,,9,SYNTHETIC_DEMO
D_20260901,2026-09-01T17:20:42,5,SERVED,181.3,9,SYNTHETIC_DEMO
D_20260901,2026-09-01T17:35:24,6,ENTER,,14,SYNTHETIC_DEMO
D_20260901,2026-09-01T17:39:31,6,SERVED,247.0,14,SYNTHETIC_DEMO
D_20260901,2026-09-01T17:46:40,7,ENTER,,14,SYNTHETIC_DEMO
D_20260901,2026-09-01T17:50:25,7,SERVED,224.8,14,SYNTHETIC_DEMO
D_20260901,2026-09-01T17:31:40,8,ENTER,,12,SYNTHETIC_DEMO
D_20260901,2026-09-01T17:35:07,8,SERVED,206.5,12,SYNTHETIC_DEMO
D_20260901,2026-09-01T17:30:27,9,ENTER,,13,SYNTHETIC_DEMO
D_20260901,2026-09-01T17:34:22,9,SERVED,235.4,13,SYNTHETIC_DEMO
D_20260901,2026-09-01T17:00:00,10,ENTER,,0,SYNTHETIC_DEMO
D_20260901,2026-09-01T17:00:57,10,SERVED,58.0,0,SYNTHETIC_DEMO
D_20260901,2026-09-01T17:51:03,11,ENTER,,13,SYNTHETIC_DEMO
D_20260901,2026-09-01T17:54:45,11,SERVED,222.1,13,SYNTHETIC_DEMO
D_20260901,2026-09-01T17:38:14,12,ENTER,,15,SYNTHETIC_DEMO
D_20260901,2026-09-01T17:42:00,12,SERVED,225.8,15,SYNTHETIC_DEMO
D_20260901,2026-09-01T18:03:07,13,ENTER,,7,SYNTHETIC_DEMO
D_20260901,2026-09-01T18:05:33,13,SERVED,146.0,7,SYNTHETIC_DEMO
D_20260901,2026-09-01T17:06:58,14,ENTER,,4,SYNTHETIC_DEMO
D_20260901,2026-09-01T17:08:44,14,SERVED,106.0,4,SYNTHETIC_DEMO
D_20260901,2026-09-01T18:13:12,15,ENTER,,4,SYNTHETIC_DEMO
D_20260901,2026-09-01T18:14:44,15,SERVED,91.8,4,SYNTHETIC_DEMO
D_20260901,2026-09-01T17:28:11,16,ENTER,,12,SYNTHETIC_DEMO
D_20260901,2026-09-01T17:31:41,16,SERVED,209.3,12,SYNTHETIC_DEMO
D_20260901,2026-09-01T17:42:31,17,ENTER,,14,SYNTHETIC_DEMO
D_20260901,2026-09-01T17:46:02,17,SERVED,211.0,14,SYNTHETIC_DEMO
D_20260901,2026-09-01T17:45:51,18,ENTER,,13,SYNTHETIC_DEMO
D_20260901,2026-09-01T17:49:27,18,SERVED,216.0,13,SYNTHETIC_DEMO
D_20260901,2026-09-01T18:10:47,19,ENTER,,5,SYNTHETIC_DEMO
D_20260901,2026-09-01T18:12:50,19,SERVED,123.3,5,SYNTHETIC_DEMO
D_20260901,2026-09-01T18:10:07,20,ENTER,,5,SYNTHETIC_DEMO
D_20260901,2026-09-01T18:12:25,20,SERVED,138.1,5,SYNTHETIC_DEMO
D_20260901,2026-09-01T18:01:51,21,ENTER,,8,SYNTHETIC_DEMO
D_20260901,2026-09-01T18:04:20,21,SERVED,148.7,8,SYNTHETIC_DEMO
D_20260901,2026-09-01T17:00:00,22,ENTER,,3,SYNTHETIC_DEMO
D_20260901,2026-09-01T17:01:53,22,SERVED,113.4,3,SYNTHETIC_DEMO
D_20260901,2026-09-01T17:49:54,23,ENTER,,12,SYNTHETIC_DEMO
D_20260901,2026-09-01T17:53:16,23,SERVED,201.6,12,SYNTHETIC_DEMO
D_20260901,2026-09-01T17:31:54,24,ENTER,,13,SYNTHETIC_DEMO
D_20260901,2026-09-01T17:35:13,24,SERVED,199.6,13,SYNTHETIC_DEMO
D_20260901,2026-09-01T17:41:52,25,ENTER,,15,SYNTHETIC_DEMO
D_20260901,2026-09-01T17:45:53,25,SERVED,241.3,15,SYNTHETIC_DEMO
D_20260901,2026-09-01T17:22:50,26,ENTER,,10,SYNTHETIC_DEMO
D_20260901,2026-09-01T17:26:10,26,SERVED,200.7,10,SYNTHETIC_DEMO
D_20260901,2026-09-01T17:35:42,27,ENTER,,16,SYNTHETIC_DEMO
D_20260901,2026-09-01T17:40:42,27,SERVED,300.2,16,SYNTHETIC_DEMO
D_20260901,2026-09-01T18:22:23,28,ENTER,,3,SYNTHETIC_DEMO
D_20260901,2026-09-01T18:24:17,28,SERVED,114.2,3,SYNTHETIC_DEMO
D_20260901,2026-09-01T18:20:07,29,ENTER,,2,SYNTHETIC_DEMO
D_20260901,2026-09-01T18:21:01,29,SERVED,53.5,2,SYNTHETIC_DEMO
D_20260901,2026-09-01T17:40:03,30,ENTER,,16,SYNTHETIC_DEMO
D_20260901,2026-09-01T17:44:52,30,SERVED,288.9,16,SYNTHETIC_DEMO
D_20260901,2026-09-01T17:29:37,31,ENTER,,12,SYNTHETIC_DEMO
D_20260901,2026-09-01T17:33:15,31,SERVED,218.0,12,SYNTHETIC_DEMO
D_20260901,2026-09-01T17:21:10,32,ENTER,,9,SYNTHETIC_DEMO
D_20260901,2026-09-01T17:24:12,32,SERVED,182.4,9,SYNTHETIC_DEMO
D_20260901,2026-09-01T18:00:04,33,ENTER,,9,SYNTHETIC_DEMO
D_20260901,2026-09-01T18:02:41,33,SERVED,156.8,9,SYNTHETIC_DEMO
D_20260901,2026-09-01T17:06:40,34,ENTER,,5,SYNTHETIC_DEMO
D_20260901,2026-09-01T17:07:33,34,ABANDONED,,5,SYNTHETIC_DEMO
D_20260901,2026-09-01T17:44:54,35,ENTER,,13,SYNTHETIC_DEMO
D_20260901,2026-09-01T17:48:56,35,SERVED,242.2,13,SYNTHETIC_DEMO
D_20260901,2026-09-01T17:30:19,36,ENTER,,12,SYNTHETIC_DEMO
D_20260901,2026-09-01T17:33:20,36,SERVED,181.0,12,SYNTHETIC_DEMO
D_20260901,2026-09-01T17:44:15,37,ENTER,,15,SYNTHETIC_DEMO
D_20260901,2026-09-01T17:48:06,37,SERVED,231.3,15,SYNTHETIC_DEMO
D_20260901,2026-09-01T17:48:34,38,ENTER,,13,SYNTHETIC_DEMO
D_20260901,2026-09-01T17:52:26,38,SERVED,231.2,13,SYNTHETIC_DEMO
D_20260901,2026-09-01T17:21:43,39,ENTER,,9,SYNTHETIC_DEMO
D_20260901,2026-09-01T17:24:49,39,SERVED,185.9,9,SYNTHETIC_DEMO
D_20260901,2026-09-01T18:08:22,40,ENTER,,6,SYNTHETIC_DEMO
D_20260901,2026-09-01T18:10:32,40,SERVED,130.3,6,SYNTHETIC_DEMO
D_20260901,2026-09-01T17:53:30,41,ENTER,,11,SYNTHETIC_DEMO
D_20260901,2026-09-01T17:56:13,41,SERVED,163.2,11,SYNTHETIC_DEMO
D_20260901,2026-09-01T17:49:00,42,ENTER,,14,SYNTHETIC_DEMO
D_20260901,2026-09-01T17:52:33,42,SERVED,212.3,14,SYNTHETIC_DEMO
D_20260901,2026-09-01T18:05:08,43,ENTER,,8,SYNTHETIC_DEMO
D_20260901,2026-09-01T18:07:32,43,SERVED,143.3,8,SYNTHETIC_DEMO
D_20260901,2026-09-01T17:39:57,44,ENTER,,16,SYNTHETIC_DEMO
D_20260901,2026-09-01T17:44:51,44,SERVED,294.3,16,SYNTHETIC_DEMO
D_20260901,2026-09-01T17:26:25,45,ENTER,,12,SYNTHETIC_DEMO
D_20260901,2026-09-01T17:30:11,45,SERVED,226.8,12,SYNTHETIC_DEMO
D_20260901,2026-09-01T17:22:32,46,ENTER,,9,SYNTHETIC_DEMO
D_20260901,2026-09-01T17:24:49,46,SERVED,136.9,9,SYNTHETIC_DEMO
D_20260901,2026-09-01T17:49:37,47,ENTER,,13,SYNTHETIC_DEMO
D_20260901,2026-09-01T17:51:36,47,ABANDONED,,13,SYNTHETIC_DEMO
D_20260901,2026-09-01T17:27:38,48,ENTER,,10,SYNTHETIC_DEMO
D_20260901,2026-09-01T17:31:19,48,SERVED,221.1,10,SYNTHETIC_DEMO
D_20260901,2026-09-01T17:45:10,49,ENTER,,14,SYNTHETIC_DEMO
D_20260901,2026-09-01T17:49:00,49,SERVED,230.4,14,SYNTHETIC_DEMO
D_20260901,2026-09-01T17:53:52,50,ENTER,,12,SYNTHETIC_DEMO
D_20260901,2026-09-01T17:57:52,50,SERVED,239.8,12,SYNTHETIC_DEMO
D_20260901,2026-09-01T17:44:54,51,ENTER,,13,SYNTHETIC_DEMO
D_20260901,2026-09-01T17:48:14,51,SERVED,199.2,13,SYNTHETIC_DEMO
D_20260901,2026-09-01T17:55:20,52,ENTER,,11,SYNTHETIC_DEMO
D_20260901,2026-09-01T17:58:03,52,SERVED,163.8,11,SYNTHETIC_DEMO
D_20260901,2026-09-01T17:10:13,53,ENTER,,5,SYNTHETIC_DEMO
D_20260901,2026-09-01T17:12:22,53,SERVED,129.2,5,SYNTHETIC_DEMO
D_20260901,2026-09-01T17:14:06,54,ENTER,,7,SYNTHETIC_DEMO
D_20260901,2026-09-01T17:16:58,54,SERVED,172.3,7,SYNTHETIC_DEMO
D_20260901,2026-09-01T18:06:58,55,ENTER,,6,SYNTHETIC_DEMO
D_20260901,2026-09-01T18:09:18,55,SERVED,139.6,6,SYNTHETIC_DEMO
D_20260901,2026-09-01T17:56:55,56,ENTER,,10,SYNTHETIC_DEMO
D_20260901,2026-09-01T17:59:35,56,SERVED,160.1,10,SYNTHETIC_DEMO
D_20260901,2026-09-01T18:01:55,57,ENTER,,8,SYNTHETIC_DEMO
D_20260901,2026-09-01T18:04:41,57,SERVED,166.8,8,SYNTHETIC_DEMO
D_20260901,2026-09-01T17:45:32,58,ENTER,,13,SYNTHETIC_DEMO
D_20260901,2026-09-01T17:49:43,58,SERVED,250.6,13,SYNTHETIC_DEMO
D_20260901,2026-09-01T17:32:17,59,ENTER,,14,SYNTHETIC_DEMO
D_20260901,2026-09-01T17:36:17,59,SERVED,239.5,14,SYNTHETIC_DEMO
D_20260901,2026-09-01T17:38:06,60,ENTER,,15,SYNTHETIC_DEMO
D_20260901,2026-09-01T17:42:47,60,SERVED,280.6,15,SYNTHETIC_DEMO
D_20260901,2026-09-01T17:30:13,61,ENTER,,13,SYNTHETIC_DEMO
D_20260901,2026-09-01T17:33:58,61,SERVED,225.6,13,SYNTHETIC_DEMO
D_20260901,2026-09-01T17:00:00,62,ENTER,,2,SYNTHETIC_DEMO
D_20260901,2026-09-01T17:01:55,62,SERVED,115.5,2,SYNTHETIC_DEMO
D_20260901,2026-09-01T18:06:49,63,ENTER,,7,SYNTHETIC_DEMO
D_20260901,2026-09-01T18:09:20,63,SERVED,151.3,7,SYNTHETIC_DEMO
D_20260901,2026-09-01T17:26:07,64,ENTER,,10,SYNTHETIC_DEMO
D_20260901,2026-09-01T17:29:46,64,SERVED,218.7,10,SYNTHETIC_DEMO
D_20260901,2026-09-01T17:47:26,65,ENTER,,14,SYNTHETIC_DEMO
D_20260901,2026-09-01T17:51:07,65,SERVED,221.7,14,SYNTHETIC_DEMO
D_20260901,2026-09-01T18:12:46,66,ENTER,,4,SYNTHETIC_DEMO
D_20260901,2026-09-01T18:14:34,66,SERVED,107.3,4,SYNTHETIC_DEMO
D_20260901,2026-09-01T17:19:16,67,ENTER,,8,SYNTHETIC_DEMO
D_20260901,2026-09-01T17:22:10,67,SERVED,174.1,8,SYNTHETIC_DEMO
D_20260901,2026-09-01T17:13:03,68,ENTER,,5,SYNTHETIC_DEMO
D_20260901,2026-09-01T17:14:47,68,SERVED,104.0,5,SYNTHETIC_DEMO
D_20260901,2026-09-01T17:26:33,69,ENTER,,11,SYNTHETIC_DEMO
D_20260901,2026-09-01T17:30:14,69,SERVED,221.4,11,SYNTHETIC_DEMO
D_20260901,2026-09-01T17:18:03,70,ENTER,,8,SYNTHETIC_DEMO
D_20260901,2026-09-01T17:21:07,70,SERVED,183.7,8,SYNTHETIC_DEMO
D_20260901,2026-09-01T18:08:20,71,ENTER,,5,SYNTHETIC_DEMO
D_20260901,2026-09-01T18:10:37,71,SERVED,136.6,5,SYNTHETIC_DEMO
D_20260901,2026-09-01T17:47:56,72,ENTER,,14,SYNTHETIC_DEMO
D_20260901,2026-09-01T17:51:50,72,SERVED,234.1,14,SYNTHETIC_DEMO
D_20260901,2026-09-01T17:26:39,73,ENTER,,11,SYNTHETIC_DEMO
D_20260901,2026-09-01T17:30:16,73,SERVED,216.6,11,SYNTHETIC_DEMO
D_20260901,2026-09-01T18:02:56,74,ENTER,,8,SYNTHETIC_DEMO
D_20260901,2026-09-01T18:05:50,74,SERVED,174.1,8,SYNTHETIC_DEMO
D_20260901,2026-09-01T18:03:16,75,ENTER,,7,SYNTHETIC_DEMO
D_20260901,2026-09-01T18:06:03,75,SERVED,166.8,7,SYNTHETIC_DEMO
D_20260901,2026-09-01T17:45:11,76,ENTER,,15,SYNTHETIC_DEMO
D_20260901,2026-09-01T17:49:43,76,SERVED,272.2,15,SYNTHETIC_DEMO
D_20260901,2026-09-01T18:05:58,77,ENTER,,5,SYNTHETIC_DEMO
D_20260901,2026-09-01T18:07:24,77,SERVED,86.1,5,SYNTHETIC_DEMO
D_20260901,2026-09-01T17:38:59,78,ENTER,,15,SYNTHETIC_DEMO
D_20260901,2026-09-01T17:43:27,78,SERVED,267.3,15,SYNTHETIC_DEMO
D_20260901,2026-09-01T17:59:30,79,ENTER,,9,SYNTHETIC_DEMO
D_20260901,2026-09-01T18:02:13,79,SERVED,162.7,9,SYNTHETIC_DEMO
D_20260901,2026-09-01T17:22:31,80,ENTER,,9,SYNTHETIC_DEMO
D_20260901,2026-09-01T17:25:06,80,SERVED,155.2,9,SYNTHETIC_DEMO
D_20260901,2026-09-01T17:11:21,81,ENTER,,4,SYNTHETIC_DEMO
D_20260901,2026-09-01T17:12:48,81,SERVED,87.2,4,SYNTHETIC_DEMO
D_20260901,2026-09-01T18:18:21,82,ENTER,,3,SYNTHETIC_DEMO
D_20260901,2026-09-01T18:19:36,82,SERVED,75.2,3,SYNTHETIC_DEMO
D_20260901,2026-09-01T17:31:32,83,ENTER,,14,SYNTHETIC_DEMO
D_20260901,2026-09-01T17:36:02,83,SERVED,269.8,14,SYNTHETIC_DEMO
D_20260901,2026-09-01T17:00:00,84,ENTER,,2,SYNTHETIC_DEMO
D_20260901,2026-09-01T17:01:37,84,SERVED,97.7,2,SYNTHETIC_DEMO
D_20260901,2026-09-01T17:30:57,85,ENTER,,14,SYNTHETIC_DEMO
D_20260901,2026-09-01T17:35:11,85,SERVED,254.7,14,SYNTHETIC_DEMO
D_20260901,2026-09-01T17:57:03,86,ENTER,,10,SYNTHETIC_DEMO
D_20260901,2026-09-01T18:00:09,86,SERVED,186.1,10,SYNTHETIC_DEMO
D_20260901,2026-09-01T17:55:30,87,ENTER,,12,SYNTHETIC_DEMO
D_20260901,2026-09-01T17:59:38,87,SERVED,247.1,12,SYNTHETIC_DEMO
D_20260901,2026-09-01T18:00:18,88,ENTER,,9,SYNTHETIC_DEMO
D_20260901,2026-09-01T18:02:55,88,SERVED,157.1,9,SYNTHETIC_DEMO
D_20260901,2026-09-01T17:28:09,89,ENTER,,13,SYNTHETIC_DEMO
D_20260901,2026-09-01T17:31:19,89,SERVED,190.2,13,SYNTHETIC_DEMO
D_20260901,2026-09-01T17:24:19,90,ENTER,,10,SYNTHETIC_DEMO
D_20260901,2026-09-01T17:27:34,90,SERVED,194.8,10,SYNTHETIC_DEMO
D_20260901,2026-09-01T17:20:26,91,ENTER,,8,SYNTHETIC_DEMO
D_20260901,2026-09-01T17:23:25,91,SERVED,179.2,8,SYNTHETIC_DEMO
D_20260901,2026-09-01T18:07:24,92,ENTER,,5,SYNTHETIC_DEMO
D_20260901,2026-09-01T18:08:15,92,ABANDONED,,5,SYNTHETIC_DEMO
D_20260901,2026-09-01T17:27:41,93,ENTER,,12,SYNTHETIC_DEMO
D_20260901,2026-09-01T17:31:03,93,SERVED,201.3,12,SYNTHETIC_DEMO
D_20260901,2026-09-01T18:15:12,94,ENTER,,2,SYNTHETIC_DEMO
D_20260901,2026-09-01T18:15:56,94,SERVED,44.5,2,SYNTHETIC_DEMO
D_20260901,2026-09-01T17:58:47,95,ENTER,,8,SYNTHETIC_DEMO
D_20260901,2026-09-01T18:00:58,95,SERVED,131.1,8,SYNTHETIC_DEMO
D_20260901,2026-09-01T17:41:43,96,ENTER,,16,SYNTHETIC_DEMO
D_20260901,2026-09-01T17:45:37,96,SERVED,233.5,16,SYNTHETIC_DEMO
D_20260901,2026-09-01T17:37:53,97,ENTER,,14,SYNTHETIC_DEMO
D_20260901,2026-09-01T17:42:22,97,SERVED,269.1,14,SYNTHETIC_DEMO
D_20260901,2026-09-01T17:09:10,98,ENTER,,4,SYNTHETIC_DEMO
D_20260901,2026-09-01T17:10:47,98,SERVED,97.6,4,SYNTHETIC_DEMO
D_20260901,2026-09-01T17:47:43,99,ENTER,,14,SYNTHETIC_DEMO
D_20260901,2026-09-01T17:51:15,99,SERVED,212.4,14,SYNTHETIC_DEMO
D_20260901,2026-09-01T18:03:05,100,ENTER,,8,SYNTHETIC_DEMO
D_20260901,2026-09-01T18:05:40,100,SERVED,154.9,8,SYNTHETIC_DEMO
D_20260901,2026-09-01T17:41:17,101,ENTER,,15,SYNTHETIC_DEMO
D_20260901,2026-09-01T17:45:16,101,SERVED,238.7,15,SYNTHETIC_DEMO
D_20260901,2026-09-01T17:30:03,102,ENTER,,12,SYNTHETIC_DEMO
D_20260901,2026-09-01T17:33:23,102,SERVED,199.3,12,SYNTHETIC_DEMO
D_20260901,2026-09-01T17:52:00,103,ENTER,,12,SYNTHETIC_DEMO
D_20260901,2026-09-01T17:55:52,103,SERVED,232.6,12,SYNTHETIC_DEMO
D_20260901,2026-09-01T17:46:42,104,ENTER,,14,SYNTHETIC_DEMO
D_20260901,2026-09-01T17:50:39,104,SERVED,236.4,14,SYNTHETIC_DEMO
D_20260901,2026-09-01T17:00:00,105,ENTER,,2,SYNTHETIC_DEMO
D_20260901,2026-09-01T17:00:59,105,SERVED,59.3,2,SYNTHETIC_DEMO
D_20260901,2026-09-01T17:39:02,106,ENTER,,15,SYNTHETIC_DEMO
D_20260901,2026-09-01T17:42:50,106,SERVED,227.3,15,SYNTHETIC_DEMO
D_20260901,2026-09-01T17:54:16,107,ENTER,,10,SYNTHETIC_DEMO
D_20260901,2026-09-01T17:56:49,107,SERVED,152.9,10,SYNTHETIC_DEMO
B_20260902,2026-09-02T05:52:02,1,ENTER,,10,SYNTHETIC_DEMO
B_20260902,2026-09-02T05:54:41,1,SERVED,158.6,10,SYNTHETIC_DEMO
B_20260902,2026-09-02T05:44:42,2,ENTER,,7,SYNTHETIC_DEMO
B_20260902,2026-09-02T05:47:35,2,SERVED,173.1,7,SYNTHETIC_DEMO
B_20260902,2026-09-02T06:23:17,3,ENTER,,8,SYNTHETIC_DEMO
B_20260902,2026-09-02T06:26:32,3,SERVED,194.7,8,SYNTHETIC_DEMO
B_20260902,2026-09-02T06:16:04,4,ENTER,,10,SYNTHETIC_DEMO
B_20260902,2026-09-02T06:19:36,4,SERVED,212.1,10,SYNTHETIC_DEMO
B_20260902,2026-09-02T06:20:43,5,ENTER,,9,SYNTHETIC_DEMO
B_20260902,2026-09-02T06:24:10,5,SERVED,207.8,9,SYNTHETIC_DEMO
B_20260902,2026-09-02T06:25:29,6,ENTER,,7,SYNTHETIC_DEMO
B_20260902,2026-09-02T06:27:35,6,SERVED,125.5,7,SYNTHETIC_DEMO
B_20260902,2026-09-02T05:54:34,7,ENTER,,10,SYNTHETIC_DEMO
B_20260902,2026-09-02T05:58:01,7,SERVED,206.5,10,SYNTHETIC_DEMO
B_20260902,2026-09-02T06:19:39,8,ENTER,,10,SYNTHETIC_DEMO
B_20260902,2026-09-02T06:22:40,8,SERVED,180.9,10,SYNTHETIC_DEMO
B_20260902,2026-09-02T06:03:05,9,ENTER,,12,SYNTHETIC_DEMO
B_20260902,2026-09-02T06:06:39,9,SERVED,214.8,12,SYNTHETIC_DEMO
B_20260902,2026-09-02T06:45:08,10,ENTER,,1,SYNTHETIC_DEMO
B_20260902,2026-09-02T06:46:33,10,SERVED,85.7,1,SYNTHETIC_DEMO
B_20260902,2026-09-02T06:06:48,11,ENTER,,12,SYNTHETIC_DEMO
B_20260902,2026-09-02T06:10:37,11,SERVED,229.2,12,SYNTHETIC_DEMO
B_20260902,2026-09-02T06:17:23,12,ENTER,,9,SYNTHETIC_DEMO
B_20260902,2026-09-02T06:19:47,12,SERVED,144.2,9,SYNTHETIC_DEMO
B_20260902,2026-09-02T06:02:27,13,ENTER,,12,SYNTHETIC_DEMO
B_20260902,2026-09-02T06:05:27,13,SERVED,179.7,12,SYNTHETIC_DEMO
B_20260902,2026-09-02T05:41:40,14,ENTER,,6,SYNTHETIC_DEMO
B_20260902,2026-09-02T05:43:55,14,SERVED,134.9,6,SYNTHETIC_DEMO
B_20260902,2026-09-02T06:00:51,15,ENTER,,11,SYNTHETIC_DEMO
B_20260902,2026-09-02T06:04:46,15,SERVED,234.9,11,SYNTHETIC_DEMO
B_20260902,2026-09-02T06:05:00,16,ENTER,,12,SYNTHETIC_DEMO
B_20260902,2026-09-02T06:09:02,16,SERVED,241.7,12,SYNTHETIC_DEMO
B_20260902,2026-09-02T06:19:09,17,ENTER,,9,SYNTHETIC_DEMO
B_20260902,2026-09-02T06:22:36,17,SERVED,207.7,9,SYNTHETIC_DEMO
B_20260902,2026-09-02T06:28:28,18,ENTER,,6,SYNTHETIC_DEMO
B_20260902,2026-09-02T06:30:14,18,SERVED,106.1,6,SYNTHETIC_DEMO
B_20260902,2026-09-02T06:10:04,19,ENTER,,11,SYNTHETIC_DEMO
B_20260902,2026-09-02T06:13:33,19,SERVED,209.3,11,SYNTHETIC_DEMO
B_20260902,2026-09-02T05:45:47,20,ENTER,,7,SYNTHETIC_DEMO
B_20260902,2026-09-02T05:47:41,20,SERVED,113.9,7,SYNTHETIC_DEMO
B_20260902,2026-09-02T06:08:14,21,ENTER,,12,SYNTHETIC_DEMO
B_20260902,2026-09-02T06:11:19,21,SERVED,184.7,12,SYNTHETIC_DEMO
B_20260902,2026-09-02T06:15:53,22,ENTER,,11,SYNTHETIC_DEMO
B_20260902,2026-09-02T06:19:27,22,SERVED,213.7,11,SYNTHETIC_DEMO
B_20260902,2026-09-02T06:03:55,23,ENTER,,12,SYNTHETIC_DEMO
B_20260902,2026-09-02T06:07:22,23,SERVED,206.7,12,SYNTHETIC_DEMO
B_20260902,2026-09-02T05:37:17,24,ENTER,,4,SYNTHETIC_DEMO
B_20260902,2026-09-02T05:39:19,24,SERVED,121.3,4,SYNTHETIC_DEMO
B_20260902,2026-09-02T06:24:14,25,ENTER,,7,SYNTHETIC_DEMO
B_20260902,2026-09-02T06:26:49,25,SERVED,154.9,7,SYNTHETIC_DEMO
B_20260902,2026-09-02T06:10:05,26,ENTER,,11,SYNTHETIC_DEMO
B_20260902,2026-09-02T06:13:32,26,SERVED,207.0,11,SYNTHETIC_DEMO
B_20260902,2026-09-02T06:31:21,27,ENTER,,3,SYNTHETIC_DEMO
B_20260902,2026-09-02T06:32:44,27,SERVED,83.4,3,SYNTHETIC_DEMO
B_20260902,2026-09-02T06:18:27,28,ENTER,,10,SYNTHETIC_DEMO
B_20260902,2026-09-02T06:22:03,28,SERVED,215.5,10,SYNTHETIC_DEMO
B_20260902,2026-09-02T05:50:29,29,ENTER,,9,SYNTHETIC_DEMO
B_20260902,2026-09-02T05:52:46,29,SERVED,137.7,9,SYNTHETIC_DEMO
B_20260902,2026-09-02T06:25:05,30,ENTER,,8,SYNTHETIC_DEMO
B_20260902,2026-09-02T06:27:44,30,SERVED,159.2,8,SYNTHETIC_DEMO
B_20260902,2026-09-02T06:06:27,31,ENTER,,12,SYNTHETIC_DEMO
B_20260902,2026-09-02T06:10:15,31,SERVED,228.5,12,SYNTHETIC_DEMO
B_20260902,2026-09-02T05:51:23,32,ENTER,,9,SYNTHETIC_DEMO
B_20260902,2026-09-02T05:54:50,32,SERVED,207.2,9,SYNTHETIC_DEMO
B_20260902,2026-09-02T06:39:50,33,ENTER,,3,SYNTHETIC_DEMO
B_20260902,2026-09-02T06:41:50,33,SERVED,120.5,3,SYNTHETIC_DEMO
B_20260902,2026-09-02T05:45:48,34,ENTER,,8,SYNTHETIC_DEMO
B_20260902,2026-09-02T05:48:22,34,SERVED,154.3,8,SYNTHETIC_DEMO
B_20260902,2026-09-02T06:29:58,35,ENTER,,4,SYNTHETIC_DEMO
B_20260902,2026-09-02T06:31:10,35,SERVED,71.5,4,SYNTHETIC_DEMO
B_20260902,2026-09-02T05:54:15,36,ENTER,,10,SYNTHETIC_DEMO
B_20260902,2026-09-02T05:57:49,36,SERVED,214.4,10,SYNTHETIC_DEMO
B_20260902,2026-09-02T06:01:16,37,ENTER,,13,SYNTHETIC_DEMO
B_20260902,2026-09-02T06:04:52,37,SERVED,216.4,13,SYNTHETIC_DEMO
B_20260902,2026-09-02T06:20:16,38,ENTER,,9,SYNTHETIC_DEMO
B_20260902,2026-09-02T06:23:05,38,SERVED,169.7,9,SYNTHETIC_DEMO
B_20260902,2026-09-02T05:56:35,39,ENTER,,10,SYNTHETIC_DEMO
B_20260902,2026-09-02T05:59:35,39,SERVED,180.4,10,SYNTHETIC_DEMO
B_20260902,2026-09-02T06:10:19,40,ENTER,,12,SYNTHETIC_DEMO
B_20260902,2026-09-02T06:14:08,40,SERVED,228.7,12,SYNTHETIC_DEMO
B_20260902,2026-09-02T06:10:13,41,ENTER,,11,SYNTHETIC_DEMO
B_20260902,2026-09-02T06:14:02,41,SERVED,228.8,11,SYNTHETIC_DEMO
B_20260902,2026-09-02T05:45:30,42,ENTER,,7,SYNTHETIC_DEMO
B_20260902,2026-09-02T05:48:04,42,SERVED,154.4,7,SYNTHETIC_DEMO
B_20260902,2026-09-02T05:34:30,43,ENTER,,3,SYNTHETIC_DEMO
B_20260902,2026-09-02T05:36:31,43,SERVED,121.0,3,SYNTHETIC_DEMO
B_20260902,2026-09-02T06:22:51,44,ENTER,,7,SYNTHETIC_DEMO
B_20260902,2026-09-02T06:25:17,44,SERVED,145.5,7,SYNTHETIC_DEMO
B_20260902,2026-09-02T05:58:15,45,ENTER,,11,SYNTHETIC_DEMO
B_20260902,2026-09-02T06:00:00,45,ABANDONED,,11,SYNTHETIC_DEMO
B_20260902,2026-09-02T06:21:30,46,ENTER,,8,SYNTHETIC_DEMO
B_20260902,2026-09-02T06:24:27,46,SERVED,177.1,8,SYNTHETIC_DEMO
B_20260902,2026-09-02T06:13:07,47,ENTER,,13,SYNTHETIC_DEMO
B_20260902,2026-09-02T06:17:20,47,SERVED,252.5,13,SYNTHETIC_DEMO
B_20260902,2026-09-02T05:54:29,48,ENTER,,9,SYNTHETIC_DEMO
B_20260902,2026-09-02T05:57:17,48,SERVED,168.0,9,SYNTHETIC_DEMO
B_20260902,2026-09-02T05:35:39,49,ENTER,,4,SYNTHETIC_DEMO
B_20260902,2026-09-02T05:37:36,49,SERVED,117.0,4,SYNTHETIC_DEMO
B_20260902,2026-09-02T06:24:29,50,ENTER,,6,SYNTHETIC_DEMO
B_20260902,2026-09-02T06:25:40,50,ABANDONED,,6,SYNTHETIC_DEMO
B_20260902,2026-09-02T06:26:44,51,ENTER,,6,SYNTHETIC_DEMO
B_20260902,2026-09-02T06:28:55,51,SERVED,131.0,6,SYNTHETIC_DEMO
B_20260902,2026-09-02T06:21:54,52,ENTER,,9,SYNTHETIC_DEMO
B_20260902,2026-09-02T06:24:34,52,SERVED,159.9,9,SYNTHETIC_DEMO
B_20260902,2026-09-02T06:00:48,53,ENTER,,13,SYNTHETIC_DEMO
B_20260902,2026-09-02T06:04:38,53,SERVED,229.2,13,SYNTHETIC_DEMO
B_20260902,2026-09-02T06:08:19,54,ENTER,,12,SYNTHETIC_DEMO
B_20260902,2026-09-02T06:11:47,54,SERVED,208.4,12,SYNTHETIC_DEMO
B_20260902,2026-09-02T06:24:59,55,ENTER,,7,SYNTHETIC_DEMO
B_20260902,2026-09-02T06:27:12,55,SERVED,133.2,7,SYNTHETIC_DEMO
B_20260902,2026-09-02T06:04:53,56,ENTER,,12,SYNTHETIC_DEMO
B_20260902,2026-09-02T06:08:18,56,SERVED,205.4,12,SYNTHETIC_DEMO
B_20260902,2026-09-02T05:30:00,57,ENTER,,2,SYNTHETIC_DEMO
B_20260902,2026-09-02T05:31:41,57,SERVED,101.4,2,SYNTHETIC_DEMO
B_20260902,2026-09-02T05:37:42,58,ENTER,,3,SYNTHETIC_DEMO
B_20260902,2026-09-02T05:39:20,58,SERVED,98.1,3,SYNTHETIC_DEMO
B_20260902,2026-09-02T05:47:25,59,ENTER,,8,SYNTHETIC_DEMO
B_20260902,2026-09-02T05:50:28,59,SERVED,183.0,8,SYNTHETIC_DEMO
B_20260902,2026-09-02T06:15:02,60,ENTER,,10,SYNTHETIC_DEMO
B_20260902,2026-09-02T06:18:27,60,SERVED,205.3,10,SYNTHETIC_DEMO
B_20260902,2026-09-02T06:01:02,61,ENTER,,11,SYNTHETIC_DEMO
B_20260902,2026-09-02T06:04:18,61,SERVED,195.8,11,SYNTHETIC_DEMO
B_20260902,2026-09-02T06:04:16,62,ENTER,,12,SYNTHETIC_DEMO
B_20260902,2026-09-02T06:07:38,62,SERVED,202.0,12,SYNTHETIC_DEMO
B_20260902,2026-09-02T06:12:46,63,ENTER,,10,SYNTHETIC_DEMO
B_20260902,2026-09-02T06:15:43,63,SERVED,176.9,10,SYNTHETIC_DEMO
B_20260902,2026-09-02T06:23:34,64,ENTER,,7,SYNTHETIC_DEMO
B_20260902,2026-09-02T06:26:23,64,SERVED,169.6,7,SYNTHETIC_DEMO
B_20260902,2026-09-02T05:52:06,65,ENTER,,10,SYNTHETIC_DEMO
B_20260902,2026-09-02T05:54:50,65,SERVED,164.1,10,SYNTHETIC_DEMO
B_20260902,2026-09-02T06:13:20,66,ENTER,,11,SYNTHETIC_DEMO
B_20260902,2026-09-02T06:17:03,66,SERVED,222.6,11,SYNTHETIC_DEMO
B_20260902,2026-09-02T05:47:20,67,ENTER,,9,SYNTHETIC_DEMO
B_20260902,2026-09-02T05:49:40,67,SERVED,140.1,9,SYNTHETIC_DEMO
B_20260902,2026-09-02T06:00:10,68,ENTER,,11,SYNTHETIC_DEMO
B_20260902,2026-09-02T06:03:58,68,SERVED,227.4,11,SYNTHETIC_DEMO
B_20260902,2026-09-02T05:44:56,69,ENTER,,6,SYNTHETIC_DEMO
B_20260902,2026-09-02T05:46:19,69,ABANDONED,,6,SYNTHETIC_DEMO
B_20260902,2026-09-02T06:02:48,70,ENTER,,11,SYNTHETIC_DEMO
B_20260902,2026-09-02T06:06:02,70,SERVED,194.4,11,SYNTHETIC_DEMO
B_20260902,2026-09-02T06:35:59,71,ENTER,,3,SYNTHETIC_DEMO
B_20260902,2026-09-02T06:38:03,71,SERVED,123.1,3,SYNTHETIC_DEMO
B_20260902,2026-09-02T06:21:57,72,ENTER,,9,SYNTHETIC_DEMO
B_20260902,2026-09-02T06:24:22,72,SERVED,144.3,9,SYNTHETIC_DEMO
B_20260902,2026-09-02T05:51:09,73,ENTER,,9,SYNTHETIC_DEMO
B_20260902,2026-09-02T05:54:29,73,SERVED,200.3,9,SYNTHETIC_DEMO
B_20260902,2026-09-02T05:41:12,74,ENTER,,5,SYNTHETIC_DEMO
B_20260902,2026-09-02T05:42:54,74,SERVED,101.9,5,SYNTHETIC_DEMO
B_20260902,2026-09-02T05:55:48,75,ENTER,,11,SYNTHETIC_DEMO
B_20260902,2026-09-02T05:59:29,75,SERVED,221.1,11,SYNTHETIC_DEMO
B_20260902,2026-09-02T05:31:38,76,ENTER,,2,SYNTHETIC_DEMO
B_20260902,2026-09-02T05:32:59,76,SERVED,81.3,2,SYNTHETIC_DEMO
B_20260902,2026-09-02T05:48:24,77,ENTER,,8,SYNTHETIC_DEMO
B_20260902,2026-09-02T05:51:21,77,SERVED,176.7,8,SYNTHETIC_DEMO
B_20260902,2026-09-02T06:07:47,78,ENTER,,13,SYNTHETIC_DEMO
B_20260902,2026-09-02T06:11:48,78,SERVED,241.0,13,SYNTHETIC_DEMO
B_20260902,2026-09-02T06:14:23,79,ENTER,,10,SYNTHETIC_DEMO
B_20260902,2026-09-02T06:17:44,79,SERVED,201.1,10,SYNTHETIC_DEMO
B_20260902,2026-09-02T06:15:57,80,ENTER,,11,SYNTHETIC_DEMO
B_20260902,2026-09-02T06:19:26,80,SERVED,209.1,11,SYNTHETIC_DEMO
B_20260902,2026-09-02T06:06:44,81,ENTER,,11,SYNTHETIC_DEMO
B_20260902,2026-09-02T06:10:09,81,SERVED,205.2,11,SYNTHETIC_DEMO
B_20260902,2026-09-02T05:57:34,82,ENTER,,10,SYNTHETIC_DEMO
B_20260902,2026-09-02T06:01:08,82,SERVED,214.4,10,SYNTHETIC_DEMO
B_20260902,2026-09-02T06:20:02,83,ENTER,,8,SYNTHETIC_DEMO
B_20260902,2026-09-02T06:22:07,83,SERVED,124.5,8,SYNTHETIC_DEMO
B_20260902,2026-09-02T06:00:09,84,ENTER,,12,SYNTHETIC_DEMO
B_20260902,2026-09-02T06:03:10,84,SERVED,180.5,12,SYNTHETIC_DEMO
B_20260902,2026-09-02T06:17:41,85,ENTER,,7,SYNTHETIC_DEMO
B_20260902,2026-09-02T06:20:21,85,SERVED,159.6,7,SYNTHETIC_DEMO
B_20260902,2026-09-02T06:37:24,86,ENTER,,4,SYNTHETIC_DEMO
B_20260902,2026-09-02T06:38:49,86,SERVED,85.5,4,SYNTHETIC_DEMO
B_20260902,2026-09-02T05:51:08,87,ENTER,,10,SYNTHETIC_DEMO
B_20260902,2026-09-02T05:54:23,87,SERVED,194.4,10,SYNTHETIC_DEMO
B_20260902,2026-09-02T05:51:48,88,ENTER,,9,SYNTHETIC_DEMO
B_20260902,2026-09-02T05:54:51,88,SERVED,183.4,9,SYNTHETIC_DEMO
B_20260902,2026-09-02T05:30:00,89,ENTER,,3,SYNTHETIC_DEMO
B_20260902,2026-09-02T05:31:47,89,SERVED,107.7,3,SYNTHETIC_DEMO
L_20260902,2026-09-02T12:26:05,1,ENTER,,5,SYNTHETIC_DEMO
L_20260902,2026-09-02T12:28:10,1,SERVED,125.4,5,SYNTHETIC_DEMO
L_20260902,2026-09-02T12:25:09,2,ENTER,,6,SYNTHETIC_DEMO
L_20260902,2026-09-02T12:27:42,2,SERVED,152.6,6,SYNTHETIC_DEMO
L_20260902,2026-09-02T12:21:30,3,ENTER,,8,SYNTHETIC_DEMO
L_20260902,2026-09-02T12:24:07,3,SERVED,156.8,8,SYNTHETIC_DEMO
L_20260902,2026-09-02T12:09:47,4,ENTER,,13,SYNTHETIC_DEMO
L_20260902,2026-09-02T12:13:02,4,SERVED,194.5,13,SYNTHETIC_DEMO
L_20260902,2026-09-02T12:30:02,5,ENTER,,4,SYNTHETIC_DEMO
L_20260902,2026-09-02T12:31:30,5,SERVED,87.4,4,SYNTHETIC_DEMO
L_20260902,2026-09-02T12:23:10,6,ENTER,,7,SYNTHETIC_DEMO
L_20260902,2026-09-02T12:25:01,6,SERVED,111.1,7,SYNTHETIC_DEMO
L_20260902,2026-09-02T12:00:05,7,ENTER,,16,SYNTHETIC_DEMO
L_20260902,2026-09-02T12:04:43,7,SERVED,277.7,16,SYNTHETIC_DEMO
L_20260902,2026-09-02T12:41:06,8,ENTER,,3,SYNTHETIC_DEMO
L_20260902,2026-09-02T12:42:38,8,SERVED,91.9,3,SYNTHETIC_DEMO
L_20260902,2026-09-02T12:12:28,9,ENTER,,12,SYNTHETIC_DEMO
L_20260902,2026-09-02T12:16:32,9,SERVED,244.6,12,SYNTHETIC_DEMO
L_20260902,2026-09-02T12:19:50,10,ENTER,,8,SYNTHETIC_DEMO
L_20260902,2026-09-02T12:22:08,10,SERVED,138.0,8,SYNTHETIC_DEMO
L_20260902,2026-09-02T12:09:29,11,ENTER,,13,SYNTHETIC_DEMO
L_20260902,2026-09-02T12:12:53,11,SERVED,204.2,13,SYNTHETIC_DEMO
L_20260902,2026-09-02T11:51:26,12,ENTER,,13,SYNTHETIC_DEMO
L_20260902,2026-09-02T11:54:43,12,SERVED,197.3,13,SYNTHETIC_DEMO
L_20260902,2026-09-02T11:46:44,13,ENTER,,11,SYNTHETIC_DEMO
L_20260902,2026-09-02T11:50:11,13,SERVED,207.4,11,SYNTHETIC_DEMO
L_20260902,2026-09-02T11:54:19,14,ENTER,,14,SYNTHETIC_DEMO
L_20260902,2026-09-02T11:58:16,14,SERVED,237.5,14,SYNTHETIC_DEMO
L_20260902,2026-09-02T11:30:00,15,ENTER,,5,SYNTHETIC_DEMO
L_20260902,2026-09-02T11:32:28,15,SERVED,148.6,5,SYNTHETIC_DEMO
L_20260902,2026-09-02T11:30:00,16,ENTER,,5,SYNTHETIC_DEMO
L_20260902,2026-09-02T11:32:29,16,SERVED,150.0,5,SYNTHETIC_DEMO
L_20260902,2026-09-02T12:04:34,17,ENTER,,16,SYNTHETIC_DEMO
L_20260902,2026-09-02T12:08:27,17,SERVED,233.1,16,SYNTHETIC_DEMO
L_20260902,2026-09-02T11:35:16,18,ENTER,,7,SYNTHETIC_DEMO
L_20260902,2026-09-02T11:37:43,18,SERVED,146.6,7,SYNTHETIC_DEMO
L_20260902,2026-09-02T11:55:10,19,ENTER,,14,SYNTHETIC_DEMO
L_20260902,2026-09-02T11:59:43,19,SERVED,273.1,14,SYNTHETIC_DEMO
L_20260902,2026-09-02T11:30:22,20,ENTER,,5,SYNTHETIC_DEMO
L_20260902,2026-09-02T11:31:47,20,SERVED,84.9,5,SYNTHETIC_DEMO
L_20260902,2026-09-02T11:44:30,21,ENTER,,10,SYNTHETIC_DEMO
L_20260902,2026-09-02T11:47:44,21,SERVED,194.1,10,SYNTHETIC_DEMO
L_20260902,2026-09-02T11:45:57,22,ENTER,,11,SYNTHETIC_DEMO
L_20260902,2026-09-02T11:49:14,22,SERVED,197.1,11,SYNTHETIC_DEMO
L_20260902,2026-09-02T11:44:21,23,ENTER,,11,SYNTHETIC_DEMO
L_20260902,2026-09-02T11:47:19,23,SERVED,178.4,11,SYNTHETIC_DEMO
L_20260902,2026-09-02T11:32:42,24,ENTER,,7,SYNTHETIC_DEMO
L_20260902,2026-09-02T11:34:53,24,SERVED,130.5,7,SYNTHETIC_DEMO
L_20260902,2026-09-02T12:17:47,25,ENTER,,10,SYNTHETIC_DEMO
L_20260902,2026-09-02T12:20:34,25,SERVED,166.5,10,SYNTHETIC_DEMO
L_20260902,2026-09-02T11:58:09,26,ENTER,,16,SYNTHETIC_DEMO
L_20260902,2026-09-02T12:02:30,26,SERVED,260.3,16,SYNTHETIC_DEMO
L_20260902,2026-09-02T12:30:47,27,ENTER,,6,SYNTHETIC_DEMO
L_20260902,2026-09-02T12:32:35,27,SERVED,108.0,6,SYNTHETIC_DEMO
L_20260902,2026-09-02T12:10:28,28,ENTER,,14,SYNTHETIC_DEMO
L_20260902,2026-09-02T12:15:02,28,SERVED,274.5,14,SYNTHETIC_DEMO
L_20260902,2026-09-02T11:30:00,29,ENTER,,4,SYNTHETIC_DEMO
L_20260902,2026-09-02T11:32:07,29,SERVED,127.3,4,SYNTHETIC_DEMO
L_20260902,2026-09-02T11:36:02,30,ENTER,,6,SYNTHETIC_DEMO
L_20260902,2026-09-02T11:38:08,30,SERVED,125.9,6,SYNTHETIC_DEMO
L_20260902,2026-09-02T12:34:05,31,ENTER,,4,SYNTHETIC_DEMO
L_20260902,2026-09-02T12:35:50,31,SERVED,105.1,4,SYNTHETIC_DEMO
L_20260902,2026-09-02T11:42:50,32,ENTER,,10,SYNTHETIC_DEMO
L_20260902,2026-09-02T11:45:46,32,SERVED,176.0,10,SYNTHETIC_DEMO
L_20260902,2026-09-02T12:14:02,33,ENTER,,11,SYNTHETIC_DEMO
L_20260902,2026-09-02T12:16:47,33,SERVED,164.6,11,SYNTHETIC_DEMO
L_20260902,2026-09-02T12:34:32,34,ENTER,,2,SYNTHETIC_DEMO
L_20260902,2026-09-02T12:35:31,34,SERVED,58.7,2,SYNTHETIC_DEMO
L_20260902,2026-09-02T11:52:39,35,ENTER,,14,SYNTHETIC_DEMO
L_20260902,2026-09-02T11:56:58,35,SERVED,259.0,14,SYNTHETIC_DEMO
L_20260902,2026-09-02T11:49:16,36,ENTER,,12,SYNTHETIC_DEMO
L_20260902,2026-09-02T11:53:05,36,SERVED,229.4,12,SYNTHETIC_DEMO
L_20260902,2026-09-02T11:47:56,37,ENTER,,13,SYNTHETIC_DEMO
L_20260902,2026-09-02T11:51:51,37,SERVED,235.1,13,SYNTHETIC_DEMO
L_20260902,2026-09-02T12:17:58,38,ENTER,,11,SYNTHETIC_DEMO
L_20260902,2026-09-02T12:21:06,38,SERVED,187.5,11,SYNTHETIC_DEMO
L_20260902,2026-09-02T11:30:00,39,ENTER,,4,SYNTHETIC_DEMO
L_20260902,2026-09-02T11:31:15,39,SERVED,75.9,4,SYNTHETIC_DEMO
L_20260902,2026-09-02T12:02:22,40,ENTER,,16,SYNTHETIC_DEMO
L_20260902,2026-09-02T12:06:33,40,SERVED,250.2,16,SYNTHETIC_DEMO
L_20260902,2026-09-02T11:50:13,41,ENTER,,13,SYNTHETIC_DEMO
L_20260902,2026-09-02T11:53:54,41,SERVED,221.6,13,SYNTHETIC_DEMO
L_20260902,2026-09-02T11:42:38,42,ENTER,,11,SYNTHETIC_DEMO
L_20260902,2026-09-02T11:46:31,42,SERVED,232.7,11,SYNTHETIC_DEMO
L_20260902,2026-09-02T12:01:44,43,ENTER,,15,SYNTHETIC_DEMO
L_20260902,2026-09-02T12:06:13,43,SERVED,268.4,15,SYNTHETIC_DEMO
L_20260902,2026-09-02T12:28:54,44,ENTER,,4,SYNTHETIC_DEMO
L_20260902,2026-09-02T12:30:11,44,SERVED,76.6,4,SYNTHETIC_DEMO
L_20260902,2026-09-02T12:05:47,45,ENTER,,15,SYNTHETIC_DEMO
L_20260902,2026-09-02T12:10:26,45,SERVED,279.3,15,SYNTHETIC_DEMO
L_20260902,2026-09-02T12:19:50,46,ENTER,,9,SYNTHETIC_DEMO
L_20260902,2026-09-02T12:23:02,46,SERVED,191.9,9,SYNTHETIC_DEMO
L_20260902,2026-09-02T11:59:05,47,ENTER,,16,SYNTHETIC_DEMO
L_20260902,2026-09-02T12:03:41,47,SERVED,276.3,16,SYNTHETIC_DEMO
L_20260902,2026-09-02T11:54:30,48,ENTER,,15,SYNTHETIC_DEMO
L_20260902,2026-09-02T11:58:26,48,SERVED,236.5,15,SYNTHETIC_DEMO
L_20260902,2026-09-02T12:25:55,49,ENTER,,7,SYNTHETIC_DEMO
L_20260902,2026-09-02T12:27:47,49,SERVED,112.5,7,SYNTHETIC_DEMO
L_20260902,2026-09-02T12:11:20,50,ENTER,,12,SYNTHETIC_DEMO
L_20260902,2026-09-02T12:14:51,50,SERVED,210.7,12,SYNTHETIC_DEMO
L_20260902,2026-09-02T11:44:33,51,ENTER,,11,SYNTHETIC_DEMO
L_20260902,2026-09-02T11:47:49,51,SERVED,195.2,11,SYNTHETIC_DEMO
L_20260902,2026-09-02T11:55:57,52,ENTER,,14,SYNTHETIC_DEMO
L_20260902,2026-09-02T12:00:03,52,SERVED,245.8,14,SYNTHETIC_DEMO
L_20260902,2026-09-02T11:43:03,53,ENTER,,9,SYNTHETIC_DEMO
L_20260902,2026-09-02T11:45:58,53,SERVED,174.5,9,SYNTHETIC_DEMO
L_20260902,2026-09-02T11:53:14,54,ENTER,,15,SYNTHETIC_DEMO
L_20260902,2026-09-02T11:57:29,54,SERVED,254.9,15,SYNTHETIC_DEMO
L_20260902,2026-09-02T11:42:10,55,ENTER,,10,SYNTHETIC_DEMO
L_20260902,2026-09-02T11:44:59,55,SERVED,168.7,10,SYNTHETIC_DEMO
L_20260902,2026-09-02T12:36:45,56,ENTER,,3,SYNTHETIC_DEMO
L_20260902,2026-09-02T12:38:44,56,SERVED,118.7,3,SYNTHETIC_DEMO
L_20260902,2026-09-02T11:57:27,57,ENTER,,15,SYNTHETIC_DEMO
L_20260902,2026-09-02T12:02:10,57,SERVED,282.4,15,SYNTHETIC_DEMO
L_20260902,2026-09-02T11:57:19,58,ENTER,,15,SYNTHETIC_DEMO
L_20260902,2026-09-02T12:01:26,58,SERVED,247.0,15,SYNTHETIC_DEMO
L_20260902,2026-09-02T12:00:17,59,ENTER,,15,SYNTHETIC_DEMO
L_20260902,2026-09-02T12:04:19,59,SERVED,242.9,15,SYNTHETIC_DEMO
L_20260902,2026-09-02T11:41:23,60,ENTER,,9,SYNTHETIC_DEMO
L_20260902,2026-09-02T11:43:52,60,SERVED,148.6,9,SYNTHETIC_DEMO
L_20260902,2026-09-02T11:44:59,61,ENTER,,12,SYNTHETIC_DEMO
L_20260902,2026-09-02T11:48:15,61,SERVED,195.3,12,SYNTHETIC_DEMO
L_20260902,2026-09-02T12:02:13,62,ENTER,,16,SYNTHETIC_DEMO
L_20260902,2026-09-02T12:07:08,62,SERVED,294.7,16,SYNTHETIC_DEMO
L_20260902,2026-09-02T11:53:27,63,ENTER,,14,SYNTHETIC_DEMO
L_20260902,2026-09-02T11:57:44,63,SERVED,256.3,14,SYNTHETIC_DEMO
L_20260902,2026-09-02T11:30:00,64,ENTER,,5,SYNTHETIC_DEMO
L_20260902,2026-09-02T11:31:37,64,SERVED,97.1,5,SYNTHETIC_DEMO
L_20260902,2026-09-02T11:41:54,65,ENTER,,9,SYNTHETIC_DEMO
L_20260902,2026-09-02T11:44:30,65,SERVED,156.4,9,SYNTHETIC_DEMO
L_20260902,2026-09-02T12:01:30,66,ENTER,,15,SYNTHETIC_DEMO
L_20260902,2026-09-02T12:05:10,66,SERVED,219.6,15,SYNTHETIC_DEMO
L_20260902,2026-09-02T12:03:38,67,ENTER,,15,SYNTHETIC_DEMO
L_20260902,2026-09-02T12:07:33,67,SERVED,235.4,15,SYNTHETIC_DEMO
L_20260902,2026-09-02T11:57:54,68,ENTER,,15,SYNTHETIC_DEMO
L_20260902,2026-09-02T12:01:41,68,SERVED,226.8,15,SYNTHETIC_DEMO
L_20260902,2026-09-02T11:50:33,69,ENTER,,14,SYNTHETIC_DEMO
L_20260902,2026-09-02T11:54:54,69,SERVED,260.4,14,SYNTHETIC_DEMO
L_20260902,2026-09-02T11:30:00,70,ENTER,,5,SYNTHETIC_DEMO
L_20260902,2026-09-02T11:31:47,70,SERVED,107.8,5,SYNTHETIC_DEMO
L_20260902,2026-09-02T12:06:28,71,ENTER,,14,SYNTHETIC_DEMO
L_20260902,2026-09-02T12:10:47,71,SERVED,258.6,14,SYNTHETIC_DEMO
L_20260902,2026-09-02T11:47:09,72,ENTER,,12,SYNTHETIC_DEMO
L_20260902,2026-09-02T11:51:06,72,SERVED,237.0,12,SYNTHETIC_DEMO
L_20260902,2026-09-02T12:04:48,73,ENTER,,14,SYNTHETIC_DEMO
L_20260902,2026-09-02T12:09:07,73,SERVED,258.1,14,SYNTHETIC_DEMO
L_20260902,2026-09-02T12:02:52,74,ENTER,,14,SYNTHETIC_DEMO
L_20260902,2026-09-02T12:07:08,74,SERVED,255.9,14,SYNTHETIC_DEMO
L_20260902,2026-09-02T11:30:00,75,ENTER,,5,SYNTHETIC_DEMO
L_20260902,2026-09-02T11:32:01,75,SERVED,121.5,5,SYNTHETIC_DEMO
L_20260902,2026-09-02T11:30:11,76,ENTER,,5,SYNTHETIC_DEMO
L_20260902,2026-09-02T11:31:57,76,SERVED,106.5,5,SYNTHETIC_DEMO
L_20260902,2026-09-02T11:55:57,77,ENTER,,15,SYNTHETIC_DEMO
L_20260902,2026-09-02T12:00:40,77,SERVED,283.5,15,SYNTHETIC_DEMO
L_20260902,2026-09-02T11:59:24,78,ENTER,,16,SYNTHETIC_DEMO
L_20260902,2026-09-02T12:03:27,78,SERVED,243.5,16,SYNTHETIC_DEMO
L_20260902,2026-09-02T12:09:10,79,ENTER,,13,SYNTHETIC_DEMO
L_20260902,2026-09-02T12:12:28,79,SERVED,197.7,13,SYNTHETIC_DEMO
L_20260902,2026-09-02T11:54:32,80,ENTER,,15,SYNTHETIC_DEMO
L_20260902,2026-09-02T11:58:28,80,SERVED,235.9,15,SYNTHETIC_DEMO
L_20260902,2026-09-02T12:00:39,81,ENTER,,15,SYNTHETIC_DEMO
L_20260902,2026-09-02T12:04:18,81,SERVED,219.0,15,SYNTHETIC_DEMO
L_20260902,2026-09-02T11:33:23,82,ENTER,,6,SYNTHETIC_DEMO
L_20260902,2026-09-02T11:35:27,82,SERVED,123.9,6,SYNTHETIC_DEMO
L_20260902,2026-09-02T12:04:47,83,ENTER,,15,SYNTHETIC_DEMO
L_20260902,2026-09-02T12:09:08,83,SERVED,260.5,15,SYNTHETIC_DEMO
L_20260902,2026-09-02T12:28:00,84,ENTER,,5,SYNTHETIC_DEMO
L_20260902,2026-09-02T12:29:29,84,SERVED,88.3,5,SYNTHETIC_DEMO
L_20260902,2026-09-02T11:49:20,85,ENTER,,12,SYNTHETIC_DEMO
L_20260902,2026-09-02T11:52:25,85,SERVED,185.5,12,SYNTHETIC_DEMO
L_20260902,2026-09-02T12:35:01,86,ENTER,,3,SYNTHETIC_DEMO
L_20260902,2026-09-02T12:36:53,86,SERVED,112.1,3,SYNTHETIC_DEMO
L_20260902,2026-09-02T11:47:51,87,ENTER,,13,SYNTHETIC_DEMO
L_20260902,2026-09-02T11:51:50,87,SERVED,239.2,13,SYNTHETIC_DEMO
L_20260902,2026-09-02T12:28:21,88,ENTER,,6,SYNTHETIC_DEMO
L_20260902,2026-09-02T12:30:33,88,SERVED,132.1,6,SYNTHETIC_DEMO
L_20260902,2026-09-02T11:51:25,89,ENTER,,15,SYNTHETIC_DEMO
L_20260902,2026-09-02T11:55:15,89,SERVED,229.7,15,SYNTHETIC_DEMO
L_20260902,2026-09-02T11:41:17,90,ENTER,,10,SYNTHETIC_DEMO
L_20260902,2026-09-02T11:44:07,90,SERVED,169.8,10,SYNTHETIC_DEMO
L_20260902,2026-09-02T12:21:50,91,ENTER,,7,SYNTHETIC_DEMO
L_20260902,2026-09-02T12:23:46,91,SERVED,115.4,7,SYNTHETIC_DEMO
L_20260902,2026-09-02T11:55:34,92,ENTER,,15,SYNTHETIC_DEMO
L_20260902,2026-09-02T11:57:35,92,ABANDONED,,15,SYNTHETIC_DEMO
L_20260902,2026-09-02T11:47:22,93,ENTER,,12,SYNTHETIC_DEMO
L_20260902,2026-09-02T11:48:57,93,ABANDONED,,12,SYNTHETIC_DEMO
L_20260902,2026-09-02T12:21:31,94,ENTER,,7,SYNTHETIC_DEMO
L_20260902,2026-09-02T12:23:38,94,SERVED,127.6,7,SYNTHETIC_DEMO
L_20260902,2026-09-02T11:46:26,95,ENTER,,11,SYNTHETIC_DEMO
L_20260902,2026-09-02T11:49:37,95,SERVED,191.1,11,SYNTHETIC_DEMO
L_20260902,2026-09-02T11:34:40,96,ENTER,,6,SYNTHETIC_DEMO
L_20260902,2026-09-02T11:37:01,96,SERVED,141.3,6,SYNTHETIC_DEMO
L_20260902,2026-09-02T11:53:52,97,ENTER,,14,SYNTHETIC_DEMO
L_20260902,2026-09-02T11:57:52,97,SERVED,240.5,14,SYNTHETIC_DEMO
L_20260902,2026-09-02T12:05:22,98,ENTER,,14,SYNTHETIC_DEMO
L_20260902,2026-09-02T12:09:48,98,SERVED,265.7,14,SYNTHETIC_DEMO
L_20260902,2026-09-02T11:50:55,99,ENTER,,14,SYNTHETIC_DEMO
L_20260902,2026-09-02T11:54:59,99,SERVED,243.9,14,SYNTHETIC_DEMO
L_20260902,2026-09-02T11:46:38,100,ENTER,,11,SYNTHETIC_DEMO
L_20260902,2026-09-02T11:50:12,100,SERVED,213.7,11,SYNTHETIC_DEMO
L_20260902,2026-09-02T11:41:46,101,ENTER,,10,SYNTHETIC_DEMO
L_20260902,2026-09-02T11:44:21,101,SERVED,155.1,10,SYNTHETIC_DEMO
L_20260902,2026-09-02T12:05:57,102,ENTER,,15,SYNTHETIC_DEMO
L_20260902,2026-09-02T12:10:37,102,SERVED,280.1,15,SYNTHETIC_DEMO
L_20260902,2026-09-02T12:02:13,103,ENTER,,15,SYNTHETIC_DEMO
L_20260902,2026-09-02T12:06:29,103,SERVED,256.2,15,SYNTHETIC_DEMO
L_20260902,2026-09-02T11:43:25,104,ENTER,,11,SYNTHETIC_DEMO
L_20260902,2026-09-02T11:46:59,104,SERVED,214.2,11,SYNTHETIC_DEMO
L_20260902,2026-09-02T11:59:25,105,ENTER,,15,SYNTHETIC_DEMO
L_20260902,2026-09-02T12:03:06,105,SERVED,221.1,15,SYNTHETIC_DEMO
L_20260902,2026-09-02T12:47:48,106,ENTER,,1,SYNTHETIC_DEMO
L_20260902,2026-09-02T12:48:26,106,SERVED,38.2,1,SYNTHETIC_DEMO
L_20260902,2026-09-02T11:47:17,107,ENTER,,12,SYNTHETIC_DEMO
L_20260902,2026-09-02T11:50:51,107,SERVED,214.3,12,SYNTHETIC_DEMO
L_20260902,2026-09-02T11:51:08,108,ENTER,,13,SYNTHETIC_DEMO
L_20260902,2026-09-02T11:55:11,108,SERVED,243.5,13,SYNTHETIC_DEMO
L_20260902,2026-09-02T12:22:29,109,ENTER,,8,SYNTHETIC_DEMO
L_20260902,2026-09-02T12:24:58,109,SERVED,149.4,8,SYNTHETIC_DEMO
L_20260902,2026-09-02T11:38:58,110,ENTER,,7,SYNTHETIC_DEMO
L_20260902,2026-09-02T11:41:00,110,SERVED,122.4,7,SYNTHETIC_DEMO
L_20260902,2026-09-02T11:45:12,111,ENTER,,12,SYNTHETIC_DEMO
L_20260902,2026-09-02T11:48:20,111,SERVED,187.8,12,SYNTHETIC_DEMO
L_20260902,2026-09-02T11:42:32,112,ENTER,,10,SYNTHETIC_DEMO
L_20260902,2026-09-02T11:45:25,112,SERVED,172.7,10,SYNTHETIC_DEMO
L_20260902,2026-09-02T11:51:16,113,ENTER,,14,SYNTHETIC_DEMO
L_20260902,2026-09-02T11:55:34,113,SERVED,257.8,14,SYNTHETIC_DEMO
L_20260902,2026-09-02T11:55:51,114,ENTER,,14,SYNTHETIC_DEMO
L_20260902,2026-09-02T11:59:55,114,SERVED,243.3,14,SYNTHETIC_DEMO
L_20260902,2026-09-02T12:04:29,115,ENTER,,13,SYNTHETIC_DEMO
L_20260902,2026-09-02T12:07:57,115,SERVED,207.9,13,SYNTHETIC_DEMO
L_20260902,2026-09-02T11:40:57,116,ENTER,,9,SYNTHETIC_DEMO
L_20260902,2026-09-02T11:44:07,116,SERVED,189.1,9,SYNTHETIC_DEMO
L_20260902,2026-09-02T11:40:05,117,ENTER,,8,SYNTHETIC_DEMO
L_20260902,2026-09-02T11:43:20,117,SERVED,195.1,8,SYNTHETIC_DEMO
L_20260902,2026-09-02T11:55:35,118,ENTER,,15,SYNTHETIC_DEMO
L_20260902,2026-09-02T12:00:13,118,SERVED,277.6,15,SYNTHETIC_DEMO
L_20260902,2026-09-02T12:13:21,119,ENTER,,11,SYNTHETIC_DEMO
L_20260902,2026-09-02T12:16:24,119,SERVED,183.1,11,SYNTHETIC_DEMO
L_20260902,2026-09-02T11:30:00,120,ENTER,,4,SYNTHETIC_DEMO
L_20260902,2026-09-02T11:31:21,120,SERVED,81.9,4,SYNTHETIC_DEMO
L_20260902,2026-09-02T11:53:16,121,ENTER,,15,SYNTHETIC_DEMO
L_20260902,2026-09-02T11:57:18,121,SERVED,242.4,15,SYNTHETIC_DEMO
L_20260902,2026-09-02T12:03:53,122,ENTER,,16,SYNTHETIC_DEMO
L_20260902,2026-09-02T12:07:49,122,SERVED,235.8,16,SYNTHETIC_DEMO
L_20260902,2026-09-02T12:28:19,123,ENTER,,4,SYNTHETIC_DEMO
L_20260902,2026-09-02T12:30:22,123,SERVED,122.9,4,SYNTHETIC_DEMO
L_20260902,2026-09-02T12:17:24,124,ENTER,,11,SYNTHETIC_DEMO
L_20260902,2026-09-02T12:20:57,124,SERVED,212.9,11,SYNTHETIC_DEMO
L_20260902,2026-09-02T12:22:29,125,ENTER,,7,SYNTHETIC_DEMO
L_20260902,2026-09-02T12:24:41,125,SERVED,132.0,7,SYNTHETIC_DEMO
L_20260902,2026-09-02T11:52:49,126,ENTER,,14,SYNTHETIC_DEMO
L_20260902,2026-09-02T11:56:16,126,SERVED,206.8,14,SYNTHETIC_DEMO
L_20260902,2026-09-02T11:38:43,127,ENTER,,9,SYNTHETIC_DEMO
L_20260902,2026-09-02T11:41:29,127,SERVED,166.8,9,SYNTHETIC_DEMO
L_20260902,2026-09-02T12:09:48,128,ENTER,,13,SYNTHETIC_DEMO
L_20260902,2026-09-02T12:13:44,128,SERVED,236.6,13,SYNTHETIC_DEMO
L_20260902,2026-09-02T12:34:34,129,ENTER,,3,SYNTHETIC_DEMO
L_20260902,2026-09-02T12:35:59,129,SERVED,85.1,3,SYNTHETIC_DEMO
L_20260902,2026-09-02T12:24:05,130,ENTER,,7,SYNTHETIC_DEMO
L_20260902,2026-09-02T12:26:06,130,SERVED,121.2,7,SYNTHETIC_DEMO
L_20260902,2026-09-02T12:01:10,131,ENTER,,15,SYNTHETIC_DEMO
L_20260902,2026-09-02T12:05:39,131,SERVED,268.7,15,SYNTHETIC_DEMO
L_20260902,2026-09-02T11:34:39,132,ENTER,,7,SYNTHETIC_DEMO
L_20260902,2026-09-02T11:37:06,132,SERVED,146.7,7,SYNTHETIC_DEMO
L_20260902,2026-09-02T11:55:02,133,ENTER,,15,SYNTHETIC_DEMO
L_20260902,2026-09-02T11:58:48,133,SERVED,225.5,15,SYNTHETIC_DEMO
L_20260902,2026-09-02T11:54:16,134,ENTER,,14,SYNTHETIC_DEMO
L_20260902,2026-09-02T11:58:07,134,SERVED,231.5,14,SYNTHETIC_DEMO
L_20260902,2026-09-02T11:30:00,135,ENTER,,5,SYNTHETIC_DEMO
L_20260902,2026-09-02T11:31:33,135,SERVED,93.4,5,SYNTHETIC_DEMO
L_20260902,2026-09-02T11:38:27,136,ENTER,,8,SYNTHETIC_DEMO
L_20260902,2026-09-02T11:41:17,136,SERVED,170.6,8,SYNTHETIC_DEMO
L_20260902,2026-09-02T11:35:39,137,ENTER,,6,SYNTHETIC_DEMO
L_20260902,2026-09-02T11:37:34,137,SERVED,114.9,6,SYNTHETIC_DEMO
D_20260902,2026-09-02T17:54:07,1,ENTER,,14,SYNTHETIC_DEMO
D_20260902,2026-09-02T17:58:16,1,SERVED,249.2,14,SYNTHETIC_DEMO
D_20260902,2026-09-02T17:00:00,2,ENTER,,3,SYNTHETIC_DEMO
D_20260902,2026-09-02T17:01:07,2,SERVED,67.9,3,SYNTHETIC_DEMO
D_20260902,2026-09-02T17:39:02,3,ENTER,,19,SYNTHETIC_DEMO
D_20260902,2026-09-02T17:43:44,3,SERVED,282.0,19,SYNTHETIC_DEMO
D_20260902,2026-09-02T17:20:47,4,ENTER,,12,SYNTHETIC_DEMO
D_20260902,2026-09-02T17:24:07,4,SERVED,199.8,12,SYNTHETIC_DEMO
D_20260902,2026-09-02T17:48:58,5,ENTER,,16,SYNTHETIC_DEMO
D_20260902,2026-09-02T17:53:22,5,SERVED,263.7,16,SYNTHETIC_DEMO
D_20260902,2026-09-02T17:36:16,6,ENTER,,18,SYNTHETIC_DEMO
D_20260902,2026-09-02T17:41:13,6,SERVED,297.0,18,SYNTHETIC_DEMO
D_20260902,2026-09-02T17:13:44,7,ENTER,,8,SYNTHETIC_DEMO
D_20260902,2026-09-02T17:15:55,7,SERVED,131.3,8,SYNTHETIC_DEMO
D_20260902,2026-09-02T17:55:18,8,ENTER,,13,SYNTHETIC_DEMO
D_20260902,2026-09-02T17:59:01,8,SERVED,222.8,13,SYNTHETIC_DEMO
D_20260902,2026-09-02T17:41:04,9,ENTER,,19,SYNTHETIC_DEMO
D_20260902,2026-09-02T17:45:44,9,SERVED,280.2,19,SYNTHETIC_DEMO
D_20260902,2026-09-02T17:52:30,10,ENTER,,15,SYNTHETIC_DEMO
D_20260902,2026-09-02T17:56:56,10,SERVED,266.0,15,SYNTHETIC_DEMO
D_20260902,2026-09-02T18:05:41,11,ENTER,,7,SYNTHETIC_DEMO
D_20260902,2026-09-02T18:07:56,11,SERVED,135.0,7,SYNTHETIC_DEMO
D_20260902,2026-09-02T17:53:49,12,ENTER,,15,SYNTHETIC_DEMO
D_20260902,2026-09-02T17:58:19,12,SERVED,269.2,15,SYNTHETIC_DEMO
D_20260902,2026-09-02T17:45:06,13,ENTER,,17,SYNTHETIC_DEMO
D_20260902,2026-09-02T17:49:51,13,SERVED,285.3,17,SYNTHETIC_DEMO
D_20260902,2026-09-02T17:57:45,14,ENTER,,12,SYNTHETIC_DEMO
D_20260902,2026-09-02T18:01:03,14,SERVED,198.6,12,SYNTHETIC_DEMO
D_20260902,2026-09-02T17:15:11,15,ENTER,,7,SYNTHETIC_DEMO
D_20260902,2026-09-02T17:17:45,15,SERVED,153.3,7,SYNTHETIC_DEMO
D_20260902,2026-09-02T17:26:32,16,ENTER,,15,SYNTHETIC_DEMO
D_20260902,2026-09-02T17:30:13,16,SERVED,220.4,15,SYNTHETIC_DEMO
D_20260902,2026-09-02T17:56:56,17,ENTER,,13,SYNTHETIC_DEMO
D_20260902,2026-09-02T18:01:00,17,SERVED,244.0,13,SYNTHETIC_DEMO
D_20260902,2026-09-02T17:41:18,18,ENTER,,17,SYNTHETIC_DEMO
D_20260902,2026-09-02T17:45:53,18,SERVED,275.0,17,SYNTHETIC_DEMO
D_20260902,2026-09-02T17:23:43,19,ENTER,,12,SYNTHETIC_DEMO
D_20260902,2026-09-02T17:26:54,19,SERVED,191.2,12,SYNTHETIC_DEMO
D_20260902,2026-09-02T17:29:03,20,ENTER,,16,SYNTHETIC_DEMO
D_20260902,2026-09-02T17:33:41,20,SERVED,278.1,16,SYNTHETIC_DEMO
D_20260902,2026-09-02T18:09:19,21,ENTER,,5,SYNTHETIC_DEMO
D_20260902,2026-09-02T18:11:49,21,SERVED,149.9,5,SYNTHETIC_DEMO
D_20260902,2026-09-02T17:16:07,22,ENTER,,8,SYNTHETIC_DEMO
D_20260902,2026-09-02T17:18:48,22,SERVED,160.4,8,SYNTHETIC_DEMO
D_20260902,2026-09-02T17:44:18,23,ENTER,,17,SYNTHETIC_DEMO
D_20260902,2026-09-02T17:49:25,23,SERVED,307.3,17,SYNTHETIC_DEMO
D_20260902,2026-09-02T18:05:37,24,ENTER,,7,SYNTHETIC_DEMO
D_20260902,2026-09-02T18:08:38,24,SERVED,180.9,7,SYNTHETIC_DEMO
D_20260902,2026-09-02T17:38:59,25,ENTER,,18,SYNTHETIC_DEMO
D_20260902,2026-09-02T17:43:45,25,SERVED,286.7,18,SYNTHETIC_DEMO
D_20260902,2026-09-02T17:17:43,26,ENTER,,8,SYNTHETIC_DEMO
D_20260902,2026-09-02T17:20:16,26,SERVED,152.8,8,SYNTHETIC_DEMO
D_20260902,2026-09-02T17:42:58,27,ENTER,,18,SYNTHETIC_DEMO
D_20260902,2026-09-02T17:47:24,27,SERVED,265.6,18,SYNTHETIC_DEMO
D_20260902,2026-09-02T17:50:27,28,ENTER,,15,SYNTHETIC_DEMO
D_20260902,2026-09-02T17:54:33,28,SERVED,246.0,15,SYNTHETIC_DEMO
D_20260902,2026-09-02T17:47:13,29,ENTER,,16,SYNTHETIC_DEMO
D_20260902,2026-09-02T17:51:03,29,SERVED,230.0,16,SYNTHETIC_DEMO
D_20260902,2026-09-02T18:05:41,30,ENTER,,8,SYNTHETIC_DEMO
D_20260902,2026-09-02T18:08:32,30,SERVED,171.0,8,SYNTHETIC_DEMO
D_20260902,2026-09-02T17:47:08,31,ENTER,,17,SYNTHETIC_DEMO
D_20260902,2026-09-02T17:52:09,31,SERVED,300.4,17,SYNTHETIC_DEMO
D_20260902,2026-09-02T18:04:11,32,ENTER,,7,SYNTHETIC_DEMO
D_20260902,2026-09-02T18:07:09,32,SERVED,177.4,7,SYNTHETIC_DEMO
D_20260902,2026-09-02T17:19:50,33,ENTER,,10,SYNTHETIC_DEMO
D_20260902,2026-09-02T17:23:19,33,SERVED,209.0,10,SYNTHETIC_DEMO
D_20260902,2026-09-02T17:43:11,34,ENTER,,19,SYNTHETIC_DEMO
D_20260902,2026-09-02T17:47:40,34,SERVED,269.3,19,SYNTHETIC_DEMO
D_20260902,2026-09-02T17:36:13,35,ENTER,,16,SYNTHETIC_DEMO
D_20260902,2026-09-02T17:40:22,35,SERVED,248.6,16,SYNTHETIC_DEMO
D_20260902,2026-09-02T17:35:22,36,ENTER,,17,SYNTHETIC_DEMO
D_20260902,2026-09-02T17:39:27,36,SERVED,245.1,17,SYNTHETIC_DEMO
D_20260902,2026-09-02T17:22:07,37,ENTER,,12,SYNTHETIC_DEMO
D_20260902,2026-09-02T17:26:13,37,SERVED,245.6,12,SYNTHETIC_DEMO
D_20260902,2026-09-02T17:36:57,38,ENTER,,17,SYNTHETIC_DEMO
D_20260902,2026-09-02T17:42:02,38,SERVED,304.3,17,SYNTHETIC_DEMO
D_20260902,2026-09-02T17:35:33,39,ENTER,,18,SYNTHETIC_DEMO
D_20260902,2026-09-02T17:40:27,39,SERVED,293.3,18,SYNTHETIC_DEMO
D_20260902,2026-09-02T17:40:50,40,ENTER,,19,SYNTHETIC_DEMO
D_20260902,2026-09-02T17:46:07,40,SERVED,316.6,19,SYNTHETIC_DEMO
D_20260902,2026-09-02T17:29:58,41,ENTER,,15,SYNTHETIC_DEMO
D_20260902,2026-09-02T17:34:16,41,SERVED,257.7,15,SYNTHETIC_DEMO
D_20260902,2026-09-02T18:00:20,42,ENTER,,9,SYNTHETIC_DEMO
D_20260902,2026-09-02T18:02:38,42,SERVED,137.6,9,SYNTHETIC_DEMO
D_20260902,2026-09-02T18:01:42,43,ENTER,,9,SYNTHETIC_DEMO
D_20260902,2026-09-02T18:04:22,43,SERVED,160.7,9,SYNTHETIC_DEMO
D_20260902,2026-09-02T17:56:32,44,ENTER,,12,SYNTHETIC_DEMO
D_20260902,2026-09-02T17:59:41,44,SERVED,188.5,12,SYNTHETIC_DEMO
D_20260902,2026-09-02T17:26:04,45,ENTER,,13,SYNTHETIC_DEMO
D_20260902,2026-09-02T17:30:10,45,SERVED,246.1,13,SYNTHETIC_DEMO
D_20260902,2026-09-02T17:21:55,46,ENTER,,11,SYNTHETIC_DEMO
D_20260902,2026-09-02T17:25:20,46,SERVED,204.4,11,SYNTHETIC_DEMO
D_20260902,2026-09-02T17:31:31,47,ENTER,,17,SYNTHETIC_DEMO
D_20260902,2026-09-02T17:35:35,47,SERVED,244.4,17,SYNTHETIC_DEMO
D_20260902,2026-09-02T17:45:35,48,ENTER,,17,SYNTHETIC_DEMO
D_20260902,2026-09-02T17:50:34,48,SERVED,298.8,17,SYNTHETIC_DEMO
D_20260902,2026-09-02T17:28:00,49,ENTER,,14,SYNTHETIC_DEMO
D_20260902,2026-09-02T17:31:42,49,SERVED,221.3,14,SYNTHETIC_DEMO
D_20260902,2026-09-02T17:05:06,50,ENTER,,3,SYNTHETIC_DEMO
D_20260902,2026-09-02T17:06:57,50,SERVED,110.8,3,SYNTHETIC_DEMO
D_20260902,2026-09-02T17:31:30,51,ENTER,,17,SYNTHETIC_DEMO
D_20260902,2026-09-02T17:36:29,51,SERVED,298.7,17,SYNTHETIC_DEMO
D_20260902,2026-09-02T17:50:18,52,ENTER,,16,SYNTHETIC_DEMO
D_20260902,2026-09-02T17:54:10,52,SERVED,231.6,16,SYNTHETIC_DEMO
D_20260902,2026-09-02T18:06:20,53,ENTER,,7,SYNTHETIC_DEMO
D_20260902,2026-09-02T18:09:10,53,SERVED,169.6,7,SYNTHETIC_DEMO
D_20260902,2026-09-02T17:40:21,54,ENTER,,17,SYNTHETIC_DEMO
D_20260902,2026-09-02T17:44:51,54,SERVED,270.0,17,SYNTHETIC_DEMO
D_20260902,2026-09-02T17:38:10,55,ENTER,,17,SYNTHETIC_DEMO
D_20260902,2026-09-02T17:42:54,55,SERVED,284.0,17,SYNTHETIC_DEMO
D_20260902,2026-09-02T17:54:46,56,ENTER,,13,SYNTHETIC_DEMO
D_20260902,2026-09-02T17:58:54,56,SERVED,248.6,13,SYNTHETIC_DEMO
D_20260902,2026-09-02T17:17:49,57,ENTER,,9,SYNTHETIC_DEMO
D_20260902,2026-09-02T17:20:41,57,SERVED,171.1,9,SYNTHETIC_DEMO
D_20260902,2026-09-02T17:52:53,58,ENTER,,14,SYNTHETIC_DEMO
D_20260902,2026-09-02T17:57:05,58,SERVED,252.0,14,SYNTHETIC_DEMO
D_20260902,2026-09-02T17:38:03,59,ENTER,,19,SYNTHETIC_DEMO
D_20260902,2026-09-02T17:43:03,59,SERVED,300.1,19,SYNTHETIC_DEMO
D_20260902,2026-09-02T17:45:44,60,ENTER,,16,SYNTHETIC_DEMO
D_20260902,2026-09-02T17:49:56,60,SERVED,251.9,16,SYNTHETIC_DEMO
D_20260902,2026-09-02T17:48:42,61,ENTER,,16,SYNTHETIC_DEMO
D_20260902,2026-09-02T17:53:09,61,SERVED,267.5,16,SYNTHETIC_DEMO
D_20260902,2026-09-02T17:55:19,62,ENTER,,12,SYNTHETIC_DEMO
D_20260902,2026-09-02T17:59:03,62,SERVED,223.3,12,SYNTHETIC_DEMO
D_20260902,2026-09-02T17:35:24,63,ENTER,,19,SYNTHETIC_DEMO
D_20260902,2026-09-02T17:40:11,63,SERVED,287.2,19,SYNTHETIC_DEMO
D_20260902,2026-09-02T17:10:53,64,ENTER,,6,SYNTHETIC_DEMO
D_20260902,2026-09-02T17:12:48,64,SERVED,114.6,6,SYNTHETIC_DEMO
D_20260902,2026-09-02T17:43:06,65,ENTER,,17,SYNTHETIC_DEMO
D_20260902,2026-09-02T17:47:57,65,SERVED,291.2,17,SYNTHETIC_DEMO
D_20260902,2026-09-02T17:38:52,66,ENTER,,18,SYNTHETIC_DEMO
D_20260902,2026-09-02T17:43:08,66,SERVED,256.2,18,SYNTHETIC_DEMO
D_20260902,2026-09-02T17:19:17,67,ENTER,,10,SYNTHETIC_DEMO
D_20260902,2026-09-02T17:22:36,67,SERVED,199.4,10,SYNTHETIC_DEMO
D_20260902,2026-09-02T17:37:38,68,ENTER,,17,SYNTHETIC_DEMO
D_20260902,2026-09-02T17:41:43,68,SERVED,244.9,17,SYNTHETIC_DEMO
D_20260902,2026-09-02T18:05:09,69,ENTER,,8,SYNTHETIC_DEMO
D_20260902,2026-09-02T18:08:17,69,SERVED,188.0,8,SYNTHETIC_DEMO
D_20260902,2026-09-02T17:31:43,70,ENTER,,16,SYNTHETIC_DEMO
D_20260902,2026-09-02T17:36:42,70,SERVED,298.2,16,SYNTHETIC_DEMO
D_20260902,2026-09-02T17:24:37,71,ENTER,,12,SYNTHETIC_DEMO
D_20260902,2026-09-02T17:28:29,71,SERVED,231.4,12,SYNTHETIC_DEMO
D_20260902,2026-09-02T17:44:11,72,ENTER,,17,SYNTHETIC_DEMO
D_20260902,2026-09-02T17:48:22,72,SERVED,250.4,17,SYNTHETIC_DEMO
D_20260902,2026-09-02T17:31:52,73,ENTER,,17,SYNTHETIC_DEMO
D_20260902,2026-09-02T17:36:00,73,SERVED,247.9,17,SYNTHETIC_DEMO
D_20260902,2026-09-02T18:14:14,74,ENTER,,4,SYNTHETIC_DEMO
D_20260902,2026-09-02T18:16:15,74,SERVED,120.6,4,SYNTHETIC_DEMO
D_20260902,2026-09-02T17:41:56,75,ENTER,,17,SYNTHETIC_DEMO
D_20260902,2026-09-02T17:46:55,75,SERVED,298.6,17,SYNTHETIC_DEMO
D_20260902,2026-09-02T17:58:20,76,ENTER,,11,SYNTHETIC_DEMO
D_20260902,2026-09-02T18:02:14,76,SERVED,234.9,11,SYNTHETIC_DEMO
D_20260902,2026-09-02T17:44:48,77,ENTER,,17,SYNTHETIC_DEMO
D_20260902,2026-09-02T17:48:56,77,SERVED,247.4,17,SYNTHETIC_DEMO
D_20260902,2026-09-02T17:46:05,78,ENTER,,18,SYNTHETIC_DEMO
D_20260902,2026-09-02T17:51:07,78,SERVED,302.1,18,SYNTHETIC_DEMO
D_20260902,2026-09-02T17:19:26,79,ENTER,,10,SYNTHETIC_DEMO
D_20260902,2026-09-02T17:22:40,79,SERVED,194.2,10,SYNTHETIC_DEMO
D_20260902,2026-09-02T17:25:32,80,ENTER,,14,SYNTHETIC_DEMO
D_20260902,2026-09-02T17:28:58,80,SERVED,205.3,14,SYNTHETIC_DEMO
D_20260902,2026-09-02T17:35:07,81,ENTER,,16,SYNTHETIC_DEMO
D_20260902,2026-09-02T17:38:58,81,SERVED,230.6,16,SYNTHETIC_DEMO
D_20260902,2026-09-02T17:39:31,82,ENTER,,18,SYNTHETIC_DEMO
D_20260902,2026-09-02T17:43:49,82,SERVED,258.3,18,SYNTHETIC_DEMO
D_20260902,2026-09-02T17:50:22,83,ENTER,,16,SYNTHETIC_DEMO
D_20260902,2026-09-02T17:52:30,83,ABANDONED,,16,SYNTHETIC_DEMO
D_20260902,2026-09-02T17:30:57,84,ENTER,,15,SYNTHETIC_DEMO
D_20260902,2026-09-02T17:35:08,84,SERVED,250.4,15,SYNTHETIC_DEMO
D_20260902,2026-09-02T17:34:54,85,ENTER,,16,SYNTHETIC_DEMO
D_20260902,2026-09-02T17:38:48,85,SERVED,234.2,16,SYNTHETIC_DEMO
D_20260902,2026-09-02T17:17:08,86,ENTER,,9,SYNTHETIC_DEMO
D_20260902,2026-09-02T17:20:21,86,SERVED,192.9,9,SYNTHETIC_DEMO
D_20260902,2026-09-02T17:00:00,87,ENTER,,2,SYNTHETIC_DEMO
D_20260902,2026-09-02T17:01:08,87,SERVED,68.4,2,SYNTHETIC_DEMO
D_20260902,2026-09-02T18:44:08,88,ENTER,,2,SYNTHETIC_DEMO
D_20260902,2026-09-02T18:45:39,88,SERVED,91.0,2,SYNTHETIC_DEMO
D_20260902,2026-09-02T17:51:01,89,ENTER,,15,SYNTHETIC_DEMO
D_20260902,2026-09-02T17:55:38,89,SERVED,276.6,15,SYNTHETIC_DEMO
D_20260902,2026-09-02T17:36:39,90,ENTER,,18,SYNTHETIC_DEMO
D_20260902,2026-09-02T17:41:34,90,SERVED,295.5,18,SYNTHETIC_DEMO
D_20260902,2026-09-02T17:31:02,91,ENTER,,15,SYNTHETIC_DEMO
D_20260902,2026-09-02T17:35:06,91,SERVED,244.1,15,SYNTHETIC_DEMO
D_20260902,2026-09-02T17:31:20,92,ENTER,,15,SYNTHETIC_DEMO
D_20260902,2026-09-02T17:36:00,92,SERVED,279.7,15,SYNTHETIC_DEMO
D_20260902,2026-09-02T17:42:00,93,ENTER,,18,SYNTHETIC_DEMO
D_20260902,2026-09-02T17:46:17,93,SERVED,257.4,18,SYNTHETIC_DEMO
D_20260902,2026-09-02T17:41:26,94,ENTER,,19,SYNTHETIC_DEMO
D_20260902,2026-09-02T17:46:51,94,SERVED,325.9,19,SYNTHETIC_DEMO
D_20260902,2026-09-02T17:00:00,95,ENTER,,2,SYNTHETIC_DEMO
D_20260902,2026-09-02T17:01:42,95,SERVED,102.8,2,SYNTHETIC_DEMO
D_20260902,2026-09-02T17:58:06,96,ENTER,,11,SYNTHETIC_DEMO
D_20260902,2026-09-02T18:01:14,96,SERVED,187.5,11,SYNTHETIC_DEMO
D_20260902,2026-09-02T17:28:33,97,ENTER,,15,SYNTHETIC_DEMO
D_20260902,2026-09-02T17:32:57,97,SERVED,263.1,15,SYNTHETIC_DEMO
D_20260902,2026-09-02T18:17:35,98,ENTER,,2,SYNTHETIC_DEMO
D_20260902,2026-09-02T18:18:58,98,SERVED,83.0,2,SYNTHETIC_DEMO
D_20260902,2026-09-02T17:40:49,99,ENTER,,18,SYNTHETIC_DEMO
D_20260902,2026-09-02T17:45:58,99,SERVED,308.6,18,SYNTHETIC_DEMO
D_20260902,2026-09-02T18:23:17,100,ENTER,,2,SYNTHETIC_DEMO
D_20260902,2026-09-02T18:24:46,100,SERVED,88.9,2,SYNTHETIC_DEMO
D_20260902,2026-09-02T17:37:58,101,ENTER,,18,SYNTHETIC_DEMO
D_20260902,2026-09-02T17:42:59,101,SERVED,301.2,18,SYNTHETIC_DEMO
D_20260902,2026-09-02T17:43:53,102,ENTER,,17,SYNTHETIC_DEMO
D_20260902,2026-09-02T17:48:39,102,SERVED,286.4,17,SYNTHETIC_DEMO
D_20260902,2026-09-02T18:13:56,103,ENTER,,4,SYNTHETIC_DEMO
D_20260902,2026-09-02T18:15:15,103,SERVED,79.0,4,SYNTHETIC_DEMO
D_20260902,2026-09-02T17:34:36,104,ENTER,,17,SYNTHETIC_DEMO
D_20260902,2026-09-02T17:38:53,104,SERVED,257.0,17,SYNTHETIC_DEMO
D_20260902,2026-09-02T17:56:49,105,ENTER,,11,SYNTHETIC_DEMO
D_20260902,2026-09-02T18:00:01,105,SERVED,192.1,11,SYNTHETIC_DEMO
D_20260902,2026-09-02T17:29:53,106,ENTER,,15,SYNTHETIC_DEMO
D_20260902,2026-09-02T17:33:52,106,SERVED,239.2,15,SYNTHETIC_DEMO
D_20260902,2026-09-02T17:41:23,107,ENTER,,18,SYNTHETIC_DEMO
D_20260902,2026-09-02T17:45:52,107,SERVED,268.1,18,SYNTHETIC_DEMO
D_20260902,2026-09-02T17:34:57,108,ENTER,,19,SYNTHETIC_DEMO
D_20260902,2026-09-02T17:39:38,108,SERVED,280.9,19,SYNTHETIC_DEMO
D_20260902,2026-09-02T17:47:36,109,ENTER,,17,SYNTHETIC_DEMO
D_20260902,2026-09-02T17:52:20,109,SERVED,284.3,17,SYNTHETIC_DEMO
D_20260902,2026-09-02T17:47:12,110,ENTER,,16,SYNTHETIC_DEMO
D_20260902,2026-09-02T17:51:29,110,SERVED,256.3,16,SYNTHETIC_DEMO
D_20260902,2026-09-02T17:45:58,111,ENTER,,17,SYNTHETIC_DEMO
D_20260902,2026-09-02T17:50:01,111,SERVED,242.9,17,SYNTHETIC_DEMO
D_20260902,2026-09-02T17:32:47,112,ENTER,,16,SYNTHETIC_DEMO
D_20260902,2026-09-02T17:36:57,112,SERVED,249.6,16,SYNTHETIC_DEMO
D_20260902,2026-09-02T17:45:57,113,ENTER,,16,SYNTHETIC_DEMO
D_20260902,2026-09-02T17:49:56,113,SERVED,238.3,16,SYNTHETIC_DEMO
D_20260902,2026-09-02T17:37:07,114,ENTER,,19,SYNTHETIC_DEMO
D_20260902,2026-09-02T17:41:53,114,SERVED,286.0,19,SYNTHETIC_DEMO
D_20260902,2026-09-02T17:30:20,115,ENTER,,15,SYNTHETIC_DEMO
D_20260902,2026-09-02T17:34:48,115,SERVED,267.6,15,SYNTHETIC_DEMO
D_20260902,2026-09-02T18:11:51,116,ENTER,,5,SYNTHETIC_DEMO
D_20260902,2026-09-02T18:13:36,116,SERVED,105.7,5,SYNTHETIC_DEMO
D_20260902,2026-09-02T17:27:47,117,ENTER,,14,SYNTHETIC_DEMO
D_20260902,2026-09-02T17:32:21,117,SERVED,273.8,14,SYNTHETIC_DEMO
D_20260902,2026-09-02T17:10:45,118,ENTER,,4,SYNTHETIC_DEMO
D_20260902,2026-09-02T17:13:07,118,SERVED,141.8,4,SYNTHETIC_DEMO
D_20260902,2026-09-02T17:12:38,119,ENTER,,7,SYNTHETIC_DEMO
D_20260902,2026-09-02T17:14:43,119,SERVED,125.4,7,SYNTHETIC_DEMO
D_20260902,2026-09-02T17:48:38,120,ENTER,,16,SYNTHETIC_DEMO
D_20260902,2026-09-02T17:53:28,120,SERVED,290.0,16,SYNTHETIC_DEMO
D_20260902,2026-09-02T17:28:12,121,ENTER,,15,SYNTHETIC_DEMO
D_20260902,2026-09-02T17:32:54,121,SERVED,282.4,15,SYNTHETIC_DEMO
D_20260902,2026-09-02T17:30:58,122,ENTER,,16,SYNTHETIC_DEMO
D_20260902,2026-09-02T17:35:06,122,SERVED,247.3,16,SYNTHETIC_DEMO
D_20260902,2026-09-02T17:56:56,123,ENTER,,11,SYNTHETIC_DEMO
D_20260902,2026-09-02T17:59:47,123,SERVED,170.7,11,SYNTHETIC_DEMO
D_20260902,2026-09-02T17:28:35,124,ENTER,,15,SYNTHETIC_DEMO
D_20260902,2026-09-02T17:32:13,124,SERVED,218.1,15,SYNTHETIC_DEMO
D_20260902,2026-09-02T17:53:13,125,ENTER,,14,SYNTHETIC_DEMO
D_20260902,2026-09-02T17:57:08,125,SERVED,234.8,14,SYNTHETIC_DEMO
D_20260902,2026-09-02T17:11:02,126,ENTER,,6,SYNTHETIC_DEMO
D_20260902,2026-09-02T17:13:43,126,SERVED,161.9,6,SYNTHETIC_DEMO
D_20260902,2026-09-02T17:51:04,127,ENTER,,15,SYNTHETIC_DEMO
D_20260902,2026-09-02T17:54:57,127,SERVED,233.1,15,SYNTHETIC_DEMO
D_20260902,2026-09-02T17:53:01,128,ENTER,,16,SYNTHETIC_DEMO
D_20260902,2026-09-02T17:56:56,128,SERVED,234.5,16,SYNTHETIC_DEMO
D_20260902,2026-09-02T18:00:09,129,ENTER,,10,SYNTHETIC_DEMO
D_20260902,2026-09-02T18:02:55,129,SERVED,165.6,10,SYNTHETIC_DEMO
D_20260902,2026-09-02T17:48:26,130,ENTER,,17,SYNTHETIC_DEMO
D_20260902,2026-09-02T17:53:02,130,SERVED,275.4,17,SYNTHETIC_DEMO
D_20260902,2026-09-02T17:30:00,131,ENTER,,16,SYNTHETIC_DEMO
D_20260902,2026-09-02T17:34:13,131,SERVED,253.4,16,SYNTHETIC_DEMO
D_20260902,2026-09-02T17:25:15,132,ENTER,,13,SYNTHETIC_DEMO
D_20260902,2026-09-02T17:28:32,132,SERVED,197.6,13,SYNTHETIC_DEMO
D_20260902,2026-09-02T17:10:33,133,ENTER,,6,SYNTHETIC_DEMO
D_20260902,2026-09-02T17:12:26,133,SERVED,113.0,6,SYNTHETIC_DEMO
D_20260902,2026-09-02T17:59:40,134,ENTER,,12,SYNTHETIC_DEMO
D_20260902,2026-09-02T18:03:45,134,SERVED,245.0,12,SYNTHETIC_DEMO
D_20260902,2026-09-02T17:17:37,135,ENTER,,8,SYNTHETIC_DEMO
D_20260902,2026-09-02T17:19:57,135,SERVED,140.1,8,SYNTHETIC_DEMO
D_20260902,2026-09-02T17:00:33,136,ENTER,,2,SYNTHETIC_DEMO
D_20260902,2026-09-02T17:01:33,136,SERVED,60.0,2,SYNTHETIC_DEMO
D_20260902,2026-09-02T17:36:40,137,ENTER,,18,SYNTHETIC_DEMO
D_20260902,2026-09-02T17:41:26,137,SERVED,286.4,18,SYNTHETIC_DEMO
D_20260902,2026-09-02T17:40:17,138,ENTER,,19,SYNTHETIC_DEMO
D_20260902,2026-09-02T17:45:02,138,SERVED,284.8,19,SYNTHETIC_DEMO
D_20260902,2026-09-02T18:21:46,139,ENTER,,2,SYNTHETIC_DEMO
D_20260902,2026-09-02T18:23:35,139,SERVED,109.1,2,SYNTHETIC_DEMO
B_20260903,2026-09-03T06:09:50,1,ENTER,,8,SYNTHETIC_DEMO
B_20260903,2026-09-03T06:12:25,1,SERVED,154.6,8,SYNTHETIC_DEMO
B_20260903,2026-09-03T05:52:03,2,ENTER,,7,SYNTHETIC_DEMO
B_20260903,2026-09-03T05:54:21,2,SERVED,137.5,7,SYNTHETIC_DEMO
B_20260903,2026-09-03T06:29:58,3,ENTER,,4,SYNTHETIC_DEMO
B_20260903,2026-09-03T06:32:10,3,SERVED,132.7,4,SYNTHETIC_DEMO
B_20260903,2026-09-03T05:58:39,4,ENTER,,7,SYNTHETIC_DEMO
B_20260903,2026-09-03T06:00:39,4,SERVED,120.1,7,SYNTHETIC_DEMO
B_20260903,2026-09-03T05:55:24,5,ENTER,,7,SYNTHETIC_DEMO
B_20260903,2026-09-03T05:58:03,5,SERVED,159.0,7,SYNTHETIC_DEMO
B_20260903,2026-09-03T05:54:42,6,ENTER,,6,SYNTHETIC_DEMO
B_20260903,2026-09-03T05:56:53,6,SERVED,131.5,6,SYNTHETIC_DEMO
B_20260903,2026-09-03T05:45:05,7,ENTER,,5,SYNTHETIC_DEMO
B_20260903,2026-09-03T05:47:04,7,SERVED,119.6,5,SYNTHETIC_DEMO
B_20260903,2026-09-03T05:51:09,8,ENTER,,6,SYNTHETIC_DEMO
B_20260903,2026-09-03T05:53:57,8,SERVED,167.6,6,SYNTHETIC_DEMO
B_20260903,2026-09-03T06:10:58,9,ENTER,,8,SYNTHETIC_DEMO
B_20260903,2026-09-03T06:14:02,9,SERVED,183.9,8,SYNTHETIC_DEMO
B_20260903,2026-09-03T06:04:46,10,ENTER,,8,SYNTHETIC_DEMO
B_20260903,2026-09-03T06:07:53,10,SERVED,187.8,8,SYNTHETIC_DEMO
B_20260903,2026-09-03T06:20:03,11,ENTER,,6,SYNTHETIC_DEMO
B_20260903,2026-09-03T06:22:06,11,SERVED,122.9,6,SYNTHETIC_DEMO
B_20260903,2026-09-03T05:57:00,12,ENTER,,7,SYNTHETIC_DEMO
B_20260903,2026-09-03T05:59:38,12,SERVED,157.1,7,SYNTHETIC_DEMO
B_20260903,2026-09-03T06:11:13,13,ENTER,,8,SYNTHETIC_DEMO
B_20260903,2026-09-03T06:13:39,13,SERVED,145.6,8,SYNTHETIC_DEMO
B_20260903,2026-09-03T06:22:38,14,ENTER,,5,SYNTHETIC_DEMO
B_20260903,2026-09-03T06:24:35,14,SERVED,117.2,5,SYNTHETIC_DEMO
B_20260903,2026-09-03T05:30:00,15,ENTER,,1,SYNTHETIC_DEMO
B_20260903,2026-09-03T05:30:50,15,SERVED,50.4,1,SYNTHETIC_DEMO
B_20260903,2026-09-03T05:30:00,16,ENTER,,1,SYNTHETIC_DEMO
B_20260903,2026-09-03T05:30:58,16,SERVED,58.4,1,SYNTHETIC_DEMO
B_20260903,2026-09-03T05:32:21,17,ENTER,,2,SYNTHETIC_DEMO
B_20260903,2026-09-03T05:33:13,17,SERVED,51.6,2,SYNTHETIC_DEMO
B_20260903,2026-09-03T05:52:50,18,ENTER,,7,SYNTHETIC_DEMO
B_20260903,2026-09-03T05:55:35,18,SERVED,165.5,7,SYNTHETIC_DEMO
B_20260903,2026-09-03T05:50:43,19,ENTER,,6,SYNTHETIC_DEMO
B_20260903,2026-09-03T05:52:52,19,SERVED,128.6,6,SYNTHETIC_DEMO
B_20260903,2026-09-03T06:25:11,20,ENTER,,4,SYNTHETIC_DEMO
B_20260903,2026-09-03T06:27:23,20,SERVED,131.3,4,SYNTHETIC_DEMO
B_20260903,2026-09-03T06:03:32,21,ENTER,,8,SYNTHETIC_DEMO
B_20260903,2026-09-03T06:06:48,21,SERVED,195.3,8,SYNTHETIC_DEMO
B_20260903,2026-09-03T06:09:58,22,ENTER,,9,SYNTHETIC_DEMO
B_20260903,2026-09-03T06:12:21,22,SERVED,143.4,9,SYNTHETIC_DEMO
B_20260903,2026-09-03T06:20:00,23,ENTER,,6,SYNTHETIC_DEMO
B_20260903,2026-09-03T06:21:42,23,SERVED,102.0,6,SYNTHETIC_DEMO
B_20260903,2026-09-03T05:51:26,24,ENTER,,6,SYNTHETIC_DEMO
B_20260903,2026-09-03T05:54:01,24,SERVED,154.5,6,SYNTHETIC_DEMO
B_20260903,2026-09-03T05:53:26,25,ENTER,,8,SYNTHETIC_DEMO
B_20260903,2026-09-03T05:56:01,25,SERVED,154.8,8,SYNTHETIC_DEMO
B_20260903,2026-09-03T06:11:15,26,ENTER,,8,SYNTHETIC_DEMO
B_20260903,2026-09-03T06:14:04,26,SERVED,168.6,8,SYNTHETIC_DEMO
B_20260903,2026-09-03T06:06:03,27,ENTER,,8,SYNTHETIC_DEMO
B_20260903,2026-09-03T06:08:08,27,SERVED,124.9,8,SYNTHETIC_DEMO
B_20260903,2026-09-03T06:22:03,28,ENTER,,5,SYNTHETIC_DEMO
B_20260903,2026-09-03T06:23:43,28,SERVED,99.3,5,SYNTHETIC_DEMO
B_20260903,2026-09-03T06:03:54,29,ENTER,,7,SYNTHETIC_DEMO
B_20260903,2026-09-03T06:06:51,29,SERVED,177.9,7,SYNTHETIC_DEMO
B_20260903,2026-09-03T05:39:13,30,ENTER,,3,SYNTHETIC_DEMO
B_20260903,2026-09-03T05:40:42,30,SERVED,88.8,3,SYNTHETIC_DEMO
B_20260903,2026-09-03T05:48:00,31,ENTER,,5,SYNTHETIC_DEMO
B_20260903,2026-09-03T05:49:50,31,SERVED,110.2,5,SYNTHETIC_DEMO
B_20260903,2026-09-03T06:22:48,32,ENTER,,6,SYNTHETIC_DEMO
B_20260903,2026-09-03T06:24:46,32,SERVED,118.8,6,SYNTHETIC_DEMO
B_20260903,2026-09-03T05:49:15,33,ENTER,,7,SYNTHETIC_DEMO
B_20260903,2026-09-03T05:51:10,33,SERVED,115.0,7,SYNTHETIC_DEMO
B_20260903,2026-09-03T05:33:14,34,ENTER,,3,SYNTHETIC_DEMO
B_20260903,2026-09-03T05:34:58,34,SERVED,104.1,3,SYNTHETIC_DEMO
B_20260903,2026-09-03T05:48:34,35,ENTER,,5,SYNTHETIC_DEMO
B_20260903,2026-09-03T05:50:07,35,SERVED,92.2,5,SYNTHETIC_DEMO
B_20260903,2026-09-03T06:06:02,36,ENTER,,10,SYNTHETIC_DEMO
B_20260903,2026-09-03T06:09:05,36,SERVED,183.4,10,SYNTHETIC_DEMO
B_20260903,2026-09-03T05:38:26,37,ENTER,,4,SYNTHETIC_DEMO
B_20260903,2026-09-03T05:39:39,37,SERVED,73.5,4,SYNTHETIC_DEMO
B_20260903,2026-09-03T06:15:07,38,ENTER,,8,SYNTHETIC_DEMO
B_20260903,2026-09-03T06:18:08,38,SERVED,181.5,8,SYNTHETIC_DEMO
B_20260903,2026-09-03T06:22:32,39,ENTER,,7,SYNTHETIC_DEMO
B_20260903,2026-09-03T06:25:32,39,SERVED,179.8,7,SYNTHETIC_DEMO
B_20260903,2026-09-03T06:44:19,40,ENTER,,2,SYNTHETIC_DEMO
B_20260903,2026-09-03T06:45:09,40,SERVED,50.4,2,SYNTHETIC_DEMO
B_20260903,2026-09-03T06:33:51,41,ENTER,,2,SYNTHETIC_DEMO
B_20260903,2026-09-03T06:35:05,41,SERVED,73.7,2,SYNTHETIC_DEMO
B_20260903,2026-09-03T06:00:13,42,ENTER,,8,SYNTHETIC_DEMO
B_20260903,2026-09-03T06:03:24,42,SERVED,191.5,8,SYNTHETIC_DEMO
B_20260903,2026-09-03T06:11:11,43,ENTER,,8,SYNTHETIC_DEMO
B_20260903,2026-09-03T06:14:07,43,SERVED,176.5,8,SYNTHETIC_DEMO
B_20260903,2026-09-03T05:30:00,44,ENTER,,2,SYNTHETIC_DEMO
B_20260903,2026-09-03T05:31:52,44,SERVED,112.8,2,SYNTHETIC_DEMO
B_20260903,2026-09-03T06:04:31,45,ENTER,,10,SYNTHETIC_DEMO
B_20260903,2026-09-03T06:07:18,45,SERVED,167.1,10,SYNTHETIC_DEMO
B_20260903,2026-09-03T06:11:13,46,ENTER,,7,SYNTHETIC_DEMO
B_20260903,2026-09-03T06:13:46,46,SERVED,152.5,7,SYNTHETIC_DEMO
B_20260903,2026-09-03T06:04:51,47,ENTER,,8,SYNTHETIC_DEMO
B_20260903,2026-09-03T06:07:25,47,SERVED,154.0,8,SYNTHETIC_DEMO
B_20260903,2026-09-03T06:28:59,48,ENTER,,6,SYNTHETIC_DEMO
B_20260903,2026-09-03T06:31:08,48,SERVED,128.8,6,SYNTHETIC_DEMO
B_20260903,2026-09-03T05:45:21,49,ENTER,,4,SYNTHETIC_DEMO
B_20260903,2026-09-03T05:46:58,49,SERVED,97.8,4,SYNTHETIC_DEMO
B_20260903,2026-09-03T05:56:28,50,ENTER,,8,SYNTHETIC_DEMO
B_20260903,2026-09-03T05:59:21,50,SERVED,172.8,8,SYNTHETIC_DEMO
B_20260903,2026-09-03T06:39:09,51,ENTER,,1,SYNTHETIC_DEMO
B_20260903,2026-09-03T06:40:07,51,SERVED,57.3,1,SYNTHETIC_DEMO
B_20260903,2026-09-03T06:06:47,52,ENTER,,8,SYNTHETIC_DEMO
B_20260903,2026-09-03T06:10:00,52,SERVED,193.2,8,SYNTHETIC_DEMO
B_20260903,2026-09-03T06:21:01,53,ENTER,,5,SYNTHETIC_DEMO
B_20260903,2026-09-03T06:23:32,53,SERVED,151.7,5,SYNTHETIC_DEMO
B_20260903,2026-09-03T06:08:34,54,ENTER,,7,SYNTHETIC_DEMO
B_20260903,2026-09-03T06:11:04,54,SERVED,150.2,7,SYNTHETIC_DEMO
B_20260903,2026-09-03T06:23:20,55,ENTER,,5,SYNTHETIC_DEMO
B_20260903,2026-09-03T06:25:43,55,SERVED,142.5,5,SYNTHETIC_DEMO
B_20260903,2026-09-03T06:31:28,56,ENTER,,2,SYNTHETIC_DEMO
B_20260903,2026-09-03T06:32:41,56,SERVED,72.4,2,SYNTHETIC_DEMO
B_20260903,2026-09-03T05:30:00,57,ENTER,,3,SYNTHETIC_DEMO
B_20260903,2026-09-03T05:31:15,57,SERVED,76.0,3,SYNTHETIC_DEMO
B_20260903,2026-09-03T06:11:27,58,ENTER,,7,SYNTHETIC_DEMO
B_20260903,2026-09-03T06:13:33,58,SERVED,125.5,7,SYNTHETIC_DEMO
B_20260903,2026-09-03T06:29:24,59,ENTER,,3,SYNTHETIC_DEMO
B_20260903,2026-09-03T06:31:24,59,SERVED,120.9,3,SYNTHETIC_DEMO
B_20260903,2026-09-03T06:00:37,60,ENTER,,8,SYNTHETIC_DEMO
B_20260903,2026-09-03T06:03:43,60,SERVED,186.0,8,SYNTHETIC_DEMO
B_20260903,2026-09-03T06:26:00,61,ENTER,,4,SYNTHETIC_DEMO
B_20260903,2026-09-03T06:27:41,61,SERVED,100.5,4,SYNTHETIC_DEMO
B_20260903,2026-09-03T05:56:40,62,ENTER,,6,SYNTHETIC_DEMO
B_20260903,2026-09-03T05:59:16,62,SERVED,156.3,6,SYNTHETIC_DEMO
B_20260903,2026-09-03T05:57:26,63,ENTER,,7,SYNTHETIC_DEMO
B_20260903,2026-09-03T05:59:42,63,SERVED,135.7,7,SYNTHETIC_DEMO
B_20260903,2026-09-03T06:17:41,64,ENTER,,5,SYNTHETIC_DEMO
B_20260903,2026-09-03T06:19:38,64,SERVED,116.6,5,SYNTHETIC_DEMO
B_20260903,2026-09-03T06:32:07,65,ENTER,,4,SYNTHETIC_DEMO
B_20260903,2026-09-03T06:34:03,65,SERVED,116.2,4,SYNTHETIC_DEMO
B_20260903,2026-09-03T06:18:16,66,ENTER,,7,SYNTHETIC_DEMO
B_20260903,2026-09-03T06:20:52,66,SERVED,155.6,7,SYNTHETIC_DEMO
B_20260903,2026-09-03T06:15:11,67,ENTER,,7,SYNTHETIC_DEMO
B_20260903,2026-09-03T06:17:39,67,SERVED,147.6,7,SYNTHETIC_DEMO
B_20260903,2026-09-03T06:21:28,68,ENTER,,4,SYNTHETIC_DEMO
B_20260903,2026-09-03T06:23:39,68,SERVED,131.8,4,SYNTHETIC_DEMO
B_20260903,2026-09-03T06:09:38,69,ENTER,,7,SYNTHETIC_DEMO
B_20260903,2026-09-03T06:12:03,69,SERVED,144.8,7,SYNTHETIC_DEMO
B_20260903,2026-09-03T06:02:57,70,ENTER,,9,SYNTHETIC_DEMO
B_20260903,2026-09-03T06:06:13,70,SERVED,196.3,9,SYNTHETIC_DEMO
B_20260903,2026-09-03T06:11:33,71,ENTER,,8,SYNTHETIC_DEMO
B_20260903,2026-09-03T06:13:50,71,SERVED,136.7,8,SYNTHETIC_DEMO
B_20260903,2026-09-03T06:44:03,72,ENTER,,1,SYNTHETIC_DEMO
B_20260903,2026-09-03T06:44:51,72,SERVED,47.4,1,SYNTHETIC_DEMO
B_20260903,2026-09-03T06:30:33,73,ENTER,,3,SYNTHETIC_DEMO
B_20260903,2026-09-03T06:32:16,73,SERVED,102.7,3,SYNTHETIC_DEMO
B_20260903,2026-09-03T06:18:07,74,ENTER,,6,SYNTHETIC_DEMO
B_20260903,2026-09-03T06:20:34,74,SERVED,147.7,6,SYNTHETIC_DEMO
B_20260903,2026-09-03T05:47:47,75,ENTER,,6,SYNTHETIC_DEMO
B_20260903,2026-09-03T05:49:43,75,SERVED,115.9,6,SYNTHETIC_DEMO
B_20260903,2026-09-03T05:32:15,76,ENTER,,4,SYNTHETIC_DEMO
B_20260903,2026-09-03T05:33:34,76,SERVED,79.2,4,SYNTHETIC_DEMO
B_20260903,2026-09-03T05:30:00,77,ENTER,,3,SYNTHETIC_DEMO
B_20260903,2026-09-03T05:31:30,77,SERVED,90.3,3,SYNTHETIC_DEMO
B_20260903,2026-09-03T06:28:15,78,ENTER,,5,SYNTHETIC_DEMO
B_20260903,2026-09-03T06:29:53,78,SERVED,97.7,5,SYNTHETIC_DEMO
B_20260903,2026-09-03T06:08:18,79,ENTER,,7,SYNTHETIC_DEMO
B_20260903,2026-09-03T06:10:44,79,SERVED,146.0,7,SYNTHETIC_DEMO
B_20260903,2026-09-03T06:21:46,80,ENTER,,5,SYNTHETIC_DEMO
B_20260903,2026-09-03T06:24:22,80,SERVED,155.7,5,SYNTHETIC_DEMO
B_20260903,2026-09-03T05:55:48,81,ENTER,,6,SYNTHETIC_DEMO
B_20260903,2026-09-03T05:57:54,81,SERVED,126.6,6,SYNTHETIC_DEMO
B_20260903,2026-09-03T06:01:06,82,ENTER,,9,SYNTHETIC_DEMO
B_20260903,2026-09-03T06:04:07,82,SERVED,181.3,9,SYNTHETIC_DEMO
L_20260903,2026-09-03T12:17:36,1,ENTER,,14,SYNTHETIC_DEMO
L_20260903,2026-09-03T12:21:08,1,SERVED,212.2,14,SYNTHETIC_DEMO
L_20260903,2026-09-03T12:26:30,2,ENTER,,8,SYNTHETIC_DEMO
L_20260903,2026-09-03T12:29:03,2,SERVED,152.6,8,SYNTHETIC_DEMO
L_20260903,2026-09-03T12:07:18,3,ENTER,,17,SYNTHETIC_DEMO
L_20260903,2026-09-03T12:12:02,3,SERVED,284.5,17,SYNTHETIC_DEMO
L_20260903,2026-09-03T12:30:33,4,ENTER,,6,SYNTHETIC_DEMO
L_20260903,2026-09-03T12:33:19,4,SERVED,165.4,6,SYNTHETIC_DEMO
L_20260903,2026-09-03T11:49:39,5,ENTER,,18,SYNTHETIC_DEMO
L_20260903,2026-09-03T11:54:31,5,SERVED,292.0,18,SYNTHETIC_DEMO
L_20260903,2026-09-03T11:30:00,6,ENTER,,6,SYNTHETIC_DEMO
L_20260903,2026-09-03T11:32:14,6,SERVED,134.1,6,SYNTHETIC_DEMO
L_20260903,2026-09-03T11:52:27,7,ENTER,,18,SYNTHETIC_DEMO
L_20260903,2026-09-03T11:56:45,7,SERVED,257.9,18,SYNTHETIC_DEMO
L_20260903,2026-09-03T11:30:00,8,ENTER,,5,SYNTHETIC_DEMO
L_20260903,2026-09-03T11:31:32,8,SERVED,92.6,5,SYNTHETIC_DEMO
L_20260903,2026-09-03T12:14:46,9,ENTER,,15,SYNTHETIC_DEMO
L_20260903,2026-09-03T12:18:43,9,SERVED,236.9,15,SYNTHETIC_DEMO
L_20260903,2026-09-03T12:12:35,10,ENTER,,17,SYNTHETIC_DEMO
L_20260903,2026-09-03T12:17:05,10,SERVED,269.4,17,SYNTHETIC_DEMO
L_20260903,2026-09-03T12:10:56,11,ENTER,,17,SYNTHETIC_DEMO
L_20260903,2026-09-03T12:15:54,11,SERVED,298.8,17,SYNTHETIC_DEMO
L_20260903,2026-09-03T12:15:44,12,ENTER,,14,SYNTHETIC_DEMO
L_20260903,2026-09-03T12:19:27,12,SERVED,223.2,14,SYNTHETIC_DEMO
L_20260903,2026-09-03T11:59:54,13,ENTER,,20,SYNTHETIC_DEMO
L_20260903,2026-09-03T12:05:16,13,SERVED,321.4,20,SYNTHETIC_DEMO
L_20260903,2026-09-03T12:22:00,14,ENTER,,11,SYNTHETIC_DEMO
L_20260903,2026-09-03T12:25:06,14,SERVED,185.5,11,SYNTHETIC_DEMO
L_20260903,2026-09-03T11:49:47,15,ENTER,,18,SYNTHETIC_DEMO
L_20260903,2026-09-03T11:55:03,15,SERVED,315.7,18,SYNTHETIC_DEMO
L_20260903,2026-09-03T12:07:20,16,ENTER,,19,SYNTHETIC_DEMO
L_20260903,2026-09-03T12:12:34,16,SERVED,314.6,19,SYNTHETIC_DEMO
L_20260903,2026-09-03T11:54:21,17,ENTER,,19,SYNTHETIC_DEMO
L_20260903,2026-09-03T11:59:42,17,SERVED,321.2,19,SYNTHETIC_DEMO
L_20260903,2026-09-03T11:40:12,18,ENTER,,11,SYNTHETIC_DEMO
L_20260903,2026-09-03T11:43:23,18,SERVED,191.1,11,SYNTHETIC_DEMO
L_20260903,2026-09-03T11:56:45,19,ENTER,,20,SYNTHETIC_DEMO
L_20260903,2026-09-03T12:02:15,19,SERVED,330.3,20,SYNTHETIC_DEMO
L_20260903,2026-09-03T11:58:31,20,ENTER,,21,SYNTHETIC_DEMO
L_20260903,2026-09-03T12:03:38,20,SERVED,307.1,21,SYNTHETIC_DEMO
L_20260903,2026-09-03T11:36:29,21,ENTER,,8,SYNTHETIC_DEMO
L_20260903,2026-09-03T11:38:55,21,SERVED,145.8,8,SYNTHETIC_DEMO
L_20260903,2026-09-03T11:54:46,22,ENTER,,19,SYNTHETIC_DEMO
L_20260903,2026-09-03T12:00:24,22,SERVED,337.6,19,SYNTHETIC_DEMO
L_20260903,2026-09-03T12:02:24,23,ENTER,,18,SYNTHETIC_DEMO
L_20260903,2026-09-03T12:07:17,23,SERVED,293.2,18,SYNTHETIC_DEMO
L_20260903,2026-09-03T11:56:07,24,ENTER,,20,SYNTHETIC_DEMO
L_20260903,2026-09-03T12:01:36,24,SERVED,329.4,20,SYNTHETIC_DEMO
L_20260903,2026-09-03T12:15:35,25,ENTER,,14,SYNTHETIC_DEMO
L_20260903,2026-09-03T12:19:13,25,SERVED,217.6,14,SYNTHETIC_DEMO
L_20260903,2026-09-03T12:13:57,26,ENTER,,15,SYNTHETIC_DEMO
L_20260903,2026-09-03T12:17:39,26,SERVED,222.1,15,SYNTHETIC_DEMO
L_20260903,2026-09-03T11:48:34,27,ENTER,,18,SYNTHETIC_DEMO
L_20260903,2026-09-03T11:53:25,27,SERVED,291.0,18,SYNTHETIC_DEMO
L_20260903,2026-09-03T11:53:14,28,ENTER,,20,SYNTHETIC_DEMO
L_20260903,2026-09-03T11:57:58,28,SERVED,283.7,20,SYNTHETIC_DEMO
L_20260903,2026-09-03T11:53:33,29,ENTER,,20,SYNTHETIC_DEMO
L_20260903,2026-09-03T11:59:25,29,SERVED,352.5,20,SYNTHETIC_DEMO
L_20260903,2026-09-03T11:57:12,30,ENTER,,21,SYNTHETIC_DEMO
L_20260903,2026-09-03T12:03:02,30,SERVED,350.5,21,SYNTHETIC_DEMO
L_20260903,2026-09-03T12:28:47,31,ENTER,,6,SYNTHETIC_DEMO
L_20260903,2026-09-03T12:30:28,31,SERVED,101.4,6,SYNTHETIC_DEMO
L_20260903,2026-09-03T12:13:11,32,ENTER,,17,SYNTHETIC_DEMO
L_20260903,2026-09-03T12:17:35,32,SERVED,263.9,17,SYNTHETIC_DEMO
L_20260903,2026-09-03T12:26:26,33,ENTER,,9,SYNTHETIC_DEMO
L_20260903,2026-09-03T12:29:02,33,SERVED,155.4,9,SYNTHETIC_DEMO
L_20260903,2026-09-03T12:05:16,34,ENTER,,20,SYNTHETIC_DEMO
L_20260903,2026-09-03T12:10:15,34,SERVED,299.3,20,SYNTHETIC_DEMO
L_20260903,2026-09-03T12:02:01,35,ENTER,,21,SYNTHETIC_DEMO
L_20260903,2026-09-03T12:07:32,35,SERVED,331.5,21,SYNTHETIC_DEMO
L_20260903,2026-09-03T11:57:52,36,ENTER,,21,SYNTHETIC_DEMO
L_20260903,2026-09-03T12:03:28,36,SERVED,335.0,21,SYNTHETIC_DEMO
L_20260903,2026-09-03T12:27:52,37,ENTER,,7,SYNTHETIC_DEMO
L_20260903,2026-09-03T12:29:20,37,ABANDONED,,7,SYNTHETIC_DEMO
L_20260903,2026-09-03T11:34:57,38,ENTER,,8,SYNTHETIC_DEMO
L_20260903,2026-09-03T11:37:07,38,SERVED,130.9,8,SYNTHETIC_DEMO
L_20260903,2026-09-03T11:53:59,39,ENTER,,19,SYNTHETIC_DEMO
L_20260903,2026-09-03T11:59:09,39,SERVED,309.7,19,SYNTHETIC_DEMO
L_20260903,2026-09-03T12:13:24,40,ENTER,,15,SYNTHETIC_DEMO
L_20260903,2026-09-03T12:17:56,40,SERVED,272.4,15,SYNTHETIC_DEMO
L_20260903,2026-09-03T11:48:15,41,ENTER,,17,SYNTHETIC_DEMO
L_20260903,2026-09-03T11:52:35,41,SERVED,260.1,17,SYNTHETIC_DEMO
L_20260903,2026-09-03T12:24:42,42,ENTER,,8,SYNTHETIC_DEMO
L_20260903,2026-09-03T12:26:49,42,SERVED,126.6,8,SYNTHETIC_DEMO
L_20260903,2026-09-03T12:27:01,43,ENTER,,7,SYNTHETIC_DEMO
L_20260903,2026-09-03T12:29:38,43,SERVED,157.4,7,SYNTHETIC_DEMO
L_20260903,2026-09-03T12:41:57,44,ENTER,,3,SYNTHETIC_DEMO
L_20260903,2026-09-03T12:43:15,44,SERVED,77.3,3,SYNTHETIC_DEMO
L_20260903,2026-09-03T11:30:00,45,ENTER,,3,SYNTHETIC_DEMO
L_20260903,2026-09-03T11:31:58,45,SERVED,118.3,3,SYNTHETIC_DEMO
L_20260903,2026-09-03T12:08:46,46,ENTER,,18,SYNTHETIC_DEMO
L_20260903,2026-09-03T12:13:13,46,SERVED,267.2,18,SYNTHETIC_DEMO
L_20260903,2026-09-03T12:07:50,47,ENTER,,19,SYNTHETIC_DEMO
L_20260903,2026-09-03T12:13:09,47,SERVED,319.1,19,SYNTHETIC_DEMO
L_20260903,2026-09-03T11:48:32,48,ENTER,,14,SYNTHETIC_DEMO
L_20260903,2026-09-03T11:52:58,48,SERVED,266.0,14,SYNTHETIC_DEMO
L_20260903,2026-09-03T11:30:00,49,ENTER,,6,SYNTHETIC_DEMO
L_20260903,2026-09-03T11:32:40,49,SERVED,160.8,6,SYNTHETIC_DEMO
L_20260903,2026-09-03T11:30:00,50,ENTER,,4,SYNTHETIC_DEMO
L_20260903,2026-09-03T11:32:01,50,SERVED,121.8,4,SYNTHETIC_DEMO
L_20260903,2026-09-03T11:50:46,51,ENTER,,18,SYNTHETIC_DEMO
L_20260903,2026-09-03T11:55:17,51,SERVED,270.8,18,SYNTHETIC_DEMO
L_20260903,2026-09-03T11:39:02,52,ENTER,,12,SYNTHETIC_DEMO
L_20260903,2026-09-03T11:42:08,52,SERVED,186.0,12,SYNTHETIC_DEMO
L_20260903,2026-09-03T11:58:33,53,ENTER,,20,SYNTHETIC_DEMO
L_20260903,2026-09-03T12:03:16,53,SERVED,282.7,20,SYNTHETIC_DEMO
L_20260903,2026-09-03T11:30:59,54,ENTER,,6,SYNTHETIC_DEMO
L_20260903,2026-09-03T11:33:12,54,SERVED,132.4,6,SYNTHETIC_DEMO
L_20260903,2026-09-03T12:35:43,55,ENTER,,5,SYNTHETIC_DEMO
L_20260903,2026-09-03T12:37:53,55,SERVED,130.9,5,SYNTHETIC_DEMO
L_20260903,2026-09-03T12:28:43,56,ENTER,,6,SYNTHETIC_DEMO
L_20260903,2026-09-03T12:30:53,56,SERVED,129.3,6,SYNTHETIC_DEMO
L_20260903,2026-09-03T12:19:08,57,ENTER,,12,SYNTHETIC_DEMO
L_20260903,2026-09-03T12:22:47,57,SERVED,219.7,12,SYNTHETIC_DEMO
L_20260903,2026-09-03T12:19:25,58,ENTER,,11,SYNTHETIC_DEMO
L_20260903,2026-09-03T12:23:19,58,SERVED,234.0,11,SYNTHETIC_DEMO
L_20260903,2026-09-03T11:51:00,59,ENTER,,19,SYNTHETIC_DEMO
L_20260903,2026-09-03T11:55:29,59,SERVED,269.5,19,SYNTHETIC_DEMO
L_20260903,2026-09-03T12:01:35,60,ENTER,,19,SYNTHETIC_DEMO
L_20260903,2026-09-03T12:06:55,60,SERVED,319.9,19,SYNTHETIC_DEMO
L_20260903,2026-09-03T12:11:20,61,ENTER,,16,SYNTHETIC_DEMO
L_20260903,2026-09-03T12:16:07,61,SERVED,287.4,16,SYNTHETIC_DEMO
L_20260903,2026-09-03T12:51:54,62,ENTER,,1,SYNTHETIC_DEMO
L_20260903,2026-09-03T12:52:27,62,SERVED,33.8,1,SYNTHETIC_DEMO
L_20260903,2026-09-03T11:52:13,63,ENTER,,18,SYNTHETIC_DEMO
L_20260903,2026-09-03T11:56:29,63,SERVED,256.1,18,SYNTHETIC_DEMO
L_20260903,2026-09-03T11:53:44,64,ENTER,,19,SYNTHETIC_DEMO
L_20260903,2026-09-03T11:58:33,64,SERVED,288.8,19,SYNTHETIC_DEMO
L_20260903,2026-09-03T12:06:17,65,ENTER,,20,SYNTHETIC_DEMO
L_20260903,2026-09-03T12:11:52,65,SERVED,335.2,20,SYNTHETIC_DEMO
L_20260903,2026-09-03T11:50:05,66,ENTER,,17,SYNTHETIC_DEMO
L_20260903,2026-09-03T11:54:49,66,SERVED,284.7,17,SYNTHETIC_DEMO
L_20260903,2026-09-03T12:32:25,67,ENTER,,6,SYNTHETIC_DEMO
L_20260903,2026-09-03T12:35:04,67,SERVED,158.8,6,SYNTHETIC_DEMO
L_20260903,2026-09-03T11:57:52,68,ENTER,,20,SYNTHETIC_DEMO
L_20260903,2026-09-03T12:03:35,68,SERVED,343.0,20,SYNTHETIC_DEMO
L_20260903,2026-09-03T12:29:33,69,ENTER,,6,SYNTHETIC_DEMO
L_20260903,2026-09-03T12:31:54,69,SERVED,141.4,6,SYNTHETIC_DEMO
L_20260903,2026-09-03T12:00:55,70,ENTER,,20,SYNTHETIC_DEMO
L_20260903,2026-09-03T12:06:08,70,SERVED,312.8,20,SYNTHETIC_DEMO
L_20260903,2026-09-03T11:36:57,71,ENTER,,8,SYNTHETIC_DEMO
L_20260903,2026-09-03T11:39:23,71,SERVED,146.9,8,SYNTHETIC_DEMO
L_20260903,2026-09-03T11:51:30,72,ENTER,,19,SYNTHETIC_DEMO
L_20260903,2026-09-03T11:56:36,72,SERVED,306.1,19,SYNTHETIC_DEMO
L_20260903,2026-09-03T11:54:04,73,ENTER,,19,SYNTHETIC_DEMO
L_20260903,2026-09-03T11:59:25,73,SERVED,320.7,19,SYNTHETIC_DEMO
L_20260903,2026-09-03T12:21:29,74,ENTER,,10,SYNTHETIC_DEMO
L_20260903,2026-09-03T12:24:22,74,SERVED,172.8,10,SYNTHETIC_DEMO
L_20260903,2026-09-03T11:39:05,75,ENTER,,12,SYNTHETIC_DEMO
L_20260903,2026-09-03T11:43:00,75,SERVED,234.6,12,SYNTHETIC_DEMO
L_20260903,2026-09-03T12:04:39,76,ENTER,,21,SYNTHETIC_DEMO
L_20260903,2026-09-03T12:10:44,76,SERVED,364.2,21,SYNTHETIC_DEMO
L_20260903,2026-09-03T12:05:51,77,ENTER,,20,SYNTHETIC_DEMO
L_20260903,2026-09-03T12:10:37,77,SERVED,286.5,20,SYNTHETIC_DEMO
L_20260903,2026-09-03T12:20:56,78,ENTER,,11,SYNTHETIC_DEMO
L_20260903,2026-09-03T12:23:41,78,SERVED,164.9,11,SYNTHETIC_DEMO
L_20260903,2026-09-03T12:35:10,79,ENTER,,3,SYNTHETIC_DEMO
L_20260903,2026-09-03T12:36:25,79,SERVED,75.4,3,SYNTHETIC_DEMO
L_20260903,2026-09-03T12:36:32,80,ENTER,,3,SYNTHETIC_DEMO
L_20260903,2026-09-03T12:38:29,80,SERVED,116.8,3,SYNTHETIC_DEMO
L_20260903,2026-09-03T12:00:38,81,ENTER,,21,SYNTHETIC_DEMO
L_20260903,2026-09-03T12:06:17,81,SERVED,338.4,21,SYNTHETIC_DEMO
L_20260903,2026-09-03T12:17:56,82,ENTER,,13,SYNTHETIC_DEMO
L_20260903,2026-09-03T12:21:14,82,SERVED,198.6,13,SYNTHETIC_DEMO
L_20260903,2026-09-03T12:16:51,83,ENTER,,13,SYNTHETIC_DEMO
L_20260903,2026-09-03T12:21:05,83,SERVED,253.7,13,SYNTHETIC_DEMO
L_20260903,2026-09-03T12:01:27,84,ENTER,,20,SYNTHETIC_DEMO
L_20260903,2026-09-03T12:07:07,84,SERVED,339.8,20,SYNTHETIC_DEMO
L_20260903,2026-09-03T11:43:40,85,ENTER,,13,SYNTHETIC_DEMO
L_20260903,2026-09-03T11:46:57,85,SERVED,196.9,13,SYNTHETIC_DEMO
L_20260903,2026-09-03T12:36:52,86,ENTER,,4,SYNTHETIC_DEMO
L_20260903,2026-09-03T12:38:32,86,SERVED,99.7,4,SYNTHETIC_DEMO
L_20260903,2026-09-03T11:30:00,87,ENTER,,7,SYNTHETIC_DEMO
L_20260903,2026-09-03T11:32:47,87,SERVED,167.1,7,SYNTHETIC_DEMO
L_20260903,2026-09-03T11:38:36,88,ENTER,,11,SYNTHETIC_DEMO
L_20260903,2026-09-03T11:41:50,88,SERVED,194.0,11,SYNTHETIC_DEMO
L_20260903,2026-09-03T12:23:20,89,ENTER,,10,SYNTHETIC_DEMO
L_20260903,2026-09-03T12:26:38,89,SERVED,198.7,10,SYNTHETIC_DEMO
L_20260903,2026-09-03T11:33:31,90,ENTER,,8,SYNTHETIC_DEMO
L_20260903,2026-09-03T11:34:37,90,ABANDONED,,8,SYNTHETIC_DEMO
L_20260903,2026-09-03T11:53:52,91,ENTER,,18,SYNTHETIC_DEMO
L_20260903,2026-09-03T11:59:08,91,SERVED,316.1,18,SYNTHETIC_DEMO
L_20260903,2026-09-03T12:16:45,92,ENTER,,14,SYNTHETIC_DEMO
L_20260903,2026-09-03T12:20:34,92,SERVED,228.4,14,SYNTHETIC_DEMO
L_20260903,2026-09-03T11:50:41,93,ENTER,,18,SYNTHETIC_DEMO
L_20260903,2026-09-03T11:55:07,93,SERVED,265.5,18,SYNTHETIC_DEMO
L_20260903,2026-09-03T12:18:25,94,ENTER,,13,SYNTHETIC_DEMO
L_20260903,2026-09-03T12:22:12,94,SERVED,226.5,13,SYNTHETIC_DEMO
L_20260903,2026-09-03T11:43:24,95,ENTER,,15,SYNTHETIC_DEMO
L_20260903,2026-09-03T11:47:39,95,SERVED,255.0,15,SYNTHETIC_DEMO
L_20260903,2026-09-03T11:33:17,96,ENTER,,8,SYNTHETIC_DEMO
L_20260903,2026-09-03T11:35:42,96,SERVED,144.6,8,SYNTHETIC_DEMO
L_20260903,2026-09-03T11:30:53,97,ENTER,,6,SYNTHETIC_DEMO
L_20260903,2026-09-03T11:32:41,97,SERVED,107.6,6,SYNTHETIC_DEMO
L_20260903,2026-09-03T12:10:47,98,ENTER,,16,SYNTHETIC_DEMO
L_20260903,2026-09-03T12:14:40,98,SERVED,233.1,16,SYNTHETIC_DEMO
L_20260903,2026-09-03T12:28:17,99,ENTER,,7,SYNTHETIC_DEMO
L_20260903,2026-09-03T12:30:22,99,SERVED,124.9,7,SYNTHETIC_DEMO
L_20260903,2026-09-03T12:08:27,100,ENTER,,19,SYNTHETIC_DEMO
L_20260903,2026-09-03T12:13:45,100,SERVED,318.6,19,SYNTHETIC_DEMO
L_20260903,2026-09-03T11:46:09,101,ENTER,,14,SYNTHETIC_DEMO
L_20260903,2026-09-03T11:50:13,101,SERVED,243.6,14,SYNTHETIC_DEMO
L_20260903,2026-09-03T11:54:31,102,ENTER,,20,SYNTHETIC_DEMO
L_20260903,2026-09-03T11:59:20,102,SERVED,289.5,20,SYNTHETIC_DEMO
L_20260903,2026-09-03T12:19:48,103,ENTER,,11,SYNTHETIC_DEMO
L_20260903,2026-09-03T12:23:37,103,SERVED,229.4,11,SYNTHETIC_DEMO
L_20260903,2026-09-03T11:52:10,104,ENTER,,18,SYNTHETIC_DEMO
L_20260903,2026-09-03T11:56:41,104,SERVED,270.9,18,SYNTHETIC_DEMO
L_20260903,2026-09-03T12:04:13,105,ENTER,,19,SYNTHETIC_DEMO
L_20260903,2026-09-03T12:09:40,105,SERVED,326.9,19,SYNTHETIC_DEMO
L_20260903,2026-09-03T11:30:00,106,ENTER,,7,SYNTHETIC_DEMO
L_20260903,2026-09-03T11:30:55,106,ABANDONED,,7,SYNTHETIC_DEMO
L_20260903,2026-09-03T11:44:02,107,ENTER,,15,SYNTHETIC_DEMO
L_20260903,2026-09-03T11:47:48,107,SERVED,226.3,15,SYNTHETIC_DEMO
L_20260903,2026-09-03T11:30:02,108,ENTER,,5,SYNTHETIC_DEMO
L_20260903,2026-09-03T11:31:52,108,SERVED,109.9,5,SYNTHETIC_DEMO
L_20260903,2026-09-03T12:05:08,109,ENTER,,20,SYNTHETIC_DEMO
L_20260903,2026-09-03T12:10:06,109,SERVED,297.8,20,SYNTHETIC_DEMO
L_20260903,2026-09-03T12:17:45,110,ENTER,,14,SYNTHETIC_DEMO
L_20260903,2026-09-03T12:21:26,110,SERVED,220.5,14,SYNTHETIC_DEMO
L_20260903,2026-09-03T12:06:58,111,ENTER,,20,SYNTHETIC_DEMO
L_20260903,2026-09-03T12:11:48,111,SERVED,289.3,20,SYNTHETIC_DEMO
L_20260903,2026-09-03T12:18:58,112,ENTER,,13,SYNTHETIC_DEMO
L_20260903,2026-09-03T12:23:12,112,SERVED,253.3,13,SYNTHETIC_DEMO
L_20260903,2026-09-03T12:05:27,113,ENTER,,21,SYNTHETIC_DEMO
L_20260903,2026-09-03T12:10:49,113,SERVED,321.8,21,SYNTHETIC_DEMO
L_20260903,2026-09-03T12:11:36,114,ENTER,,18,SYNTHETIC_DEMO
L_20260903,2026-09-03T12:16:49,114,SERVED,313.1,18,SYNTHETIC_DEMO
L_20260903,2026-09-03T11:31:10,115,ENTER,,7,SYNTHETIC_DEMO
L_20260903,2026-09-03T11:33:09,115,SERVED,118.9,7,SYNTHETIC_DEMO
D_20260903,2026-09-03T18:14:14,1,ENTER,,3,SYNTHETIC_DEMO
D_20260903,2026-09-03T18:15:58,1,SERVED,104.0,3,SYNTHETIC_DEMO
D_20260903,2026-09-03T17:18:44,2,ENTER,,7,SYNTHETIC_DEMO
D_20260903,2026-09-03T17:21:39,2,SERVED,175.3,7,SYNTHETIC_DEMO
D_20260903,2026-09-03T17:47:51,3,ENTER,,11,SYNTHETIC_DEMO
D_20260903,2026-09-03T17:51:34,3,SERVED,222.9,11,SYNTHETIC_DEMO
D_20260903,2026-09-03T17:23:06,4,ENTER,,10,SYNTHETIC_DEMO
D_20260903,2026-09-03T17:26:24,4,SERVED,197.4,10,SYNTHETIC_DEMO
D_20260903,2026-09-03T17:32:39,5,ENTER,,12,SYNTHETIC_DEMO
D_20260903,2026-09-03T17:36:39,5,SERVED,239.5,12,SYNTHETIC_DEMO
D_20260903,2026-09-03T18:04:07,6,ENTER,,6,SYNTHETIC_DEMO
D_20260903,2026-09-03T18:06:40,6,SERVED,153.1,6,SYNTHETIC_DEMO
D_20260903,2026-09-03T18:00:44,7,ENTER,,7,SYNTHETIC_DEMO
D_20260903,2026-09-03T18:03:42,7,SERVED,177.4,7,SYNTHETIC_DEMO
D_20260903,2026-09-03T17:18:57,8,ENTER,,9,SYNTHETIC_DEMO
D_20260903,2026-09-03T17:20:34,8,ABANDONED,,9,SYNTHETIC_DEMO
D_20260903,2026-09-03T18:07:57,9,ENTER,,5,SYNTHETIC_DEMO
D_20260903,2026-09-03T18:09:58,9,SERVED,121.8,5,SYNTHETIC_DEMO
D_20260903,2026-09-03T17:38:41,10,ENTER,,11,SYNTHETIC_DEMO
D_20260903,2026-09-03T17:41:52,10,SERVED,190.2,11,SYNTHETIC_DEMO
D_20260903,2026-09-03T17:44:04,11,ENTER,,12,SYNTHETIC_DEMO
D_20260903,2026-09-03T17:48:08,11,SERVED,244.7,12,SYNTHETIC_DEMO
D_20260903,2026-09-03T17:45:02,12,ENTER,,11,SYNTHETIC_DEMO
D_20260903,2026-09-03T17:47:50,12,SERVED,167.4,11,SYNTHETIC_DEMO
D_20260903,2026-09-03T17:40:53,13,ENTER,,11,SYNTHETIC_DEMO
D_20260903,2026-09-03T17:44:41,13,SERVED,228.2,11,SYNTHETIC_DEMO
D_20260903,2026-09-03T17:20:26,14,ENTER,,6,SYNTHETIC_DEMO
D_20260903,2026-09-03T17:23:06,14,SERVED,159.7,6,SYNTHETIC_DEMO
D_20260903,2026-09-03T17:34:47,15,ENTER,,12,SYNTHETIC_DEMO
D_20260903,2026-09-03T17:38:03,15,SERVED,196.3,12,SYNTHETIC_DEMO
D_20260903,2026-09-03T17:20:25,16,ENTER,,6,SYNTHETIC_DEMO
D_20260903,2026-09-03T17:22:50,16,SERVED,145.6,6,SYNTHETIC_DEMO
D_20260903,2026-09-03T18:10:57,17,ENTER,,4,SYNTHETIC_DEMO
D_20260903,2026-09-03T18:12:09,17,SERVED,71.3,4,SYNTHETIC_DEMO
D_20260903,2026-09-03T17:48:59,18,ENTER,,10,SYNTHETIC_DEMO
D_20260903,2026-09-03T17:50:33,18,ABANDONED,,10,SYNTHETIC_DEMO
D_20260903,2026-09-03T17:00:00,19,ENTER,,0,SYNTHETIC_DEMO
D_20260903,2026-09-03T17:01:12,19,SERVED,72.8,0,SYNTHETIC_DEMO
D_20260903,2026-09-03T17:22:07,20,ENTER,,8,SYNTHETIC_DEMO
D_20260903,2026-09-03T17:24:41,20,SERVED,154.5,8,SYNTHETIC_DEMO
D_20260903,2026-09-03T18:39:43,21,ENTER,,0,SYNTHETIC_DEMO
D_20260903,2026-09-03T18:40:59,21,SERVED,76.8,0,SYNTHETIC_DEMO
D_20260903,2026-09-03T17:30:04,22,ENTER,,9,SYNTHETIC_DEMO
D_20260903,2026-09-03T17:32:25,22,SERVED,140.9,9,SYNTHETIC_DEMO
D_20260903,2026-09-03T17:35:33,23,ENTER,,12,SYNTHETIC_DEMO
D_20260903,2026-09-03T17:39:02,23,SERVED,209.3,12,SYNTHETIC_DEMO
D_20260903,2026-09-03T17:33:30,24,ENTER,,9,SYNTHETIC_DEMO
D_20260903,2026-09-03T17:35:57,24,SERVED,146.8,9,SYNTHETIC_DEMO
D_20260903,2026-09-03T17:51:00,25,ENTER,,9,SYNTHETIC_DEMO
D_20260903,2026-09-03T17:54:07,25,SERVED,187.1,9,SYNTHETIC_DEMO
D_20260903,2026-09-03T17:21:11,26,ENTER,,8,SYNTHETIC_DEMO
D_20260903,2026-09-03T17:24:02,26,SERVED,171.0,8,SYNTHETIC_DEMO
D_20260903,2026-09-03T17:28:58,27,ENTER,,10,SYNTHETIC_DEMO
D_20260903,2026-09-03T17:32:39,27,SERVED,221.0,10,SYNTHETIC_DEMO
D_20260903,2026-09-03T17:41:24,28,ENTER,,11,SYNTHETIC_DEMO
D_20260903,2026-09-03T17:44:33,28,SERVED,189.1,11,SYNTHETIC_DEMO
D_20260903,2026-09-03T17:46:16,29,ENTER,,10,SYNTHETIC_DEMO
D_20260903,2026-09-03T17:49:18,29,SERVED,182.0,10,SYNTHETIC_DEMO
D_20260903,2026-09-03T17:17:42,30,ENTER,,7,SYNTHETIC_DEMO
D_20260903,2026-09-03T17:19:38,30,SERVED,116.3,7,SYNTHETIC_DEMO
D_20260903,2026-09-03T18:22:00,31,ENTER,,1,SYNTHETIC_DEMO
D_20260903,2026-09-03T18:23:42,31,SERVED,102.3,1,SYNTHETIC_DEMO
D_20260903,2026-09-03T18:06:57,32,ENTER,,4,SYNTHETIC_DEMO
D_20260903,2026-09-03T18:08:29,32,SERVED,92.0,4,SYNTHETIC_DEMO
D_20260903,2026-09-03T17:55:04,33,ENTER,,9,SYNTHETIC_DEMO
D_20260903,2026-09-03T17:58:02,33,SERVED,178.0,9,SYNTHETIC_DEMO
D_20260903,2026-09-03T17:29:32,34,ENTER,,10,SYNTHETIC_DEMO
D_20260903,2026-09-03T17:32:59,34,SERVED,207.4,10,SYNTHETIC_DEMO
D_20260903,2026-09-03T17:28:16,35,ENTER,,9,SYNTHETIC_DEMO
D_20260903,2026-09-03T17:31:36,35,SERVED,199.8,9,SYNTHETIC_DEMO
D_20260903,2026-09-03T17:30:38,36,ENTER,,10,SYNTHETIC_DEMO
D_20260903,2026-09-03T17:33:56,36,SERVED,197.7,10,SYNTHETIC_DEMO
D_20260903,2026-09-03T17:47:59,37,ENTER,,12,SYNTHETIC_DEMO
D_20260903,2026-09-03T17:51:43,37,SERVED,223.9,12,SYNTHETIC_DEMO
D_20260903,2026-09-03T17:10:53,38,ENTER,,4,SYNTHETIC_DEMO
D_20260903,2026-09-03T17:12:15,38,SERVED,82.3,4,SYNTHETIC_DEMO
D_20260903,2026-09-03T18:07:55,39,ENTER,,3,SYNTHETIC_DEMO
D_20260903,2026-09-03T18:09:08,39,SERVED,73.5,3,SYNTHETIC_DEMO
D_20260903,2026-09-03T17:00:00,40,ENTER,,2,SYNTHETIC_DEMO
D_20260903,2026-09-03T17:00:53,40,SERVED,53.3,2,SYNTHETIC_DEMO
D_20260903,2026-09-03T17:08:35,41,ENTER,,3,SYNTHETIC_DEMO
D_20260903,2026-09-03T17:09:40,41,SERVED,64.1,3,SYNTHETIC_DEMO
D_20260903,2026-09-03T18:12:08,42,ENTER,,2,SYNTHETIC_DEMO
D_20260903,2026-09-03T18:13:47,42,SERVED,99.6,2,SYNTHETIC_DEMO
D_20260903,2026-09-03T17:27:58,43,ENTER,,9,SYNTHETIC_DEMO
D_20260903,2026-09-03T17:31:07,43,SERVED,188.5,9,SYNTHETIC_DEMO
D_20260903,2026-09-03T17:18:53,44,ENTER,,7,SYNTHETIC_DEMO
D_20260903,2026-09-03T17:21:24,44,SERVED,150.9,7,SYNTHETIC_DEMO
D_20260903,2026-09-03T17:45:06,45,ENTER,,11,SYNTHETIC_DEMO
D_20260903,2026-09-03T17:47:58,45,SERVED,171.5,11,SYNTHETIC_DEMO
D_20260903,2026-09-03T18:07:50,46,ENTER,,5,SYNTHETIC_DEMO
D_20260903,2026-09-03T18:10:21,46,SERVED,151.5,5,SYNTHETIC_DEMO
D_20260903,2026-09-03T17:54:16,47,ENTER,,9,SYNTHETIC_DEMO
D_20260903,2026-09-03T17:57:34,47,SERVED,198.2,9,SYNTHETIC_DEMO
D_20260903,2026-09-03T17:38:58,48,ENTER,,12,SYNTHETIC_DEMO
D_20260903,2026-09-03T17:41:59,48,SERVED,180.9,12,SYNTHETIC_DEMO
D_20260903,2026-09-03T18:12:01,49,ENTER,,1,SYNTHETIC_DEMO
D_20260903,2026-09-03T18:12:55,49,SERVED,54.2,1,SYNTHETIC_DEMO
D_20260903,2026-09-03T17:24:39,50,ENTER,,7,SYNTHETIC_DEMO
D_20260903,2026-09-03T17:27:07,50,SERVED,147.8,7,SYNTHETIC_DEMO
D_20260903,2026-09-03T17:43:29,51,ENTER,,12,SYNTHETIC_DEMO
D_20260903,2026-09-03T17:47:04,51,SERVED,215.2,12,SYNTHETIC_DEMO
D_20260903,2026-09-03T18:09:24,52,ENTER,,5,SYNTHETIC_DEMO
D_20260903,2026-09-03T18:11:48,52,SERVED,144.3,5,SYNTHETIC_DEMO
D_20260903,2026-09-03T17:13:54,53,ENTER,,5,SYNTHETIC_DEMO
D_20260903,2026-09-03T17:15:29,53,SERVED,94.5,5,SYNTHETIC_DEMO
D_20260903,2026-09-03T17:49:52,54,ENTER,,9,SYNTHETIC_DEMO
D_20260903,2026-09-03T17:52:52,54,SERVED,179.9,9,SYNTHETIC_DEMO
D_20260903,2026-09-03T17:50:14,55,ENTER,,10,SYNTHETIC_DEMO
D_20260903,2026-09-03T17:53:56,55,SERVED,221.8,10,SYNTHETIC_DEMO
D_20260903,2026-09-03T17:02:46,56,ENTER,,2,SYNTHETIC_DEMO
D_20260903,2026-09-03T17:04:06,56,SERVED,80.0,2,SYNTHETIC_DEMO
D_20260903,2026-09-03T17:00:00,57,ENTER,,3,SYNTHETIC_DEMO
D_20260903,2026-09-03T17:01:21,57,SERVED,81.6,3,SYNTHETIC_DEMO
D_20260903,2026-09-03T17:47:57,58,ENTER,,12,SYNTHETIC_DEMO
D_20260903,2026-09-03T17:51:52,58,SERVED,234.8,12,SYNTHETIC_DEMO
D_20260903,2026-09-03T18:17:53,59,ENTER,,3,SYNTHETIC_DEMO
D_20260903,2026-09-03T18:19:03,59,SERVED,70.5,3,SYNTHETIC_DEMO
D_20260903,2026-09-03T17:00:00,60,ENTER,,3,SYNTHETIC_DEMO
D_20260903,2026-09-03T17:01:45,60,SERVED,105.1,3,SYNTHETIC_DEMO
D_20260903,2026-09-03T18:05:09,61,ENTER,,5,SYNTHETIC_DEMO
D_20260903,2026-09-03T18:06:58,61,SERVED,108.3,5,SYNTHETIC_DEMO
D_20260903,2026-09-03T18:13:36,62,ENTER,,3,SYNTHETIC_DEMO
D_20260903,2026-09-03T18:15:02,62,SERVED,85.8,3,SYNTHETIC_DEMO
D_20260903,2026-09-03T17:33:38,63,ENTER,,12,SYNTHETIC_DEMO
D_20260903,2026-09-03T17:36:48,63,SERVED,190.4,12,SYNTHETIC_DEMO
D_20260903,2026-09-03T17:31:40,64,ENTER,,11,SYNTHETIC_DEMO
D_20260903,2026-09-03T17:35:18,64,SERVED,217.4,11,SYNTHETIC_DEMO
D_20260903,2026-09-03T17:53:12,65,ENTER,,8,SYNTHETIC_DEMO
D_20260903,2026-09-03T17:56:07,65,SERVED,174.7,8,SYNTHETIC_DEMO
D_20260903,2026-09-03T17:45:36,66,ENTER,,11,SYNTHETIC_DEMO
D_20260903,2026-09-03T17:49:10,66,SERVED,213.3,11,SYNTHETIC_DEMO
D_20260903,2026-09-03T17:48:36,67,ENTER,,11,SYNTHETIC_DEMO
D_20260903,2026-09-03T17:52:13,67,SERVED,217.1,11,SYNTHETIC_DEMO
D_20260903,2026-09-03T18:12:07,68,ENTER,,3,SYNTHETIC_DEMO
D_20260903,2026-09-03T18:13:46,68,SERVED,99.0,3,SYNTHETIC_DEMO
D_20260903,2026-09-03T17:51:16,69,ENTER,,10,SYNTHETIC_DEMO
D_20260903,2026-09-03T17:54:54,69,SERVED,218.4,10,SYNTHETIC_DEMO
D_20260903,2026-09-03T18:04:51,70,ENTER,,4,SYNTHETIC_DEMO
D_20260903,2026-09-03T18:06:08,70,SERVED,77.7,4,SYNTHETIC_DEMO
D_20260903,2026-09-03T17:42:48,71,ENTER,,12,SYNTHETIC_DEMO
D_20260903,2026-09-03T17:46:55,71,SERVED,247.0,12,SYNTHETIC_DEMO
D_20260903,2026-09-03T17:00:00,72,ENTER,,1,SYNTHETIC_DEMO
D_20260903,2026-09-03T17:01:16,72,SERVED,76.3,1,SYNTHETIC_DEMO
D_20260903,2026-09-03T17:54:30,73,ENTER,,9,SYNTHETIC_DEMO
D_20260903,2026-09-03T17:57:22,73,SERVED,172.0,9,SYNTHETIC_DEMO
D_20260903,2026-09-03T18:07:54,74,ENTER,,4,SYNTHETIC_DEMO
D_20260903,2026-09-03T18:09:32,74,SERVED,97.8,4,SYNTHETIC_DEMO
D_20260903,2026-09-03T17:48:14,75,ENTER,,9,SYNTHETIC_DEMO
D_20260903,2026-09-03T17:51:27,75,SERVED,192.8,9,SYNTHETIC_DEMO
D_20260903,2026-09-03T17:30:35,76,ENTER,,10,SYNTHETIC_DEMO
D_20260903,2026-09-03T17:33:52,76,SERVED,197.0,10,SYNTHETIC_DEMO
D_20260903,2026-09-03T17:46:03,77,ENTER,,11,SYNTHETIC_DEMO
D_20260903,2026-09-03T17:49:21,77,SERVED,198.4,11,SYNTHETIC_DEMO
D_20260903,2026-09-03T17:35:41,78,ENTER,,11,SYNTHETIC_DEMO
D_20260903,2026-09-03T17:39:05,78,SERVED,204.5,11,SYNTHETIC_DEMO
D_20260903,2026-09-03T17:35:05,79,ENTER,,13,SYNTHETIC_DEMO
D_20260903,2026-09-03T17:39:12,79,SERVED,246.8,13,SYNTHETIC_DEMO
D_20260903,2026-09-03T17:11:22,80,ENTER,,4,SYNTHETIC_DEMO
D_20260903,2026-09-03T17:13:04,80,SERVED,102.0,4,SYNTHETIC_DEMO
D_20260903,2026-09-03T17:45:52,81,ENTER,,11,SYNTHETIC_DEMO
D_20260903,2026-09-03T17:49:41,81,SERVED,228.6,11,SYNTHETIC_DEMO
D_20260903,2026-09-03T17:54:33,82,ENTER,,10,SYNTHETIC_DEMO
D_20260903,2026-09-03T17:57:05,82,SERVED,151.4,10,SYNTHETIC_DEMO
D_20260903,2026-09-03T17:04:22,83,ENTER,,2,SYNTHETIC_DEMO
D_20260903,2026-09-03T17:05:42,83,SERVED,79.6,2,SYNTHETIC_DEMO
D_20260903,2026-09-03T17:12:44,84,ENTER,,4,SYNTHETIC_DEMO
D_20260903,2026-09-03T17:14:52,84,SERVED,127.7,4,SYNTHETIC_DEMO
D_20260903,2026-09-03T17:40:58,85,ENTER,,10,SYNTHETIC_DEMO
D_20260903,2026-09-03T17:44:33,85,SERVED,214.6,10,SYNTHETIC_DEMO
D_20260903,2026-09-03T17:29:46,86,ENTER,,10,SYNTHETIC_DEMO
D_20260903,2026-09-03T17:32:55,86,SERVED,189.9,10,SYNTHETIC_DEMO
D_20260903,2026-09-03T17:47:31,87,ENTER,,11,SYNTHETIC_DEMO
D_20260903,2026-09-03T17:50:29,87,SERVED,178.0,11,SYNTHETIC_DEMO
D_20260903,2026-09-03T17:03:54,88,ENTER,,2,SYNTHETIC_DEMO
D_20260903,2026-09-03T17:04:41,88,SERVED,46.9,2,SYNTHETIC_DEMO
D_20260903,2026-09-03T17:21:00,89,ENTER,,7,SYNTHETIC_DEMO
D_20260903,2026-09-03T17:23:29,89,SERVED,149.6,7,SYNTHETIC_DEMO
D_20260903,2026-09-03T17:40:14,90,ENTER,,12,SYNTHETIC_DEMO
D_20260903,2026-09-03T17:43:32,90,SERVED,198.0,12,SYNTHETIC_DEMO
D_20260903,2026-09-03T17:05:18,91,ENTER,,2,SYNTHETIC_DEMO
D_20260903,2026-09-03T17:06:50,91,SERVED,91.9,2,SYNTHETIC_DEMO
D_20260903,2026-09-03T17:12:43,92,ENTER,,4,SYNTHETIC_DEMO
D_20260903,2026-09-03T17:14:31,92,SERVED,108.4,4,SYNTHETIC_DEMO
D_20260903,2026-09-03T17:25:07,93,ENTER,,9,SYNTHETIC_DEMO
D_20260903,2026-09-03T17:27:39,93,SERVED,151.9,9,SYNTHETIC_DEMO
D_20260903,2026-09-03T17:46:14,94,ENTER,,10,SYNTHETIC_DEMO
D_20260903,2026-09-03T17:48:58,94,SERVED,163.5,10,SYNTHETIC_DEMO
D_20260903,2026-09-03T18:04:55,95,ENTER,,3,SYNTHETIC_DEMO
D_20260903,2026-09-03T18:06:36,95,SERVED,101.0,3,SYNTHETIC_DEMO
D_20260903,2026-09-03T17:33:21,96,ENTER,,11,SYNTHETIC_DEMO
D_20260903,2026-09-03T17:36:49,96,SERVED,208.0,11,SYNTHETIC_DEMO
D_20260903,2026-09-03T17:39:23,97,ENTER,,12,SYNTHETIC_DEMO
D_20260903,2026-09-03T17:43:24,97,SERVED,241.5,12,SYNTHETIC_DEMO
D_20260903,2026-09-03T17:53:16,98,ENTER,,9,SYNTHETIC_DEMO
D_20260903,2026-09-03T17:56:03,98,SERVED,167.4,9,SYNTHETIC_DEMO
D_20260903,2026-09-03T17:32:32,99,ENTER,,11,SYNTHETIC_DEMO
D_20260903,2026-09-03T17:36:08,99,SERVED,216.0,11,SYNTHETIC_DEMO
D_20260903,2026-09-03T17:35:42,100,ENTER,,11,SYNTHETIC_DEMO
D_20260903,2026-09-03T17:38:52,100,SERVED,190.0,11,SYNTHETIC_DEMO
B_20260904,2026-09-04T05:40:31,1,ENTER,,3,SYNTHETIC_DEMO
B_20260904,2026-09-04T05:42:27,1,SERVED,116.0,3,SYNTHETIC_DEMO
B_20260904,2026-09-04T06:06:10,2,ENTER,,11,SYNTHETIC_DEMO
B_20260904,2026-09-04T06:10:00,2,SERVED,230.4,11,SYNTHETIC_DEMO
B_20260904,2026-09-04T05:55:12,3,ENTER,,9,SYNTHETIC_DEMO
B_20260904,2026-09-04T05:57:56,3,SERVED,164.9,9,SYNTHETIC_DEMO
B_20260904,2026-09-04T06:10:03,4,ENTER,,9,SYNTHETIC_DEMO
B_20260904,2026-09-04T06:12:24,4,SERVED,141.6,9,SYNTHETIC_DEMO
B_20260904,2026-09-04T06:20:38,5,ENTER,,7,SYNTHETIC_DEMO
B_20260904,2026-09-04T06:22:35,5,SERVED,116.9,7,SYNTHETIC_DEMO
B_20260904,2026-09-04T06:13:11,6,ENTER,,10,SYNTHETIC_DEMO
B_20260904,2026-09-04T06:16:04,6,SERVED,173.0,10,SYNTHETIC_DEMO
B_20260904,2026-09-04T05:57:48,7,ENTER,,9,SYNTHETIC_DEMO
B_20260904,2026-09-04T06:01:02,7,SERVED,193.9,9,SYNTHETIC_DEMO
B_20260904,2026-09-04T06:14:22,8,ENTER,,8,SYNTHETIC_DEMO
B_20260904,2026-09-04T06:16:43,8,SERVED,141.3,8,SYNTHETIC_DEMO
B_20260904,2026-09-04T05:40:17,9,ENTER,,5,SYNTHETIC_DEMO
B_20260904,2026-09-04T05:42:20,9,SERVED,122.3,5,SYNTHETIC_DEMO
B_20260904,2026-09-04T05:45:15,10,ENTER,,7,SYNTHETIC_DEMO
B_20260904,2026-09-04T05:47:36,10,SERVED,140.8,7,SYNTHETIC_DEMO
B_20260904,2026-09-04T05:53:27,11,ENTER,,8,SYNTHETIC_DEMO
B_20260904,2026-09-04T05:56:21,11,SERVED,174.2,8,SYNTHETIC_DEMO
B_20260904,2026-09-04T07:08:51,12,ENTER,,1,SYNTHETIC_DEMO
B_20260904,2026-09-04T07:09:24,12,SERVED,32.4,1,SYNTHETIC_DEMO
B_20260904,2026-09-04T06:48:27,13,ENTER,,1,SYNTHETIC_DEMO
B_20260904,2026-09-04T06:49:03,13,SERVED,35.5,1,SYNTHETIC_DEMO
B_20260904,2026-09-04T06:28:20,14,ENTER,,4,SYNTHETIC_DEMO
B_20260904,2026-09-04T06:30:30,14,SERVED,129.8,4,SYNTHETIC_DEMO
B_20260904,2026-09-04T06:29:11,15,ENTER,,6,SYNTHETIC_DEMO
B_20260904,2026-09-04T06:31:58,15,SERVED,167.2,6,SYNTHETIC_DEMO
B_20260904,2026-09-04T06:06:46,16,ENTER,,12,SYNTHETIC_DEMO
B_20260904,2026-09-04T06:09:46,16,SERVED,180.4,12,SYNTHETIC_DEMO
B_20260904,2026-09-04T06:35:19,17,ENTER,,3,SYNTHETIC_DEMO
B_20260904,2026-09-04T06:36:44,17,SERVED,84.8,3,SYNTHETIC_DEMO
B_20260904,2026-09-04T06:23:48,18,ENTER,,6,SYNTHETIC_DEMO
B_20260904,2026-09-04T06:26:16,18,SERVED,147.7,6,SYNTHETIC_DEMO
B_20260904,2026-09-04T06:39:06,19,ENTER,,3,SYNTHETIC_DEMO
B_20260904,2026-09-04T06:41:06,19,SERVED,120.3,3,SYNTHETIC_DEMO
B_20260904,2026-09-04T05:59:37,20,ENTER,,10,SYNTHETIC_DEMO
B_20260904,2026-09-04T06:02:13,20,SERVED,155.5,10,SYNTHETIC_DEMO
B_20260904,2026-09-04T06:09:26,21,ENTER,,10,SYNTHETIC_DEMO
B_20260904,2026-09-04T06:12:09,21,SERVED,163.1,10,SYNTHETIC_DEMO
B_20260904,2026-09-04T06:04:37,22,ENTER,,9,SYNTHETIC_DEMO
B_20260904,2026-09-04T06:07:16,22,SERVED,158.4,9,SYNTHETIC_DEMO
B_20260904,2026-09-04T05:46:48,23,ENTER,,8,SYNTHETIC_DEMO
B_20260904,2026-09-04T05:49:42,23,SERVED,173.7,8,SYNTHETIC_DEMO
B_20260904,2026-09-04T06:28:00,24,ENTER,,7,SYNTHETIC_DEMO
B_20260904,2026-09-04T06:29:53,24,SERVED,112.7,7,SYNTHETIC_DEMO
B_20260904,2026-09-04T06:02:02,25,ENTER,,10,SYNTHETIC_DEMO
B_20260904,2026-09-04T06:05:32,25,SERVED,210.0,10,SYNTHETIC_DEMO
B_20260904,2026-09-04T06:23:05,26,ENTER,,6,SYNTHETIC_DEMO
B_20260904,2026-09-04T06:25:42,26,SERVED,156.9,6,SYNTHETIC_DEMO
B_20260904,2026-09-04T05:33:33,27,ENTER,,3,SYNTHETIC_DEMO
B_20260904,2026-09-04T05:35:01,27,SERVED,88.1,3,SYNTHETIC_DEMO
B_20260904,2026-09-04T06:28:56,28,ENTER,,5,SYNTHETIC_DEMO
B_20260904,2026-09-04T06:31:30,28,SERVED,154.4,5,SYNTHETIC_DEMO
B_20260904,2026-09-04T06:11:35,29,ENTER,,11,SYNTHETIC_DEMO
B_20260904,2026-09-04T06:14:34,29,SERVED,179.0,11,SYNTHETIC_DEMO
B_20260904,2026-09-04T06:04:21,30,ENTER,,10,SYNTHETIC_DEMO
B_20260904,2026-09-04T06:07:51,30,SERVED,210.6,10,SYNTHETIC_DEMO
B_20260904,2026-09-04T05:48:00,31,ENTER,,7,SYNTHETIC_DEMO
B_20260904,2026-09-04T05:50:36,31,SERVED,156.6,7,SYNTHETIC_DEMO
B_20260904,2026-09-04T06:23:23,32,ENTER,,8,SYNTHETIC_DEMO
B_20260904,2026-09-04T06:26:13,32,SERVED,170.2,8,SYNTHETIC_DEMO
B_20260904,2026-09-04T06:11:15,33,ENTER,,10,SYNTHETIC_DEMO
B_20260904,2026-09-04T06:14:28,33,SERVED,193.4,10,SYNTHETIC_DEMO
B_20260904,2026-09-04T06:21:02,34,ENTER,,8,SYNTHETIC_DEMO
B_20260904,2026-09-04T06:23:44,34,SERVED,162.6,8,SYNTHETIC_DEMO
B_20260904,2026-09-04T05:37:26,35,ENTER,,3,SYNTHETIC_DEMO
B_20260904,2026-09-04T05:38:46,35,SERVED,79.9,3,SYNTHETIC_DEMO
B_20260904,2026-09-04T06:01:41,36,ENTER,,10,SYNTHETIC_DEMO
B_20260904,2026-09-04T06:04:30,36,SERVED,169.4,10,SYNTHETIC_DEMO
B_20260904,2026-09-04T05:41:20,37,ENTER,,5,SYNTHETIC_DEMO
B_20260904,2026-09-04T05:43:41,37,SERVED,140.9,5,SYNTHETIC_DEMO
B_20260904,2026-09-04T05:46:04,38,ENTER,,8,SYNTHETIC_DEMO
B_20260904,2026-09-04T05:48:08,38,SERVED,124.2,8,SYNTHETIC_DEMO
B_20260904,2026-09-04T06:00:55,39,ENTER,,11,SYNTHETIC_DEMO
B_20260904,2026-09-04T06:03:52,39,SERVED,177.2,11,SYNTHETIC_DEMO
B_20260904,2026-09-04T05:56:47,40,ENTER,,7,SYNTHETIC_DEMO
B_20260904,2026-09-04T05:59:28,40,SERVED,161.0,7,SYNTHETIC_DEMO
B_20260904,2026-09-04T05:37:31,41,ENTER,,5,SYNTHETIC_DEMO
B_20260904,2026-09-04T05:39:03,41,SERVED,91.3,5,SYNTHETIC_DEMO
B_20260904,2026-09-04T06:20:36,42,ENTER,,8,SYNTHETIC_DEMO
B_20260904,2026-09-04T06:23:07,42,SERVED,151.1,8,SYNTHETIC_DEMO
B_20260904,2026-09-04T06:14:54,43,ENTER,,9,SYNTHETIC_DEMO
B_20260904,2026-09-04T06:17:21,43,SERVED,147.7,9,SYNTHETIC_DEMO
B_20260904,2026-09-04T06:11:38,44,ENTER,,10,SYNTHETIC_DEMO
B_20260904,2026-09-04T06:15:00,44,SERVED,201.7,10,SYNTHETIC_DEMO
B_20260904,2026-09-04T06:15:17,45,ENTER,,8,SYNTHETIC_DEMO
B_20260904,2026-09-04T06:18:16,45,SERVED,179.0,8,SYNTHETIC_DEMO
B_20260904,2026-09-04T06:28:28,46,ENTER,,5,SYNTHETIC_DEMO
B_20260904,2026-09-04T06:30:45,46,SERVED,136.5,5,SYNTHETIC_DEMO
B_20260904,2026-09-04T06:21:33,47,ENTER,,7,SYNTHETIC_DEMO
B_20260904,2026-09-04T06:24:19,47,SERVED,166.9,7,SYNTHETIC_DEMO
B_20260904,2026-09-04T05:39:50,48,ENTER,,6,SYNTHETIC_DEMO
B_20260904,2026-09-04T05:41:58,48,SERVED,128.2,6,SYNTHETIC_DEMO
B_20260904,2026-09-04T06:07:59,49,ENTER,,10,SYNTHETIC_DEMO
B_20260904,2026-09-04T06:10:44,49,SERVED,165.0,10,SYNTHETIC_DEMO
B_20260904,2026-09-04T06:15:14,50,ENTER,,9,SYNTHETIC_DEMO
B_20260904,2026-09-04T06:18:16,50,SERVED,182.0,9,SYNTHETIC_DEMO
B_20260904,2026-09-04T06:08:44,51,ENTER,,10,SYNTHETIC_DEMO
B_20260904,2026-09-04T06:12:17,51,SERVED,212.7,10,SYNTHETIC_DEMO
B_20260904,2026-09-04T06:39:13,52,ENTER,,2,SYNTHETIC_DEMO
B_20260904,2026-09-04T06:40:03,52,SERVED,50.7,2,SYNTHETIC_DEMO
B_20260904,2026-09-04T05:46:49,53,ENTER,,8,SYNTHETIC_DEMO
B_20260904,2026-09-04T05:49:04,53,SERVED,135.2,8,SYNTHETIC_DEMO
B_20260904,2026-09-04T05:59:21,54,ENTER,,10,SYNTHETIC_DEMO
B_20260904,2026-09-04T06:02:03,54,SERVED,162.9,10,SYNTHETIC_DEMO
B_20260904,2026-09-04T06:03:52,55,ENTER,,11,SYNTHETIC_DEMO
B_20260904,2026-09-04T06:06:53,55,SERVED,181.6,11,SYNTHETIC_DEMO
B_20260904,2026-09-04T05:58:32,56,ENTER,,10,SYNTHETIC_DEMO
B_20260904,2026-09-04T06:01:11,56,SERVED,158.9,10,SYNTHETIC_DEMO
B_20260904,2026-09-04T06:43:22,57,ENTER,,2,SYNTHETIC_DEMO
B_20260904,2026-09-04T06:44:35,57,SERVED,73.3,2,SYNTHETIC_DEMO
B_20260904,2026-09-04T06:14:07,58,ENTER,,9,SYNTHETIC_DEMO
B_20260904,2026-09-04T06:16:50,58,SERVED,163.2,9,SYNTHETIC_DEMO
B_20260904,2026-09-04T06:23:28,59,ENTER,,6,SYNTHETIC_DEMO
B_20260904,2026-09-04T06:25:54,59,SERVED,146.3,6,SYNTHETIC_DEMO
B_20260904,2026-09-04T06:01:42,60,ENTER,,12,SYNTHETIC_DEMO
B_20260904,2026-09-04T06:05:28,60,SERVED,225.5,12,SYNTHETIC_DEMO
B_20260904,2026-09-04T05:44:39,61,ENTER,,5,SYNTHETIC_DEMO
B_20260904,2026-09-04T05:46:21,61,SERVED,101.6,5,SYNTHETIC_DEMO
B_20260904,2026-09-04T06:44:07,62,ENTER,,2,SYNTHETIC_DEMO
B_20260904,2026-09-04T06:45:12,62,SERVED,65.3,2,SYNTHETIC_DEMO
B_20260904,2026-09-04T05:58:43,63,ENTER,,10,SYNTHETIC_DEMO
B_20260904,2026-09-04T06:01:41,63,SERVED,178.0,10,SYNTHETIC_DEMO
B_20260904,2026-09-04T06:23:38,64,ENTER,,7,SYNTHETIC_DEMO
B_20260904,2026-09-04T06:26:15,64,SERVED,156.7,7,SYNTHETIC_DEMO
B_20260904,2026-09-04T05:56:43,65,ENTER,,10,SYNTHETIC_DEMO
B_20260904,2026-09-04T06:00:06,65,SERVED,202.7,10,SYNTHETIC_DEMO
B_20260904,2026-09-04T06:35:13,66,ENTER,,3,SYNTHETIC_DEMO
B_20260904,2026-09-04T06:36:25,66,SERVED,72.0,3,SYNTHETIC_DEMO
B_20260904,2026-09-04T05:37:26,67,ENTER,,6,SYNTHETIC_DEMO
B_20260904,2026-09-04T05:39:39,67,SERVED,132.2,6,SYNTHETIC_DEMO
B_20260904,2026-09-04T05:49:01,68,ENTER,,8,SYNTHETIC_DEMO
B_20260904,2026-09-04T05:51:07,68,SERVED,126.4,8,SYNTHETIC_DEMO
B_20260904,2026-09-04T05:36:54,69,ENTER,,4,SYNTHETIC_DEMO
B_20260904,2026-09-04T05:38:28,69,SERVED,93.9,4,SYNTHETIC_DEMO
B_20260904,2026-09-04T05:49:14,70,ENTER,,7,SYNTHETIC_DEMO
B_20260904,2026-09-04T05:52:12,70,SERVED,177.8,7,SYNTHETIC_DEMO
B_20260904,2026-09-04T05:44:29,71,ENTER,,6,SYNTHETIC_DEMO
B_20260904,2026-09-04T05:46:10,71,SERVED,101.1,6,SYNTHETIC_DEMO
B_20260904,2026-09-04T06:34:00,72,ENTER,,3,SYNTHETIC_DEMO
B_20260904,2026-09-04T06:35:17,72,SERVED,77.0,3,SYNTHETIC_DEMO
B_20260904,2026-09-04T06:11:33,73,ENTER,,10,SYNTHETIC_DEMO
B_20260904,2026-09-04T06:14:32,73,SERVED,179.2,10,SYNTHETIC_DEMO
B_20260904,2026-09-04T05:55:28,74,ENTER,,8,SYNTHETIC_DEMO
B_20260904,2026-09-04T05:58:09,74,SERVED,161.4,8,SYNTHETIC_DEMO
B_20260904,2026-09-04T06:02:45,75,ENTER,,12,SYNTHETIC_DEMO
B_20260904,2026-09-04T06:05:48,75,SERVED,183.1,12,SYNTHETIC_DEMO
B_20260904,2026-09-04T05:46:43,76,ENTER,,8,SYNTHETIC_DEMO
B_20260904,2026-09-04T05:48:58,76,SERVED,135.4,8,SYNTHETIC_DEMO
B_20260904,2026-09-04T05:45:09,77,ENTER,,7,SYNTHETIC_DEMO
B_20260904,2026-09-04T05:47:49,77,SERVED,160.0,7,SYNTHETIC_DEMO
B_20260904,2026-09-04T05:58:50,78,ENTER,,9,SYNTHETIC_DEMO
B_20260904,2026-09-04T06:01:57,78,SERVED,186.7,9,SYNTHETIC_DEMO
B_20260904,2026-09-04T06:39:53,79,ENTER,,3,SYNTHETIC_DEMO
B_20260904,2026-09-04T06:41:34,79,SERVED,100.6,3,SYNTHETIC_DEMO
B_20260904,2026-09-04T05:51:21,80,ENTER,,7,SYNTHETIC_DEMO
B_20260904,2026-09-04T05:53:34,80,SERVED,133.7,7,SYNTHETIC_DEMO
B_20260904,2026-09-04T06:35:34,81,ENTER,,3,SYNTHETIC_DEMO
B_20260904,2026-09-04T06:37:24,81,SERVED,110.6,3,SYNTHETIC_DEMO
B_20260904,2026-09-04T06:17:58,82,ENTER,,9,SYNTHETIC_DEMO
B_20260904,2026-09-04T06:20:25,82,SERVED,147.4,9,SYNTHETIC_DEMO
B_20260904,2026-09-04T06:45:01,83,ENTER,,3,SYNTHETIC_DEMO
B_20260904,2026-09-04T06:46:28,83,SERVED,86.9,3,SYNTHETIC_DEMO
B_20260904,2026-09-04T06:26:52,84,ENTER,,6,SYNTHETIC_DEMO
B_20260904,2026-09-04T06:29:30,84,SERVED,157.1,6,SYNTHETIC_DEMO
B_20260904,2026-09-04T05:30:00,85,ENTER,,3,SYNTHETIC_DEMO
B_20260904,2026-09-04T05:31:04,85,SERVED,64.6,3,SYNTHETIC_DEMO
B_20260904,2026-09-04T06:25:42,86,ENTER,,6,SYNTHETIC_DEMO
B_20260904,2026-09-04T06:27:58,86,SERVED,136.5,6,SYNTHETIC_DEMO
B_20260904,2026-09-04T05:51:42,87,ENTER,,9,SYNTHETIC_DEMO
B_20260904,2026-09-04T05:55:07,87,SERVED,205.4,9,SYNTHETIC_DEMO
B_20260904,2026-09-04T06:01:59,88,ENTER,,10,SYNTHETIC_DEMO
B_20260904,2026-09-04T06:03:43,88,ABANDONED,,10,SYNTHETIC_DEMO
B_20260904,2026-09-04T06:23:48,89,ENTER,,6,SYNTHETIC_DEMO
B_20260904,2026-09-04T06:26:28,89,SERVED,159.7,6,SYNTHETIC_DEMO
B_20260904,2026-09-04T05:51:54,90,ENTER,,8,SYNTHETIC_DEMO
B_20260904,2026-09-04T05:54:27,90,SERVED,153.1,8,SYNTHETIC_DEMO
B_20260904,2026-09-04T05:41:31,91,ENTER,,5,SYNTHETIC_DEMO
B_20260904,2026-09-04T05:43:50,91,SERVED,139.1,5,SYNTHETIC_DEMO
B_20260904,2026-09-04T06:14:30,92,ENTER,,10,SYNTHETIC_DEMO
B_20260904,2026-09-04T06:17:13,92,SERVED,162.7,10,SYNTHETIC_DEMO
B_20260904,2026-09-04T05:46:05,93,ENTER,,6,SYNTHETIC_DEMO
B_20260904,2026-09-04T05:48:43,93,SERVED,158.0,6,SYNTHETIC_DEMO
B_20260904,2026-09-04T05:49:55,94,ENTER,,8,SYNTHETIC_DEMO
B_20260904,2026-09-04T05:52:43,94,SERVED,168.3,8,SYNTHETIC_DEMO
B_20260904,2026-09-04T06:45:49,95,ENTER,,0,SYNTHETIC_DEMO
B_20260904,2026-09-04T06:47:06,95,SERVED,76.0,0,SYNTHETIC_DEMO
B_20260904,2026-09-04T05:48:40,96,ENTER,,6,SYNTHETIC_DEMO
B_20260904,2026-09-04T05:50:47,96,SERVED,126.8,6,SYNTHETIC_DEMO
B_20260904,2026-09-04T06:05:29,97,ENTER,,9,SYNTHETIC_DEMO
B_20260904,2026-09-04T06:07:53,97,SERVED,144.0,9,SYNTHETIC_DEMO
B_20260904,2026-09-04T06:00:30,98,ENTER,,10,SYNTHETIC_DEMO
B_20260904,2026-09-04T06:03:21,98,SERVED,170.9,10,SYNTHETIC_DEMO
B_20260904,2026-09-04T06:08:44,99,ENTER,,11,SYNTHETIC_DEMO
B_20260904,2026-09-04T06:11:54,99,SERVED,190.6,11,SYNTHETIC_DEMO
B_20260904,2026-09-04T05:54:52,100,ENTER,,9,SYNTHETIC_DEMO
B_20260904,2026-09-04T05:58:19,100,SERVED,206.5,9,SYNTHETIC_DEMO
B_20260904,2026-09-04T05:33:20,101,ENTER,,4,SYNTHETIC_DEMO
B_20260904,2026-09-04T05:35:22,101,SERVED,121.5,4,SYNTHETIC_DEMO
B_20260904,2026-09-04T06:24:21,102,ENTER,,6,SYNTHETIC_DEMO
B_20260904,2026-09-04T06:26:14,102,SERVED,113.3,6,SYNTHETIC_DEMO
B_20260904,2026-09-04T06:16:24,103,ENTER,,8,SYNTHETIC_DEMO
B_20260904,2026-09-04T06:19:28,103,SERVED,184.0,8,SYNTHETIC_DEMO
B_20260904,2026-09-04T05:52:12,104,ENTER,,9,SYNTHETIC_DEMO
B_20260904,2026-09-04T05:55:34,104,SERVED,201.6,9,SYNTHETIC_DEMO
B_20260904,2026-09-04T06:16:29,105,ENTER,,9,SYNTHETIC_DEMO
B_20260904,2026-09-04T06:19:12,105,SERVED,163.8,9,SYNTHETIC_DEMO
B_20260904,2026-09-04T06:16:31,106,ENTER,,8,SYNTHETIC_DEMO
B_20260904,2026-09-04T06:18:59,106,SERVED,147.7,8,SYNTHETIC_DEMO
B_20260904,2026-09-04T06:19:52,107,ENTER,,8,SYNTHETIC_DEMO
B_20260904,2026-09-04T06:23:05,107,SERVED,193.7,8,SYNTHETIC_DEMO
B_20260904,2026-09-04T05:41:52,108,ENTER,,4,SYNTHETIC_DEMO
B_20260904,2026-09-04T05:44:00,108,SERVED,128.5,4,SYNTHETIC_DEMO
B_20260904,2026-09-04T06:24:37,109,ENTER,,7,SYNTHETIC_DEMO
B_20260904,2026-09-04T06:27:37,109,SERVED,180.8,7,SYNTHETIC_DEMO
B_20260904,2026-09-04T06:24:53,110,ENTER,,6,SYNTHETIC_DEMO
B_20260904,2026-09-04T06:27:02,110,SERVED,128.7,6,SYNTHETIC_DEMO
B_20260904,2026-09-04T06:12:29,111,ENTER,,9,SYNTHETIC_DEMO
B_20260904,2026-09-04T06:15:31,111,SERVED,182.3,9,SYNTHETIC_DEMO
B_20260904,2026-09-04T06:20:30,112,ENTER,,7,SYNTHETIC_DEMO
B_20260904,2026-09-04T06:22:39,112,SERVED,129.1,7,SYNTHETIC_DEMO
B_20260904,2026-09-04T06:17:48,113,ENTER,,8,SYNTHETIC_DEMO
B_20260904,2026-09-04T06:19:58,113,SERVED,130.3,8,SYNTHETIC_DEMO
B_20260904,2026-09-04T05:46:29,114,ENTER,,6,SYNTHETIC_DEMO
B_20260904,2026-09-04T05:48:09,114,SERVED,99.2,6,SYNTHETIC_DEMO
B_20260904,2026-09-04T06:12:06,115,ENTER,,10,SYNTHETIC_DEMO
B_20260904,2026-09-04T06:15:04,115,SERVED,177.5,10,SYNTHETIC_DEMO
B_20260904,2026-09-04T06:19:59,116,ENTER,,8,SYNTHETIC_DEMO
B_20260904,2026-09-04T06:22:49,116,SERVED,169.1,8,SYNTHETIC_DEMO
B_20260904,2026-09-04T06:07:45,117,ENTER,,12,SYNTHETIC_DEMO
B_20260904,2026-09-04T06:11:03,117,SERVED,197.8,12,SYNTHETIC_DEMO
B_20260904,2026-09-04T06:06:02,118,ENTER,,12,SYNTHETIC_DEMO
B_20260904,2026-09-04T06:09:55,118,SERVED,233.0,12,SYNTHETIC_DEMO
B_20260904,2026-09-04T05:56:20,119,ENTER,,9,SYNTHETIC_DEMO
B_20260904,2026-09-04T05:59:44,119,SERVED,204.1,9,SYNTHETIC_DEMO
B_20260904,2026-09-04T05:48:01,120,ENTER,,6,SYNTHETIC_DEMO
B_20260904,2026-09-04T05:49:45,120,SERVED,104.6,6,SYNTHETIC_DEMO
B_20260904,2026-09-04T05:57:09,121,ENTER,,9,SYNTHETIC_DEMO
B_20260904,2026-09-04T05:59:46,121,SERVED,157.1,9,SYNTHETIC_DEMO
B_20260904,2026-09-04T06:24:29,122,ENTER,,7,SYNTHETIC_DEMO
B_20260904,2026-09-04T06:26:46,122,SERVED,136.4,7,SYNTHETIC_DEMO
B_20260904,2026-09-04T05:47:00,123,ENTER,,7,SYNTHETIC_DEMO
B_20260904,2026-09-04T05:48:52,123,SERVED,112.0,7,SYNTHETIC_DEMO
B_20260904,2026-09-04T06:12:42,124,ENTER,,10,SYNTHETIC_DEMO
B_20260904,2026-09-04T06:16:02,124,SERVED,199.5,10,SYNTHETIC_DEMO
B_20260904,2026-09-04T05:47:59,125,ENTER,,9,SYNTHETIC_DEMO
B_20260904,2026-09-04T05:51:14,125,SERVED,195.0,9,SYNTHETIC_DEMO
B_20260904,2026-09-04T06:17:31,126,ENTER,,9,SYNTHETIC_DEMO
B_20260904,2026-09-04T06:20:29,126,SERVED,177.6,9,SYNTHETIC_DEMO
B_20260904,2026-09-04T06:58:32,127,ENTER,,2,SYNTHETIC_DEMO
B_20260904,2026-09-04T07:00:28,127,SERVED,115.9,2,SYNTHETIC_DEMO
B_20260904,2026-09-04T05:46:01,128,ENTER,,6,SYNTHETIC_DEMO
B_20260904,2026-09-04T05:47:50,128,SERVED,108.6,6,SYNTHETIC_DEMO
B_20260904,2026-09-04T06:16:43,129,ENTER,,9,SYNTHETIC_DEMO
B_20260904,2026-09-04T06:19:02,129,SERVED,138.9,9,SYNTHETIC_DEMO
B_20260904,2026-09-04T05:53:31,130,ENTER,,9,SYNTHETIC_DEMO
B_20260904,2026-09-04T05:56:51,130,SERVED,199.2,9,SYNTHETIC_DEMO
B_20260904,2026-09-04T06:08:40,131,ENTER,,11,SYNTHETIC_DEMO
B_20260904,2026-09-04T06:11:39,131,SERVED,179.0,11,SYNTHETIC_DEMO
B_20260904,2026-09-04T06:19:40,132,ENTER,,8,SYNTHETIC_DEMO
B_20260904,2026-09-04T06:22:18,132,SERVED,158.3,8,SYNTHETIC_DEMO
B_20260904,2026-09-04T05:50:17,133,ENTER,,9,SYNTHETIC_DEMO
B_20260904,2026-09-04T05:52:55,133,SERVED,158.0,9,SYNTHETIC_DEMO
B_20260904,2026-09-04T05:41:01,134,ENTER,,5,SYNTHETIC_DEMO
B_20260904,2026-09-04T05:42:54,134,SERVED,112.8,5,SYNTHETIC_DEMO
B_20260904,2026-09-04T06:19:11,135,ENTER,,9,SYNTHETIC_DEMO
B_20260904,2026-09-04T06:22:31,135,SERVED,200.7,9,SYNTHETIC_DEMO
B_20260904,2026-09-04T05:44:18,136,ENTER,,7,SYNTHETIC_DEMO
B_20260904,2026-09-04T05:47:03,136,SERVED,165.6,7,SYNTHETIC_DEMO
B_20260904,2026-09-04T06:18:33,137,ENTER,,6,SYNTHETIC_DEMO
B_20260904,2026-09-04T06:20:46,137,SERVED,132.3,6,SYNTHETIC_DEMO
B_20260904,2026-09-04T05:35:34,138,ENTER,,4,SYNTHETIC_DEMO
B_20260904,2026-09-04T05:37:43,138,SERVED,129.5,4,SYNTHETIC_DEMO
B_20260904,2026-09-04T05:48:27,139,ENTER,,7,SYNTHETIC_DEMO
B_20260904,2026-09-04T05:50:58,139,SERVED,151.2,7,SYNTHETIC_DEMO
B_20260904,2026-09-04T06:00:06,140,ENTER,,10,SYNTHETIC_DEMO
B_20260904,2026-09-04T06:02:48,140,SERVED,162.0,10,SYNTHETIC_DEMO
B_20260904,2026-09-04T05:38:28,141,ENTER,,4,SYNTHETIC_DEMO
B_20260904,2026-09-04T05:40:00,141,SERVED,91.9,4,SYNTHETIC_DEMO
B_20260904,2026-09-04T05:33:15,142,ENTER,,1,SYNTHETIC_DEMO
B_20260904,2026-09-04T05:34:12,142,SERVED,56.6,1,SYNTHETIC_DEMO
B_20260904,2026-09-04T06:12:31,143,ENTER,,10,SYNTHETIC_DEMO
B_20260904,2026-09-04T06:15:58,143,SERVED,206.9,10,SYNTHETIC_DEMO
L_20260904,2026-09-04T11:58:12,1,ENTER,,22,SYNTHETIC_DEMO
L_20260904,2026-09-04T12:04:03,1,SERVED,350.8,22,SYNTHETIC_DEMO
L_20260904,2026-09-04T11:30:00,2,ENTER,,5,SYNTHETIC_DEMO
L_20260904,2026-09-04T11:31:28,2,SERVED,88.9,5,SYNTHETIC_DEMO
L_20260904,2026-09-04T11:58:26,3,ENTER,,21,SYNTHETIC_DEMO
L_20260904,2026-09-04T12:04:09,3,SERVED,343.1,21,SYNTHETIC_DEMO
L_20260904,2026-09-04T11:52:24,4,ENTER,,19,SYNTHETIC_DEMO
L_20260904,2026-09-04T11:57:09,4,SERVED,285.5,19,SYNTHETIC_DEMO
L_20260904,2026-09-04T12:30:55,5,ENTER,,5,SYNTHETIC_DEMO
L_20260904,2026-09-04T12:32:27,5,SERVED,91.6,5,SYNTHETIC_DEMO
L_20260904,2026-09-04T11:57:18,6,ENTER,,20,SYNTHETIC_DEMO
L_20260904,2026-09-04T12:03:10,6,SERVED,352.1,20,SYNTHETIC_DEMO
L_20260904,2026-09-04T12:14:03,7,ENTER,,16,SYNTHETIC_DEMO
L_20260904,2026-09-04T12:17:55,7,SERVED,231.9,16,SYNTHETIC_DEMO
L_20260904,2026-09-04T11:41:55,8,ENTER,,13,SYNTHETIC_DEMO
L_20260904,2026-09-04T11:45:50,8,SERVED,235.1,13,SYNTHETIC_DEMO
L_20260904,2026-09-04T12:04:23,9,ENTER,,21,SYNTHETIC_DEMO
L_20260904,2026-09-04T12:09:50,9,SERVED,327.6,21,SYNTHETIC_DEMO
L_20260904,2026-09-04T11:43:25,10,ENTER,,13,SYNTHETIC_DEMO
L_20260904,2026-09-04T11:46:49,10,SERVED,203.7,13,SYNTHETIC_DEMO
L_20260904,2026-09-04T11:53:49,11,ENTER,,20,SYNTHETIC_DEMO
L_20260904,2026-09-04T11:59:24,11,SERVED,335.4,20,SYNTHETIC_DEMO
L_20260904,2026-09-04T11:30:00,12,ENTER,,6,SYNTHETIC_DEMO
L_20260904,2026-09-04T11:31:43,12,SERVED,103.4,6,SYNTHETIC_DEMO
L_20260904,2026-09-04T12:08:42,13,ENTER,,19,SYNTHETIC_DEMO
L_20260904,2026-09-04T12:13:13,13,SERVED,271.2,19,SYNTHETIC_DEMO
L_20260904,2026-09-04T12:34:29,14,ENTER,,4,SYNTHETIC_DEMO
L_20260904,2026-09-04T12:36:21,14,SERVED,111.7,4,SYNTHETIC_DEMO
L_20260904,2026-09-04T11:43:39,15,ENTER,,15,SYNTHETIC_DEMO
L_20260904,2026-09-04T11:48:24,15,SERVED,285.0,15,SYNTHETIC_DEMO
L_20260904,2026-09-04T11:47:12,16,ENTER,,17,SYNTHETIC_DEMO
L_20260904,2026-09-04T11:51:30,16,SERVED,257.3,17,SYNTHETIC_DEMO
L_20260904,2026-09-04T11:41:13,17,ENTER,,13,SYNTHETIC_DEMO
L_20260904,2026-09-04T11:45:27,17,SERVED,254.4,13,SYNTHETIC_DEMO
L_20260904,2026-09-04T12:06:50,18,ENTER,,19,SYNTHETIC_DEMO
L_20260904,2026-09-04T12:12:04,18,SERVED,313.8,19,SYNTHETIC_DEMO
L_20260904,2026-09-04T11:50:32,19,ENTER,,18,SYNTHETIC_DEMO
L_20260904,2026-09-04T11:55:25,19,SERVED,292.8,18,SYNTHETIC_DEMO
L_20260904,2026-09-04T11:53:29,20,ENTER,,20,SYNTHETIC_DEMO
L_20260904,2026-09-04T11:58:50,20,SERVED,320.9,20,SYNTHETIC_DEMO
L_20260904,2026-09-04T12:07:10,21,ENTER,,19,SYNTHETIC_DEMO
L_20260904,2026-09-04T12:12:38,21,SERVED,328.4,19,SYNTHETIC_DEMO
L_20260904,2026-09-04T11:34:32,22,ENTER,,10,SYNTHETIC_DEMO
L_20260904,2026-09-04T11:37:13,22,SERVED,161.4,10,SYNTHETIC_DEMO
L_20260904,2026-09-04T11:45:28,23,ENTER,,15,SYNTHETIC_DEMO
L_20260904,2026-09-04T11:49:42,23,SERVED,253.3,15,SYNTHETIC_DEMO
L_20260904,2026-09-04T11:49:24,24,ENTER,,19,SYNTHETIC_DEMO
L_20260904,2026-09-04T11:54:32,24,SERVED,308.1,19,SYNTHETIC_DEMO
L_20260904,2026-09-04T11:30:00,25,ENTER,,5,SYNTHETIC_DEMO
L_20260904,2026-09-04T11:32:34,25,SERVED,154.9,5,SYNTHETIC_DEMO
L_20260904,2026-09-04T12:20:29,26,ENTER,,12,SYNTHETIC_DEMO
L_20260904,2026-09-04T12:23:40,26,SERVED,190.8,12,SYNTHETIC_DEMO
L_20260904,2026-09-04T12:12:35,27,ENTER,,17,SYNTHETIC_DEMO
L_20260904,2026-09-04T12:17:36,27,SERVED,301.2,17,SYNTHETIC_DEMO
L_20260904,2026-09-04T12:02:02,28,ENTER,,19,SYNTHETIC_DEMO
L_20260904,2026-09-04T12:06:35,28,SERVED,273.3,19,SYNTHETIC_DEMO
L_20260904,2026-09-04T12:08:49,29,ENTER,,18,SYNTHETIC_DEMO
L_20260904,2026-09-04T12:13:49,29,SERVED,299.5,18,SYNTHETIC_DEMO
L_20260904,2026-09-04T12:06:30,30,ENTER,,19,SYNTHETIC_DEMO
L_20260904,2026-09-04T12:11:04,30,SERVED,273.9,19,SYNTHETIC_DEMO
L_20260904,2026-09-04T11:56:54,31,ENTER,,19,SYNTHETIC_DEMO
L_20260904,2026-09-04T12:02:26,31,SERVED,332.7,19,SYNTHETIC_DEMO
L_20260904,2026-09-04T12:22:01,32,ENTER,,11,SYNTHETIC_DEMO
L_20260904,2026-09-04T12:24:52,32,SERVED,170.7,11,SYNTHETIC_DEMO
L_20260904,2026-09-04T12:02:52,33,ENTER,,22,SYNTHETIC_DEMO
L_20260904,2026-09-04T12:08:35,33,SERVED,342.8,22,SYNTHETIC_DEMO
L_20260904,2026-09-04T12:10:15,34,ENTER,,18,SYNTHETIC_DEMO
L_20260904,2026-09-04T12:15:38,34,SERVED,322.6,18,SYNTHETIC_DEMO
L_20260904,2026-09-04T12:02:37,35,ENTER,,20,SYNTHETIC_DEMO
L_20260904,2026-09-04T12:08:03,35,SERVED,325.8,20,SYNTHETIC_DEMO
L_20260904,2026-09-04T11:58:27,36,ENTER,,21,SYNTHETIC_DEMO
L_20260904,2026-09-04T12:03:56,36,SERVED,329.9,21,SYNTHETIC_DEMO
L_20260904,2026-09-04T11:52:34,37,ENTER,,20,SYNTHETIC_DEMO
L_20260904,2026-09-04T11:58:07,37,SERVED,332.5,20,SYNTHETIC_DEMO
L_20260904,2026-09-04T12:07:29,38,ENTER,,20,SYNTHETIC_DEMO
L_20260904,2026-09-04T12:12:55,38,SERVED,326.3,20,SYNTHETIC_DEMO
L_20260904,2026-09-04T11:49:03,39,ENTER,,18,SYNTHETIC_DEMO
L_20260904,2026-09-04T11:54:25,39,SERVED,321.7,18,SYNTHETIC_DEMO
L_20260904,2026-09-04T12:02:22,40,ENTER,,21,SYNTHETIC_DEMO
L_20260904,2026-09-04T12:07:47,40,SERVED,324.9,21,SYNTHETIC_DEMO
L_20260904,2026-09-04T12:08:47,41,ENTER,,18,SYNTHETIC_DEMO
L_20260904,2026-09-04T12:13:06,41,SERVED,258.9,18,SYNTHETIC_DEMO
L_20260904,2026-09-04T12:10:36,42,ENTER,,18,SYNTHETIC_DEMO
L_20260904,2026-09-04T12:14:56,42,SERVED,259.7,18,SYNTHETIC_DEMO
L_20260904,2026-09-04T11:44:53,43,ENTER,,15,SYNTHETIC_DEMO
L_20260904,2026-09-04T11:48:52,43,SERVED,238.6,15,SYNTHETIC_DEMO
L_20260904,2026-09-04T12:54:38,44,ENTER,,0,SYNTHETIC_DEMO
L_20260904,2026-09-04T12:55:06,44,SERVED,27.3,0,SYNTHETIC_DEMO
L_20260904,2026-09-04T11:43:57,45,ENTER,,14,SYNTHETIC_DEMO
L_20260904,2026-09-04T11:47:25,45,SERVED,208.3,14,SYNTHETIC_DEMO
L_20260904,2026-09-04T12:08:33,46,ENTER,,20,SYNTHETIC_DEMO
L_20260904,2026-09-04T12:14:14,46,SERVED,340.6,20,SYNTHETIC_DEMO
L_20260904,2026-09-04T12:13:40,47,ENTER,,15,SYNTHETIC_DEMO
L_20260904,2026-09-04T12:17:38,47,SERVED,237.8,15,SYNTHETIC_DEMO
L_20260904,2026-09-04T11:30:00,48,ENTER,,6,SYNTHETIC_DEMO
L_20260904,2026-09-04T11:31:54,48,SERVED,114.8,6,SYNTHETIC_DEMO
L_20260904,2026-09-04T11:49:31,49,ENTER,,19,SYNTHETIC_DEMO
L_20260904,2026-09-04T11:54:08,49,SERVED,276.3,19,SYNTHETIC_DEMO
L_20260904,2026-09-04T11:30:00,50,ENTER,,7,SYNTHETIC_DEMO
L_20260904,2026-09-04T11:32:25,50,SERVED,145.4,7,SYNTHETIC_DEMO
L_20260904,2026-09-04T12:32:40,51,ENTER,,4,SYNTHETIC_DEMO
L_20260904,2026-09-04T12:34:28,51,SERVED,108.3,4,SYNTHETIC_DEMO
L_20260904,2026-09-04T11:50:19,52,ENTER,,18,SYNTHETIC_DEMO
L_20260904,2026-09-04T11:55:27,52,SERVED,307.8,18,SYNTHETIC_DEMO
L_20260904,2026-09-04T12:14:16,53,ENTER,,16,SYNTHETIC_DEMO
L_20260904,2026-09-04T12:18:37,53,SERVED,260.9,16,SYNTHETIC_DEMO
L_20260904,2026-09-04T12:03:58,54,ENTER,,21,SYNTHETIC_DEMO
L_20260904,2026-09-04T12:09:53,54,SERVED,355.4,21,SYNTHETIC_DEMO
L_20260904,2026-09-04T11:45:37,55,ENTER,,15,SYNTHETIC_DEMO
L_20260904,2026-09-04T11:50:23,55,SERVED,285.5,15,SYNTHETIC_DEMO
L_20260904,2026-09-04T12:12:01,56,ENTER,,17,SYNTHETIC_DEMO
L_20260904,2026-09-04T12:16:05,56,SERVED,243.8,17,SYNTHETIC_DEMO
L_20260904,2026-09-04T11:46:36,57,ENTER,,17,SYNTHETIC_DEMO
L_20260904,2026-09-04T11:51:06,57,SERVED,269.7,17,SYNTHETIC_DEMO
L_20260904,2026-09-04T11:31:12,58,ENTER,,6,SYNTHETIC_DEMO
L_20260904,2026-09-04T11:32:52,58,SERVED,99.5,6,SYNTHETIC_DEMO
L_20260904,2026-09-04T12:40:31,59,ENTER,,2,SYNTHETIC_DEMO
L_20260904,2026-09-04T12:42:10,59,SERVED,98.7,2,SYNTHETIC_DEMO
L_20260904,2026-09-04T12:07:21,60,ENTER,,19,SYNTHETIC_DEMO
L_20260904,2026-09-04T12:12:44,60,SERVED,323.0,19,SYNTHETIC_DEMO
L_20260904,2026-09-04T12:31:41,61,ENTER,,6,SYNTHETIC_DEMO
L_20260904,2026-09-04T12:34:03,61,SERVED,142.0,6,SYNTHETIC_DEMO
L_20260904,2026-09-04T12:09:20,62,ENTER,,17,SYNTHETIC_DEMO
L_20260904,2026-09-04T12:14:17,62,SERVED,296.6,17,SYNTHETIC_DEMO
L_20260904,2026-09-04T11:30:00,63,ENTER,,5,SYNTHETIC_DEMO
L_20260904,2026-09-04T11:32:31,63,SERVED,151.1,5,SYNTHETIC_DEMO
L_20260904,2026-09-04T12:24:42,64,ENTER,,9,SYNTHETIC_DEMO
L_20260904,2026-09-04T12:27:29,64,SERVED,167.3,9,SYNTHETIC_DEMO
L_20260904,2026-09-04T12:01:51,65,ENTER,,20,SYNTHETIC_DEMO
L_20260904,2026-09-04T12:07:42,65,SERVED,351.1,20,SYNTHETIC_DEMO
L_20260904,2026-09-04T12:14:44,66,ENTER,,15,SYNTHETIC_DEMO
L_20260904,2026-09-04T12:19:25,66,SERVED,281.4,15,SYNTHETIC_DEMO
L_20260904,2026-09-04T11:53:25,67,ENTER,,19,SYNTHETIC_DEMO
L_20260904,2026-09-04T11:59:05,67,SERVED,340.7,19,SYNTHETIC_DEMO
L_20260904,2026-09-04T11:52:36,68,ENTER,,21,SYNTHETIC_DEMO
L_20260904,2026-09-04T11:57:34,68,SERVED,298.0,21,SYNTHETIC_DEMO
L_20260904,2026-09-04T11:58:12,69,ENTER,,22,SYNTHETIC_DEMO
L_20260904,2026-09-04T12:04:08,69,SERVED,355.4,22,SYNTHETIC_DEMO
L_20260904,2026-09-04T12:17:04,70,ENTER,,14,SYNTHETIC_DEMO
L_20260904,2026-09-04T12:21:14,70,SERVED,250.4,14,SYNTHETIC_DEMO
L_20260904,2026-09-04T12:12:28,71,ENTER,,16,SYNTHETIC_DEMO
L_20260904,2026-09-04T12:14:23,71,ABANDONED,,16,SYNTHETIC_DEMO
L_20260904,2026-09-04T12:18:20,72,ENTER,,13,SYNTHETIC_DEMO
L_20260904,2026-09-04T12:22:16,72,SERVED,235.5,13,SYNTHETIC_DEMO
L_20260904,2026-09-04T11:37:53,73,ENTER,,11,SYNTHETIC_DEMO
L_20260904,2026-09-04T11:40:42,73,SERVED,168.9,11,SYNTHETIC_DEMO
L_20260904,2026-09-04T11:30:00,74,ENTER,,5,SYNTHETIC_DEMO
L_20260904,2026-09-04T11:31:55,74,SERVED,115.7,5,SYNTHETIC_DEMO
L_20260904,2026-09-04T12:03:32,75,ENTER,,20,SYNTHETIC_DEMO
L_20260904,2026-09-04T12:08:50,75,SERVED,317.6,20,SYNTHETIC_DEMO
L_20260904,2026-09-04T12:18:29,76,ENTER,,14,SYNTHETIC_DEMO
L_20260904,2026-09-04T12:22:39,76,SERVED,250.0,14,SYNTHETIC_DEMO
L_20260904,2026-09-04T11:52:47,77,ENTER,,19,SYNTHETIC_DEMO
L_20260904,2026-09-04T11:57:53,77,SERVED,305.3,19,SYNTHETIC_DEMO
L_20260904,2026-09-04T11:49:34,78,ENTER,,19,SYNTHETIC_DEMO
L_20260904,2026-09-04T11:54:19,78,SERVED,285.2,19,SYNTHETIC_DEMO
L_20260904,2026-09-04T12:54:20,79,ENTER,,1,SYNTHETIC_DEMO
L_20260904,2026-09-04T12:54:52,79,SERVED,32.4,1,SYNTHETIC_DEMO
L_20260904,2026-09-04T12:14:35,80,ENTER,,15,SYNTHETIC_DEMO
L_20260904,2026-09-04T12:18:14,80,SERVED,219.2,15,SYNTHETIC_DEMO
L_20260904,2026-09-04T12:18:24,81,ENTER,,14,SYNTHETIC_DEMO
L_20260904,2026-09-04T12:21:55,81,SERVED,210.9,14,SYNTHETIC_DEMO
L_20260904,2026-09-04T12:07:24,82,ENTER,,21,SYNTHETIC_DEMO
L_20260904,2026-09-04T12:13:19,82,SERVED,354.9,21,SYNTHETIC_DEMO
L_20260904,2026-09-04T12:19:00,83,ENTER,,13,SYNTHETIC_DEMO
L_20260904,2026-09-04T12:22:30,83,SERVED,210.0,13,SYNTHETIC_DEMO
L_20260904,2026-09-04T11:45:12,84,ENTER,,15,SYNTHETIC_DEMO
L_20260904,2026-09-04T11:49:58,84,SERVED,286.2,15,SYNTHETIC_DEMO
L_20260904,2026-09-04T11:30:00,85,ENTER,,7,SYNTHETIC_DEMO
L_20260904,2026-09-04T11:32:11,85,SERVED,131.6,7,SYNTHETIC_DEMO
L_20260904,2026-09-04T11:48:46,86,ENTER,,18,SYNTHETIC_DEMO
L_20260904,2026-09-04T11:53:13,86,SERVED,266.4,18,SYNTHETIC_DEMO
L_20260904,2026-09-04T12:10:49,87,ENTER,,18,SYNTHETIC_DEMO
L_20260904,2026-09-04T12:15:27,87,SERVED,278.1,18,SYNTHETIC_DEMO
L_20260904,2026-09-04T11:58:15,88,ENTER,,20,SYNTHETIC_DEMO
L_20260904,2026-09-04T12:03:48,88,SERVED,333.3,20,SYNTHETIC_DEMO
L_20260904,2026-09-04T11:40:51,89,ENTER,,13,SYNTHETIC_DEMO
L_20260904,2026-09-04T11:44:48,89,SERVED,236.9,13,SYNTHETIC_DEMO
L_20260904,2026-09-04T12:02:17,90,ENTER,,20,SYNTHETIC_DEMO
L_20260904,2026-09-04T12:08:08,90,SERVED,350.8,20,SYNTHETIC_DEMO
L_20260904,2026-09-04T12:25:47,91,ENTER,,8,SYNTHETIC_DEMO
L_20260904,2026-09-04T12:29:02,91,SERVED,195.4,8,SYNTHETIC_DEMO
L_20260904,2026-09-04T11:57:29,92,ENTER,,20,SYNTHETIC_DEMO
L_20260904,2026-09-04T12:02:20,92,SERVED,290.7,20,SYNTHETIC_DEMO
L_20260904,2026-09-04T12:08:09,93,ENTER,,18,SYNTHETIC_DEMO
L_20260904,2026-09-04T12:13:12,93,SERVED,303.1,18,SYNTHETIC_DEMO
L_20260904,2026-09-04T11:54:37,94,ENTER,,21,SYNTHETIC_DEMO
L_20260904,2026-09-04T12:00:13,94,SERVED,336.6,21,SYNTHETIC_DEMO
L_20260904,2026-09-04T11:43:00,95,ENTER,,15,SYNTHETIC_DEMO
L_20260904,2026-09-04T11:47:46,95,SERVED,286.4,15,SYNTHETIC_DEMO
L_20260904,2026-09-04T11:38:46,96,ENTER,,13,SYNTHETIC_DEMO
L_20260904,2026-09-04T11:42:45,96,SERVED,239.5,13,SYNTHETIC_DEMO
L_20260904,2026-09-04T12:19:49,97,ENTER,,12,SYNTHETIC_DEMO
L_20260904,2026-09-04T12:22:51,97,SERVED,182.1,12,SYNTHETIC_DEMO
L_20260904,2026-09-04T12:16:49,98,ENTER,,14,SYNTHETIC_DEMO
L_20260904,2026-09-04T12:20:47,98,SERVED,237.7,14,SYNTHETIC_DEMO
L_20260904,2026-09-04T12:03:16,99,ENTER,,20,SYNTHETIC_DEMO
L_20260904,2026-09-04T12:08:57,99,SERVED,341.6,20,SYNTHETIC_DEMO
L_20260904,2026-09-04T12:13:23,100,ENTER,,16,SYNTHETIC_DEMO
L_20260904,2026-09-04T12:18:17,100,SERVED,294.7,16,SYNTHETIC_DEMO
L_20260904,2026-09-04T11:46:14,101,ENTER,,15,SYNTHETIC_DEMO
L_20260904,2026-09-04T11:50:48,101,SERVED,273.3,15,SYNTHETIC_DEMO
L_20260904,2026-09-04T12:15:07,102,ENTER,,16,SYNTHETIC_DEMO
L_20260904,2026-09-04T12:19:32,102,SERVED,265.6,16,SYNTHETIC_DEMO
L_20260904,2026-09-04T11:30:00,103,ENTER,,6,SYNTHETIC_DEMO
L_20260904,2026-09-04T11:31:51,103,SERVED,111.5,6,SYNTHETIC_DEMO
L_20260904,2026-09-04T11:48:25,104,ENTER,,18,SYNTHETIC_DEMO
L_20260904,2026-09-04T11:53:10,104,SERVED,285.7,18,SYNTHETIC_DEMO
L_20260904,2026-09-04T11:54:35,105,ENTER,,19,SYNTHETIC_DEMO
L_20260904,2026-09-04T11:59:11,105,SERVED,276.1,19,SYNTHETIC_DEMO
L_20260904,2026-09-04T12:02:12,106,ENTER,,21,SYNTHETIC_DEMO
L_20260904,2026-09-04T12:07:20,106,SERVED,307.2,21,SYNTHETIC_DEMO
L_20260904,2026-09-04T11:35:33,107,ENTER,,9,SYNTHETIC_DEMO
L_20260904,2026-09-04T11:38:18,107,SERVED,164.7,9,SYNTHETIC_DEMO
L_20260904,2026-09-04T12:21:30,108,ENTER,,12,SYNTHETIC_DEMO
L_20260904,2026-09-04T12:24:44,108,SERVED,193.8,12,SYNTHETIC_DEMO
L_20260904,2026-09-04T11:40:38,109,ENTER,,14,SYNTHETIC_DEMO
L_20260904,2026-09-04T11:44:25,109,SERVED,227.0,14,SYNTHETIC_DEMO
L_20260904,2026-09-04T12:24:56,110,ENTER,,10,SYNTHETIC_DEMO
L_20260904,2026-09-04T12:27:32,110,SERVED,155.3,10,SYNTHETIC_DEMO
L_20260904,2026-09-04T12:41:48,111,ENTER,,2,SYNTHETIC_DEMO
L_20260904,2026-09-04T12:43:17,111,SERVED,89.8,2,SYNTHETIC_DEMO
L_20260904,2026-09-04T11:30:00,112,ENTER,,7,SYNTHETIC_DEMO
L_20260904,2026-09-04T11:32:40,112,SERVED,160.8,7,SYNTHETIC_DEMO
L_20260904,2026-09-04T11:55:36,113,ENTER,,20,SYNTHETIC_DEMO
L_20260904,2026-09-04T12:01:17,113,SERVED,341.0,20,SYNTHETIC_DEMO
L_20260904,2026-09-04T12:01:26,114,ENTER,,21,SYNTHETIC_DEMO
L_20260904,2026-09-04T12:07:04,114,SERVED,337.9,21,SYNTHETIC_DEMO
L_20260904,2026-09-04T11:43:09,115,ENTER,,14,SYNTHETIC_DEMO
L_20260904,2026-09-04T11:46:45,115,SERVED,215.5,14,SYNTHETIC_DEMO
L_20260904,2026-09-04T11:53:41,116,ENTER,,21,SYNTHETIC_DEMO
L_20260904,2026-09-04T11:58:53,116,SERVED,311.9,21,SYNTHETIC_DEMO
L_20260904,2026-09-04T12:23:02,117,ENTER,,10,SYNTHETIC_DEMO
L_20260904,2026-09-04T12:26:10,117,SERVED,187.8,10,SYNTHETIC_DEMO
L_20260904,2026-09-04T12:14:44,118,ENTER,,15,SYNTHETIC_DEMO
L_20260904,2026-09-04T12:18:48,118,SERVED,243.7,15,SYNTHETIC_DEMO
L_20260904,2026-09-04T12:05:36,119,ENTER,,20,SYNTHETIC_DEMO
L_20260904,2026-09-04T12:11:26,119,SERVED,350.0,20,SYNTHETIC_DEMO
L_20260904,2026-09-04T11:57:28,120,ENTER,,20,SYNTHETIC_DEMO
L_20260904,2026-09-04T12:02:30,120,SERVED,302.0,20,SYNTHETIC_DEMO
L_20260904,2026-09-04T11:52:43,121,ENTER,,20,SYNTHETIC_DEMO
L_20260904,2026-09-04T11:57:37,121,SERVED,293.9,20,SYNTHETIC_DEMO
L_20260904,2026-09-04T11:45:49,122,ENTER,,16,SYNTHETIC_DEMO
L_20260904,2026-09-04T11:49:50,122,SERVED,241.4,16,SYNTHETIC_DEMO
L_20260904,2026-09-04T11:58:23,123,ENTER,,22,SYNTHETIC_DEMO
L_20260904,2026-09-04T12:03:39,123,SERVED,316.0,22,SYNTHETIC_DEMO
L_20260904,2026-09-04T11:58:23,124,ENTER,,21,SYNTHETIC_DEMO
L_20260904,2026-09-04T12:03:58,124,SERVED,335.0,21,SYNTHETIC_DEMO
L_20260904,2026-09-04T12:13:11,125,ENTER,,17,SYNTHETIC_DEMO
L_20260904,2026-09-04T12:17:16,125,SERVED,245.3,17,SYNTHETIC_DEMO
L_20260904,2026-09-04T11:47:11,126,ENTER,,17,SYNTHETIC_DEMO
L_20260904,2026-09-04T11:51:49,126,SERVED,277.6,17,SYNTHETIC_DEMO
L_20260904,2026-09-04T11:48:53,127,ENTER,,18,SYNTHETIC_DEMO
L_20260904,2026-09-04T11:54:17,127,SERVED,323.8,18,SYNTHETIC_DEMO
L_20260904,2026-09-04T11:50:13,128,ENTER,,19,SYNTHETIC_DEMO
L_20260904,2026-09-04T11:55:15,128,SERVED,301.5,19,SYNTHETIC_DEMO
L_20260904,2026-09-04T11:50:33,129,ENTER,,17,SYNTHETIC_DEMO
L_20260904,2026-09-04T11:54:44,129,SERVED,251.0,17,SYNTHETIC_DEMO
L_20260904,2026-09-04T11:51:28,130,ENTER,,19,SYNTHETIC_DEMO
L_20260904,2026-09-04T11:56:07,130,SERVED,278.7,19,SYNTHETIC_DEMO
L_20260904,2026-09-04T11:34:17,131,ENTER,,6,SYNTHETIC_DEMO
L_20260904,2026-09-04T11:36:52,131,SERVED,155.1,6,SYNTHETIC_DEMO
L_20260904,2026-09-04T12:01:21,132,ENTER,,21,SYNTHETIC_DEMO
L_20260904,2026-09-04T12:06:27,132,SERVED,306.5,21,SYNTHETIC_DEMO
L_20260904,2026-09-04T11:30:00,133,ENTER,,6,SYNTHETIC_DEMO
L_20260904,2026-09-04T11:32:25,133,SERVED,145.6,6,SYNTHETIC_DEMO
L_20260904,2026-09-04T11:43:57,134,ENTER,,13,SYNTHETIC_DEMO
L_20260904,2026-09-04T11:47:09,134,SERVED,192.4,13,SYNTHETIC_DEMO
L_20260904,2026-09-04T11:53:14,135,ENTER,,19,SYNTHETIC_DEMO
L_20260904,2026-09-04T11:57:57,135,SERVED,282.5,19,SYNTHETIC_DEMO
L_20260904,2026-09-04T12:14:40,136,ENTER,,15,SYNTHETIC_DEMO
L_20260904,2026-09-04T12:19:25,136,SERVED,284.3,15,SYNTHETIC_DEMO
L_20260904,2026-09-04T12:00:40,137,ENTER,,22,SYNTHETIC_DEMO
L_20260904,2026-09-04T12:06:52,137,SERVED,371.2,22,SYNTHETIC_DEMO
L_20260904,2026-09-04T12:07:32,138,ENTER,,20,SYNTHETIC_DEMO
L_20260904,2026-09-04T12:12:49,138,SERVED,316.9,20,SYNTHETIC_DEMO
L_20260904,2026-09-04T11:49:22,139,ENTER,,18,SYNTHETIC_DEMO
L_20260904,2026-09-04T11:54:23,139,SERVED,301.3,18,SYNTHETIC_DEMO
L_20260904,2026-09-04T11:30:00,140,ENTER,,6,SYNTHETIC_DEMO
L_20260904,2026-09-04T11:31:52,140,SERVED,112.6,6,SYNTHETIC_DEMO
L_20260904,2026-09-04T11:32:33,141,ENTER,,7,SYNTHETIC_DEMO
L_20260904,2026-09-04T11:35:14,141,SERVED,161.5,7,SYNTHETIC_DEMO
L_20260904,2026-09-04T11:49:31,142,ENTER,,17,SYNTHETIC_DEMO
L_20260904,2026-09-04T11:54:19,142,SERVED,287.8,17,SYNTHETIC_DEMO
L_20260904,2026-09-04T11:45:42,143,ENTER,,17,SYNTHETIC_DEMO
L_20260904,2026-09-04T11:50:53,143,SERVED,311.1,17,SYNTHETIC_DEMO
L_20260904,2026-09-04T12:22:00,144,ENTER,,9,SYNTHETIC_DEMO
L_20260904,2026-09-04T12:25:05,144,SERVED,184.9,9,SYNTHETIC_DEMO
L_20260904,2026-09-04T11:41:31,145,ENTER,,12,SYNTHETIC_DEMO
L_20260904,2026-09-04T11:45:06,145,SERVED,215.5,12,SYNTHETIC_DEMO
L_20260904,2026-09-04T12:09:57,146,ENTER,,20,SYNTHETIC_DEMO
L_20260904,2026-09-04T12:15:44,146,SERVED,346.6,20,SYNTHETIC_DEMO
L_20260904,2026-09-04T11:40:56,147,ENTER,,13,SYNTHETIC_DEMO
L_20260904,2026-09-04T11:44:24,147,SERVED,207.4,13,SYNTHETIC_DEMO
L_20260904,2026-09-04T12:22:23,148,ENTER,,12,SYNTHETIC_DEMO
L_20260904,2026-09-04T12:26:07,148,SERVED,224.0,12,SYNTHETIC_DEMO
L_20260904,2026-09-04T11:51:36,149,ENTER,,19,SYNTHETIC_DEMO
L_20260904,2026-09-04T11:57:08,149,SERVED,332.3,19,SYNTHETIC_DEMO
L_20260904,2026-09-04T12:17:48,150,ENTER,,13,SYNTHETIC_DEMO
L_20260904,2026-09-04T12:21:47,150,SERVED,239.1,13,SYNTHETIC_DEMO
L_20260904,2026-09-04T11:58:26,151,ENTER,,22,SYNTHETIC_DEMO
L_20260904,2026-09-04T12:04:35,151,SERVED,369.7,22,SYNTHETIC_DEMO
L_20260904,2026-09-04T11:43:39,152,ENTER,,14,SYNTHETIC_DEMO
L_20260904,2026-09-04T11:47:51,152,SERVED,251.4,14,SYNTHETIC_DEMO
L_20260904,2026-09-04T12:07:37,153,ENTER,,19,SYNTHETIC_DEMO
L_20260904,2026-09-04T12:12:25,153,SERVED,287.6,19,SYNTHETIC_DEMO
L_20260904,2026-09-04T11:45:59,154,ENTER,,16,SYNTHETIC_DEMO
L_20260904,2026-09-04T11:50:34,154,SERVED,275.0,16,SYNTHETIC_DEMO
L_20260904,2026-09-04T11:46:36,155,ENTER,,17,SYNTHETIC_DEMO
L_20260904,2026-09-04T11:51:42,155,SERVED,305.4,17,SYNTHETIC_DEMO
L_20260904,2026-09-04T12:01:47,156,ENTER,,21,SYNTHETIC_DEMO
L_20260904,2026-09-04T12:07:52,156,SERVED,364.9,21,SYNTHETIC_DEMO
L_20260904,2026-09-04T12:17:08,157,ENTER,,15,SYNTHETIC_DEMO
L_20260904,2026-09-04T12:21:53,157,SERVED,284.4,15,SYNTHETIC_DEMO
L_20260904,2026-09-04T11:34:44,158,ENTER,,10,SYNTHETIC_DEMO
L_20260904,2026-09-04T11:37:38,158,SERVED,174.0,10,SYNTHETIC_DEMO
L_20260904,2026-09-04T12:00:43,159,ENTER,,21,SYNTHETIC_DEMO
L_20260904,2026-09-04T12:05:42,159,SERVED,298.7,21,SYNTHETIC_DEMO
L_20260904,2026-09-04T11:30:00,160,ENTER,,6,SYNTHETIC_DEMO
L_20260904,2026-09-04T11:32:37,160,SERVED,157.5,6,SYNTHETIC_DEMO
L_20260904,2026-09-04T11:56:40,161,ENTER,,20,SYNTHETIC_DEMO
L_20260904,2026-09-04T12:01:34,161,SERVED,293.6,20,SYNTHETIC_DEMO
L_20260904,2026-09-04T11:38:17,162,ENTER,,11,SYNTHETIC_DEMO
L_20260904,2026-09-04T11:39:47,162,ABANDONED,,11,SYNTHETIC_DEMO
L_20260904,2026-09-04T12:18:56,163,ENTER,,12,SYNTHETIC_DEMO
L_20260904,2026-09-04T12:22:30,163,SERVED,214.3,12,SYNTHETIC_DEMO
L_20260904,2026-09-04T12:01:30,164,ENTER,,21,SYNTHETIC_DEMO
L_20260904,2026-09-04T12:06:46,164,SERVED,315.6,21,SYNTHETIC_DEMO
L_20260904,2026-09-04T11:39:19,165,ENTER,,11,SYNTHETIC_DEMO
L_20260904,2026-09-04T11:42:04,165,SERVED,165.6,11,SYNTHETIC_DEMO
L_20260904,2026-09-04T12:07:30,166,ENTER,,19,SYNTHETIC_DEMO
L_20260904,2026-09-04T12:12:28,166,SERVED,297.7,19,SYNTHETIC_DEMO
L_20260904,2026-09-04T12:28:25,167,ENTER,,6,SYNTHETIC_DEMO
L_20260904,2026-09-04T12:30:08,167,SERVED,102.7,6,SYNTHETIC_DEMO
L_20260904,2026-09-04T11:50:38,168,ENTER,,17,SYNTHETIC_DEMO
L_20260904,2026-09-04T11:54:42,168,SERVED,243.9,17,SYNTHETIC_DEMO
L_20260904,2026-09-04T11:30:00,169,ENTER,,6,SYNTHETIC_DEMO
L_20260904,2026-09-04T11:31:44,169,SERVED,104.1,6,SYNTHETIC_DEMO
L_20260904,2026-09-04T11:30:44,170,ENTER,,7,SYNTHETIC_DEMO
L_20260904,2026-09-04T11:33:37,170,SERVED,172.3,7,SYNTHETIC_DEMO
L_20260904,2026-09-04T11:30:35,171,ENTER,,7,SYNTHETIC_DEMO
L_20260904,2026-09-04T11:32:47,171,SERVED,132.2,7,SYNTHETIC_DEMO
L_20260904,2026-09-04T12:42:45,172,ENTER,,3,SYNTHETIC_DEMO
L_20260904,2026-09-04T12:44:24,172,SERVED,99.1,3,SYNTHETIC_DEMO
D_20260904,2026-09-04T17:51:50,1,ENTER,,14,SYNTHETIC_DEMO
D_20260904,2026-09-04T17:56:05,1,SERVED,255.2,14,SYNTHETIC_DEMO
D_20260904,2026-09-04T17:55:31,2,ENTER,,11,SYNTHETIC_DEMO
D_20260904,2026-09-04T17:58:23,2,SERVED,172.0,11,SYNTHETIC_DEMO
D_20260904,2026-09-04T17:11:50,3,ENTER,,6,SYNTHETIC_DEMO
D_20260904,2026-09-04T17:14:17,3,SERVED,146.6,6,SYNTHETIC_DEMO
D_20260904,2026-09-04T17:31:14,4,ENTER,,14,SYNTHETIC_DEMO
D_20260904,2026-09-04T17:35:36,4,SERVED,261.8,14,SYNTHETIC_DEMO
D_20260904,2026-09-04T17:48:08,5,ENTER,,15,SYNTHETIC_DEMO
D_20260904,2026-09-04T17:51:45,5,SERVED,217.3,15,SYNTHETIC_DEMO
D_20260904,2026-09-04T17:22:19,6,ENTER,,9,SYNTHETIC_DEMO
D_20260904,2026-09-04T17:25:01,6,SERVED,162.5,9,SYNTHETIC_DEMO
D_20260904,2026-09-04T17:38:55,7,ENTER,,15,SYNTHETIC_DEMO
D_20260904,2026-09-04T17:42:37,7,SERVED,222.1,15,SYNTHETIC_DEMO
D_20260904,2026-09-04T17:35:53,8,ENTER,,14,SYNTHETIC_DEMO
D_20260904,2026-09-04T17:39:46,8,SERVED,233.8,14,SYNTHETIC_DEMO
D_20260904,2026-09-04T18:10:05,9,ENTER,,4,SYNTHETIC_DEMO
D_20260904,2026-09-04T18:11:33,9,SERVED,88.4,4,SYNTHETIC_DEMO
D_20260904,2026-09-04T17:56:31,10,ENTER,,9,SYNTHETIC_DEMO
D_20260904,2026-09-04T17:59:25,10,SERVED,174.5,9,SYNTHETIC_DEMO
D_20260904,2026-09-04T17:57:07,11,ENTER,,10,SYNTHETIC_DEMO
D_20260904,2026-09-04T17:59:48,11,SERVED,160.6,10,SYNTHETIC_DEMO
D_20260904,2026-09-04T17:13:12,12,ENTER,,4,SYNTHETIC_DEMO
D_20260904,2026-09-04T17:14:50,12,SERVED,98.3,4,SYNTHETIC_DEMO
D_20260904,2026-09-04T18:20:18,13,ENTER,,3,SYNTHETIC_DEMO
D_20260904,2026-09-04T18:22:10,13,SERVED,111.5,3,SYNTHETIC_DEMO
D_20260904,2026-09-04T18:28:31,14,ENTER,,2,SYNTHETIC_DEMO
D_20260904,2026-09-04T18:29:34,14,SERVED,62.9,2,SYNTHETIC_DEMO
D_20260904,2026-09-04T18:08:14,15,ENTER,,4,SYNTHETIC_DEMO
D_20260904,2026-09-04T18:09:56,15,SERVED,102.0,4,SYNTHETIC_DEMO
D_20260904,2026-09-04T17:45:34,16,ENTER,,15,SYNTHETIC_DEMO
D_20260904,2026-09-04T17:49:32,16,SERVED,237.8,15,SYNTHETIC_DEMO
D_20260904,2026-09-04T17:49:06,17,ENTER,,13,SYNTHETIC_DEMO
D_20260904,2026-09-04T17:53:13,17,SERVED,247.1,13,SYNTHETIC_DEMO
D_20260904,2026-09-04T17:06:39,18,ENTER,,4,SYNTHETIC_DEMO
D_20260904,2026-09-04T17:08:22,18,SERVED,102.3,4,SYNTHETIC_DEMO
D_20260904,2026-09-04T17:42:50,19,ENTER,,15,SYNTHETIC_DEMO
D_20260904,2026-09-04T17:47:15,19,SERVED,264.3,15,SYNTHETIC_DEMO
D_20260904,2026-09-04T18:05:24,20,ENTER,,6,SYNTHETIC_DEMO
D_20260904,2026-09-04T18:07:21,20,SERVED,116.8,6,SYNTHETIC_DEMO
D_20260904,2026-09-04T18:00:32,21,ENTER,,9,SYNTHETIC_DEMO
D_20260904,2026-09-04T18:02:58,21,SERVED,146.1,9,SYNTHETIC_DEMO
D_20260904,2026-09-04T17:00:00,22,ENTER,,1,SYNTHETIC_DEMO
D_20260904,2026-09-04T17:00:54,22,SERVED,54.1,1,SYNTHETIC_DEMO
D_20260904,2026-09-04T17:57:36,23,ENTER,,10,SYNTHETIC_DEMO
D_20260904,2026-09-04T18:00:10,23,SERVED,154.6,10,SYNTHETIC_DEMO
D_20260904,2026-09-04T17:31:08,24,ENTER,,12,SYNTHETIC_DEMO
D_20260904,2026-09-04T17:34:47,24,SERVED,218.7,12,SYNTHETIC_DEMO
D_20260904,2026-09-04T17:30:34,25,ENTER,,14,SYNTHETIC_DEMO
D_20260904,2026-09-04T17:32:49,25,ABANDONED,,14,SYNTHETIC_DEMO
D_20260904,2026-09-04T17:30:03,26,ENTER,,14,SYNTHETIC_DEMO
D_20260904,2026-09-04T17:33:58,26,SERVED,234.8,14,SYNTHETIC_DEMO
D_20260904,2026-09-04T17:39:21,27,ENTER,,15,SYNTHETIC_DEMO
D_20260904,2026-09-04T17:43:47,27,SERVED,266.2,15,SYNTHETIC_DEMO
D_20260904,2026-09-04T17:39:49,28,ENTER,,16,SYNTHETIC_DEMO
D_20260904,2026-09-04T17:44:39,28,SERVED,290.6,16,SYNTHETIC_DEMO
D_20260904,2026-09-04T17:22:35,29,ENTER,,9,SYNTHETIC_DEMO
D_20260904,2026-09-04T17:25:16,29,SERVED,161.7,9,SYNTHETIC_DEMO
D_20260904,2026-09-04T17:59:06,30,ENTER,,9,SYNTHETIC_DEMO
D_20260904,2026-09-04T18:01:44,30,SERVED,157.8,9,SYNTHETIC_DEMO
D_20260904,2026-09-04T17:37:45,31,ENTER,,15,SYNTHETIC_DEMO
D_20260904,2026-09-04T17:42:06,31,SERVED,261.0,15,SYNTHETIC_DEMO
D_20260904,2026-09-04T17:27:19,32,ENTER,,13,SYNTHETIC_DEMO
D_20260904,2026-09-04T17:31:41,32,SERVED,261.3,13,SYNTHETIC_DEMO
D_20260904,2026-09-04T18:05:08,33,ENTER,,6,SYNTHETIC_DEMO
D_20260904,2026-09-04T18:07:21,33,SERVED,132.5,6,SYNTHETIC_DEMO
D_20260904,2026-09-04T17:49:21,34,ENTER,,13,SYNTHETIC_DEMO
D_20260904,2026-09-04T17:53:14,34,SERVED,233.3,13,SYNTHETIC_DEMO
D_20260904,2026-09-04T17:51:30,35,ENTER,,13,SYNTHETIC_DEMO
D_20260904,2026-09-04T17:55:51,35,SERVED,261.0,13,SYNTHETIC_DEMO
D_20260904,2026-09-04T17:45:06,36,ENTER,,15,SYNTHETIC_DEMO
D_20260904,2026-09-04T17:49:38,36,SERVED,272.0,15,SYNTHETIC_DEMO
D_20260904,2026-09-04T17:23:20,37,ENTER,,11,SYNTHETIC_DEMO
D_20260904,2026-09-04T17:26:57,37,SERVED,217.3,11,SYNTHETIC_DEMO
D_20260904,2026-09-04T17:25:45,38,ENTER,,11,SYNTHETIC_DEMO
D_20260904,2026-09-04T17:28:54,38,SERVED,189.3,11,SYNTHETIC_DEMO
D_20260904,2026-09-04T18:18:02,39,ENTER,,1,SYNTHETIC_DEMO
D_20260904,2026-09-04T18:19:28,39,SERVED,86.0,1,SYNTHETIC_DEMO
D_20260904,2026-09-04T17:20:32,40,ENTER,,9,SYNTHETIC_DEMO
D_20260904,2026-09-04T17:23:51,40,SERVED,198.7,9,SYNTHETIC_DEMO
D_20260904,2026-09-04T17:03:32,41,ENTER,,3,SYNTHETIC_DEMO
D_20260904,2026-09-04T17:05:02,41,SERVED,90.0,3,SYNTHETIC_DEMO
D_20260904,2026-09-04T17:47:14,42,ENTER,,15,SYNTHETIC_DEMO
D_20260904,2026-09-04T17:51:29,42,SERVED,254.4,15,SYNTHETIC_DEMO
D_20260904,2026-09-04T17:28:00,43,ENTER,,13,SYNTHETIC_DEMO
D_20260904,2026-09-04T17:32:15,43,SERVED,254.9,13,SYNTHETIC_DEMO
D_20260904,2026-09-04T17:09:03,44,ENTER,,3,SYNTHETIC_DEMO
D_20260904,2026-09-04T17:10:30,44,SERVED,87.1,3,SYNTHETIC_DEMO
D_20260904,2026-09-04T17:31:59,45,ENTER,,14,SYNTHETIC_DEMO
D_20260904,2026-09-04T17:36:06,45,SERVED,247.4,14,SYNTHETIC_DEMO
D_20260904,2026-09-04T17:13:41,46,ENTER,,5,SYNTHETIC_DEMO
D_20260904,2026-09-04T17:16:13,46,SERVED,152.1,5,SYNTHETIC_DEMO
D_20260904,2026-09-04T17:40:00,47,ENTER,,16,SYNTHETIC_DEMO
D_20260904,2026-09-04T17:44:23,47,SERVED,263.2,16,SYNTHETIC_DEMO
D_20260904,2026-09-04T17:17:23,48,ENTER,,8,SYNTHETIC_DEMO
D_20260904,2026-09-04T17:20:30,48,SERVED,187.2,8,SYNTHETIC_DEMO
D_20260904,2026-09-04T17:02:12,49,ENTER,,2,SYNTHETIC_DEMO
D_20260904,2026-09-04T17:03:57,49,SERVED,105.6,2,SYNTHETIC_DEMO
D_20260904,2026-09-04T17:12:16,50,ENTER,,7,SYNTHETIC_DEMO
D_20260904,2026-09-04T17:14:19,50,SERVED,123.0,7,SYNTHETIC_DEMO
D_20260904,2026-09-04T17:55:32,51,ENTER,,11,SYNTHETIC_DEMO
D_20260904,2026-09-04T17:58:37,51,SERVED,184.3,11,SYNTHETIC_DEMO
D_20260904,2026-09-04T17:45:56,52,ENTER,,15,SYNTHETIC_DEMO
D_20260904,2026-09-04T17:49:49,52,SERVED,233.6,15,SYNTHETIC_DEMO
D_20260904,2026-09-04T18:15:37,53,ENTER,,3,SYNTHETIC_DEMO
D_20260904,2026-09-04T18:17:45,53,SERVED,127.6,3,SYNTHETIC_DEMO
D_20260904,2026-09-04T18:00:50,54,ENTER,,9,SYNTHETIC_DEMO
D_20260904,2026-09-04T18:03:31,54,SERVED,160.7,9,SYNTHETIC_DEMO
D_20260904,2026-09-04T17:52:01,55,ENTER,,13,SYNTHETIC_DEMO
D_20260904,2026-09-04T17:54:10,55,ABANDONED,,13,SYNTHETIC_DEMO
D_20260904,2026-09-04T18:09:26,56,ENTER,,5,SYNTHETIC_DEMO
D_20260904,2026-09-04T18:11:53,56,SERVED,146.4,5,SYNTHETIC_DEMO
D_20260904,2026-09-04T17:44:56,57,ENTER,,15,SYNTHETIC_DEMO
D_20260904,2026-09-04T17:49:03,57,SERVED,246.0,15,SYNTHETIC_DEMO
D_20260904,2026-09-04T17:37:50,58,ENTER,,15,SYNTHETIC_DEMO
D_20260904,2026-09-04T17:42:22,58,SERVED,271.9,15,SYNTHETIC_DEMO
D_20260904,2026-09-04T17:35:43,59,ENTER,,15,SYNTHETIC_DEMO
D_20260904,2026-09-04T17:39:53,59,SERVED,250.6,15,SYNTHETIC_DEMO
D_20260904,2026-09-04T17:34:37,60,ENTER,,16,SYNTHETIC_DEMO
D_20260904,2026-09-04T17:39:25,60,SERVED,288.4,16,SYNTHETIC_DEMO
D_20260904,2026-09-04T17:19:14,61,ENTER,,9,SYNTHETIC_DEMO
D_20260904,2026-09-04T17:22:08,61,SERVED,173.6,9,SYNTHETIC_DEMO
D_20260904,2026-09-04T17:30:43,62,ENTER,,14,SYNTHETIC_DEMO
D_20260904,2026-09-04T17:34:16,62,SERVED,213.3,14,SYNTHETIC_DEMO
D_20260904,2026-09-04T17:55:14,63,ENTER,,10,SYNTHETIC_DEMO
D_20260904,2026-09-04T17:57:52,63,SERVED,158.0,10,SYNTHETIC_DEMO
D_20260904,2026-09-04T17:24:26,64,ENTER,,11,SYNTHETIC_DEMO
D_20260904,2026-09-04T17:28:15,64,SERVED,228.9,11,SYNTHETIC_DEMO
D_20260904,2026-09-04T17:42:14,65,ENTER,,16,SYNTHETIC_DEMO
D_20260904,2026-09-04T17:46:50,65,SERVED,275.4,16,SYNTHETIC_DEMO
D_20260904,2026-09-04T17:58:45,66,ENTER,,9,SYNTHETIC_DEMO
D_20260904,2026-09-04T18:01:19,66,SERVED,154.4,9,SYNTHETIC_DEMO
D_20260904,2026-09-04T17:33:54,67,ENTER,,15,SYNTHETIC_DEMO
D_20260904,2026-09-04T17:38:27,67,SERVED,272.7,15,SYNTHETIC_DEMO
D_20260904,2026-09-04T17:15:33,68,ENTER,,6,SYNTHETIC_DEMO
D_20260904,2026-09-04T17:18:05,68,SERVED,152.0,6,SYNTHETIC_DEMO
D_20260904,2026-09-04T17:36:37,69,ENTER,,16,SYNTHETIC_DEMO
D_20260904,2026-09-04T17:40:53,69,SERVED,255.9,16,SYNTHETIC_DEMO
D_20260904,2026-09-04T17:27:40,70,ENTER,,14,SYNTHETIC_DEMO
D_20260904,2026-09-04T17:31:14,70,SERVED,214.2,14,SYNTHETIC_DEMO
D_20260904,2026-09-04T17:18:43,71,ENTER,,8,SYNTHETIC_DEMO
D_20260904,2026-09-04T17:21:08,71,SERVED,144.8,8,SYNTHETIC_DEMO
D_20260904,2026-09-04T17:36:11,72,ENTER,,15,SYNTHETIC_DEMO
D_20260904,2026-09-04T17:40:08,72,SERVED,237.0,15,SYNTHETIC_DEMO
D_20260904,2026-09-04T17:36:53,73,ENTER,,15,SYNTHETIC_DEMO
D_20260904,2026-09-04T17:40:44,73,SERVED,231.2,15,SYNTHETIC_DEMO
D_20260904,2026-09-04T17:26:37,74,ENTER,,12,SYNTHETIC_DEMO
D_20260904,2026-09-04T17:30:25,74,SERVED,228.3,12,SYNTHETIC_DEMO
D_20260904,2026-09-04T18:00:24,75,ENTER,,9,SYNTHETIC_DEMO
D_20260904,2026-09-04T18:03:25,75,SERVED,181.3,9,SYNTHETIC_DEMO
D_20260904,2026-09-04T17:33:30,76,ENTER,,15,SYNTHETIC_DEMO
D_20260904,2026-09-04T17:38:07,76,SERVED,277.4,15,SYNTHETIC_DEMO
D_20260904,2026-09-04T17:11:47,77,ENTER,,6,SYNTHETIC_DEMO
D_20260904,2026-09-04T17:13:59,77,SERVED,132.1,6,SYNTHETIC_DEMO
D_20260904,2026-09-04T17:27:44,78,ENTER,,12,SYNTHETIC_DEMO
D_20260904,2026-09-04T17:29:44,78,ABANDONED,,12,SYNTHETIC_DEMO
D_20260904,2026-09-04T17:57:18,79,ENTER,,10,SYNTHETIC_DEMO
D_20260904,2026-09-04T18:00:10,79,SERVED,172.3,10,SYNTHETIC_DEMO
D_20260904,2026-09-04T17:33:51,80,ENTER,,16,SYNTHETIC_DEMO
D_20260904,2026-09-04T17:38:37,80,SERVED,286.0,16,SYNTHETIC_DEMO
D_20260904,2026-09-04T17:26:14,81,ENTER,,12,SYNTHETIC_DEMO
D_20260904,2026-09-04T17:30:16,81,SERVED,242.1,12,SYNTHETIC_DEMO
D_20260904,2026-09-04T18:00:42,82,ENTER,,7,SYNTHETIC_DEMO
D_20260904,2026-09-04T18:03:29,82,SERVED,166.8,7,SYNTHETIC_DEMO
D_20260904,2026-09-04T17:41:49,83,ENTER,,16,SYNTHETIC_DEMO
D_20260904,2026-09-04T17:46:26,83,SERVED,277.0,16,SYNTHETIC_DEMO
D_20260904,2026-09-04T17:54:32,84,ENTER,,12,SYNTHETIC_DEMO
D_20260904,2026-09-04T17:57:33,84,SERVED,181.2,12,SYNTHETIC_DEMO
D_20260904,2026-09-04T17:07:53,85,ENTER,,4,SYNTHETIC_DEMO
D_20260904,2026-09-04T17:10:07,85,SERVED,133.6,4,SYNTHETIC_DEMO
D_20260904,2026-09-04T18:04:16,86,ENTER,,7,SYNTHETIC_DEMO
D_20260904,2026-09-04T18:06:25,86,SERVED,128.3,7,SYNTHETIC_DEMO
D_20260904,2026-09-04T17:37:58,87,ENTER,,14,SYNTHETIC_DEMO
D_20260904,2026-09-04T17:42:07,87,SERVED,249.7,14,SYNTHETIC_DEMO
D_20260904,2026-09-04T17:31:49,88,ENTER,,13,SYNTHETIC_DEMO
D_20260904,2026-09-04T17:35:02,88,SERVED,192.5,13,SYNTHETIC_DEMO
D_20260904,2026-09-04T17:31:42,89,ENTER,,14,SYNTHETIC_DEMO
D_20260904,2026-09-04T17:35:18,89,SERVED,216.5,14,SYNTHETIC_DEMO
D_20260904,2026-09-04T18:19:48,90,ENTER,,3,SYNTHETIC_DEMO
D_20260904,2026-09-04T18:21:23,90,SERVED,95.2,3,SYNTHETIC_DEMO
D_20260904,2026-09-04T17:43:43,91,ENTER,,16,SYNTHETIC_DEMO
D_20260904,2026-09-04T17:48:14,91,SERVED,271.1,16,SYNTHETIC_DEMO
D_20260904,2026-09-04T17:06:03,92,ENTER,,3,SYNTHETIC_DEMO
D_20260904,2026-09-04T17:07:23,92,SERVED,80.6,3,SYNTHETIC_DEMO
D_20260904,2026-09-04T17:43:17,93,ENTER,,15,SYNTHETIC_DEMO
D_20260904,2026-09-04T17:46:59,93,SERVED,222.0,15,SYNTHETIC_DEMO
D_20260904,2026-09-04T17:26:34,94,ENTER,,12,SYNTHETIC_DEMO
D_20260904,2026-09-04T17:30:05,94,SERVED,211.5,12,SYNTHETIC_DEMO
D_20260904,2026-09-04T17:05:22,95,ENTER,,2,SYNTHETIC_DEMO
D_20260904,2026-09-04T17:06:15,95,SERVED,52.4,2,SYNTHETIC_DEMO
D_20260904,2026-09-04T17:42:15,96,ENTER,,15,SYNTHETIC_DEMO
D_20260904,2026-09-04T17:46:49,96,SERVED,274.0,15,SYNTHETIC_DEMO
D_20260904,2026-09-04T17:39:23,97,ENTER,,15,SYNTHETIC_DEMO
D_20260904,2026-09-04T17:43:53,97,SERVED,270.3,15,SYNTHETIC_DEMO
D_20260904,2026-09-04T17:27:32,98,ENTER,,12,SYNTHETIC_DEMO
D_20260904,2026-09-04T17:31:05,98,SERVED,212.9,12,SYNTHETIC_DEMO
D_20260904,2026-09-04T17:56:05,99,ENTER,,10,SYNTHETIC_DEMO
D_20260904,2026-09-04T17:59:38,99,SERVED,212.4,10,SYNTHETIC_DEMO
D_20260904,2026-09-04T17:35:56,100,ENTER,,16,SYNTHETIC_DEMO
D_20260904,2026-09-04T17:40:07,100,SERVED,251.4,16,SYNTHETIC_DEMO
D_20260904,2026-09-04T18:27:46,101,ENTER,,1,SYNTHETIC_DEMO
D_20260904,2026-09-04T18:28:53,101,SERVED,66.3,1,SYNTHETIC_DEMO
D_20260904,2026-09-04T18:02:15,102,ENTER,,8,SYNTHETIC_DEMO
D_20260904,2026-09-04T18:04:31,102,SERVED,135.3,8,SYNTHETIC_DEMO
D_20260904,2026-09-04T17:24:28,103,ENTER,,11,SYNTHETIC_DEMO
D_20260904,2026-09-04T17:28:18,103,SERVED,229.8,11,SYNTHETIC_DEMO
D_20260904,2026-09-04T17:23:53,104,ENTER,,10,SYNTHETIC_DEMO
D_20260904,2026-09-04T17:26:36,104,SERVED,163.2,10,SYNTHETIC_DEMO
D_20260904,2026-09-04T17:41:07,105,ENTER,,15,SYNTHETIC_DEMO
D_20260904,2026-09-04T17:45:19,105,SERVED,252.1,15,SYNTHETIC_DEMO
D_20260904,2026-09-04T17:30:50,106,ENTER,,14,SYNTHETIC_DEMO
D_20260904,2026-09-04T17:34:35,106,SERVED,224.4,14,SYNTHETIC_DEMO
D_20260904,2026-09-04T17:29:32,107,ENTER,,13,SYNTHETIC_DEMO
D_20260904,2026-09-04T17:32:53,107,SERVED,200.9,13,SYNTHETIC_DEMO
D_20260904,2026-09-04T17:48:43,108,ENTER,,12,SYNTHETIC_DEMO
D_20260904,2026-09-04T17:52:24,108,SERVED,220.3,12,SYNTHETIC_DEMO
D_20260904,2026-09-04T18:34:17,109,ENTER,,1,SYNTHETIC_DEMO
D_20260904,2026-09-04T18:35:35,109,SERVED,78.3,1,SYNTHETIC_DEMO
D_20260904,2026-09-04T17:42:56,110,ENTER,,15,SYNTHETIC_DEMO
D_20260904,2026-09-04T17:47:39,110,SERVED,283.2,15,SYNTHETIC_DEMO
D_20260904,2026-09-04T17:50:31,111,ENTER,,13,SYNTHETIC_DEMO
D_20260904,2026-09-04T17:53:51,111,SERVED,200.0,13,SYNTHETIC_DEMO
D_20260904,2026-09-04T17:19:54,112,ENTER,,10,SYNTHETIC_DEMO
D_20260904,2026-09-04T17:22:56,112,SERVED,182.4,10,SYNTHETIC_DEMO
D_20260904,2026-09-04T17:23:41,113,ENTER,,11,SYNTHETIC_DEMO
D_20260904,2026-09-04T17:27:19,113,SERVED,218.1,11,SYNTHETIC_DEMO
B_20260905,2026-09-05T05:56:06,1,ENTER,,12,SYNTHETIC_DEMO
B_20260905,2026-09-05T05:59:57,1,SERVED,231.4,12,SYNTHETIC_DEMO
B_20260905,2026-09-05T05:44:46,2,ENTER,,6,SYNTHETIC_DEMO
B_20260905,2026-09-05T05:46:54,2,SERVED,127.6,6,SYNTHETIC_DEMO
B_20260905,2026-09-05T06:04:20,3,ENTER,,13,SYNTHETIC_DEMO
B_20260905,2026-09-05T06:08:26,3,SERVED,246.3,13,SYNTHETIC_DEMO
B_20260905,2026-09-05T05:43:12,4,ENTER,,7,SYNTHETIC_DEMO
B_20260905,2026-09-05T05:46:10,4,SERVED,178.1,7,SYNTHETIC_DEMO
B_20260905,2026-09-05T05:40:57,5,ENTER,,5,SYNTHETIC_DEMO
B_20260905,2026-09-05T05:43:09,5,SERVED,132.2,5,SYNTHETIC_DEMO
B_20260905,2026-09-05T06:00:57,6,ENTER,,13,SYNTHETIC_DEMO
B_20260905,2026-09-05T06:05:15,6,SERVED,257.7,13,SYNTHETIC_DEMO
B_20260905,2026-09-05T06:36:36,7,ENTER,,3,SYNTHETIC_DEMO
B_20260905,2026-09-05T06:38:26,7,SERVED,110.1,3,SYNTHETIC_DEMO
B_20260905,2026-09-05T06:04:11,8,ENTER,,15,SYNTHETIC_DEMO
B_20260905,2026-09-05T06:08:11,8,SERVED,240.8,15,SYNTHETIC_DEMO
B_20260905,2026-09-05T06:05:10,9,ENTER,,14,SYNTHETIC_DEMO
B_20260905,2026-09-05T06:08:36,9,SERVED,206.2,14,SYNTHETIC_DEMO
B_20260905,2026-09-05T06:20:36,10,ENTER,,10,SYNTHETIC_DEMO
B_20260905,2026-09-05T06:24:03,10,SERVED,207.1,10,SYNTHETIC_DEMO
B_20260905,2026-09-05T06:08:16,11,ENTER,,12,SYNTHETIC_DEMO
B_20260905,2026-09-05T06:11:36,11,SERVED,199.6,12,SYNTHETIC_DEMO
B_20260905,2026-09-05T05:43:39,12,ENTER,,8,SYNTHETIC_DEMO
B_20260905,2026-09-05T05:46:44,12,SERVED,184.4,8,SYNTHETIC_DEMO
B_20260905,2026-09-05T05:51:05,13,ENTER,,11,SYNTHETIC_DEMO
B_20260905,2026-09-05T05:54:41,13,SERVED,216.5,11,SYNTHETIC_DEMO
B_20260905,2026-09-05T06:10:16,14,ENTER,,15,SYNTHETIC_DEMO
B_20260905,2026-09-05T06:13:59,14,SERVED,223.3,15,SYNTHETIC_DEMO
B_20260905,2026-09-05T05:53:54,15,ENTER,,11,SYNTHETIC_DEMO
B_20260905,2026-09-05T05:57:13,15,SERVED,199.0,11,SYNTHETIC_DEMO
B_20260905,2026-09-05T05:53:23,16,ENTER,,12,SYNTHETIC_DEMO
B_20260905,2026-09-05T05:57:10,16,SERVED,227.3,12,SYNTHETIC_DEMO
B_20260905,2026-09-05T06:19:37,17,ENTER,,8,SYNTHETIC_DEMO
B_20260905,2026-09-05T06:22:35,17,SERVED,177.9,8,SYNTHETIC_DEMO
B_20260905,2026-09-05T06:00:42,18,ENTER,,14,SYNTHETIC_DEMO
B_20260905,2026-09-05T06:04:47,18,SERVED,244.7,14,SYNTHETIC_DEMO
B_20260905,2026-09-05T05:57:06,19,ENTER,,11,SYNTHETIC_DEMO
B_20260905,2026-09-05T06:00:44,19,SERVED,217.7,11,SYNTHETIC_DEMO
B_20260905,2026-09-05T05:40:16,20,ENTER,,7,SYNTHETIC_DEMO
B_20260905,2026-09-05T05:42:21,20,SERVED,124.7,7,SYNTHETIC_DEMO
B_20260905,2026-09-05T05:31:34,21,ENTER,,2,SYNTHETIC_DEMO
B_20260905,2026-09-05T05:32:48,21,SERVED,73.5,2,SYNTHETIC_DEMO
B_20260905,2026-09-05T05:59:45,22,ENTER,,12,SYNTHETIC_DEMO
B_20260905,2026-09-05T06:03:10,22,SERVED,205.0,12,SYNTHETIC_DEMO
B_20260905,2026-09-05T06:44:46,23,ENTER,,3,SYNTHETIC_DEMO
B_20260905,2026-09-05T06:46:42,23,SERVED,116.2,3,SYNTHETIC_DEMO
B_20260905,2026-09-05T05:57:55,24,ENTER,,14,SYNTHETIC_DEMO
B_20260905,2026-09-05T06:01:23,24,SERVED,208.7,14,SYNTHETIC_DEMO
B_20260905,2026-09-05T05:59:36,25,ENTER,,13,SYNTHETIC_DEMO
B_20260905,2026-09-05T06:03:25,25,SERVED,229.1,13,SYNTHETIC_DEMO
B_20260905,2026-09-05T06:01:31,26,ENTER,,14,SYNTHETIC_DEMO
B_20260905,2026-09-05T06:05:54,26,SERVED,262.8,14,SYNTHETIC_DEMO
B_20260905,2026-09-05T06:05:25,27,ENTER,,14,SYNTHETIC_DEMO
B_20260905,2026-09-05T06:09:34,27,SERVED,249.4,14,SYNTHETIC_DEMO
B_20260905,2026-09-05T06:19:54,28,ENTER,,10,SYNTHETIC_DEMO
B_20260905,2026-09-05T06:22:25,28,SERVED,151.5,10,SYNTHETIC_DEMO
B_20260905,2026-09-05T06:15:51,29,ENTER,,11,SYNTHETIC_DEMO
B_20260905,2026-09-05T06:19:14,29,SERVED,202.9,11,SYNTHETIC_DEMO
B_20260905,2026-09-05T05:31:55,30,ENTER,,4,SYNTHETIC_DEMO
B_20260905,2026-09-05T05:33:48,30,SERVED,112.6,4,SYNTHETIC_DEMO
B_20260905,2026-09-05T06:47:33,31,ENTER,,0,SYNTHETIC_DEMO
B_20260905,2026-09-05T06:48:45,31,SERVED,71.8,0,SYNTHETIC_DEMO
B_20260905,2026-09-05T06:40:50,32,ENTER,,3,SYNTHETIC_DEMO
B_20260905,2026-09-05T06:42:07,32,SERVED,76.6,3,SYNTHETIC_DEMO
B_20260905,2026-09-05T06:43:02,33,ENTER,,1,SYNTHETIC_DEMO
B_20260905,2026-09-05T06:43:57,33,SERVED,54.3,1,SYNTHETIC_DEMO
B_20260905,2026-09-05T06:15:22,34,ENTER,,12,SYNTHETIC_DEMO
B_20260905,2026-09-05T06:19:21,34,SERVED,238.3,12,SYNTHETIC_DEMO
B_20260905,2026-09-05T06:05:29,35,ENTER,,15,SYNTHETIC_DEMO
B_20260905,2026-09-05T06:09:14,35,SERVED,225.3,15,SYNTHETIC_DEMO
B_20260905,2026-09-05T06:10:04,36,ENTER,,12,SYNTHETIC_DEMO
B_20260905,2026-09-05T06:13:35,36,SERVED,210.7,12,SYNTHETIC_DEMO
B_20260905,2026-09-05T06:14:35,37,ENTER,,11,SYNTHETIC_DEMO
B_20260905,2026-09-05T06:18:10,37,SERVED,215.0,11,SYNTHETIC_DEMO
B_20260905,2026-09-05T05:49:25,38,ENTER,,9,SYNTHETIC_DEMO
B_20260905,2026-09-05T05:52:52,38,SERVED,207.7,9,SYNTHETIC_DEMO
B_20260905,2026-09-05T05:59:05,39,ENTER,,13,SYNTHETIC_DEMO
B_20260905,2026-09-05T06:02:59,39,SERVED,234.2,13,SYNTHETIC_DEMO
B_20260905,2026-09-05T05:30:00,40,ENTER,,4,SYNTHETIC_DEMO
B_20260905,2026-09-05T05:31:23,40,SERVED,83.1,4,SYNTHETIC_DEMO
B_20260905,2026-09-05T05:58:34,41,ENTER,,13,SYNTHETIC_DEMO
B_20260905,2026-09-05T06:02:09,41,SERVED,214.6,13,SYNTHETIC_DEMO
B_20260905,2026-09-05T06:23:07,42,ENTER,,10,SYNTHETIC_DEMO
B_20260905,2026-09-05T06:25:41,42,SERVED,154.7,10,SYNTHETIC_DEMO
B_20260905,2026-09-05T05:30:00,43,ENTER,,2,SYNTHETIC_DEMO
B_20260905,2026-09-05T05:31:36,43,SERVED,96.8,2,SYNTHETIC_DEMO
B_20260905,2026-09-05T05:33:50,44,ENTER,,4,SYNTHETIC_DEMO
B_20260905,2026-09-05T05:36:08,44,SERVED,138.7,4,SYNTHETIC_DEMO
B_20260905,2026-09-05T06:09:45,45,ENTER,,14,SYNTHETIC_DEMO
B_20260905,2026-09-05T06:13:47,45,SERVED,241.6,14,SYNTHETIC_DEMO
B_20260905,2026-09-05T05:52:24,46,ENTER,,12,SYNTHETIC_DEMO
B_20260905,2026-09-05T05:56:23,46,SERVED,239.5,12,SYNTHETIC_DEMO
B_20260905,2026-09-05T06:20:21,47,ENTER,,11,SYNTHETIC_DEMO
B_20260905,2026-09-05T06:23:54,47,SERVED,212.3,11,SYNTHETIC_DEMO
B_20260905,2026-09-05T06:32:24,48,ENTER,,5,SYNTHETIC_DEMO
B_20260905,2026-09-05T06:34:39,48,SERVED,135.3,5,SYNTHETIC_DEMO
B_20260905,2026-09-05T06:45:12,49,ENTER,,4,SYNTHETIC_DEMO
B_20260905,2026-09-05T06:47:07,49,SERVED,115.0,4,SYNTHETIC_DEMO
B_20260905,2026-09-05T06:01:00,50,ENTER,,12,SYNTHETIC_DEMO
B_20260905,2026-09-05T06:04:14,50,SERVED,194.3,12,SYNTHETIC_DEMO
B_20260905,2026-09-05T06:05:41,51,ENTER,,13,SYNTHETIC_DEMO
B_20260905,2026-09-05T06:09:04,51,SERVED,202.6,13,SYNTHETIC_DEMO
B_20260905,2026-09-05T05:54:54,52,ENTER,,12,SYNTHETIC_DEMO
B_20260905,2026-09-05T05:57:57,52,SERVED,182.8,12,SYNTHETIC_DEMO
B_20260905,2026-09-05T05:30:00,53,ENTER,,2,SYNTHETIC_DEMO
B_20260905,2026-09-05T05:31:12,53,SERVED,72.3,2,SYNTHETIC_DEMO
B_20260905,2026-09-05T06:01:23,54,ENTER,,13,SYNTHETIC_DEMO
B_20260905,2026-09-05T06:04:57,54,SERVED,214.3,13,SYNTHETIC_DEMO
B_20260905,2026-09-05T05:45:45,55,ENTER,,9,SYNTHETIC_DEMO
B_20260905,2026-09-05T05:49:05,55,SERVED,200.1,9,SYNTHETIC_DEMO
B_20260905,2026-09-05T06:13:05,56,ENTER,,13,SYNTHETIC_DEMO
B_20260905,2026-09-05T06:16:31,56,SERVED,205.9,13,SYNTHETIC_DEMO
B_20260905,2026-09-05T05:52:46,57,ENTER,,10,SYNTHETIC_DEMO
B_20260905,2026-09-05T05:56:10,57,SERVED,204.1,10,SYNTHETIC_DEMO
B_20260905,2026-09-05T06:32:04,58,ENTER,,5,SYNTHETIC_DEMO
B_20260905,2026-09-05T06:34:39,58,SERVED,154.7,5,SYNTHETIC_DEMO
B_20260905,2026-09-05T05:56:30,59,ENTER,,13,SYNTHETIC_DEMO
B_20260905,2026-09-05T06:00:49,59,SERVED,259.0,13,SYNTHETIC_DEMO
B_20260905,2026-09-05T06:24:42,60,ENTER,,8,SYNTHETIC_DEMO
B_20260905,2026-09-05T06:26:47,60,SERVED,125.6,8,SYNTHETIC_DEMO
B_20260905,2026-09-05T05:30:00,61,ENTER,,2,SYNTHETIC_DEMO
B_20260905,2026-09-05T05:31:53,61,SERVED,113.2,2,SYNTHETIC_DEMO
B_20260905,2026-09-05T05:55:48,62,ENTER,,12,SYNTHETIC_DEMO
B_20260905,2026-09-05T05:59:00,62,SERVED,192.1,12,SYNTHETIC_DEMO
B_20260905,2026-09-05T06:35:38,63,ENTER,,3,SYNTHETIC_DEMO
B_20260905,2026-09-05T06:37:19,63,SERVED,100.8,3,SYNTHETIC_DEMO
B_20260905,2026-09-05T06:29:18,64,ENTER,,5,SYNTHETIC_DEMO
B_20260905,2026-09-05T06:31:45,64,SERVED,147.3,5,SYNTHETIC_DEMO
B_20260905,2026-09-05T06:26:57,65,ENTER,,8,SYNTHETIC_DEMO
B_20260905,2026-09-05T06:29:02,65,SERVED,125.8,8,SYNTHETIC_DEMO
B_20260905,2026-09-05T05:30:00,66,ENTER,,2,SYNTHETIC_DEMO
B_20260905,2026-09-05T05:31:52,66,SERVED,112.1,2,SYNTHETIC_DEMO
B_20260905,2026-09-05T05:58:43,67,ENTER,,13,SYNTHETIC_DEMO
B_20260905,2026-09-05T06:02:18,67,SERVED,214.7,13,SYNTHETIC_DEMO
B_20260905,2026-09-05T05:30:00,68,ENTER,,3,SYNTHETIC_DEMO
B_20260905,2026-09-05T05:31:33,68,SERVED,93.4,3,SYNTHETIC_DEMO
B_20260905,2026-09-05T06:49:56,69,ENTER,,2,SYNTHETIC_DEMO
B_20260905,2026-09-05T06:51:48,69,SERVED,111.9,2,SYNTHETIC_DEMO
B_20260905,2026-09-05T05:46:02,70,ENTER,,8,SYNTHETIC_DEMO
B_20260905,2026-09-05T05:48:38,70,SERVED,155.9,8,SYNTHETIC_DEMO
B_20260905,2026-09-05T05:47:52,71,ENTER,,9,SYNTHETIC_DEMO
B_20260905,2026-09-05T05:50:35,71,SERVED,163.1,9,SYNTHETIC_DEMO
B_20260905,2026-09-05T06:10:19,72,ENTER,,13,SYNTHETIC_DEMO
B_20260905,2026-09-05T06:13:58,72,SERVED,218.7,13,SYNTHETIC_DEMO
B_20260905,2026-09-05T06:44:01,73,ENTER,,1,SYNTHETIC_DEMO
B_20260905,2026-09-05T06:45:31,73,SERVED,89.6,1,SYNTHETIC_DEMO
B_20260905,2026-09-05T05:54:56,74,ENTER,,10,SYNTHETIC_DEMO
B_20260905,2026-09-05T05:57:33,74,SERVED,157.1,10,SYNTHETIC_DEMO
B_20260905,2026-09-05T05:55:54,75,ENTER,,11,SYNTHETIC_DEMO
B_20260905,2026-09-05T05:59:15,75,SERVED,201.2,11,SYNTHETIC_DEMO
B_20260905,2026-09-05T05:45:22,76,ENTER,,8,SYNTHETIC_DEMO
B_20260905,2026-09-05T05:48:05,76,SERVED,162.9,8,SYNTHETIC_DEMO
B_20260905,2026-09-05T05:55:40,77,ENTER,,13,SYNTHETIC_DEMO
B_20260905,2026-09-05T05:59:04,77,SERVED,203.9,13,SYNTHETIC_DEMO
B_20260905,2026-09-05T05:45:52,78,ENTER,,9,SYNTHETIC_DEMO
B_20260905,2026-09-05T05:48:15,78,SERVED,142.7,9,SYNTHETIC_DEMO
B_20260905,2026-09-05T06:25:21,79,ENTER,,8,SYNTHETIC_DEMO
B_20260905,2026-09-05T06:28:08,79,SERVED,167.5,8,SYNTHETIC_DEMO
B_20260905,2026-09-05T06:39:17,80,ENTER,,3,SYNTHETIC_DEMO
B_20260905,2026-09-05T06:41:10,80,SERVED,113.1,3,SYNTHETIC_DEMO
B_20260905,2026-09-05T05:59:15,81,ENTER,,13,SYNTHETIC_DEMO
B_20260905,2026-09-05T06:03:33,81,SERVED,257.8,13,SYNTHETIC_DEMO
B_20260905,2026-09-05T05:30:00,82,ENTER,,2,SYNTHETIC_DEMO
B_20260905,2026-09-05T05:31:23,82,SERVED,83.5,2,SYNTHETIC_DEMO
B_20260905,2026-09-05T06:03:19,83,ENTER,,13,SYNTHETIC_DEMO
B_20260905,2026-09-05T06:06:32,83,SERVED,193.0,13,SYNTHETIC_DEMO
B_20260905,2026-09-05T06:24:31,84,ENTER,,10,SYNTHETIC_DEMO
B_20260905,2026-09-05T06:27:05,84,SERVED,153.8,10,SYNTHETIC_DEMO
B_20260905,2026-09-05T06:27:58,85,ENTER,,6,SYNTHETIC_DEMO
B_20260905,2026-09-05T06:30:13,85,SERVED,134.9,6,SYNTHETIC_DEMO
B_20260905,2026-09-05T05:43:39,86,ENTER,,8,SYNTHETIC_DEMO
B_20260905,2026-09-05T05:46:48,86,SERVED,189.2,8,SYNTHETIC_DEMO
B_20260905,2026-09-05T06:45:09,87,ENTER,,2,SYNTHETIC_DEMO
B_20260905,2026-09-05T06:46:45,87,SERVED,95.7,2,SYNTHETIC_DEMO
B_20260905,2026-09-05T06:08:54,88,ENTER,,14,SYNTHETIC_DEMO
B_20260905,2026-09-05T06:10:59,88,ABANDONED,,14,SYNTHETIC_DEMO
B_20260905,2026-09-05T06:16:59,89,ENTER,,11,SYNTHETIC_DEMO
B_20260905,2026-09-05T06:20:32,89,SERVED,212.8,11,SYNTHETIC_DEMO
B_20260905,2026-09-05T06:19:49,90,ENTER,,10,SYNTHETIC_DEMO
B_20260905,2026-09-05T06:23:18,90,SERVED,208.6,10,SYNTHETIC_DEMO
B_20260905,2026-09-05T07:03:42,91,ENTER,,1,SYNTHETIC_DEMO
B_20260905,2026-09-05T07:05:12,91,SERVED,90.7,1,SYNTHETIC_DEMO
B_20260905,2026-09-05T06:08:10,92,ENTER,,13,SYNTHETIC_DEMO
B_20260905,2026-09-05T06:11:30,92,SERVED,199.8,13,SYNTHETIC_DEMO
L_20260905,2026-09-05T12:14:02,1,ENTER,,11,SYNTHETIC_DEMO
L_20260905,2026-09-05T12:17:11,1,SERVED,189.8,11,SYNTHETIC_DEMO
L_20260905,2026-09-05T12:20:04,2,ENTER,,10,SYNTHETIC_DEMO
L_20260905,2026-09-05T12:23:04,2,SERVED,180.0,10,SYNTHETIC_DEMO
L_20260905,2026-09-05T11:53:16,3,ENTER,,17,SYNTHETIC_DEMO
L_20260905,2026-09-05T11:58:22,3,SERVED,305.2,17,SYNTHETIC_DEMO
L_20260905,2026-09-05T12:46:17,4,ENTER,,1,SYNTHETIC_DEMO
L_20260905,2026-09-05T12:47:44,4,SERVED,87.9,1,SYNTHETIC_DEMO
L_20260905,2026-09-05T11:44:08,5,ENTER,,12,SYNTHETIC_DEMO
L_20260905,2026-09-05T11:47:18,5,SERVED,190.4,12,SYNTHETIC_DEMO
L_20260905,2026-09-05T11:47:39,6,ENTER,,15,SYNTHETIC_DEMO
L_20260905,2026-09-05T11:52:25,6,SERVED,285.9,15,SYNTHETIC_DEMO
L_20260905,2026-09-05T11:47:43,7,ENTER,,13,SYNTHETIC_DEMO
L_20260905,2026-09-05T11:51:51,7,SERVED,248.6,13,SYNTHETIC_DEMO
L_20260905,2026-09-05T11:56:06,8,ENTER,,17,SYNTHETIC_DEMO
L_20260905,2026-09-05T12:00:45,8,SERVED,279.2,17,SYNTHETIC_DEMO
L_20260905,2026-09-05T12:00:02,9,ENTER,,16,SYNTHETIC_DEMO
L_20260905,2026-09-05T12:03:57,9,SERVED,235.1,16,SYNTHETIC_DEMO
L_20260905,2026-09-05T11:30:00,10,ENTER,,4,SYNTHETIC_DEMO
L_20260905,2026-09-05T11:32:19,10,SERVED,139.8,4,SYNTHETIC_DEMO
L_20260905,2026-09-05T11:30:00,11,ENTER,,5,SYNTHETIC_DEMO
L_20260905,2026-09-05T11:32:20,11,SERVED,141.0,5,SYNTHETIC_DEMO
L_20260905,2026-09-05T12:24:09,12,ENTER,,9,SYNTHETIC_DEMO
L_20260905,2026-09-05T12:26:30,12,SERVED,141.0,9,SYNTHETIC_DEMO
L_20260905,2026-09-05T11:48:03,13,ENTER,,13,SYNTHETIC_DEMO
L_20260905,2026-09-05T11:52:12,13,SERVED,249.0,13,SYNTHETIC_DEMO
L_20260905,2026-09-05T12:09:41,14,ENTER,,15,SYNTHETIC_DEMO
L_20260905,2026-09-05T12:13:40,14,SERVED,239.0,15,SYNTHETIC_DEMO
L_20260905,2026-09-05T11:40:23,15,ENTER,,9,SYNTHETIC_DEMO
L_20260905,2026-09-05T11:43:39,15,SERVED,196.1,9,SYNTHETIC_DEMO
L_20260905,2026-09-05T12:26:02,16,ENTER,,6,SYNTHETIC_DEMO
L_20260905,2026-09-05T12:27:48,16,SERVED,105.9,6,SYNTHETIC_DEMO
L_20260905,2026-09-05T11:58:48,17,ENTER,,17,SYNTHETIC_DEMO
L_20260905,2026-09-05T12:03:47,17,SERVED,299.9,17,SYNTHETIC_DEMO
L_20260905,2026-09-05T12:05:18,18,ENTER,,16,SYNTHETIC_DEMO
L_20260905,2026-09-05T12:07:42,18,ABANDONED,,16,SYNTHETIC_DEMO
L_20260905,2026-09-05T11:59:13,19,ENTER,,18,SYNTHETIC_DEMO
L_20260905,2026-09-05T12:03:31,19,SERVED,257.4,18,SYNTHETIC_DEMO
L_20260905,2026-09-05T12:00:37,20,ENTER,,17,SYNTHETIC_DEMO
L_20260905,2026-09-05T12:05:13,20,SERVED,275.9,17,SYNTHETIC_DEMO
L_20260905,2026-09-05T12:16:49,21,ENTER,,12,SYNTHETIC_DEMO
L_20260905,2026-09-05T12:20:25,21,SERVED,216.4,12,SYNTHETIC_DEMO
L_20260905,2026-09-05T12:00:30,22,ENTER,,17,SYNTHETIC_DEMO
L_20260905,2026-09-05T12:04:52,22,SERVED,262.1,17,SYNTHETIC_DEMO
L_20260905,2026-09-05T11:54:02,23,ENTER,,15,SYNTHETIC_DEMO
L_20260905,2026-09-05T11:57:50,23,SERVED,227.7,15,SYNTHETIC_DEMO
L_20260905,2026-09-05T12:09:53,24,ENTER,,15,SYNTHETIC_DEMO
L_20260905,2026-09-05T12:14:32,24,SERVED,278.5,15,SYNTHETIC_DEMO
L_20260905,2026-09-05T11:48:10,25,ENTER,,15,SYNTHETIC_DEMO
L_20260905,2026-09-05T11:52:38,25,SERVED,267.9,15,SYNTHETIC_DEMO
L_20260905,2026-09-05T11:40:06,26,ENTER,,9,SYNTHETIC_DEMO
L_20260905,2026-09-05T11:42:52,26,SERVED,165.3,9,SYNTHETIC_DEMO
L_20260905,2026-09-05T12:02:43,27,ENTER,,17,SYNTHETIC_DEMO
L_20260905,2026-09-05T12:07:06,27,SERVED,262.8,17,SYNTHETIC_DEMO
L_20260905,2026-09-05T11:30:00,28,ENTER,,4,SYNTHETIC_DEMO
L_20260905,2026-09-05T11:31:14,28,SERVED,74.8,4,SYNTHETIC_DEMO
L_20260905,2026-09-05T12:04:54,29,ENTER,,17,SYNTHETIC_DEMO
L_20260905,2026-09-05T12:09:02,29,SERVED,247.3,17,SYNTHETIC_DEMO
L_20260905,2026-09-05T11:30:00,30,ENTER,,5,SYNTHETIC_DEMO
L_20260905,2026-09-05T11:31:40,30,SERVED,100.9,5,SYNTHETIC_DEMO
L_20260905,2026-09-05T12:17:53,31,ENTER,,11,SYNTHETIC_DEMO
L_20260905,2026-09-05T12:21:06,31,SERVED,192.9,11,SYNTHETIC_DEMO
L_20260905,2026-09-05T11:34:55,32,ENTER,,7,SYNTHETIC_DEMO
L_20260905,2026-09-05T11:37:23,32,SERVED,148.2,7,SYNTHETIC_DEMO
L_20260905,2026-09-05T11:50:47,33,ENTER,,15,SYNTHETIC_DEMO
L_20260905,2026-09-05T11:55:22,33,SERVED,275.2,15,SYNTHETIC_DEMO
L_20260905,2026-09-05T11:50:36,34,ENTER,,15,SYNTHETIC_DEMO
L_20260905,2026-09-05T11:55:18,34,SERVED,281.6,15,SYNTHETIC_DEMO
L_20260905,2026-09-05T12:01:56,35,ENTER,,18,SYNTHETIC_DEMO
L_20260905,2026-09-05T12:06:52,35,SERVED,295.8,18,SYNTHETIC_DEMO
L_20260905,2026-09-05T12:07:52,36,ENTER,,15,SYNTHETIC_DEMO
L_20260905,2026-09-05T12:11:31,36,SERVED,219.1,15,SYNTHETIC_DEMO
L_20260905,2026-09-05T12:01:15,37,ENTER,,18,SYNTHETIC_DEMO
L_20260905,2026-09-05T12:06:33,37,SERVED,318.3,18,SYNTHETIC_DEMO
L_20260905,2026-09-05T11:45:08,38,ENTER,,14,SYNTHETIC_DEMO
L_20260905,2026-09-05T11:47:13,38,ABANDONED,,14,SYNTHETIC_DEMO
L_20260905,2026-09-05T12:02:16,39,ENTER,,16,SYNTHETIC_DEMO
L_20260905,2026-09-05T12:06:53,39,SERVED,277.4,16,SYNTHETIC_DEMO
L_20260905,2026-09-05T11:54:33,40,ENTER,,16,SYNTHETIC_DEMO
L_20260905,2026-09-05T11:59:05,40,SERVED,271.7,16,SYNTHETIC_DEMO
L_20260905,2026-09-05T11:57:55,41,ENTER,,17,SYNTHETIC_DEMO
L_20260905,2026-09-05T12:02:48,41,SERVED,292.9,17,SYNTHETIC_DEMO
L_20260905,2026-09-05T11:31:04,42,ENTER,,7,SYNTHETIC_DEMO
L_20260905,2026-09-05T11:33:07,42,SERVED,122.2,7,SYNTHETIC_DEMO
L_20260905,2026-09-05T11:30:00,43,ENTER,,5,SYNTHETIC_DEMO
L_20260905,2026-09-05T11:32:17,43,SERVED,137.6,5,SYNTHETIC_DEMO
L_20260905,2026-09-05T11:37:33,44,ENTER,,8,SYNTHETIC_DEMO
L_20260905,2026-09-05T11:39:48,44,SERVED,135.1,8,SYNTHETIC_DEMO
L_20260905,2026-09-05T11:45:55,45,ENTER,,12,SYNTHETIC_DEMO
L_20260905,2026-09-05T11:49:15,45,SERVED,199.9,12,SYNTHETIC_DEMO
L_20260905,2026-09-05T12:12:00,46,ENTER,,14,SYNTHETIC_DEMO
L_20260905,2026-09-05T12:15:25,46,SERVED,204.9,14,SYNTHETIC_DEMO
L_20260905,2026-09-05T11:46:05,47,ENTER,,12,SYNTHETIC_DEMO
L_20260905,2026-09-05T11:49:31,47,SERVED,205.6,12,SYNTHETIC_DEMO
L_20260905,2026-09-05T12:34:54,48,ENTER,,4,SYNTHETIC_DEMO
L_20260905,2026-09-05T12:36:58,48,SERVED,124.3,4,SYNTHETIC_DEMO
L_20260905,2026-09-05T12:08:00,49,ENTER,,17,SYNTHETIC_DEMO
L_20260905,2026-09-05T12:12:56,49,SERVED,296.2,17,SYNTHETIC_DEMO
L_20260905,2026-09-05T11:40:52,50,ENTER,,9,SYNTHETIC_DEMO
L_20260905,2026-09-05T11:44:07,50,SERVED,195.7,9,SYNTHETIC_DEMO
L_20260905,2026-09-05T12:26:26,51,ENTER,,7,SYNTHETIC_DEMO
L_20260905,2026-09-05T12:28:57,51,SERVED,151.2,7,SYNTHETIC_DEMO
L_20260905,2026-09-05T11:59:38,52,ENTER,,18,SYNTHETIC_DEMO
L_20260905,2026-09-05T12:04:16,52,SERVED,277.9,18,SYNTHETIC_DEMO
L_20260905,2026-09-05T12:07:34,53,ENTER,,16,SYNTHETIC_DEMO
L_20260905,2026-09-05T12:12:00,53,SERVED,265.2,16,SYNTHETIC_DEMO
L_20260905,2026-09-05T11:55:50,54,ENTER,,16,SYNTHETIC_DEMO
L_20260905,2026-09-05T12:00:08,54,SERVED,257.3,16,SYNTHETIC_DEMO
L_20260905,2026-09-05T12:20:06,55,ENTER,,9,SYNTHETIC_DEMO
L_20260905,2026-09-05T12:23:06,55,SERVED,179.8,9,SYNTHETIC_DEMO
L_20260905,2026-09-05T11:36:31,56,ENTER,,6,SYNTHETIC_DEMO
L_20260905,2026-09-05T11:38:14,56,SERVED,102.8,6,SYNTHETIC_DEMO
L_20260905,2026-09-05T12:05:02,57,ENTER,,17,SYNTHETIC_DEMO
L_20260905,2026-09-05T12:07:05,57,ABANDONED,,17,SYNTHETIC_DEMO
L_20260905,2026-09-05T11:59:59,58,ENTER,,17,SYNTHETIC_DEMO
L_20260905,2026-09-05T12:04:33,58,SERVED,274.4,17,SYNTHETIC_DEMO
L_20260905,2026-09-05T12:08:46,59,ENTER,,15,SYNTHETIC_DEMO
L_20260905,2026-09-05T12:12:49,59,SERVED,242.5,15,SYNTHETIC_DEMO
L_20260905,2026-09-05T12:32:22,60,ENTER,,4,SYNTHETIC_DEMO
L_20260905,2026-09-05T12:33:59,60,SERVED,97.6,4,SYNTHETIC_DEMO
L_20260905,2026-09-05T11:50:26,61,ENTER,,14,SYNTHETIC_DEMO
L_20260905,2026-09-05T11:53:51,61,SERVED,205.3,14,SYNTHETIC_DEMO
L_20260905,2026-09-05T12:13:53,62,ENTER,,14,SYNTHETIC_DEMO
L_20260905,2026-09-05T12:18:23,62,SERVED,269.9,14,SYNTHETIC_DEMO
L_20260905,2026-09-05T12:08:42,63,ENTER,,15,SYNTHETIC_DEMO
L_20260905,2026-09-05T12:13:04,63,SERVED,261.8,15,SYNTHETIC_DEMO
L_20260905,2026-09-05T12:10:56,64,ENTER,,13,SYNTHETIC_DEMO
L_20260905,2026-09-05T12:15:13,64,SERVED,256.7,13,SYNTHETIC_DEMO
L_20260905,2026-09-05T12:24:25,65,ENTER,,8,SYNTHETIC_DEMO
L_20260905,2026-09-05T12:27:01,65,SERVED,156.4,8,SYNTHETIC_DEMO
L_20260905,2026-09-05T11:54:34,66,ENTER,,16,SYNTHETIC_DEMO
L_20260905,2026-09-05T11:58:25,66,SERVED,230.8,16,SYNTHETIC_DEMO
L_20260905,2026-09-05T12:28:17,67,ENTER,,6,SYNTHETIC_DEMO
L_20260905,2026-09-05T12:30:10,67,SERVED,112.7,6,SYNTHETIC_DEMO
L_20260905,2026-09-05T11:56:02,68,ENTER,,17,SYNTHETIC_DEMO
L_20260905,2026-09-05T12:00:36,68,SERVED,273.5,17,SYNTHETIC_DEMO
L_20260905,2026-09-05T12:01:29,69,ENTER,,17,SYNTHETIC_DEMO
L_20260905,2026-09-05T12:06:36,69,SERVED,307.0,17,SYNTHETIC_DEMO
L_20260905,2026-09-05T12:39:34,70,ENTER,,2,SYNTHETIC_DEMO
L_20260905,2026-09-05T12:41:09,70,SERVED,95.5,2,SYNTHETIC_DEMO
L_20260905,2026-09-05T12:04:37,71,ENTER,,17,SYNTHETIC_DEMO
L_20260905,2026-09-05T12:09:27,71,SERVED,290.7,17,SYNTHETIC_DEMO
L_20260905,2026-09-05T12:11:36,72,ENTER,,15,SYNTHETIC_DEMO
L_20260905,2026-09-05T12:16:10,72,SERVED,274.3,15,SYNTHETIC_DEMO
L_20260905,2026-09-05T12:24:45,73,ENTER,,8,SYNTHETIC_DEMO
L_20260905,2026-09-05T12:27:50,73,SERVED,185.3,8,SYNTHETIC_DEMO
L_20260905,2026-09-05T11:49:40,74,ENTER,,13,SYNTHETIC_DEMO
L_20260905,2026-09-05T11:53:41,74,SERVED,241.1,13,SYNTHETIC_DEMO
L_20260905,2026-09-05T11:58:02,75,ENTER,,17,SYNTHETIC_DEMO
L_20260905,2026-09-05T12:02:31,75,SERVED,268.8,17,SYNTHETIC_DEMO
L_20260905,2026-09-05T11:41:25,76,ENTER,,10,SYNTHETIC_DEMO
L_20260905,2026-09-05T11:45:00,76,SERVED,214.9,10,SYNTHETIC_DEMO
L_20260905,2026-09-05T11:42:59,77,ENTER,,11,SYNTHETIC_DEMO
L_20260905,2026-09-05T11:46:28,77,SERVED,209.2,11,SYNTHETIC_DEMO
L_20260905,2026-09-05T11:43:06,78,ENTER,,11,SYNTHETIC_DEMO
L_20260905,2026-09-05T11:47:00,78,SERVED,234.0,11,SYNTHETIC_DEMO
L_20260905,2026-09-05T12:17:55,79,ENTER,,12,SYNTHETIC_DEMO
L_20260905,2026-09-05T12:21:56,79,SERVED,240.4,12,SYNTHETIC_DEMO
L_20260905,2026-09-05T11:30:00,80,ENTER,,6,SYNTHETIC_DEMO
L_20260905,2026-09-05T11:31:43,80,SERVED,103.4,6,SYNTHETIC_DEMO
L_20260905,2026-09-05T12:29:30,81,ENTER,,7,SYNTHETIC_DEMO
L_20260905,2026-09-05T12:32:07,81,SERVED,156.9,7,SYNTHETIC_DEMO
L_20260905,2026-09-05T11:30:42,82,ENTER,,5,SYNTHETIC_DEMO
L_20260905,2026-09-05T11:33:10,82,SERVED,148.1,5,SYNTHETIC_DEMO
L_20260905,2026-09-05T12:49:37,83,ENTER,,0,SYNTHETIC_DEMO
L_20260905,2026-09-05T12:50:06,83,SERVED,28.4,0,SYNTHETIC_DEMO
L_20260905,2026-09-05T11:37:47,84,ENTER,,8,SYNTHETIC_DEMO
L_20260905,2026-09-05T11:40:51,84,SERVED,184.9,8,SYNTHETIC_DEMO
L_20260905,2026-09-05T12:35:05,85,ENTER,,3,SYNTHETIC_DEMO
L_20260905,2026-09-05T12:37:02,85,SERVED,117.0,3,SYNTHETIC_DEMO
L_20260905,2026-09-05T12:18:21,86,ENTER,,9,SYNTHETIC_DEMO
L_20260905,2026-09-05T12:21:49,86,SERVED,208.1,9,SYNTHETIC_DEMO
L_20260905,2026-09-05T11:34:01,87,ENTER,,7,SYNTHETIC_DEMO
L_20260905,2026-09-05T11:36:09,87,SERVED,128.7,7,SYNTHETIC_DEMO
L_20260905,2026-09-05T12:30:40,88,ENTER,,4,SYNTHETIC_DEMO
L_20260905,2026-09-05T12:32:40,88,SERVED,120.0,4,SYNTHETIC_DEMO
L_20260905,2026-09-05T11:42:17,89,ENTER,,11,SYNTHETIC_DEMO
L_20260905,2026-09-05T11:46:00,89,SERVED,223.4,11,SYNTHETIC_DEMO
L_20260905,2026-09-05T12:22:27,90,ENTER,,8,SYNTHETIC_DEMO
L_20260905,2026-09-05T12:25:29,90,SERVED,182.6,8,SYNTHETIC_DEMO
L_20260905,2026-09-05T11:47:50,91,ENTER,,15,SYNTHETIC_DEMO
L_20260905,2026-09-05T11:52:20,91,SERVED,270.1,15,SYNTHETIC_DEMO
L_20260905,2026-09-05T11:46:01,92,ENTER,,12,SYNTHETIC_DEMO
L_20260905,2026-09-05T11:49:58,92,SERVED,236.5,12,SYNTHETIC_DEMO
L_20260905,2026-09-05T12:00:15,93,ENTER,,17,SYNTHETIC_DEMO
L_20260905,2026-09-05T12:05:15,93,SERVED,299.5,17,SYNTHETIC_DEMO
L_20260905,2026-09-05T12:08:42,94,ENTER,,16,SYNTHETIC_DEMO
L_20260905,2026-09-05T12:12:36,94,SERVED,234.4,16,SYNTHETIC_DEMO
L_20260905,2026-09-05T12:01:02,95,ENTER,,18,SYNTHETIC_DEMO
L_20260905,2026-09-05T12:06:17,95,SERVED,315.0,18,SYNTHETIC_DEMO
L_20260905,2026-09-05T12:30:09,96,ENTER,,6,SYNTHETIC_DEMO
L_20260905,2026-09-05T12:31:48,96,SERVED,98.9,6,SYNTHETIC_DEMO
L_20260905,2026-09-05T12:09:17,97,ENTER,,16,SYNTHETIC_DEMO
L_20260905,2026-09-05T12:14:02,97,SERVED,285.1,16,SYNTHETIC_DEMO
L_20260905,2026-09-05T11:58:56,98,ENTER,,19,SYNTHETIC_DEMO
L_20260905,2026-09-05T12:03:55,98,SERVED,299.2,19,SYNTHETIC_DEMO
L_20260905,2026-09-05T11:34:37,99,ENTER,,8,SYNTHETIC_DEMO
L_20260905,2026-09-05T11:37:02,99,SERVED,145.2,8,SYNTHETIC_DEMO
L_20260905,2026-09-05T12:05:27,100,ENTER,,17,SYNTHETIC_DEMO
L_20260905,2026-09-05T12:10:12,100,SERVED,284.9,17,SYNTHETIC_DEMO
L_20260905,2026-09-05T11:55:36,101,ENTER,,17,SYNTHETIC_DEMO
L_20260905,2026-09-05T12:00:14,101,SERVED,277.8,17,SYNTHETIC_DEMO
L_20260905,2026-09-05T11:57:52,102,ENTER,,17,SYNTHETIC_DEMO
L_20260905,2026-09-05T12:02:45,102,SERVED,292.8,17,SYNTHETIC_DEMO
L_20260905,2026-09-05T11:41:27,103,ENTER,,11,SYNTHETIC_DEMO
L_20260905,2026-09-05T11:44:17,103,SERVED,170.3,11,SYNTHETIC_DEMO
L_20260905,2026-09-05T11:46:27,104,ENTER,,13,SYNTHETIC_DEMO
L_20260905,2026-09-05T11:50:47,104,SERVED,259.5,13,SYNTHETIC_DEMO
L_20260905,2026-09-05T12:05:32,105,ENTER,,16,SYNTHETIC_DEMO
L_20260905,2026-09-05T12:09:56,105,SERVED,264.3,16,SYNTHETIC_DEMO
L_20260905,2026-09-05T11:35:15,106,ENTER,,7,SYNTHETIC_DEMO
L_20260905,2026-09-05T11:37:11,106,SERVED,116.4,7,SYNTHETIC_DEMO
L_20260905,2026-09-05T11:50:18,107,ENTER,,13,SYNTHETIC_DEMO
L_20260905,2026-09-05T11:54:00,107,SERVED,222.3,13,SYNTHETIC_DEMO
L_20260905,2026-09-05T12:03:06,108,ENTER,,19,SYNTHETIC_DEMO
L_20260905,2026-09-05T12:07:38,108,SERVED,271.3,19,SYNTHETIC_DEMO
L_20260905,2026-09-05T12:06:40,109,ENTER,,15,SYNTHETIC_DEMO
L_20260905,2026-09-05T12:10:31,109,SERVED,231.6,15,SYNTHETIC_DEMO
L_20260905,2026-09-05T12:10:27,110,ENTER,,15,SYNTHETIC_DEMO
L_20260905,2026-09-05T12:15:05,110,SERVED,278.1,15,SYNTHETIC_DEMO
L_20260905,2026-09-05T12:19:55,111,ENTER,,9,SYNTHETIC_DEMO
L_20260905,2026-09-05T12:22:48,111,SERVED,172.9,9,SYNTHETIC_DEMO
L_20260905,2026-09-05T11:53:32,112,ENTER,,15,SYNTHETIC_DEMO
L_20260905,2026-09-05T11:58:14,112,SERVED,282.6,15,SYNTHETIC_DEMO
L_20260905,2026-09-05T12:25:18,113,ENTER,,7,SYNTHETIC_DEMO
L_20260905,2026-09-05T12:27:59,113,SERVED,160.7,7,SYNTHETIC_DEMO
L_20260905,2026-09-05T12:13:37,114,ENTER,,13,SYNTHETIC_DEMO
L_20260905,2026-09-05T12:16:58,114,SERVED,201.3,13,SYNTHETIC_DEMO
L_20260905,2026-09-05T11:55:16,115,ENTER,,17,SYNTHETIC_DEMO
L_20260905,2026-09-05T11:59:30,115,SERVED,253.5,17,SYNTHETIC_DEMO
L_20260905,2026-09-05T12:07:15,116,ENTER,,17,SYNTHETIC_DEMO
L_20260905,2026-09-05T12:11:18,116,SERVED,242.8,17,SYNTHETIC_DEMO
L_20260905,2026-09-05T12:15:10,117,ENTER,,11,SYNTHETIC_DEMO
L_20260905,2026-09-05T12:18:49,117,SERVED,218.8,11,SYNTHETIC_DEMO
L_20260905,2026-09-05T12:07:29,118,ENTER,,16,SYNTHETIC_DEMO
L_20260905,2026-09-05T12:12:07,118,SERVED,278.4,16,SYNTHETIC_DEMO
L_20260905,2026-09-05T12:02:53,119,ENTER,,18,SYNTHETIC_DEMO
L_20260905,2026-09-05T12:07:59,119,SERVED,306.1,18,SYNTHETIC_DEMO
L_20260905,2026-09-05T12:08:47,120,ENTER,,16,SYNTHETIC_DEMO
L_20260905,2026-09-05T12:13:30,120,SERVED,282.5,16,SYNTHETIC_DEMO
L_20260905,2026-09-05T11:40:10,121,ENTER,,9,SYNTHETIC_DEMO
L_20260905,2026-09-05T11:42:53,121,SERVED,163.2,9,SYNTHETIC_DEMO
L_20260905,2026-09-05T12:24:12,122,ENTER,,8,SYNTHETIC_DEMO
L_20260905,2026-09-05T12:27:05,122,SERVED,173.6,8,SYNTHETIC_DEMO
L_20260905,2026-09-05T12:17:47,123,ENTER,,11,SYNTHETIC_DEMO
L_20260905,2026-09-05T12:20:50,123,SERVED,183.3,11,SYNTHETIC_DEMO
L_20260905,2026-09-05T11:53:30,124,ENTER,,16,SYNTHETIC_DEMO
L_20260905,2026-09-05T11:57:39,124,SERVED,248.1,16,SYNTHETIC_DEMO
L_20260905,2026-09-05T11:47:19,125,ENTER,,14,SYNTHETIC_DEMO
L_20260905,2026-09-05T11:51:48,125,SERVED,269.0,14,SYNTHETIC_DEMO
L_20260905,2026-09-05T12:07:12,126,ENTER,,16,SYNTHETIC_DEMO
L_20260905,2026-09-05T12:11:13,126,SERVED,240.9,16,SYNTHETIC_DEMO
L_20260905,2026-09-05T11:48:53,127,ENTER,,14,SYNTHETIC_DEMO
L_20260905,2026-09-05T11:53:28,127,SERVED,274.5,14,SYNTHETIC_DEMO
L_20260905,2026-09-05T11:59:23,128,ENTER,,17,SYNTHETIC_DEMO
L_20260905,2026-09-05T12:04:22,128,SERVED,299.3,17,SYNTHETIC_DEMO
L_20260905,2026-09-05T11:38:05,129,ENTER,,9,SYNTHETIC_DEMO
L_20260905,2026-09-05T11:40:39,129,SERVED,153.5,9,SYNTHETIC_DEMO
L_20260905,2026-09-05T12:20:49,130,ENTER,,10,SYNTHETIC_DEMO
L_20260905,2026-09-05T12:23:20,130,SERVED,150.8,10,SYNTHETIC_DEMO
L_20260905,2026-09-05T12:02:19,131,ENTER,,17,SYNTHETIC_DEMO
L_20260905,2026-09-05T12:07:09,131,SERVED,290.3,17,SYNTHETIC_DEMO
L_20260905,2026-09-05T12:41:09,132,ENTER,,2,SYNTHETIC_DEMO
L_20260905,2026-09-05T12:42:03,132,SERVED,54.3,2,SYNTHETIC_DEMO
L_20260905,2026-09-05T12:23:01,133,ENTER,,7,SYNTHETIC_DEMO
L_20260905,2026-09-05T12:25:05,133,SERVED,124.0,7,SYNTHETIC_DEMO
L_20260905,2026-09-05T11:50:56,134,ENTER,,15,SYNTHETIC_DEMO
L_20260905,2026-09-05T11:55:00,134,SERVED,243.9,15,SYNTHETIC_DEMO
L_20260905,2026-09-05T11:30:00,135,ENTER,,5,SYNTHETIC_DEMO
L_20260905,2026-09-05T11:31:34,135,SERVED,94.5,5,SYNTHETIC_DEMO
L_20260905,2026-09-05T11:30:00,136,ENTER,,5,SYNTHETIC_DEMO
L_20260905,2026-09-05T11:31:28,136,SERVED,88.9,5,SYNTHETIC_DEMO
L_20260905,2026-09-05T12:25:45,137,ENTER,,7,SYNTHETIC_DEMO
L_20260905,2026-09-05T12:27:54,137,SERVED,128.2,7,SYNTHETIC_DEMO
L_20260905,2026-09-05T12:10:07,138,ENTER,,14,SYNTHETIC_DEMO
L_20260905,2026-09-05T12:13:46,138,SERVED,219.0,14,SYNTHETIC_DEMO
L_20260905,2026-09-05T12:19:47,139,ENTER,,10,SYNTHETIC_DEMO
L_20260905,2026-09-05T12:23:20,139,SERVED,212.7,10,SYNTHETIC_DEMO
L_20260905,2026-09-05T12:29:23,140,ENTER,,5,SYNTHETIC_DEMO
L_20260905,2026-09-05T12:31:54,140,SERVED,151.0,5,SYNTHETIC_DEMO
L_20260905,2026-09-05T11:30:00,141,ENTER,,4,SYNTHETIC_DEMO
L_20260905,2026-09-05T11:32:04,141,SERVED,124.7,4,SYNTHETIC_DEMO
L_20260905,2026-09-05T11:33:27,142,ENTER,,6,SYNTHETIC_DEMO
L_20260905,2026-09-05T11:36:08,142,SERVED,161.2,6,SYNTHETIC_DEMO
L_20260905,2026-09-05T12:00:23,143,ENTER,,17,SYNTHETIC_DEMO
L_20260905,2026-09-05T12:05:09,143,SERVED,285.5,17,SYNTHETIC_DEMO
L_20260905,2026-09-05T12:03:04,144,ENTER,,16,SYNTHETIC_DEMO
L_20260905,2026-09-05T12:06:56,144,SERVED,231.4,16,SYNTHETIC_DEMO
L_20260905,2026-09-05T12:36:18,145,ENTER,,4,SYNTHETIC_DEMO
L_20260905,2026-09-05T12:37:40,145,SERVED,81.3,4,SYNTHETIC_DEMO
L_20260905,2026-09-05T11:46:21,146,ENTER,,14,SYNTHETIC_DEMO
L_20260905,2026-09-05T11:50:17,146,SERVED,236.2,14,SYNTHETIC_DEMO
L_20260905,2026-09-05T12:14:45,147,ENTER,,12,SYNTHETIC_DEMO
L_20260905,2026-09-05T12:18:20,147,SERVED,214.9,12,SYNTHETIC_DEMO
L_20260905,2026-09-05T11:42:35,148,ENTER,,13,SYNTHETIC_DEMO
L_20260905,2026-09-05T11:46:22,148,SERVED,226.4,13,SYNTHETIC_DEMO
L_20260905,2026-09-05T12:21:04,149,ENTER,,8,SYNTHETIC_DEMO
L_20260905,2026-09-05T12:23:57,149,SERVED,173.7,8,SYNTHETIC_DEMO
L_20260905,2026-09-05T11:36:46,150,ENTER,,7,SYNTHETIC_DEMO
L_20260905,2026-09-05T11:39:18,150,SERVED,151.7,7,SYNTHETIC_DEMO
L_20260905,2026-09-05T12:19:30,151,ENTER,,10,SYNTHETIC_DEMO
L_20260905,2026-09-05T12:22:25,151,SERVED,174.7,10,SYNTHETIC_DEMO
L_20260905,2026-09-05T11:49:40,152,ENTER,,14,SYNTHETIC_DEMO
L_20260905,2026-09-05T11:53:22,152,SERVED,222.1,14,SYNTHETIC_DEMO
D_20260905,2026-09-05T18:02:28,1,ENTER,,9,SYNTHETIC_DEMO
D_20260905,2026-09-05T18:05:35,1,SERVED,186.4,9,SYNTHETIC_DEMO
D_20260905,2026-09-05T17:57:42,2,ENTER,,10,SYNTHETIC_DEMO
D_20260905,2026-09-05T18:01:02,2,SERVED,200.0,10,SYNTHETIC_DEMO
D_20260905,2026-09-05T17:24:56,3,ENTER,,13,SYNTHETIC_DEMO
D_20260905,2026-09-05T17:28:27,3,SERVED,210.7,13,SYNTHETIC_DEMO
D_20260905,2026-09-05T17:10:30,4,ENTER,,6,SYNTHETIC_DEMO
D_20260905,2026-09-05T17:12:24,4,SERVED,114.1,6,SYNTHETIC_DEMO
D_20260905,2026-09-05T17:33:31,5,ENTER,,16,SYNTHETIC_DEMO
D_20260905,2026-09-05T17:37:37,5,SERVED,246.5,16,SYNTHETIC_DEMO
D_20260905,2026-09-05T17:44:33,6,ENTER,,16,SYNTHETIC_DEMO
D_20260905,2026-09-05T17:49:05,6,SERVED,271.5,16,SYNTHETIC_DEMO
D_20260905,2026-09-05T17:57:01,7,ENTER,,11,SYNTHETIC_DEMO
D_20260905,2026-09-05T17:59:55,7,SERVED,174.0,11,SYNTHETIC_DEMO
D_20260905,2026-09-05T17:43:53,8,ENTER,,15,SYNTHETIC_DEMO
D_20260905,2026-09-05T17:48:11,8,SERVED,257.7,15,SYNTHETIC_DEMO
D_20260905,2026-09-05T17:30:36,9,ENTER,,15,SYNTHETIC_DEMO
D_20260905,2026-09-05T17:34:58,9,SERVED,262.4,15,SYNTHETIC_DEMO
D_20260905,2026-09-05T17:14:47,10,ENTER,,6,SYNTHETIC_DEMO
D_20260905,2026-09-05T17:17:32,10,SERVED,164.7,6,SYNTHETIC_DEMO
D_20260905,2026-09-05T17:34:49,11,ENTER,,16,SYNTHETIC_DEMO
D_20260905,2026-09-05T17:38:50,11,SERVED,240.5,16,SYNTHETIC_DEMO
D_20260905,2026-09-05T17:44:37,12,ENTER,,16,SYNTHETIC_DEMO
D_20260905,2026-09-05T17:49:27,12,SERVED,290.6,16,SYNTHETIC_DEMO
D_20260905,2026-09-05T17:49:06,13,ENTER,,15,SYNTHETIC_DEMO
D_20260905,2026-09-05T17:53:29,13,SERVED,263.4,15,SYNTHETIC_DEMO
D_20260905,2026-09-05T17:35:30,14,ENTER,,15,SYNTHETIC_DEMO
D_20260905,2026-09-05T17:39:16,14,SERVED,225.6,15,SYNTHETIC_DEMO
D_20260905,2026-09-05T18:00:29,15,ENTER,,9,SYNTHETIC_DEMO
D_20260905,2026-09-05T18:03:09,15,SERVED,159.5,9,SYNTHETIC_DEMO
D_20260905,2026-09-05T17:11:38,16,ENTER,,5,SYNTHETIC_DEMO
D_20260905,2026-09-05T17:13:03,16,SERVED,84.5,5,SYNTHETIC_DEMO
D_20260905,2026-09-05T17:59:53,17,ENTER,,9,SYNTHETIC_DEMO
D_20260905,2026-09-05T18:02:45,17,SERVED,171.9,9,SYNTHETIC_DEMO
D_20260905,2026-09-05T18:04:47,18,ENTER,,8,SYNTHETIC_DEMO
D_20260905,2026-09-05T18:07:08,18,SERVED,140.9,8,SYNTHETIC_DEMO
D_20260905,2026-09-05T18:22:02,19,ENTER,,2,SYNTHETIC_DEMO
D_20260905,2026-09-05T18:23:38,19,SERVED,96.3,2,SYNTHETIC_DEMO
D_20260905,2026-09-05T17:43:41,20,ENTER,,15,SYNTHETIC_DEMO
D_20260905,2026-09-05T17:48:08,20,SERVED,267.2,15,SYNTHETIC_DEMO
D_20260905,2026-09-05T17:38:57,21,ENTER,,16,SYNTHETIC_DEMO
D_20260905,2026-09-05T17:43:21,21,SERVED,264.0,16,SYNTHETIC_DEMO
D_20260905,2026-09-05T17:26:13,22,ENTER,,13,SYNTHETIC_DEMO
D_20260905,2026-09-05T17:29:47,22,SERVED,213.5,13,SYNTHETIC_DEMO
D_20260905,2026-09-05T17:37:59,23,ENTER,,15,SYNTHETIC_DEMO
D_20260905,2026-09-05T17:42:14,23,SERVED,254.2,15,SYNTHETIC_DEMO
D_20260905,2026-09-05T18:07:30,24,ENTER,,6,SYNTHETIC_DEMO
D_20260905,2026-09-05T18:09:52,24,SERVED,141.3,6,SYNTHETIC_DEMO
D_20260905,2026-09-05T18:14:07,25,ENTER,,3,SYNTHETIC_DEMO
D_20260905,2026-09-05T18:15:38,25,SERVED,90.4,3,SYNTHETIC_DEMO
D_20260905,2026-09-05T17:16:12,26,ENTER,,7,SYNTHETIC_DEMO
D_20260905,2026-09-05T17:18:56,26,SERVED,164.8,7,SYNTHETIC_DEMO
D_20260905,2026-09-05T17:29:51,27,ENTER,,15,SYNTHETIC_DEMO
D_20260905,2026-09-05T17:34:12,27,SERVED,261.1,15,SYNTHETIC_DEMO
D_20260905,2026-09-05T17:00:00,28,ENTER,,3,SYNTHETIC_DEMO
D_20260905,2026-09-05T17:02:04,28,SERVED,124.5,3,SYNTHETIC_DEMO
D_20260905,2026-09-05T17:28:45,29,ENTER,,13,SYNTHETIC_DEMO
D_20260905,2026-09-05T17:32:17,29,SERVED,212.3,13,SYNTHETIC_DEMO
D_20260905,2026-09-05T17:23:56,30,ENTER,,12,SYNTHETIC_DEMO
D_20260905,2026-09-05T17:27:40,30,SERVED,223.3,12,SYNTHETIC_DEMO
D_20260905,2026-09-05T17:45:34,31,ENTER,,17,SYNTHETIC_DEMO
D_20260905,2026-09-05T17:49:55,31,SERVED,260.7,17,SYNTHETIC_DEMO
D_20260905,2026-09-05T17:34:21,32,ENTER,,16,SYNTHETIC_DEMO
D_20260905,2026-09-05T17:39:18,32,SERVED,297.7,16,SYNTHETIC_DEMO
D_20260905,2026-09-05T17:23:04,33,ENTER,,11,SYNTHETIC_DEMO
D_20260905,2026-09-05T17:26:57,33,SERVED,232.2,11,SYNTHETIC_DEMO
D_20260905,2026-09-05T17:34:34,34,ENTER,,17,SYNTHETIC_DEMO
D_20260905,2026-09-05T17:39:15,34,SERVED,281.8,17,SYNTHETIC_DEMO
D_20260905,2026-09-05T17:00:00,35,ENTER,,2,SYNTHETIC_DEMO
D_20260905,2026-09-05T17:01:41,35,SERVED,101.6,2,SYNTHETIC_DEMO
D_20260905,2026-09-05T17:30:37,36,ENTER,,16,SYNTHETIC_DEMO
D_20260905,2026-09-05T17:34:30,36,SERVED,232.9,16,SYNTHETIC_DEMO
D_20260905,2026-09-05T17:46:42,37,ENTER,,17,SYNTHETIC_DEMO
D_20260905,2026-09-05T17:51:05,37,SERVED,263.1,17,SYNTHETIC_DEMO
D_20260905,2026-09-05T17:45:43,38,ENTER,,18,SYNTHETIC_DEMO
D_20260905,2026-09-05T17:50:39,38,SERVED,296.0,18,SYNTHETIC_DEMO
D_20260905,2026-09-05T17:27:09,39,ENTER,,13,SYNTHETIC_DEMO
D_20260905,2026-09-05T17:31:08,39,SERVED,238.9,13,SYNTHETIC_DEMO
D_20260905,2026-09-05T17:10:46,40,ENTER,,4,SYNTHETIC_DEMO
D_20260905,2026-09-05T17:11:58,40,SERVED,72.3,4,SYNTHETIC_DEMO
D_20260905,2026-09-05T17:39:56,41,ENTER,,16,SYNTHETIC_DEMO
D_20260905,2026-09-05T17:44:33,41,SERVED,276.5,16,SYNTHETIC_DEMO
D_20260905,2026-09-05T17:02:29,42,ENTER,,4,SYNTHETIC_DEMO
D_20260905,2026-09-05T17:03:54,42,SERVED,85.5,4,SYNTHETIC_DEMO
D_20260905,2026-09-05T18:17:53,43,ENTER,,4,SYNTHETIC_DEMO
D_20260905,2026-09-05T18:19:26,43,SERVED,93.1,4,SYNTHETIC_DEMO
D_20260905,2026-09-05T17:32:48,44,ENTER,,15,SYNTHETIC_DEMO
D_20260905,2026-09-05T17:37:35,44,SERVED,286.8,15,SYNTHETIC_DEMO
D_20260905,2026-09-05T17:40:59,45,ENTER,,16,SYNTHETIC_DEMO
D_20260905,2026-09-05T17:45:05,45,SERVED,246.4,16,SYNTHETIC_DEMO
D_20260905,2026-09-05T17:53:14,46,ENTER,,11,SYNTHETIC_DEMO
D_20260905,2026-09-05T17:57:07,46,SERVED,232.7,11,SYNTHETIC_DEMO
D_20260905,2026-09-05T17:30:17,47,ENTER,,14,SYNTHETIC_DEMO
D_20260905,2026-09-05T17:34:35,47,SERVED,258.0,14,SYNTHETIC_DEMO
D_20260905,2026-09-05T17:30:02,48,ENTER,,14,SYNTHETIC_DEMO
D_20260905,2026-09-05T17:34:12,48,SERVED,250.9,14,SYNTHETIC_DEMO
D_20260905,2026-09-05T18:10:33,49,ENTER,,5,SYNTHETIC_DEMO
D_20260905,2026-09-05T18:12:23,49,SERVED,109.4,5,SYNTHETIC_DEMO
D_20260905,2026-09-05T17:57:55,50,ENTER,,12,SYNTHETIC_DEMO
D_20260905,2026-09-05T18:01:44,50,SERVED,228.6,12,SYNTHETIC_DEMO
D_20260905,2026-09-05T17:01:34,51,ENTER,,1,SYNTHETIC_DEMO
D_20260905,2026-09-05T17:03:00,51,SERVED,86.4,1,SYNTHETIC_DEMO
D_20260905,2026-09-05T17:49:34,52,ENTER,,15,SYNTHETIC_DEMO
D_20260905,2026-09-05T17:53:48,52,SERVED,253.6,15,SYNTHETIC_DEMO
D_20260905,2026-09-05T18:01:07,53,ENTER,,11,SYNTHETIC_DEMO
D_20260905,2026-09-05T18:04:45,53,SERVED,217.7,11,SYNTHETIC_DEMO
D_20260905,2026-09-05T17:29:20,54,ENTER,,15,SYNTHETIC_DEMO
D_20260905,2026-09-05T17:33:50,54,SERVED,270.5,15,SYNTHETIC_DEMO
D_20260905,2026-09-05T17:03:33,55,ENTER,,3,SYNTHETIC_DEMO
D_20260905,2026-09-05T17:04:46,55,SERVED,72.9,3,SYNTHETIC_DEMO
D_20260905,2026-09-05T17:17:36,56,ENTER,,7,SYNTHETIC_DEMO
D_20260905,2026-09-05T17:20:21,56,SERVED,164.2,7,SYNTHETIC_DEMO
D_20260905,2026-09-05T17:54:19,57,ENTER,,12,SYNTHETIC_DEMO
D_20260905,2026-09-05T17:58:03,57,SERVED,223.7,12,SYNTHETIC_DEMO
D_20260905,2026-09-05T17:05:41,58,ENTER,,4,SYNTHETIC_DEMO
D_20260905,2026-09-05T17:07:20,58,SERVED,98.7,4,SYNTHETIC_DEMO
D_20260905,2026-09-05T17:41:50,59,ENTER,,17,SYNTHETIC_DEMO
D_20260905,2026-09-05T17:44:07,59,ABANDONED,,17,SYNTHETIC_DEMO
D_20260905,2026-09-05T17:03:31,60,ENTER,,5,SYNTHETIC_DEMO
D_20260905,2026-09-05T17:06:03,60,SERVED,151.2,5,SYNTHETIC_DEMO
D_20260905,2026-09-05T17:07:06,61,ENTER,,5,SYNTHETIC_DEMO
D_20260905,2026-09-05T17:09:40,61,SERVED,153.8,5,SYNTHETIC_DEMO
D_20260905,2026-09-05T18:13:06,62,ENTER,,5,SYNTHETIC_DEMO
D_20260905,2026-09-05T18:15:12,62,SERVED,126.8,5,SYNTHETIC_DEMO
D_20260905,2026-09-05T17:48:02,63,ENTER,,15,SYNTHETIC_DEMO
D_20260905,2026-09-05T17:52:13,63,SERVED,251.6,15,SYNTHETIC_DEMO
D_20260905,2026-09-05T17:37:14,64,ENTER,,16,SYNTHETIC_DEMO
D_20260905,2026-09-05T17:41:48,64,SERVED,274.2,16,SYNTHETIC_DEMO
D_20260905,2026-09-05T17:48:54,65,ENTER,,14,SYNTHETIC_DEMO
D_20260905,2026-09-05T17:52:40,65,SERVED,225.3,14,SYNTHETIC_DEMO
D_20260905,2026-09-05T17:29:19,66,ENTER,,15,SYNTHETIC_DEMO
D_20260905,2026-09-05T17:32:59,66,SERVED,220.0,15,SYNTHETIC_DEMO
D_20260905,2026-09-05T17:50:34,67,ENTER,,14,SYNTHETIC_DEMO
D_20260905,2026-09-05T17:54:16,67,SERVED,221.4,14,SYNTHETIC_DEMO
D_20260905,2026-09-05T17:50:25,68,ENTER,,15,SYNTHETIC_DEMO
D_20260905,2026-09-05T17:54:31,68,SERVED,245.7,15,SYNTHETIC_DEMO
D_20260905,2026-09-05T17:32:14,69,ENTER,,15,SYNTHETIC_DEMO
D_20260905,2026-09-05T17:36:12,69,SERVED,238.2,15,SYNTHETIC_DEMO
D_20260905,2026-09-05T18:35:49,70,ENTER,,1,SYNTHETIC_DEMO
D_20260905,2026-09-05T18:36:44,70,SERVED,54.8,1,SYNTHETIC_DEMO
D_20260905,2026-09-05T18:11:35,71,ENTER,,3,SYNTHETIC_DEMO
D_20260905,2026-09-05T18:13:16,71,SERVED,101.0,3,SYNTHETIC_DEMO
D_20260905,2026-09-05T17:34:11,72,ENTER,,16,SYNTHETIC_DEMO
D_20260905,2026-09-05T17:38:19,72,SERVED,248.2,16,SYNTHETIC_DEMO
D_20260905,2026-09-05T17:49:42,73,ENTER,,14,SYNTHETIC_DEMO
D_20260905,2026-09-05T17:53:20,73,SERVED,218.1,14,SYNTHETIC_DEMO
D_20260905,2026-09-05T17:41:51,74,ENTER,,17,SYNTHETIC_DEMO
D_20260905,2026-09-05T17:46:54,74,SERVED,303.0,17,SYNTHETIC_DEMO
D_20260905,2026-09-05T17:01:43,75,ENTER,,2,SYNTHETIC_DEMO
D_20260905,2026-09-05T17:03:26,75,SERVED,102.8,2,SYNTHETIC_DEMO
D_20260905,2026-09-05T17:12:55,76,ENTER,,5,SYNTHETIC_DEMO
D_20260905,2026-09-05T17:14:40,76,SERVED,105.4,5,SYNTHETIC_DEMO
D_20260905,2026-09-05T17:27:29,77,ENTER,,15,SYNTHETIC_DEMO
D_20260905,2026-09-05T17:31:59,77,SERVED,270.2,15,SYNTHETIC_DEMO
D_20260905,2026-09-05T17:58:13,78,ENTER,,10,SYNTHETIC_DEMO
D_20260905,2026-09-05T18:01:30,78,SERVED,197.4,10,SYNTHETIC_DEMO
D_20260905,2026-09-05T17:47:08,79,ENTER,,15,SYNTHETIC_DEMO
D_20260905,2026-09-05T17:51:53,79,SERVED,284.3,15,SYNTHETIC_DEMO
D_20260905,2026-09-05T17:57:49,80,ENTER,,11,SYNTHETIC_DEMO
D_20260905,2026-09-05T18:01:06,80,SERVED,197.0,11,SYNTHETIC_DEMO
D_20260905,2026-09-05T17:24:52,81,ENTER,,12,SYNTHETIC_DEMO
D_20260905,2026-09-05T17:28:31,81,SERVED,218.9,12,SYNTHETIC_DEMO
D_20260905,2026-09-05T17:42:15,82,ENTER,,16,SYNTHETIC_DEMO
D_20260905,2026-09-05T17:46:17,82,SERVED,241.3,16,SYNTHETIC_DEMO
D_20260905,2026-09-05T17:03:33,83,ENTER,,2,SYNTHETIC_DEMO
D_20260905,2026-09-05T17:04:18,83,ABANDONED,,2,SYNTHETIC_DEMO
D_20260905,2026-09-05T17:46:11,84,ENTER,,17,SYNTHETIC_DEMO
D_20260905,2026-09-05T17:50:25,84,SERVED,254.6,17,SYNTHETIC_DEMO
D_20260905,2026-09-05T17:55:39,85,ENTER,,11,SYNTHETIC_DEMO
D_20260905,2026-09-05T17:57:36,85,ABANDONED,,11,SYNTHETIC_DEMO
D_20260905,2026-09-05T17:24:11,86,ENTER,,11,SYNTHETIC_DEMO
D_20260905,2026-09-05T17:27:51,86,SERVED,220.4,11,SYNTHETIC_DEMO
D_20260905,2026-09-05T17:49:37,87,ENTER,,15,SYNTHETIC_DEMO
D_20260905,2026-09-05T17:53:18,87,SERVED,220.3,15,SYNTHETIC_DEMO
D_20260905,2026-09-05T17:33:28,88,ENTER,,15,SYNTHETIC_DEMO
D_20260905,2026-09-05T17:37:42,88,SERVED,254.0,15,SYNTHETIC_DEMO
D_20260905,2026-09-05T17:17:55,89,ENTER,,9,SYNTHETIC_DEMO
D_20260905,2026-09-05T17:21:18,89,SERVED,202.4,9,SYNTHETIC_DEMO
D_20260905,2026-09-05T17:40:14,90,ENTER,,18,SYNTHETIC_DEMO
D_20260905,2026-09-05T17:44:38,90,SERVED,264.6,18,SYNTHETIC_DEMO
D_20260905,2026-09-05T17:26:00,91,ENTER,,12,SYNTHETIC_DEMO
D_20260905,2026-09-05T17:30:07,91,SERVED,246.8,12,SYNTHETIC_DEMO
D_20260905,2026-09-05T17:45:31,92,ENTER,,16,SYNTHETIC_DEMO
D_20260905,2026-09-05T17:49:29,92,SERVED,238.4,16,SYNTHETIC_DEMO
D_20260905,2026-09-05T17:33:35,93,ENTER,,15,SYNTHETIC_DEMO
D_20260905,2026-09-05T17:38:00,93,SERVED,264.3,15,SYNTHETIC_DEMO
D_20260905,2026-09-05T18:48:41,94,ENTER,,2,SYNTHETIC_DEMO
D_20260905,2026-09-05T18:50:19,94,SERVED,98.0,2,SYNTHETIC_DEMO
D_20260905,2026-09-05T17:35:41,95,ENTER,,16,SYNTHETIC_DEMO
D_20260905,2026-09-05T17:39:46,95,SERVED,244.9,16,SYNTHETIC_DEMO
D_20260905,2026-09-05T17:14:04,96,ENTER,,6,SYNTHETIC_DEMO
D_20260905,2026-09-05T17:16:33,96,SERVED,148.8,6,SYNTHETIC_DEMO
D_20260905,2026-09-05T17:49:28,97,ENTER,,14,SYNTHETIC_DEMO
D_20260905,2026-09-05T17:53:06,97,SERVED,217.7,14,SYNTHETIC_DEMO
D_20260905,2026-09-05T17:34:21,98,ENTER,,14,SYNTHETIC_DEMO
D_20260905,2026-09-05T17:38:46,98,SERVED,265.4,14,SYNTHETIC_DEMO
D_20260905,2026-09-05T17:15:06,99,ENTER,,8,SYNTHETIC_DEMO
D_20260905,2026-09-05T17:17:58,99,SERVED,172.6,8,SYNTHETIC_DEMO
D_20260905,2026-09-05T17:48:30,100,ENTER,,16,SYNTHETIC_DEMO
D_20260905,2026-09-05T17:52:34,100,SERVED,244.1,16,SYNTHETIC_DEMO
D_20260905,2026-09-05T18:07:02,101,ENTER,,5,SYNTHETIC_DEMO
D_20260905,2026-09-05T18:09:14,101,SERVED,131.7,5,SYNTHETIC_DEMO
D_20260905,2026-09-05T18:00:22,102,ENTER,,9,SYNTHETIC_DEMO
D_20260905,2026-09-05T18:02:56,102,SERVED,155.0,9,SYNTHETIC_DEMO
D_20260905,2026-09-05T17:58:56,103,ENTER,,11,SYNTHETIC_DEMO
D_20260905,2026-09-05T18:02:39,103,SERVED,223.2,11,SYNTHETIC_DEMO
D_20260905,2026-09-05T17:26:39,104,ENTER,,13,SYNTHETIC_DEMO
D_20260905,2026-09-05T17:29:56,104,SERVED,197.5,13,SYNTHETIC_DEMO
D_20260905,2026-09-05T17:37:23,105,ENTER,,17,SYNTHETIC_DEMO
D_20260905,2026-09-05T17:42:21,105,SERVED,297.8,17,SYNTHETIC_DEMO
D_20260905,2026-09-05T17:40:34,106,ENTER,,16,SYNTHETIC_DEMO
D_20260905,2026-09-05T17:44:56,106,SERVED,261.9,16,SYNTHETIC_DEMO
D_20260905,2026-09-05T17:42:09,107,ENTER,,17,SYNTHETIC_DEMO
D_20260905,2026-09-05T17:47:13,107,SERVED,304.6,17,SYNTHETIC_DEMO
D_20260905,2026-09-05T17:55:26,108,ENTER,,12,SYNTHETIC_DEMO
D_20260905,2026-09-05T17:58:57,108,SERVED,211.0,12,SYNTHETIC_DEMO
D_20260905,2026-09-05T18:03:17,109,ENTER,,9,SYNTHETIC_DEMO
D_20260905,2026-09-05T18:06:21,109,SERVED,183.3,9,SYNTHETIC_DEMO
D_20260905,2026-09-05T18:05:14,110,ENTER,,7,SYNTHETIC_DEMO
D_20260905,2026-09-05T18:07:51,110,SERVED,156.6,7,SYNTHETIC_DEMO
D_20260905,2026-09-05T17:37:51,111,ENTER,,17,SYNTHETIC_DEMO
D_20260905,2026-09-05T17:42:12,111,SERVED,260.7,17,SYNTHETIC_DEMO
D_20260905,2026-09-05T17:55:36,112,ENTER,,11,SYNTHETIC_DEMO
D_20260905,2026-09-05T17:58:41,112,SERVED,185.5,11,SYNTHETIC_DEMO
D_20260905,2026-09-05T18:26:19,113,ENTER,,2,SYNTHETIC_DEMO
D_20260905,2026-09-05T18:27:11,113,SERVED,52.1,2,SYNTHETIC_DEMO
D_20260905,2026-09-05T17:39:48,114,ENTER,,17,SYNTHETIC_DEMO
D_20260905,2026-09-05T17:44:59,114,SERVED,311.4,17,SYNTHETIC_DEMO
D_20260905,2026-09-05T17:56:07,115,ENTER,,11,SYNTHETIC_DEMO
D_20260905,2026-09-05T17:59:57,115,SERVED,229.8,11,SYNTHETIC_DEMO
D_20260905,2026-09-05T17:01:40,116,ENTER,,1,SYNTHETIC_DEMO
D_20260905,2026-09-05T17:02:11,116,SERVED,31.4,1,SYNTHETIC_DEMO
D_20260905,2026-09-05T17:25:42,117,ENTER,,13,SYNTHETIC_DEMO
D_20260905,2026-09-05T17:29:31,117,SERVED,229.5,13,SYNTHETIC_DEMO
D_20260905,2026-09-05T17:53:06,118,ENTER,,13,SYNTHETIC_DEMO
D_20260905,2026-09-05T17:56:24,118,SERVED,197.4,13,SYNTHETIC_DEMO
D_20260905,2026-09-05T17:41:21,119,ENTER,,16,SYNTHETIC_DEMO
D_20260905,2026-09-05T17:46:08,119,SERVED,287.1,16,SYNTHETIC_DEMO
D_20260905,2026-09-05T17:19:27,120,ENTER,,8,SYNTHETIC_DEMO
D_20260905,2026-09-05T17:22:40,120,SERVED,192.8,8,SYNTHETIC_DEMO
D_20260905,2026-09-05T17:27:49,121,ENTER,,14,SYNTHETIC_DEMO
D_20260905,2026-09-05T17:31:57,121,SERVED,247.8,14,SYNTHETIC_DEMO
D_20260905,2026-09-05T17:22:07,122,ENTER,,12,SYNTHETIC_DEMO
D_20260905,2026-09-05T17:25:29,122,SERVED,202.1,12,SYNTHETIC_DEMO
D_20260905,2026-09-05T17:17:10,123,ENTER,,8,SYNTHETIC_DEMO
D_20260905,2026-09-05T17:19:44,123,SERVED,154.6,8,SYNTHETIC_DEMO
D_20260905,2026-09-05T17:36:32,124,ENTER,,16,SYNTHETIC_DEMO
D_20260905,2026-09-05T17:41:26,124,SERVED,293.7,16,SYNTHETIC_DEMO
D_20260905,2026-09-05T17:49:03,125,ENTER,,14,SYNTHETIC_DEMO
D_20260905,2026-09-05T17:52:55,125,SERVED,232.5,14,SYNTHETIC_DEMO
D_20260905,2026-09-05T18:07:08,126,ENTER,,6,SYNTHETIC_DEMO
D_20260905,2026-09-05T18:09:55,126,SERVED,167.5,6,SYNTHETIC_DEMO
D_20260905,2026-09-05T18:01:32,127,ENTER,,10,SYNTHETIC_DEMO
D_20260905,2026-09-05T18:04:17,127,SERVED,165.7,10,SYNTHETIC_DEMO
D_20260905,2026-09-05T17:38:11,128,ENTER,,18,SYNTHETIC_DEMO
D_20260905,2026-09-05T17:42:56,128,SERVED,285.1,18,SYNTHETIC_DEMO
D_20260905,2026-09-05T17:13:50,129,ENTER,,5,SYNTHETIC_DEMO
D_20260905,2026-09-05T17:16:18,129,SERVED,148.3,5,SYNTHETIC_DEMO
D_20260905,2026-09-05T18:04:24,130,ENTER,,7,SYNTHETIC_DEMO
D_20260905,2026-09-05T18:06:21,130,SERVED,117.1,7,SYNTHETIC_DEMO
D_20260905,2026-09-05T17:12:59,131,ENTER,,5,SYNTHETIC_DEMO
D_20260905,2026-09-05T17:15:31,131,SERVED,151.6,5,SYNTHETIC_DEMO
D_20260905,2026-09-05T17:24:04,132,ENTER,,12,SYNTHETIC_DEMO
D_20260905,2026-09-05T17:27:12,132,SERVED,188.4,12,SYNTHETIC_DEMO
D_20260905,2026-09-05T17:33:53,133,ENTER,,14,SYNTHETIC_DEMO
D_20260905,2026-09-05T17:37:51,133,SERVED,238.0,14,SYNTHETIC_DEMO
D_20260905,2026-09-05T17:51:50,134,ENTER,,12,SYNTHETIC_DEMO
D_20260905,2026-09-05T17:54:54,134,SERVED,183.6,12,SYNTHETIC_DEMO
D_20260905,2026-09-05T17:43:23,135,ENTER,,17,SYNTHETIC_DEMO
D_20260905,2026-09-05T17:47:25,135,SERVED,242.4,17,SYNTHETIC_DEMO
D_20260905,2026-09-05T18:10:40,136,ENTER,,4,SYNTHETIC_DEMO
D_20260905,2026-09-05T18:12:31,136,SERVED,110.9,4,SYNTHETIC_DEMO
D_20260905,2026-09-05T17:36:05,137,ENTER,,14,SYNTHETIC_DEMO
D_20260905,2026-09-05T17:40:08,137,SERVED,244.0,14,SYNTHETIC_DEMO
D_20260905,2026-09-05T17:53:07,138,ENTER,,14,SYNTHETIC_DEMO
D_20260905,2026-09-05T17:56:47,138,SERVED,219.7,14,SYNTHETIC_DEMO
D_20260905,2026-09-05T17:56:05,139,ENTER,,13,SYNTHETIC_DEMO
D_20260905,2026-09-05T17:59:29,139,SERVED,203.8,13,SYNTHETIC_DEMO
D_20260905,2026-09-05T18:00:15,140,ENTER,,10,SYNTHETIC_DEMO
D_20260905,2026-09-05T18:03:29,140,SERVED,194.5,10,SYNTHETIC_DEMO
D_20260905,2026-09-05T17:35:07,141,ENTER,,15,SYNTHETIC_DEMO
D_20260905,2026-09-05T17:39:10,141,SERVED,242.4,15,SYNTHETIC_DEMO
D_20260905,2026-09-05T17:42:38,142,ENTER,,15,SYNTHETIC_DEMO
D_20260905,2026-09-05T17:46:45,142,SERVED,247.1,15,SYNTHETIC_DEMO
D_20260905,2026-09-05T17:45:54,143,ENTER,,15,SYNTHETIC_DEMO
D_20260905,2026-09-05T17:49:57,143,SERVED,243.2,15,SYNTHETIC_DEMO
D_20260905,2026-09-05T17:52:06,144,ENTER,,13,SYNTHETIC_DEMO
D_20260905,2026-09-05T17:56:16,144,SERVED,250.3,13,SYNTHETIC_DEMO
D_20260905,2026-09-05T17:50:05,145,ENTER,,14,SYNTHETIC_DEMO
D_20260905,2026-09-05T17:53:33,145,SERVED,208.1,14,SYNTHETIC_DEMO
B_20260906,2026-09-06T05:57:14,1,ENTER,,8,SYNTHETIC_DEMO
B_20260906,2026-09-06T05:59:33,1,SERVED,139.1,8,SYNTHETIC_DEMO
B_20260906,2026-09-06T06:19:23,2,ENTER,,7,SYNTHETIC_DEMO
B_20260906,2026-09-06T06:21:57,2,SERVED,154.1,7,SYNTHETIC_DEMO
B_20260906,2026-09-06T05:42:11,3,ENTER,,3,SYNTHETIC_DEMO
B_20260906,2026-09-06T05:43:55,3,SERVED,104.4,3,SYNTHETIC_DEMO
B_20260906,2026-09-06T05:35:58,4,ENTER,,3,SYNTHETIC_DEMO
B_20260906,2026-09-06T05:36:47,4,ABANDONED,,3,SYNTHETIC_DEMO
B_20260906,2026-09-06T06:11:51,5,ENTER,,8,SYNTHETIC_DEMO
B_20260906,2026-09-06T06:13:55,5,SERVED,123.8,8,SYNTHETIC_DEMO
B_20260906,2026-09-06T05:40:19,6,ENTER,,5,SYNTHETIC_DEMO
B_20260906,2026-09-06T05:42:54,6,SERVED,154.7,5,SYNTHETIC_DEMO
B_20260906,2026-09-06T05:45:28,7,ENTER,,5,SYNTHETIC_DEMO
B_20260906,2026-09-06T05:46:54,7,SERVED,86.2,5,SYNTHETIC_DEMO
B_20260906,2026-09-06T06:09:20,8,ENTER,,8,SYNTHETIC_DEMO
B_20260906,2026-09-06T06:12:18,8,SERVED,178.5,8,SYNTHETIC_DEMO
B_20260906,2026-09-06T06:22:47,9,ENTER,,7,SYNTHETIC_DEMO
B_20260906,2026-09-06T06:24:44,9,SERVED,117.1,7,SYNTHETIC_DEMO
B_20260906,2026-09-06T05:48:30,10,ENTER,,6,SYNTHETIC_DEMO
B_20260906,2026-09-06T05:50:53,10,SERVED,142.6,6,SYNTHETIC_DEMO
B_20260906,2026-09-06T06:10:20,11,ENTER,,9,SYNTHETIC_DEMO
B_20260906,2026-09-06T06:13:35,11,SERVED,195.0,9,SYNTHETIC_DEMO
B_20260906,2026-09-06T06:25:04,12,ENTER,,4,SYNTHETIC_DEMO
B_20260906,2026-09-06T06:27:10,12,SERVED,126.0,4,SYNTHETIC_DEMO
B_20260906,2026-09-06T05:57:56,13,ENTER,,9,SYNTHETIC_DEMO
B_20260906,2026-09-06T06:01:19,13,SERVED,203.3,9,SYNTHETIC_DEMO
B_20260906,2026-09-06T06:24:10,14,ENTER,,4,SYNTHETIC_DEMO
B_20260906,2026-09-06T06:25:50,14,SERVED,99.5,4,SYNTHETIC_DEMO
B_20260906,2026-09-06T05:35:38,15,ENTER,,2,SYNTHETIC_DEMO
B_20260906,2026-09-06T05:37:23,15,SERVED,105.6,2,SYNTHETIC_DEMO
B_20260906,2026-09-06T06:36:37,16,ENTER,,2,SYNTHETIC_DEMO
B_20260906,2026-09-06T06:38:22,16,SERVED,104.3,2,SYNTHETIC_DEMO
B_20260906,2026-09-06T06:05:00,17,ENTER,,9,SYNTHETIC_DEMO
B_20260906,2026-09-06T06:08:05,17,SERVED,184.9,9,SYNTHETIC_DEMO
B_20260906,2026-09-06T05:30:00,18,ENTER,,1,SYNTHETIC_DEMO
B_20260906,2026-09-06T05:30:59,18,SERVED,59.2,1,SYNTHETIC_DEMO
B_20260906,2026-09-06T06:46:27,19,ENTER,,3,SYNTHETIC_DEMO
B_20260906,2026-09-06T06:47:52,19,SERVED,85.5,3,SYNTHETIC_DEMO
B_20260906,2026-09-06T06:16:26,20,ENTER,,8,SYNTHETIC_DEMO
B_20260906,2026-09-06T06:19:14,20,SERVED,167.7,8,SYNTHETIC_DEMO
B_20260906,2026-09-06T06:07:01,21,ENTER,,8,SYNTHETIC_DEMO
B_20260906,2026-09-06T06:10:12,21,SERVED,191.7,8,SYNTHETIC_DEMO
B_20260906,2026-09-06T06:32:08,22,ENTER,,4,SYNTHETIC_DEMO
B_20260906,2026-09-06T06:33:25,22,SERVED,76.6,4,SYNTHETIC_DEMO
B_20260906,2026-09-06T06:34:19,23,ENTER,,4,SYNTHETIC_DEMO
B_20260906,2026-09-06T06:35:34,23,SERVED,74.7,4,SYNTHETIC_DEMO
B_20260906,2026-09-06T06:17:26,24,ENTER,,8,SYNTHETIC_DEMO
B_20260906,2026-09-06T06:19:44,24,SERVED,137.7,8,SYNTHETIC_DEMO
B_20260906,2026-09-06T05:45:42,25,ENTER,,6,SYNTHETIC_DEMO
B_20260906,2026-09-06T05:47:30,25,SERVED,107.5,6,SYNTHETIC_DEMO
B_20260906,2026-09-06T06:07:59,26,ENTER,,9,SYNTHETIC_DEMO
B_20260906,2026-09-06T06:10:17,26,SERVED,138.0,9,SYNTHETIC_DEMO
B_20260906,2026-09-06T05:49:46,27,ENTER,,7,SYNTHETIC_DEMO
B_20260906,2026-09-06T05:51:48,27,SERVED,122.1,7,SYNTHETIC_DEMO
B_20260906,2026-09-06T05:54:35,28,ENTER,,8,SYNTHETIC_DEMO
B_20260906,2026-09-06T05:57:07,28,SERVED,152.6,8,SYNTHETIC_DEMO
B_20260906,2026-09-06T05:52:13,29,ENTER,,6,SYNTHETIC_DEMO
B_20260906,2026-09-06T05:54:15,29,SERVED,122.0,6,SYNTHETIC_DEMO
B_20260906,2026-09-06T06:38:59,30,ENTER,,3,SYNTHETIC_DEMO
B_20260906,2026-09-06T06:40:48,30,SERVED,109.8,3,SYNTHETIC_DEMO
B_20260906,2026-09-06T06:45:04,31,ENTER,,1,SYNTHETIC_DEMO
B_20260906,2026-09-06T06:46:46,31,SERVED,101.9,1,SYNTHETIC_DEMO
B_20260906,2026-09-06T06:11:46,32,ENTER,,8,SYNTHETIC_DEMO
B_20260906,2026-09-06T06:14:46,32,SERVED,179.6,8,SYNTHETIC_DEMO
B_20260906,2026-09-06T06:32:37,33,ENTER,,3,SYNTHETIC_DEMO
B_20260906,2026-09-06T06:33:53,33,SERVED,76.5,3,SYNTHETIC_DEMO
B_20260906,2026-09-06T06:12:00,34,ENTER,,9,SYNTHETIC_DEMO
B_20260906,2026-09-06T06:14:23,34,SERVED,143.2,9,SYNTHETIC_DEMO
B_20260906,2026-09-06T06:22:06,35,ENTER,,6,SYNTHETIC_DEMO
B_20260906,2026-09-06T06:24:50,35,SERVED,164.2,6,SYNTHETIC_DEMO
B_20260906,2026-09-06T06:22:29,36,ENTER,,5,SYNTHETIC_DEMO
B_20260906,2026-09-06T06:24:27,36,SERVED,117.6,5,SYNTHETIC_DEMO
B_20260906,2026-09-06T05:51:47,37,ENTER,,7,SYNTHETIC_DEMO
B_20260906,2026-09-06T05:54:49,37,SERVED,182.1,7,SYNTHETIC_DEMO
B_20260906,2026-09-06T06:01:27,38,ENTER,,8,SYNTHETIC_DEMO
B_20260906,2026-09-06T06:03:43,38,SERVED,135.4,8,SYNTHETIC_DEMO
B_20260906,2026-09-06T06:09:04,39,ENTER,,9,SYNTHETIC_DEMO
B_20260906,2026-09-06T06:12:20,39,SERVED,196.2,9,SYNTHETIC_DEMO
B_20260906,2026-09-06T05:55:43,40,ENTER,,9,SYNTHETIC_DEMO
B_20260906,2026-09-06T05:58:39,40,SERVED,176.1,9,SYNTHETIC_DEMO
B_20260906,2026-09-06T05:55:45,41,ENTER,,8,SYNTHETIC_DEMO
B_20260906,2026-09-06T05:58:20,41,SERVED,155.8,8,SYNTHETIC_DEMO
B_20260906,2026-09-06T05:48:33,42,ENTER,,6,SYNTHETIC_DEMO
B_20260906,2026-09-06T05:50:53,42,SERVED,139.9,6,SYNTHETIC_DEMO
B_20260906,2026-09-06T06:17:51,43,ENTER,,8,SYNTHETIC_DEMO
B_20260906,2026-09-06T06:19:58,43,SERVED,127.0,8,SYNTHETIC_DEMO
B_20260906,2026-09-06T06:03:22,44,ENTER,,9,SYNTHETIC_DEMO
B_20260906,2026-09-06T06:06:38,44,SERVED,195.7,9,SYNTHETIC_DEMO
B_20260906,2026-09-06T06:03:34,45,ENTER,,9,SYNTHETIC_DEMO
B_20260906,2026-09-06T06:06:23,45,SERVED,169.3,9,SYNTHETIC_DEMO
B_20260906,2026-09-06T06:14:56,46,ENTER,,7,SYNTHETIC_DEMO
B_20260906,2026-09-06T06:17:24,46,SERVED,148.9,7,SYNTHETIC_DEMO
B_20260906,2026-09-06T06:32:11,47,ENTER,,3,SYNTHETIC_DEMO
B_20260906,2026-09-06T06:33:45,47,SERVED,93.6,3,SYNTHETIC_DEMO
B_20260906,2026-09-06T06:11:48,48,ENTER,,8,SYNTHETIC_DEMO
B_20260906,2026-09-06T06:14:52,48,SERVED,183.6,8,SYNTHETIC_DEMO
B_20260906,2026-09-06T06:35:34,49,ENTER,,2,SYNTHETIC_DEMO
B_20260906,2026-09-06T06:37:01,49,SERVED,86.8,2,SYNTHETIC_DEMO
B_20260906,2026-09-06T06:15:29,50,ENTER,,8,SYNTHETIC_DEMO
B_20260906,2026-09-06T06:18:10,50,SERVED,161.0,8,SYNTHETIC_DEMO
B_20260906,2026-09-06T06:16:53,51,ENTER,,8,SYNTHETIC_DEMO
B_20260906,2026-09-06T06:19:49,51,SERVED,176.5,8,SYNTHETIC_DEMO
B_20260906,2026-09-06T06:01:47,52,ENTER,,7,SYNTHETIC_DEMO
B_20260906,2026-09-06T06:03:54,52,SERVED,127.2,7,SYNTHETIC_DEMO
B_20260906,2026-09-06T06:23:48,53,ENTER,,4,SYNTHETIC_DEMO
B_20260906,2026-09-06T06:25:38,53,SERVED,109.6,4,SYNTHETIC_DEMO
B_20260906,2026-09-06T06:12:13,54,ENTER,,8,SYNTHETIC_DEMO
B_20260906,2026-09-06T06:15:05,54,SERVED,172.7,8,SYNTHETIC_DEMO
B_20260906,2026-09-06T06:19:10,55,ENTER,,7,SYNTHETIC_DEMO
B_20260906,2026-09-06T06:21:55,55,SERVED,164.4,7,SYNTHETIC_DEMO
B_20260906,2026-09-06T06:39:44,56,ENTER,,2,SYNTHETIC_DEMO
B_20260906,2026-09-06T06:41:10,56,SERVED,86.8,2,SYNTHETIC_DEMO
B_20260906,2026-09-06T05:37:45,57,ENTER,,4,SYNTHETIC_DEMO
B_20260906,2026-09-06T05:40:08,57,SERVED,142.4,4,SYNTHETIC_DEMO
B_20260906,2026-09-06T05:58:44,58,ENTER,,7,SYNTHETIC_DEMO
B_20260906,2026-09-06T06:01:42,58,SERVED,177.9,7,SYNTHETIC_DEMO
B_20260906,2026-09-06T05:36:12,59,ENTER,,4,SYNTHETIC_DEMO
B_20260906,2026-09-06T05:37:33,59,SERVED,81.4,4,SYNTHETIC_DEMO
B_20260906,2026-09-06T06:04:06,60,ENTER,,9,SYNTHETIC_DEMO
B_20260906,2026-09-06T06:07:02,60,SERVED,175.7,9,SYNTHETIC_DEMO
B_20260906,2026-09-06T06:11:48,61,ENTER,,8,SYNTHETIC_DEMO
B_20260906,2026-09-06T06:14:37,61,SERVED,168.9,8,SYNTHETIC_DEMO
B_20260906,2026-09-06T06:38:37,62,ENTER,,4,SYNTHETIC_DEMO
B_20260906,2026-09-06T06:40:37,62,SERVED,119.7,4,SYNTHETIC_DEMO
B_20260906,2026-09-06T06:22:59,63,ENTER,,6,SYNTHETIC_DEMO
B_20260906,2026-09-06T06:25:47,63,SERVED,168.4,6,SYNTHETIC_DEMO
B_20260906,2026-09-06T05:57:06,64,ENTER,,7,SYNTHETIC_DEMO
B_20260906,2026-09-06T05:59:07,64,SERVED,121.2,7,SYNTHETIC_DEMO
B_20260906,2026-09-06T05:37:39,65,ENTER,,2,SYNTHETIC_DEMO
B_20260906,2026-09-06T05:38:29,65,SERVED,49.6,2,SYNTHETIC_DEMO
B_20260906,2026-09-06T05:55:35,66,ENTER,,8,SYNTHETIC_DEMO
B_20260906,2026-09-06T05:58:11,66,SERVED,156.5,8,SYNTHETIC_DEMO
B_20260906,2026-09-06T06:30:54,67,ENTER,,4,SYNTHETIC_DEMO
B_20260906,2026-09-06T06:33:01,67,SERVED,126.4,4,SYNTHETIC_DEMO
B_20260906,2026-09-06T05:40:12,68,ENTER,,4,SYNTHETIC_DEMO
B_20260906,2026-09-06T05:41:43,68,SERVED,91.6,4,SYNTHETIC_DEMO
B_20260906,2026-09-06T06:16:40,69,ENTER,,7,SYNTHETIC_DEMO
B_20260906,2026-09-06T06:19:35,69,SERVED,174.6,7,SYNTHETIC_DEMO
B_20260906,2026-09-06T06:02:26,70,ENTER,,9,SYNTHETIC_DEMO
B_20260906,2026-09-06T06:05:26,70,SERVED,180.4,9,SYNTHETIC_DEMO
B_20260906,2026-09-06T05:51:54,71,ENTER,,6,SYNTHETIC_DEMO
B_20260906,2026-09-06T05:54:42,71,SERVED,167.4,6,SYNTHETIC_DEMO
B_20260906,2026-09-06T05:56:26,72,ENTER,,7,SYNTHETIC_DEMO
B_20260906,2026-09-06T05:58:37,72,SERVED,131.4,7,SYNTHETIC_DEMO
B_20260906,2026-09-06T06:18:25,73,ENTER,,6,SYNTHETIC_DEMO
B_20260906,2026-09-06T06:20:55,73,SERVED,150.2,6,SYNTHETIC_DEMO
B_20260906,2026-09-06T05:45:10,74,ENTER,,4,SYNTHETIC_DEMO
B_20260906,2026-09-06T05:46:41,74,SERVED,91.2,4,SYNTHETIC_DEMO
B_20260906,2026-09-06T05:43:46,75,ENTER,,5,SYNTHETIC_DEMO
B_20260906,2026-09-06T05:46:08,75,SERVED,142.3,5,SYNTHETIC_DEMO
B_20260906,2026-09-06T05:57:43,76,ENTER,,7,SYNTHETIC_DEMO
B_20260906,2026-09-06T05:59:59,76,SERVED,136.1,7,SYNTHETIC_DEMO
B_20260906,2026-09-06T06:21:01,77,ENTER,,6,SYNTHETIC_DEMO
B_20260906,2026-09-06T06:23:07,77,SERVED,125.3,6,SYNTHETIC_DEMO
B_20260906,2026-09-06T06:08:30,78,ENTER,,7,SYNTHETIC_DEMO
B_20260906,2026-09-06T06:10:22,78,SERVED,112.3,7,SYNTHETIC_DEMO
B_20260906,2026-09-06T05:59:34,79,ENTER,,10,SYNTHETIC_DEMO
B_20260906,2026-09-06T06:03:13,79,SERVED,219.4,10,SYNTHETIC_DEMO
B_20260906,2026-09-06T05:30:00,80,ENTER,,1,SYNTHETIC_DEMO
B_20260906,2026-09-06T05:31:06,80,SERVED,66.8,1,SYNTHETIC_DEMO
B_20260906,2026-09-06T05:56:28,81,ENTER,,8,SYNTHETIC_DEMO
B_20260906,2026-09-06T05:59:16,81,SERVED,168.5,8,SYNTHETIC_DEMO
B_20260906,2026-09-06T05:33:10,82,ENTER,,3,SYNTHETIC_DEMO
B_20260906,2026-09-06T05:34:19,82,SERVED,68.7,3,SYNTHETIC_DEMO
B_20260906,2026-09-06T05:53:48,83,ENTER,,8,SYNTHETIC_DEMO
B_20260906,2026-09-06T05:56:28,83,SERVED,159.2,8,SYNTHETIC_DEMO
L_20260906,2026-09-06T11:44:02,1,ENTER,,15,SYNTHETIC_DEMO
L_20260906,2026-09-06T11:47:39,1,SERVED,217.2,15,SYNTHETIC_DEMO
L_20260906,2026-09-06T12:13:25,2,ENTER,,19,SYNTHETIC_DEMO
L_20260906,2026-09-06T12:19:06,2,SERVED,340.4,19,SYNTHETIC_DEMO
L_20260906,2026-09-06T11:34:07,3,ENTER,,10,SYNTHETIC_DEMO
L_20260906,2026-09-06T11:37:36,3,SERVED,208.4,10,SYNTHETIC_DEMO
L_20260906,2026-09-06T12:46:12,4,ENTER,,2,SYNTHETIC_DEMO
L_20260906,2026-09-06T12:47:48,4,SERVED,95.9,2,SYNTHETIC_DEMO
L_20260906,2026-09-06T11:40:25,5,ENTER,,14,SYNTHETIC_DEMO
L_20260906,2026-09-06T11:44:29,5,SERVED,244.8,14,SYNTHETIC_DEMO
L_20260906,2026-09-06T12:02:22,6,ENTER,,21,SYNTHETIC_DEMO
L_20260906,2026-09-06T12:07:50,6,SERVED,327.9,21,SYNTHETIC_DEMO
L_20260906,2026-09-06T12:17:00,7,ENTER,,16,SYNTHETIC_DEMO
L_20260906,2026-09-06T12:21:29,7,SERVED,268.8,16,SYNTHETIC_DEMO
L_20260906,2026-09-06T11:34:13,8,ENTER,,9,SYNTHETIC_DEMO
L_20260906,2026-09-06T11:36:39,8,SERVED,146.2,9,SYNTHETIC_DEMO
L_20260906,2026-09-06T11:59:32,9,ENTER,,23,SYNTHETIC_DEMO
L_20260906,2026-09-06T12:05:47,9,SERVED,375.1,23,SYNTHETIC_DEMO
L_20260906,2026-09-06T12:14:31,10,ENTER,,17,SYNTHETIC_DEMO
L_20260906,2026-09-06T12:18:37,10,SERVED,246.3,17,SYNTHETIC_DEMO
L_20260906,2026-09-06T11:42:47,11,ENTER,,14,SYNTHETIC_DEMO
L_20260906,2026-09-06T11:46:50,11,SERVED,242.9,14,SYNTHETIC_DEMO
L_20260906,2026-09-06T12:13:56,12,ENTER,,18,SYNTHETIC_DEMO
L_20260906,2026-09-06T12:18:44,12,SERVED,287.5,18,SYNTHETIC_DEMO
L_20260906,2026-09-06T12:18:07,13,ENTER,,14,SYNTHETIC_DEMO
L_20260906,2026-09-06T12:22:12,13,SERVED,245.3,14,SYNTHETIC_DEMO
L_20260906,2026-09-06T12:27:09,14,ENTER,,9,SYNTHETIC_DEMO
L_20260906,2026-09-06T12:30:04,14,SERVED,175.0,9,SYNTHETIC_DEMO
L_20260906,2026-09-06T12:13:43,15,ENTER,,17,SYNTHETIC_DEMO
L_20260906,2026-09-06T12:18:54,15,SERVED,311.0,17,SYNTHETIC_DEMO
L_20260906,2026-09-06T12:20:26,16,ENTER,,11,SYNTHETIC_DEMO
L_20260906,2026-09-06T12:23:09,16,SERVED,163.7,11,SYNTHETIC_DEMO
L_20260906,2026-09-06T12:03:25,17,ENTER,,22,SYNTHETIC_DEMO
L_20260906,2026-09-06T12:06:02,17,ABANDONED,,22,SYNTHETIC_DEMO
L_20260906,2026-09-06T11:31:40,18,ENTER,,8,SYNTHETIC_DEMO
L_20260906,2026-09-06T11:34:52,18,SERVED,192.5,8,SYNTHETIC_DEMO
L_20260906,2026-09-06T12:02:31,19,ENTER,,21,SYNTHETIC_DEMO
L_20260906,2026-09-06T12:07:57,19,SERVED,325.7,21,SYNTHETIC_DEMO
L_20260906,2026-09-06T11:46:12,20,ENTER,,16,SYNTHETIC_DEMO
L_20260906,2026-09-06T11:50:44,20,SERVED,271.7,16,SYNTHETIC_DEMO
L_20260906,2026-09-06T11:50:32,21,ENTER,,20,SYNTHETIC_DEMO
L_20260906,2026-09-06T11:56:14,21,SERVED,342.7,20,SYNTHETIC_DEMO
L_20260906,2026-09-06T11:59:41,22,ENTER,,24,SYNTHETIC_DEMO
L_20260906,2026-09-06T12:05:26,22,SERVED,344.7,24,SYNTHETIC_DEMO
L_20260906,2026-09-06T11:58:33,23,ENTER,,22,SYNTHETIC_DEMO
L_20260906,2026-09-06T12:03:45,23,SERVED,311.6,22,SYNTHETIC_DEMO
L_20260906,2026-09-06T12:25:43,24,ENTER,,10,SYNTHETIC_DEMO
L_20260906,2026-09-06T12:28:22,24,SERVED,158.8,10,SYNTHETIC_DEMO
L_20260906,2026-09-06T12:11:16,25,ENTER,,17,SYNTHETIC_DEMO
L_20260906,2026-09-06T12:15:48,25,SERVED,272.1,17,SYNTHETIC_DEMO
L_20260906,2026-09-06T11:44:43,26,ENTER,,16,SYNTHETIC_DEMO
L_20260906,2026-09-06T11:49:40,26,SERVED,297.1,16,SYNTHETIC_DEMO
L_20260906,2026-09-06T11:54:45,27,ENTER,,21,SYNTHETIC_DEMO
L_20260906,2026-09-06T11:59:41,27,SERVED,296.1,21,SYNTHETIC_DEMO
L_20260906,2026-09-06T11:57:13,28,ENTER,,21,SYNTHETIC_DEMO
L_20260906,2026-09-06T12:02:16,28,SERVED,302.9,21,SYNTHETIC_DEMO
L_20260906,2026-09-06T12:06:28,29,ENTER,,21,SYNTHETIC_DEMO
L_20260906,2026-09-06T12:11:48,29,SERVED,319.9,21,SYNTHETIC_DEMO
L_20260906,2026-09-06T12:20:33,30,ENTER,,13,SYNTHETIC_DEMO
L_20260906,2026-09-06T12:24:12,30,SERVED,219.0,13,SYNTHETIC_DEMO
L_20260906,2026-09-06T12:29:47,31,ENTER,,7,SYNTHETIC_DEMO
L_20260906,2026-09-06T12:32:01,31,SERVED,134.3,7,SYNTHETIC_DEMO
L_20260906,2026-09-06T12:06:21,32,ENTER,,20,SYNTHETIC_DEMO
L_20260906,2026-09-06T12:12:12,32,SERVED,351.8,20,SYNTHETIC_DEMO
L_20260906,2026-09-06T11:46:40,33,ENTER,,17,SYNTHETIC_DEMO
L_20260906,2026-09-06T11:51:11,33,SERVED,271.2,17,SYNTHETIC_DEMO
L_20260906,2026-09-06T12:01:14,34,ENTER,,22,SYNTHETIC_DEMO
L_20260906,2026-09-06T12:06:53,34,SERVED,339.7,22,SYNTHETIC_DEMO
L_20260906,2026-09-06T12:19:03,35,ENTER,,12,SYNTHETIC_DEMO
L_20260906,2026-09-06T12:22:32,35,SERVED,208.6,12,SYNTHETIC_DEMO
L_20260906,2026-09-06T11:40:43,36,ENTER,,12,SYNTHETIC_DEMO
L_20260906,2026-09-06T11:43:54,36,SERVED,191.1,12,SYNTHETIC_DEMO
L_20260906,2026-09-06T11:30:00,37,ENTER,,9,SYNTHETIC_DEMO
L_20260906,2026-09-06T11:33:14,37,SERVED,194.7,9,SYNTHETIC_DEMO
L_20260906,2026-09-06T11:50:51,38,ENTER,,19,SYNTHETIC_DEMO
L_20260906,2026-09-06T11:56:19,38,SERVED,327.1,19,SYNTHETIC_DEMO
L_20260906,2026-09-06T12:33:40,39,ENTER,,4,SYNTHETIC_DEMO
L_20260906,2026-09-06T12:35:55,39,SERVED,134.9,4,SYNTHETIC_DEMO
L_20260906,2026-09-06T12:11:04,40,ENTER,,19,SYNTHETIC_DEMO
L_20260906,2026-09-06T12:15:38,40,SERVED,273.4,19,SYNTHETIC_DEMO
L_20260906,2026-09-06T12:25:20,41,ENTER,,10,SYNTHETIC_DEMO
L_20260906,2026-09-06T12:27:51,41,SERVED,151.4,10,SYNTHETIC_DEMO
L_20260906,2026-09-06T11:57:55,42,ENTER,,23,SYNTHETIC_DEMO
L_20260906,2026-09-06T12:03:24,42,SERVED,328.8,23,SYNTHETIC_DEMO
L_20260906,2026-09-06T11:56:51,43,ENTER,,22,SYNTHETIC_DEMO
L_20260906,2026-09-06T12:02:04,43,SERVED,313.3,22,SYNTHETIC_DEMO
L_20260906,2026-09-06T11:38:12,44,ENTER,,12,SYNTHETIC_DEMO
L_20260906,2026-09-06T11:41:42,44,SERVED,210.0,12,SYNTHETIC_DEMO
L_20260906,2026-09-06T12:32:20,45,ENTER,,6,SYNTHETIC_DEMO
L_20260906,2026-09-06T12:34:16,45,SERVED,116.1,6,SYNTHETIC_DEMO
L_20260906,2026-09-06T12:02:54,46,ENTER,,21,SYNTHETIC_DEMO
L_20260906,2026-09-06T12:08:48,46,SERVED,354.3,21,SYNTHETIC_DEMO
L_20260906,2026-09-06T11:50:17,47,ENTER,,18,SYNTHETIC_DEMO
L_20260906,2026-09-06T11:55:23,47,SERVED,305.7,18,SYNTHETIC_DEMO
L_20260906,2026-09-06T11:48:12,48,ENTER,,19,SYNTHETIC_DEMO
L_20260906,2026-09-06T11:53:31,48,SERVED,319.8,19,SYNTHETIC_DEMO
L_20260906,2026-09-06T12:07:13,49,ENTER,,21,SYNTHETIC_DEMO
L_20260906,2026-09-06T12:12:52,49,SERVED,339.0,21,SYNTHETIC_DEMO
L_20260906,2026-09-06T11:35:36,50,ENTER,,9,SYNTHETIC_DEMO
L_20260906,2026-09-06T11:38:36,50,SERVED,179.9,9,SYNTHETIC_DEMO
L_20260906,2026-09-06T12:29:49,51,ENTER,,6,SYNTHETIC_DEMO
L_20260906,2026-09-06T12:32:05,51,SERVED,135.3,6,SYNTHETIC_DEMO
L_20260906,2026-09-06T12:01:12,52,ENTER,,22,SYNTHETIC_DEMO
L_20260906,2026-09-06T12:06:54,52,SERVED,341.8,22,SYNTHETIC_DEMO
L_20260906,2026-09-06T12:15:03,53,ENTER,,17,SYNTHETIC_DEMO
L_20260906,2026-09-06T12:19:49,53,SERVED,285.8,17,SYNTHETIC_DEMO
L_20260906,2026-09-06T12:35:01,54,ENTER,,5,SYNTHETIC_DEMO
L_20260906,2026-09-06T12:37:33,54,SERVED,152.8,5,SYNTHETIC_DEMO
L_20260906,2026-09-06T11:30:00,55,ENTER,,6,SYNTHETIC_DEMO
L_20260906,2026-09-06T11:32:12,55,SERVED,132.1,6,SYNTHETIC_DEMO
L_20260906,2026-09-06T12:00:24,56,ENTER,,24,SYNTHETIC_DEMO
L_20260906,2026-09-06T12:06:54,56,SERVED,389.7,24,SYNTHETIC_DEMO
L_20260906,2026-09-06T12:07:25,57,ENTER,,22,SYNTHETIC_DEMO
L_20260906,2026-09-06T12:13:11,57,SERVED,345.5,22,SYNTHETIC_DEMO
L_20260906,2026-09-06T11:53:41,58,ENTER,,22,SYNTHETIC_DEMO
L_20260906,2026-09-06T11:58:58,58,SERVED,316.6,22,SYNTHETIC_DEMO
L_20260906,2026-09-06T12:02:36,59,ENTER,,22,SYNTHETIC_DEMO
L_20260906,2026-09-06T12:08:44,59,SERVED,367.6,22,SYNTHETIC_DEMO
L_20260906,2026-09-06T12:28:52,60,ENTER,,6,SYNTHETIC_DEMO
L_20260906,2026-09-06T12:31:38,60,SERVED,166.0,6,SYNTHETIC_DEMO
L_20260906,2026-09-06T12:01:26,61,ENTER,,22,SYNTHETIC_DEMO
L_20260906,2026-09-06T12:07:07,61,SERVED,341.6,22,SYNTHETIC_DEMO
L_20260906,2026-09-06T12:05:16,62,ENTER,,21,SYNTHETIC_DEMO
L_20260906,2026-09-06T12:10:41,62,SERVED,324.8,21,SYNTHETIC_DEMO
L_20260906,2026-09-06T11:44:23,63,ENTER,,15,SYNTHETIC_DEMO
L_20260906,2026-09-06T11:48:44,63,SERVED,261.4,15,SYNTHETIC_DEMO
L_20260906,2026-09-06T11:57:40,64,ENTER,,24,SYNTHETIC_DEMO
L_20260906,2026-09-06T12:04:20,64,SERVED,399.7,24,SYNTHETIC_DEMO
L_20260906,2026-09-06T12:08:14,65,ENTER,,20,SYNTHETIC_DEMO
L_20260906,2026-09-06T12:13:23,65,SERVED,308.6,20,SYNTHETIC_DEMO
L_20260906,2026-09-06T11:42:01,66,ENTER,,13,SYNTHETIC_DEMO
L_20260906,2026-09-06T11:45:47,66,SERVED,225.9,13,SYNTHETIC_DEMO
L_20260906,2026-09-06T11:30:00,67,ENTER,,5,SYNTHETIC_DEMO
L_20260906,2026-09-06T11:32:28,67,SERVED,148.6,5,SYNTHETIC_DEMO
L_20260906,2026-09-06T11:55:59,68,ENTER,,22,SYNTHETIC_DEMO
L_20260906,2026-09-06T12:02:08,68,SERVED,368.6,22,SYNTHETIC_DEMO
L_20260906,2026-09-06T11:45:54,69,ENTER,,16,SYNTHETIC_DEMO
L_20260906,2026-09-06T11:50:30,69,SERVED,276.8,16,SYNTHETIC_DEMO
L_20260906,2026-09-06T12:03:16,70,ENTER,,22,SYNTHETIC_DEMO
L_20260906,2026-09-06T12:09:04,70,SERVED,347.8,22,SYNTHETIC_DEMO
L_20260906,2026-09-06T11:58:26,71,ENTER,,23,SYNTHETIC_DEMO
L_20260906,2026-09-06T12:03:59,71,SERVED,333.2,23,SYNTHETIC_DEMO
L_20260906,2026-09-06T12:39:10,72,ENTER,,2,SYNTHETIC_DEMO
L_20260906,2026-09-06T12:40:32,72,SERVED,82.0,2,SYNTHETIC_DEMO
L_20260906,2026-09-06T12:06:01,73,ENTER,,23,SYNTHETIC_DEMO
L_20260906,2026-09-06T12:12:33,73,SERVED,391.6,23,SYNTHETIC_DEMO
L_20260906,2026-09-06T12:22:41,74,ENTER,,10,SYNTHETIC_DEMO
L_20260906,2026-09-06T12:25:15,74,SERVED,154.4,10,SYNTHETIC_DEMO
L_20260906,2026-09-06T11:39:49,75,ENTER,,12,SYNTHETIC_DEMO
L_20260906,2026-09-06T11:43:08,75,SERVED,199.5,12,SYNTHETIC_DEMO
L_20260906,2026-09-06T12:05:59,76,ENTER,,21,SYNTHETIC_DEMO
L_20260906,2026-09-06T12:11:07,76,SERVED,308.8,21,SYNTHETIC_DEMO
L_20260906,2026-09-06T11:53:46,77,ENTER,,22,SYNTHETIC_DEMO
L_20260906,2026-09-06T11:59:49,77,SERVED,363.5,22,SYNTHETIC_DEMO
L_20260906,2026-09-06T12:21:54,78,ENTER,,11,SYNTHETIC_DEMO
L_20260906,2026-09-06T12:25:13,78,SERVED,199.2,11,SYNTHETIC_DEMO
L_20260906,2026-09-06T11:58:27,79,ENTER,,23,SYNTHETIC_DEMO
L_20260906,2026-09-06T12:04:37,79,SERVED,369.9,23,SYNTHETIC_DEMO
L_20260906,2026-09-06T11:37:41,80,ENTER,,11,SYNTHETIC_DEMO
L_20260906,2026-09-06T11:41:19,80,SERVED,217.4,11,SYNTHETIC_DEMO
L_20260906,2026-09-06T12:46:08,81,ENTER,,2,SYNTHETIC_DEMO
L_20260906,2026-09-06T12:47:27,81,SERVED,78.8,2,SYNTHETIC_DEMO
L_20260906,2026-09-06T11:57:08,82,ENTER,,23,SYNTHETIC_DEMO
L_20260906,2026-09-06T12:02:46,82,SERVED,338.1,23,SYNTHETIC_DEMO
L_20260906,2026-09-06T12:07:06,83,ENTER,,20,SYNTHETIC_DEMO
L_20260906,2026-09-06T12:12:30,83,SERVED,323.8,20,SYNTHETIC_DEMO
L_20260906,2026-09-06T11:39:02,84,ENTER,,12,SYNTHETIC_DEMO
L_20260906,2026-09-06T11:42:38,84,SERVED,216.1,12,SYNTHETIC_DEMO
L_20260906,2026-09-06T11:30:08,85,ENTER,,6,SYNTHETIC_DEMO
L_20260906,2026-09-06T11:32:43,85,SERVED,155.4,6,SYNTHETIC_DEMO
L_20260906,2026-09-06T12:05:11,86,ENTER,,23,SYNTHETIC_DEMO
L_20260906,2026-09-06T12:10:58,86,SERVED,347.1,23,SYNTHETIC_DEMO
L_20260906,2026-09-06T11:30:00,87,ENTER,,7,SYNTHETIC_DEMO
L_20260906,2026-09-06T11:32:48,87,SERVED,168.3,7,SYNTHETIC_DEMO
L_20260906,2026-09-06T11:46:38,88,ENTER,,18,SYNTHETIC_DEMO
L_20260906,2026-09-06T11:50:57,88,SERVED,258.9,18,SYNTHETIC_DEMO
L_20260906,2026-09-06T11:34:49,89,ENTER,,10,SYNTHETIC_DEMO
L_20260906,2026-09-06T11:38:19,89,SERVED,210.1,10,SYNTHETIC_DEMO
L_20260906,2026-09-06T11:30:00,90,ENTER,,6,SYNTHETIC_DEMO
L_20260906,2026-09-06T11:32:44,90,SERVED,164.6,6,SYNTHETIC_DEMO
L_20260906,2026-09-06T11:57:38,91,ENTER,,23,SYNTHETIC_DEMO
L_20260906,2026-09-06T12:03:11,91,SERVED,332.5,23,SYNTHETIC_DEMO
L_20260906,2026-09-06T12:10:24,92,ENTER,,20,SYNTHETIC_DEMO
L_20260906,2026-09-06T12:15:34,92,SERVED,309.8,20,SYNTHETIC_DEMO
L_20260906,2026-09-06T12:24:04,93,ENTER,,9,SYNTHETIC_DEMO
L_20260906,2026-09-06T12:26:38,93,SERVED,154.3,9,SYNTHETIC_DEMO
L_20260906,2026-09-06T11:56:01,94,ENTER,,23,SYNTHETIC_DEMO
L_20260906,2026-09-06T12:01:23,94,SERVED,321.6,23,SYNTHETIC_DEMO
L_20260906,2026-09-06T12:33:39,95,ENTER,,4,SYNTHETIC_DEMO
L_20260906,2026-09-06T12:35:09,95,SERVED,89.9,4,SYNTHETIC_DEMO
L_20260906,2026-09-06T11:55:16,96,ENTER,,21,SYNTHETIC_DEMO
L_20260906,2026-09-06T12:00:14,96,SERVED,298.2,21,SYNTHETIC_DEMO
L_20260906,2026-09-06T12:19:58,97,ENTER,,12,SYNTHETIC_DEMO
L_20260906,2026-09-06T12:23:05,97,SERVED,187.3,12,SYNTHETIC_DEMO
L_20260906,2026-09-06T11:33:14,98,ENTER,,8,SYNTHETIC_DEMO
L_20260906,2026-09-06T11:35:23,98,SERVED,128.5,8,SYNTHETIC_DEMO
L_20260906,2026-09-06T12:04:18,99,ENTER,,21,SYNTHETIC_DEMO
L_20260906,2026-09-06T12:09:18,99,SERVED,300.5,21,SYNTHETIC_DEMO
L_20260906,2026-09-06T12:32:17,100,ENTER,,6,SYNTHETIC_DEMO
L_20260906,2026-09-06T12:35:05,100,SERVED,168.8,6,SYNTHETIC_DEMO
L_20260906,2026-09-06T11:30:00,101,ENTER,,4,SYNTHETIC_DEMO
L_20260906,2026-09-06T11:31:56,101,SERVED,116.9,4,SYNTHETIC_DEMO
L_20260906,2026-09-06T12:05:49,102,ENTER,,21,SYNTHETIC_DEMO
L_20260906,2026-09-06T12:11:13,102,SERVED,324.5,21,SYNTHETIC_DEMO
L_20260906,2026-09-06T11:39:46,103,ENTER,,12,SYNTHETIC_DEMO
L_20260906,2026-09-06T11:42:43,103,SERVED,176.4,12,SYNTHETIC_DEMO
L_20260906,2026-09-06T12:00:23,104,ENTER,,24,SYNTHETIC_DEMO
L_20260906,2026-09-06T12:06:21,104,SERVED,357.9,24,SYNTHETIC_DEMO
L_20260906,2026-09-06T11:31:46,105,ENTER,,8,SYNTHETIC_DEMO
L_20260906,2026-09-06T11:34:40,105,SERVED,174.0,8,SYNTHETIC_DEMO
L_20260906,2026-09-06T11:30:00,106,ENTER,,8,SYNTHETIC_DEMO
L_20260906,2026-09-06T11:32:57,106,SERVED,177.6,8,SYNTHETIC_DEMO
L_20260906,2026-09-06T11:57:52,107,ENTER,,23,SYNTHETIC_DEMO
L_20260906,2026-09-06T12:03:45,107,SERVED,352.5,23,SYNTHETIC_DEMO
L_20260906,2026-09-06T12:21:35,108,ENTER,,10,SYNTHETIC_DEMO
L_20260906,2026-09-06T12:24:24,108,SERVED,169.7,10,SYNTHETIC_DEMO
L_20260906,2026-09-06T11:30:00,109,ENTER,,7,SYNTHETIC_DEMO
L_20260906,2026-09-06T11:32:24,109,SERVED,144.2,7,SYNTHETIC_DEMO
L_20260906,2026-09-06T12:36:51,110,ENTER,,2,SYNTHETIC_DEMO
L_20260906,2026-09-06T12:37:40,110,SERVED,49.1,2,SYNTHETIC_DEMO
L_20260906,2026-09-06T11:51:43,111,ENTER,,19,SYNTHETIC_DEMO
L_20260906,2026-09-06T11:56:53,111,SERVED,310.1,19,SYNTHETIC_DEMO
L_20260906,2026-09-06T12:24:06,112,ENTER,,10,SYNTHETIC_DEMO
L_20260906,2026-09-06T12:25:53,112,ABANDONED,,10,SYNTHETIC_DEMO
L_20260906,2026-09-06T11:30:00,113,ENTER,,7,SYNTHETIC_DEMO
L_20260906,2026-09-06T11:32:00,113,SERVED,120.9,7,SYNTHETIC_DEMO
L_20260906,2026-09-06T11:40:39,114,ENTER,,13,SYNTHETIC_DEMO
L_20260906,2026-09-06T11:44:49,114,SERVED,250.6,13,SYNTHETIC_DEMO
L_20260906,2026-09-06T12:02:37,115,ENTER,,23,SYNTHETIC_DEMO
L_20260906,2026-09-06T12:08:12,115,SERVED,334.9,23,SYNTHETIC_DEMO
L_20260906,2026-09-06T11:48:47,116,ENTER,,19,SYNTHETIC_DEMO
L_20260906,2026-09-06T11:53:46,116,SERVED,299.2,19,SYNTHETIC_DEMO
L_20260906,2026-09-06T11:30:00,117,ENTER,,5,SYNTHETIC_DEMO
L_20260906,2026-09-06T11:32:14,117,SERVED,134.3,5,SYNTHETIC_DEMO
L_20260906,2026-09-06T11:51:39,118,ENTER,,19,SYNTHETIC_DEMO
L_20260906,2026-09-06T11:56:31,118,SERVED,291.2,19,SYNTHETIC_DEMO
L_20260906,2026-09-06T11:32:07,119,ENTER,,7,SYNTHETIC_DEMO
L_20260906,2026-09-06T11:35:00,119,SERVED,172.8,7,SYNTHETIC_DEMO
L_20260906,2026-09-06T11:30:00,120,ENTER,,5,SYNTHETIC_DEMO
L_20260906,2026-09-06T11:32:21,120,SERVED,141.9,5,SYNTHETIC_DEMO
L_20260906,2026-09-06T12:07:39,121,ENTER,,21,SYNTHETIC_DEMO
L_20260906,2026-09-06T12:13:17,121,SERVED,338.3,21,SYNTHETIC_DEMO
L_20260906,2026-09-06T12:19:33,122,ENTER,,12,SYNTHETIC_DEMO
L_20260906,2026-09-06T12:23:41,122,SERVED,248.0,12,SYNTHETIC_DEMO
L_20260906,2026-09-06T12:37:48,123,ENTER,,3,SYNTHETIC_DEMO
L_20260906,2026-09-06T12:38:49,123,SERVED,60.8,3,SYNTHETIC_DEMO
L_20260906,2026-09-06T11:39:18,124,ENTER,,12,SYNTHETIC_DEMO
L_20260906,2026-09-06T11:43:07,124,SERVED,228.8,12,SYNTHETIC_DEMO
D_20260906,2026-09-06T17:58:36,1,ENTER,,8,SYNTHETIC_DEMO
D_20260906,2026-09-06T18:01:46,1,SERVED,190.2,8,SYNTHETIC_DEMO
D_20260906,2026-09-06T17:00:00,2,ENTER,,3,SYNTHETIC_DEMO
D_20260906,2026-09-06T17:01:30,2,SERVED,90.7,3,SYNTHETIC_DEMO
D_20260906,2026-09-06T18:05:28,3,ENTER,,6,SYNTHETIC_DEMO
D_20260906,2026-09-06T18:07:39,3,SERVED,131.0,6,SYNTHETIC_DEMO
D_20260906,2026-09-06T17:53:19,4,ENTER,,11,SYNTHETIC_DEMO
D_20260906,2026-09-06T17:56:26,4,SERVED,186.8,11,SYNTHETIC_DEMO
D_20260906,2026-09-06T17:40:28,5,ENTER,,13,SYNTHETIC_DEMO
D_20260906,2026-09-06T17:43:44,5,SERVED,196.0,13,SYNTHETIC_DEMO
D_20260906,2026-09-06T18:14:41,6,ENTER,,2,SYNTHETIC_DEMO
D_20260906,2026-09-06T18:15:39,6,SERVED,57.6,2,SYNTHETIC_DEMO
D_20260906,2026-09-06T17:36:57,7,ENTER,,12,SYNTHETIC_DEMO
D_20260906,2026-09-06T17:40:03,7,SERVED,186.2,12,SYNTHETIC_DEMO
D_20260906,2026-09-06T17:04:10,8,ENTER,,4,SYNTHETIC_DEMO
D_20260906,2026-09-06T17:06:27,8,SERVED,137.3,4,SYNTHETIC_DEMO
D_20260906,2026-09-06T17:23:58,9,ENTER,,10,SYNTHETIC_DEMO
D_20260906,2026-09-06T17:26:33,9,SERVED,154.2,10,SYNTHETIC_DEMO
D_20260906,2026-09-06T17:11:24,10,ENTER,,4,SYNTHETIC_DEMO
D_20260906,2026-09-06T17:13:43,10,SERVED,139.1,4,SYNTHETIC_DEMO
D_20260906,2026-09-06T17:00:00,11,ENTER,,1,SYNTHETIC_DEMO
D_20260906,2026-09-06T17:01:15,11,SERVED,75.2,1,SYNTHETIC_DEMO
D_20260906,2026-09-06T17:47:15,12,ENTER,,11,SYNTHETIC_DEMO
D_20260906,2026-09-06T17:50:57,12,SERVED,222.0,11,SYNTHETIC_DEMO
D_20260906,2026-09-06T17:43:13,13,ENTER,,13,SYNTHETIC_DEMO
D_20260906,2026-09-06T17:47:26,13,SERVED,253.0,13,SYNTHETIC_DEMO
D_20260906,2026-09-06T17:45:12,14,ENTER,,14,SYNTHETIC_DEMO
D_20260906,2026-09-06T17:49:32,14,SERVED,260.0,14,SYNTHETIC_DEMO
D_20260906,2026-09-06T17:27:54,15,ENTER,,10,SYNTHETIC_DEMO
D_20260906,2026-09-06T17:30:26,15,SERVED,152.4,10,SYNTHETIC_DEMO
D_20260906,2026-09-06T17:24:16,16,ENTER,,9,SYNTHETIC_DEMO
D_20260906,2026-09-06T17:26:34,16,SERVED,137.9,9,SYNTHETIC_DEMO
D_20260906,2026-09-06T17:38:44,17,ENTER,,14,SYNTHETIC_DEMO
D_20260906,2026-09-06T17:43:18,17,SERVED,273.9,14,SYNTHETIC_DEMO
D_20260906,2026-09-06T17:04:56,18,ENTER,,3,SYNTHETIC_DEMO
D_20260906,2026-09-06T17:06:34,18,SERVED,98.0,3,SYNTHETIC_DEMO
D_20260906,2026-09-06T17:30:15,19,ENTER,,12,SYNTHETIC_DEMO
D_20260906,2026-09-06T17:33:21,19,SERVED,186.5,12,SYNTHETIC_DEMO
D_20260906,2026-09-06T17:13:42,20,ENTER,,5,SYNTHETIC_DEMO
D_20260906,2026-09-06T17:15:47,20,SERVED,125.3,5,SYNTHETIC_DEMO
D_20260906,2026-09-06T17:30:57,21,ENTER,,12,SYNTHETIC_DEMO
D_20260906,2026-09-06T17:34:12,21,SERVED,194.9,12,SYNTHETIC_DEMO
D_20260906,2026-09-06T17:42:04,22,ENTER,,12,SYNTHETIC_DEMO
D_20260906,2026-09-06T17:45:53,22,SERVED,229.2,12,SYNTHETIC_DEMO
D_20260906,2026-09-06T17:46:25,23,ENTER,,11,SYNTHETIC_DEMO
D_20260906,2026-09-06T17:49:18,23,SERVED,173.4,11,SYNTHETIC_DEMO
D_20260906,2026-09-06T17:52:18,24,ENTER,,9,SYNTHETIC_DEMO
D_20260906,2026-09-06T17:54:41,24,SERVED,142.8,9,SYNTHETIC_DEMO
D_20260906,2026-09-06T17:38:49,25,ENTER,,12,SYNTHETIC_DEMO
D_20260906,2026-09-06T17:42:04,25,SERVED,195.0,12,SYNTHETIC_DEMO
D_20260906,2026-09-06T17:24:40,26,ENTER,,10,SYNTHETIC_DEMO
D_20260906,2026-09-06T17:27:54,26,SERVED,194.0,10,SYNTHETIC_DEMO
D_20260906,2026-09-06T17:49:09,27,ENTER,,12,SYNTHETIC_DEMO
D_20260906,2026-09-06T17:52:27,27,SERVED,197.8,12,SYNTHETIC_DEMO
D_20260906,2026-09-06T17:46:46,28,ENTER,,11,SYNTHETIC_DEMO
D_20260906,2026-09-06T17:50:01,28,SERVED,194.7,11,SYNTHETIC_DEMO
D_20260906,2026-09-06T17:50:56,29,ENTER,,10,SYNTHETIC_DEMO
D_20260906,2026-09-06T17:54:28,29,SERVED,212.7,10,SYNTHETIC_DEMO
D_20260906,2026-09-06T17:19:57,30,ENTER,,7,SYNTHETIC_DEMO
D_20260906,2026-09-06T17:22:07,30,SERVED,130.1,7,SYNTHETIC_DEMO
D_20260906,2026-09-06T18:00:33,31,ENTER,,7,SYNTHETIC_DEMO
D_20260906,2026-09-06T18:02:37,31,SERVED,124.4,7,SYNTHETIC_DEMO
D_20260906,2026-09-06T18:47:02,32,ENTER,,1,SYNTHETIC_DEMO
D_20260906,2026-09-06T18:48:38,32,SERVED,95.4,1,SYNTHETIC_DEMO
D_20260906,2026-09-06T17:14:49,33,ENTER,,5,SYNTHETIC_DEMO
D_20260906,2026-09-06T17:17:23,33,SERVED,153.7,5,SYNTHETIC_DEMO
D_20260906,2026-09-06T17:46:15,34,ENTER,,14,SYNTHETIC_DEMO
D_20260906,2026-09-06T17:50:35,34,SERVED,260.2,14,SYNTHETIC_DEMO
D_20260906,2026-09-06T17:51:58,35,ENTER,,10,SYNTHETIC_DEMO
D_20260906,2026-09-06T17:54:38,35,SERVED,159.9,10,SYNTHETIC_DEMO
D_20260906,2026-09-06T17:29:03,36,ENTER,,11,SYNTHETIC_DEMO
D_20260906,2026-09-06T17:32:18,36,SERVED,195.2,11,SYNTHETIC_DEMO
D_20260906,2026-09-06T17:57:58,37,ENTER,,8,SYNTHETIC_DEMO
D_20260906,2026-09-06T18:00:46,37,SERVED,168.2,8,SYNTHETIC_DEMO
D_20260906,2026-09-06T17:26:46,38,ENTER,,11,SYNTHETIC_DEMO
D_20260906,2026-09-06T17:29:44,38,SERVED,178.0,11,SYNTHETIC_DEMO
D_20260906,2026-09-06T17:52:08,39,ENTER,,9,SYNTHETIC_DEMO
D_20260906,2026-09-06T17:55:04,39,SERVED,175.7,9,SYNTHETIC_DEMO
D_20260906,2026-09-06T17:40:56,40,ENTER,,12,SYNTHETIC_DEMO
D_20260906,2026-09-06T17:44:28,40,SERVED,211.9,12,SYNTHETIC_DEMO
D_20260906,2026-09-06T17:36:24,41,ENTER,,11,SYNTHETIC_DEMO
D_20260906,2026-09-06T17:39:50,41,SERVED,206.4,11,SYNTHETIC_DEMO
D_20260906,2026-09-06T17:46:45,42,ENTER,,12,SYNTHETIC_DEMO
D_20260906,2026-09-06T17:49:49,42,SERVED,183.6,12,SYNTHETIC_DEMO
D_20260906,2026-09-06T17:48:19,43,ENTER,,11,SYNTHETIC_DEMO
D_20260906,2026-09-06T17:50:16,43,ABANDONED,,11,SYNTHETIC_DEMO
D_20260906,2026-09-06T17:32:04,44,ENTER,,12,SYNTHETIC_DEMO
D_20260906,2026-09-06T17:36:09,44,SERVED,244.3,12,SYNTHETIC_DEMO
D_20260906,2026-09-06T18:09:22,45,ENTER,,4,SYNTHETIC_DEMO
D_20260906,2026-09-06T18:10:45,45,SERVED,82.9,4,SYNTHETIC_DEMO
D_20260906,2026-09-06T17:36:02,46,ENTER,,12,SYNTHETIC_DEMO
D_20260906,2026-09-06T17:39:15,46,SERVED,193.2,12,SYNTHETIC_DEMO
D_20260906,2026-09-06T18:08:12,47,ENTER,,4,SYNTHETIC_DEMO
D_20260906,2026-09-06T18:09:29,47,SERVED,76.8,4,SYNTHETIC_DEMO
D_20260906,2026-09-06T17:48:18,48,ENTER,,11,SYNTHETIC_DEMO
D_20260906,2026-09-06T17:51:11,48,SERVED,172.9,11,SYNTHETIC_DEMO
D_20260906,2026-09-06T17:26:08,49,ENTER,,11,SYNTHETIC_DEMO
D_20260906,2026-09-06T17:29:32,49,SERVED,203.9,11,SYNTHETIC_DEMO
D_20260906,2026-09-06T17:50:54,50,ENTER,,11,SYNTHETIC_DEMO
D_20260906,2026-09-06T17:54:08,50,SERVED,193.3,11,SYNTHETIC_DEMO
D_20260906,2026-09-06T17:47:04,51,ENTER,,12,SYNTHETIC_DEMO
D_20260906,2026-09-06T17:50:09,51,SERVED,184.4,12,SYNTHETIC_DEMO
D_20260906,2026-09-06T17:37:34,52,ENTER,,12,SYNTHETIC_DEMO
D_20260906,2026-09-06T17:41:34,52,SERVED,239.7,12,SYNTHETIC_DEMO
D_20260906,2026-09-06T17:22:49,53,ENTER,,7,SYNTHETIC_DEMO
D_20260906,2026-09-06T17:24:58,53,SERVED,129.1,7,SYNTHETIC_DEMO
D_20260906,2026-09-06T17:36:13,54,ENTER,,12,SYNTHETIC_DEMO
D_20260906,2026-09-06T17:39:30,54,SERVED,196.7,12,SYNTHETIC_DEMO
D_20260906,2026-09-06T17:06:00,55,ENTER,,3,SYNTHETIC_DEMO
D_20260906,2026-09-06T17:07:48,55,SERVED,108.3,3,SYNTHETIC_DEMO
D_20260906,2026-09-06T17:15:21,56,ENTER,,6,SYNTHETIC_DEMO
D_20260906,2026-09-06T17:18:05,56,SERVED,164.2,6,SYNTHETIC_DEMO
D_20260906,2026-09-06T17:23:52,57,ENTER,,8,SYNTHETIC_DEMO
D_20260906,2026-09-06T17:25:57,57,SERVED,125.6,8,SYNTHETIC_DEMO
D_20260906,2026-09-06T17:40:02,58,ENTER,,12,SYNTHETIC_DEMO
D_20260906,2026-09-06T17:42:59,58,SERVED,177.1,12,SYNTHETIC_DEMO
D_20260906,2026-09-06T18:06:54,59,ENTER,,5,SYNTHETIC_DEMO
D_20260906,2026-09-06T18:09:28,59,SERVED,153.8,5,SYNTHETIC_DEMO
D_20260906,2026-09-06T18:10:31,60,ENTER,,4,SYNTHETIC_DEMO
D_20260906,2026-09-06T18:11:27,60,ABANDONED,,4,SYNTHETIC_DEMO
D_20260906,2026-09-06T17:12:43,61,ENTER,,6,SYNTHETIC_DEMO
D_20260906,2026-09-06T17:15:24,61,SERVED,160.4,6,SYNTHETIC_DEMO
D_20260906,2026-09-06T17:09:02,62,ENTER,,4,SYNTHETIC_DEMO
D_20260906,2026-09-06T17:11:08,62,SERVED,125.5,4,SYNTHETIC_DEMO
D_20260906,2026-09-06T17:12:55,63,ENTER,,4,SYNTHETIC_DEMO
D_20260906,2026-09-06T17:15:11,63,SERVED,136.3,4,SYNTHETIC_DEMO
D_20260906,2026-09-06T17:58:05,64,ENTER,,8,SYNTHETIC_DEMO
D_20260906,2026-09-06T18:00:53,64,SERVED,167.9,8,SYNTHETIC_DEMO
D_20260906,2026-09-06T17:58:16,65,ENTER,,8,SYNTHETIC_DEMO
D_20260906,2026-09-06T18:01:14,65,SERVED,178.3,8,SYNTHETIC_DEMO
D_20260906,2026-09-06T17:21:50,66,ENTER,,9,SYNTHETIC_DEMO
D_20260906,2026-09-06T17:24:17,66,SERVED,147.3,9,SYNTHETIC_DEMO
D_20260906,2026-09-06T17:46:18,67,ENTER,,12,SYNTHETIC_DEMO
D_20260906,2026-09-06T17:50:24,67,SERVED,245.8,12,SYNTHETIC_DEMO
D_20260906,2026-09-06T17:14:36,68,ENTER,,5,SYNTHETIC_DEMO
D_20260906,2026-09-06T17:16:28,68,SERVED,112.6,5,SYNTHETIC_DEMO
D_20260906,2026-09-06T18:11:58,69,ENTER,,3,SYNTHETIC_DEMO
D_20260906,2026-09-06T18:13:00,69,SERVED,61.8,3,SYNTHETIC_DEMO
D_20260906,2026-09-06T17:35:19,70,ENTER,,11,SYNTHETIC_DEMO
D_20260906,2026-09-06T17:38:05,70,SERVED,166.4,11,SYNTHETIC_DEMO
D_20260906,2026-09-06T17:41:11,71,ENTER,,14,SYNTHETIC_DEMO
D_20260906,2026-09-06T17:44:54,71,SERVED,222.0,14,SYNTHETIC_DEMO
D_20260906,2026-09-06T17:29:35,72,ENTER,,9,SYNTHETIC_DEMO
D_20260906,2026-09-06T17:32:39,72,SERVED,184.5,9,SYNTHETIC_DEMO
D_20260906,2026-09-06T17:33:36,73,ENTER,,13,SYNTHETIC_DEMO
D_20260906,2026-09-06T17:37:55,73,SERVED,258.9,13,SYNTHETIC_DEMO
D_20260906,2026-09-06T17:40:13,74,ENTER,,13,SYNTHETIC_DEMO
D_20260906,2026-09-06T17:43:58,74,SERVED,224.9,13,SYNTHETIC_DEMO
D_20260906,2026-09-06T17:46:45,75,ENTER,,11,SYNTHETIC_DEMO
D_20260906,2026-09-06T17:49:52,75,SERVED,186.8,11,SYNTHETIC_DEMO
D_20260906,2026-09-06T17:14:47,76,ENTER,,4,SYNTHETIC_DEMO
D_20260906,2026-09-06T17:16:03,76,SERVED,76.0,4,SYNTHETIC_DEMO
D_20260906,2026-09-06T17:28:50,77,ENTER,,11,SYNTHETIC_DEMO
D_20260906,2026-09-06T17:32:38,77,SERVED,227.9,11,SYNTHETIC_DEMO
D_20260906,2026-09-06T17:59:32,78,ENTER,,8,SYNTHETIC_DEMO
D_20260906,2026-09-06T18:01:49,78,SERVED,136.8,8,SYNTHETIC_DEMO
D_20260906,2026-09-06T17:58:45,79,ENTER,,10,SYNTHETIC_DEMO
D_20260906,2026-09-06T18:02:06,79,SERVED,200.6,10,SYNTHETIC_DEMO
D_20260906,2026-09-06T17:44:11,80,ENTER,,12,SYNTHETIC_DEMO
D_20260906,2026-09-06T17:48:09,80,SERVED,238.0,12,SYNTHETIC_DEMO
D_20260906,2026-09-06T17:39:35,81,ENTER,,12,SYNTHETIC_DEMO
D_20260906,2026-09-06T17:42:34,81,SERVED,179.3,12,SYNTHETIC_DEMO
D_20260906,2026-09-06T17:13:30,82,ENTER,,6,SYNTHETIC_DEMO
D_20260906,2026-09-06T17:14:31,82,ABANDONED,,6,SYNTHETIC_DEMO
D_20260906,2026-09-06T17:42:14,83,ENTER,,12,SYNTHETIC_DEMO
D_20260906,2026-09-06T17:46:16,83,SERVED,242.2,12,SYNTHETIC_DEMO
D_20260906,2026-09-06T17:40:30,84,ENTER,,13,SYNTHETIC_DEMO
D_20260906,2026-09-06T17:44:44,84,SERVED,254.6,13,SYNTHETIC_DEMO
D_20260906,2026-09-06T17:28:59,85,ENTER,,11,SYNTHETIC_DEMO
D_20260906,2026-09-06T17:31:52,85,SERVED,173.0,11,SYNTHETIC_DEMO
D_20260906,2026-09-06T17:34:03,86,ENTER,,13,SYNTHETIC_DEMO
D_20260906,2026-09-06T17:38:22,86,SERVED,258.6,13,SYNTHETIC_DEMO
B_20260907,2026-09-07T05:45:11,1,ENTER,,6,SYNTHETIC_DEMO
B_20260907,2026-09-07T05:47:24,1,SERVED,133.0,6,SYNTHETIC_DEMO
B_20260907,2026-09-07T06:08:17,2,ENTER,,8,SYNTHETIC_DEMO
B_20260907,2026-09-07T06:11:21,2,SERVED,183.3,8,SYNTHETIC_DEMO
B_20260907,2026-09-07T06:08:16,3,ENTER,,10,SYNTHETIC_DEMO
B_20260907,2026-09-07T06:10:55,3,SERVED,159.0,10,SYNTHETIC_DEMO
B_20260907,2026-09-07T05:41:27,4,ENTER,,6,SYNTHETIC_DEMO
B_20260907,2026-09-07T05:44:04,4,SERVED,156.5,6,SYNTHETIC_DEMO
B_20260907,2026-09-07T06:24:59,5,ENTER,,5,SYNTHETIC_DEMO
B_20260907,2026-09-07T06:27:04,5,SERVED,124.3,5,SYNTHETIC_DEMO
B_20260907,2026-09-07T05:50:58,6,ENTER,,6,SYNTHETIC_DEMO
B_20260907,2026-09-07T05:53:10,6,SERVED,132.7,6,SYNTHETIC_DEMO
B_20260907,2026-09-07T05:34:02,7,ENTER,,2,SYNTHETIC_DEMO
B_20260907,2026-09-07T05:35:42,7,SERVED,99.3,2,SYNTHETIC_DEMO
B_20260907,2026-09-07T06:03:56,8,ENTER,,11,SYNTHETIC_DEMO
B_20260907,2026-09-07T06:06:54,8,SERVED,177.6,11,SYNTHETIC_DEMO
B_20260907,2026-09-07T06:04:06,9,ENTER,,10,SYNTHETIC_DEMO
B_20260907,2026-09-07T06:07:47,9,SERVED,220.5,10,SYNTHETIC_DEMO
B_20260907,2026-09-07T07:01:31,10,ENTER,,1,SYNTHETIC_DEMO
B_20260907,2026-09-07T07:02:12,10,SERVED,41.4,1,SYNTHETIC_DEMO
B_20260907,2026-09-07T06:04:07,11,ENTER,,10,SYNTHETIC_DEMO
B_20260907,2026-09-07T06:06:45,11,SERVED,157.6,10,SYNTHETIC_DEMO
B_20260907,2026-09-07T06:04:43,12,ENTER,,10,SYNTHETIC_DEMO
B_20260907,2026-09-07T06:07:53,12,SERVED,190.3,10,SYNTHETIC_DEMO
B_20260907,2026-09-07T06:04:18,13,ENTER,,9,SYNTHETIC_DEMO
B_20260907,2026-09-07T06:07:34,13,SERVED,195.5,9,SYNTHETIC_DEMO
B_20260907,2026-09-07T05:56:20,14,ENTER,,9,SYNTHETIC_DEMO
B_20260907,2026-09-07T05:59:30,14,SERVED,189.7,9,SYNTHETIC_DEMO
B_20260907,2026-09-07T06:16:54,15,ENTER,,8,SYNTHETIC_DEMO
B_20260907,2026-09-07T06:20:01,15,SERVED,187.6,8,SYNTHETIC_DEMO
B_20260907,2026-09-07T05:54:55,16,ENTER,,9,SYNTHETIC_DEMO
B_20260907,2026-09-07T05:57:15,16,SERVED,140.4,9,SYNTHETIC_DEMO
B_20260907,2026-09-07T06:19:10,17,ENTER,,7,SYNTHETIC_DEMO
B_20260907,2026-09-07T06:21:52,17,SERVED,162.4,7,SYNTHETIC_DEMO
B_20260907,2026-09-07T06:06:19,18,ENTER,,11,SYNTHETIC_DEMO
B_20260907,2026-09-07T06:09:10,18,SERVED,171.5,11,SYNTHETIC_DEMO
B_20260907,2026-09-07T05:36:42,19,ENTER,,4,SYNTHETIC_DEMO
B_20260907,2026-09-07T05:38:13,19,SERVED,90.7,4,SYNTHETIC_DEMO
B_20260907,2026-09-07T06:34:43,20,ENTER,,3,SYNTHETIC_DEMO
B_20260907,2026-09-07T06:35:57,20,SERVED,74.1,3,SYNTHETIC_DEMO
B_20260907,2026-09-07T06:01:33,21,ENTER,,10,SYNTHETIC_DEMO
B_20260907,2026-09-07T06:04:43,21,SERVED,190.4,10,SYNTHETIC_DEMO
B_20260907,2026-09-07T06:10:53,22,ENTER,,9,SYNTHETIC_DEMO
B_20260907,2026-09-07T06:14:06,22,SERVED,192.6,9,SYNTHETIC_DEMO
B_20260907,2026-09-07T05:52:21,23,ENTER,,7,SYNTHETIC_DEMO
B_20260907,2026-09-07T05:54:32,23,SERVED,131.1,7,SYNTHETIC_DEMO
B_20260907,2026-09-07T05:36:11,24,ENTER,,3,SYNTHETIC_DEMO
B_20260907,2026-09-07T05:37:56,24,SERVED,104.9,3,SYNTHETIC_DEMO
B_20260907,2026-09-07T05:58:42,25,ENTER,,10,SYNTHETIC_DEMO
B_20260907,2026-09-07T06:01:47,25,SERVED,184.3,10,SYNTHETIC_DEMO
B_20260907,2026-09-07T06:04:55,26,ENTER,,10,SYNTHETIC_DEMO
B_20260907,2026-09-07T06:07:38,26,SERVED,162.5,10,SYNTHETIC_DEMO
B_20260907,2026-09-07T06:12:45,27,ENTER,,9,SYNTHETIC_DEMO
B_20260907,2026-09-07T06:16:12,27,SERVED,207.2,9,SYNTHETIC_DEMO
B_20260907,2026-09-07T06:35:08,28,ENTER,,4,SYNTHETIC_DEMO
B_20260907,2026-09-07T06:37:07,28,SERVED,119.3,4,SYNTHETIC_DEMO
B_20260907,2026-09-07T06:01:28,29,ENTER,,11,SYNTHETIC_DEMO
B_20260907,2026-09-07T06:05:00,29,SERVED,211.5,11,SYNTHETIC_DEMO
B_20260907,2026-09-07T05:30:00,30,ENTER,,4,SYNTHETIC_DEMO
B_20260907,2026-09-07T05:31:53,30,SERVED,113.3,4,SYNTHETIC_DEMO
B_20260907,2026-09-07T05:30:00,31,ENTER,,2,SYNTHETIC_DEMO
B_20260907,2026-09-07T05:30:48,31,SERVED,48.7,2,SYNTHETIC_DEMO
B_20260907,2026-09-07T06:06:26,32,ENTER,,10,SYNTHETIC_DEMO
B_20260907,2026-09-07T06:09:08,32,SERVED,162.1,10,SYNTHETIC_DEMO
B_20260907,2026-09-07T06:01:09,33,ENTER,,9,SYNTHETIC_DEMO
B_20260907,2026-09-07T06:04:28,33,SERVED,199.2,9,SYNTHETIC_DEMO
B_20260907,2026-09-07T06:24:20,34,ENTER,,7,SYNTHETIC_DEMO
B_20260907,2026-09-07T06:26:21,34,SERVED,121.2,7,SYNTHETIC_DEMO
B_20260907,2026-09-07T06:09:27,35,ENTER,,10,SYNTHETIC_DEMO
B_20260907,2026-09-07T06:12:49,35,SERVED,201.6,10,SYNTHETIC_DEMO
B_20260907,2026-09-07T05:48:46,36,ENTER,,6,SYNTHETIC_DEMO
B_20260907,2026-09-07T05:51:04,36,SERVED,138.0,6,SYNTHETIC_DEMO
B_20260907,2026-09-07T06:53:29,37,ENTER,,2,SYNTHETIC_DEMO
B_20260907,2026-09-07T06:54:48,37,SERVED,78.6,2,SYNTHETIC_DEMO
B_20260907,2026-09-07T05:30:00,38,ENTER,,3,SYNTHETIC_DEMO
B_20260907,2026-09-07T05:31:14,38,SERVED,74.3,3,SYNTHETIC_DEMO
B_20260907,2026-09-07T06:17:45,39,ENTER,,8,SYNTHETIC_DEMO
B_20260907,2026-09-07T06:20:20,39,SERVED,155.1,8,SYNTHETIC_DEMO
B_20260907,2026-09-07T06:07:02,40,ENTER,,9,SYNTHETIC_DEMO
B_20260907,2026-09-07T06:09:43,40,SERVED,161.2,9,SYNTHETIC_DEMO
B_20260907,2026-09-07T05:37:37,41,ENTER,,4,SYNTHETIC_DEMO
B_20260907,2026-09-07T05:39:34,41,SERVED,117.5,4,SYNTHETIC_DEMO
B_20260907,2026-09-07T06:07:16,42,ENTER,,11,SYNTHETIC_DEMO
B_20260907,2026-09-07T06:10:15,42,SERVED,178.2,11,SYNTHETIC_DEMO
B_20260907,2026-09-07T05:30:00,43,ENTER,,2,SYNTHETIC_DEMO
B_20260907,2026-09-07T05:31:34,43,SERVED,94.3,2,SYNTHETIC_DEMO
B_20260907,2026-09-07T05:42:27,44,ENTER,,4,SYNTHETIC_DEMO
B_20260907,2026-09-07T05:44:05,44,SERVED,98.3,4,SYNTHETIC_DEMO
B_20260907,2026-09-07T06:28:31,45,ENTER,,5,SYNTHETIC_DEMO
B_20260907,2026-09-07T06:30:47,45,SERVED,136.2,5,SYNTHETIC_DEMO
B_20260907,2026-09-07T05:57:35,46,ENTER,,10,SYNTHETIC_DEMO
B_20260907,2026-09-07T06:00:15,46,SERVED,160.4,10,SYNTHETIC_DEMO
B_20260907,2026-09-07T05:49:01,47,ENTER,,7,SYNTHETIC_DEMO
B_20260907,2026-09-07T05:50:53,47,SERVED,112.1,7,SYNTHETIC_DEMO
B_20260907,2026-09-07T06:10:38,48,ENTER,,9,SYNTHETIC_DEMO
B_20260907,2026-09-07T06:13:15,48,SERVED,157.2,9,SYNTHETIC_DEMO
B_20260907,2026-09-07T06:10:00,49,ENTER,,9,SYNTHETIC_DEMO
B_20260907,2026-09-07T06:12:17,49,SERVED,137.3,9,SYNTHETIC_DEMO
B_20260907,2026-09-07T06:38:24,50,ENTER,,4,SYNTHETIC_DEMO
B_20260907,2026-09-07T06:40:08,50,SERVED,104.2,4,SYNTHETIC_DEMO
B_20260907,2026-09-07T05:32:25,51,ENTER,,2,SYNTHETIC_DEMO
B_20260907,2026-09-07T05:33:45,51,SERVED,80.1,2,SYNTHETIC_DEMO
B_20260907,2026-09-07T05:44:17,52,ENTER,,6,SYNTHETIC_DEMO
B_20260907,2026-09-07T05:46:16,52,SERVED,119.5,6,SYNTHETIC_DEMO
B_20260907,2026-09-07T05:53:15,53,ENTER,,8,SYNTHETIC_DEMO
B_20260907,2026-09-07T05:56:23,53,SERVED,187.7,8,SYNTHETIC_DEMO
B_20260907,2026-09-07T06:20:23,54,ENTER,,7,SYNTHETIC_DEMO
B_20260907,2026-09-07T06:22:37,54,SERVED,134.2,7,SYNTHETIC_DEMO
B_20260907,2026-09-07T06:05:37,55,ENTER,,11,SYNTHETIC_DEMO
B_20260907,2026-09-07T06:08:36,55,SERVED,179.1,11,SYNTHETIC_DEMO
B_20260907,2026-09-07T05:48:14,56,ENTER,,6,SYNTHETIC_DEMO
B_20260907,2026-09-07T05:50:11,56,SERVED,116.8,6,SYNTHETIC_DEMO
B_20260907,2026-09-07T06:13:41,57,ENTER,,10,SYNTHETIC_DEMO
B_20260907,2026-09-07T06:16:16,57,SERVED,155.7,10,SYNTHETIC_DEMO
B_20260907,2026-09-07T05:47:44,58,ENTER,,6,SYNTHETIC_DEMO
B_20260907,2026-09-07T05:50:02,58,SERVED,138.2,6,SYNTHETIC_DEMO
B_20260907,2026-09-07T06:02:14,59,ENTER,,10,SYNTHETIC_DEMO
B_20260907,2026-09-07T06:05:11,59,SERVED,176.7,10,SYNTHETIC_DEMO
B_20260907,2026-09-07T06:24:08,60,ENTER,,6,SYNTHETIC_DEMO
B_20260907,2026-09-07T06:25:53,60,SERVED,105.1,6,SYNTHETIC_DEMO
B_20260907,2026-09-07T05:35:51,61,ENTER,,4,SYNTHETIC_DEMO
B_20260907,2026-09-07T05:37:33,61,SERVED,101.5,4,SYNTHETIC_DEMO
B_20260907,2026-09-07T06:20:18,62,ENTER,,8,SYNTHETIC_DEMO
B_20260907,2026-09-07T06:22:42,62,SERVED,144.5,8,SYNTHETIC_DEMO
B_20260907,2026-09-07T06:27:30,63,ENTER,,4,SYNTHETIC_DEMO
B_20260907,2026-09-07T06:29:36,63,SERVED,125.8,4,SYNTHETIC_DEMO
B_20260907,2026-09-07T05:55:32,64,ENTER,,9,SYNTHETIC_DEMO
B_20260907,2026-09-07T05:58:36,64,SERVED,184.1,9,SYNTHETIC_DEMO
B_20260907,2026-09-07T06:37:58,65,ENTER,,2,SYNTHETIC_DEMO
B_20260907,2026-09-07T06:39:46,65,SERVED,107.4,2,SYNTHETIC_DEMO
B_20260907,2026-09-07T06:01:17,66,ENTER,,10,SYNTHETIC_DEMO
B_20260907,2026-09-07T06:04:38,66,SERVED,201.1,10,SYNTHETIC_DEMO
B_20260907,2026-09-07T06:09:25,67,ENTER,,9,SYNTHETIC_DEMO
B_20260907,2026-09-07T06:11:50,67,SERVED,145.5,9,SYNTHETIC_DEMO
B_20260907,2026-09-07T05:53:04,68,ENTER,,8,SYNTHETIC_DEMO
B_20260907,2026-09-07T05:55:51,68,SERVED,167.3,8,SYNTHETIC_DEMO
B_20260907,2026-09-07T06:19:32,69,ENTER,,7,SYNTHETIC_DEMO
B_20260907,2026-09-07T06:22:04,69,SERVED,152.0,7,SYNTHETIC_DEMO
B_20260907,2026-09-07T05:50:52,70,ENTER,,7,SYNTHETIC_DEMO
B_20260907,2026-09-07T05:52:02,70,ABANDONED,,7,SYNTHETIC_DEMO
B_20260907,2026-09-07T06:07:10,71,ENTER,,8,SYNTHETIC_DEMO
B_20260907,2026-09-07T06:10:04,71,SERVED,174.0,8,SYNTHETIC_DEMO
B_20260907,2026-09-07T06:09:16,72,ENTER,,11,SYNTHETIC_DEMO
B_20260907,2026-09-07T06:12:35,72,SERVED,199.2,11,SYNTHETIC_DEMO
B_20260907,2026-09-07T05:59:34,73,ENTER,,8,SYNTHETIC_DEMO
B_20260907,2026-09-07T06:01:53,73,SERVED,139.3,8,SYNTHETIC_DEMO
B_20260907,2026-09-07T06:16:49,74,ENTER,,7,SYNTHETIC_DEMO
B_20260907,2026-09-07T06:19:42,74,SERVED,173.9,7,SYNTHETIC_DEMO
B_20260907,2026-09-07T06:13:23,75,ENTER,,9,SYNTHETIC_DEMO
B_20260907,2026-09-07T06:15:51,75,SERVED,148.2,9,SYNTHETIC_DEMO
B_20260907,2026-09-07T06:38:47,76,ENTER,,3,SYNTHETIC_DEMO
B_20260907,2026-09-07T06:40:17,76,SERVED,89.7,3,SYNTHETIC_DEMO
B_20260907,2026-09-07T06:23:23,77,ENTER,,8,SYNTHETIC_DEMO
B_20260907,2026-09-07T06:26:21,77,SERVED,178.4,8,SYNTHETIC_DEMO
B_20260907,2026-09-07T05:52:36,78,ENTER,,10,SYNTHETIC_DEMO
B_20260907,2026-09-07T05:55:31,78,SERVED,175.0,10,SYNTHETIC_DEMO
B_20260907,2026-09-07T05:59:50,79,ENTER,,9,SYNTHETIC_DEMO
B_20260907,2026-09-07T06:02:31,79,SERVED,161.0,9,SYNTHETIC_DEMO
B_20260907,2026-09-07T06:28:26,80,ENTER,,6,SYNTHETIC_DEMO
B_20260907,2026-09-07T06:29:16,80,ABANDONED,,6,SYNTHETIC_DEMO
B_20260907,2026-09-07T05:56:44,81,ENTER,,10,SYNTHETIC_DEMO
B_20260907,2026-09-07T06:00:15,81,SERVED,211.1,10,SYNTHETIC_DEMO
B_20260907,2026-09-07T06:34:30,82,ENTER,,4,SYNTHETIC_DEMO
B_20260907,2026-09-07T06:35:57,82,SERVED,86.9,4,SYNTHETIC_DEMO
B_20260907,2026-09-07T06:47:02,83,ENTER,,2,SYNTHETIC_DEMO
B_20260907,2026-09-07T06:48:49,83,SERVED,107.4,2,SYNTHETIC_DEMO
B_20260907,2026-09-07T06:07:25,84,ENTER,,9,SYNTHETIC_DEMO
B_20260907,2026-09-07T06:10:44,84,SERVED,199.0,9,SYNTHETIC_DEMO
B_20260907,2026-09-07T05:50:16,85,ENTER,,8,SYNTHETIC_DEMO
B_20260907,2026-09-07T05:53:11,85,SERVED,174.5,8,SYNTHETIC_DEMO
L_20260907,2026-09-07T12:18:54,1,ENTER,,12,SYNTHETIC_DEMO
L_20260907,2026-09-07T12:22:07,1,SERVED,192.5,12,SYNTHETIC_DEMO
L_20260907,2026-09-07T11:33:43,2,ENTER,,9,SYNTHETIC_DEMO
L_20260907,2026-09-07T11:37:02,2,SERVED,198.4,9,SYNTHETIC_DEMO
L_20260907,2026-09-07T11:38:29,3,ENTER,,13,SYNTHETIC_DEMO
L_20260907,2026-09-07T11:42:32,3,SERVED,242.6,13,SYNTHETIC_DEMO
L_20260907,2026-09-07T11:30:00,4,ENTER,,7,SYNTHETIC_DEMO
L_20260907,2026-09-07T11:32:25,4,SERVED,145.9,7,SYNTHETIC_DEMO
L_20260907,2026-09-07T12:32:19,5,ENTER,,6,SYNTHETIC_DEMO
L_20260907,2026-09-07T12:34:48,5,SERVED,149.3,6,SYNTHETIC_DEMO
L_20260907,2026-09-07T12:14:08,6,ENTER,,18,SYNTHETIC_DEMO
L_20260907,2026-09-07T12:19:30,6,SERVED,322.9,18,SYNTHETIC_DEMO
L_20260907,2026-09-07T12:22:41,7,ENTER,,9,SYNTHETIC_DEMO
L_20260907,2026-09-07T12:25:16,7,SERVED,154.6,9,SYNTHETIC_DEMO
L_20260907,2026-09-07T12:19:01,8,ENTER,,14,SYNTHETIC_DEMO
L_20260907,2026-09-07T12:23:33,8,SERVED,271.7,14,SYNTHETIC_DEMO
L_20260907,2026-09-07T12:26:50,9,ENTER,,7,SYNTHETIC_DEMO
L_20260907,2026-09-07T12:29:05,9,SERVED,135.8,7,SYNTHETIC_DEMO
L_20260907,2026-09-07T11:38:19,10,ENTER,,11,SYNTHETIC_DEMO
L_20260907,2026-09-07T11:41:20,10,SERVED,181.0,11,SYNTHETIC_DEMO
L_20260907,2026-09-07T11:46:12,11,ENTER,,18,SYNTHETIC_DEMO
L_20260907,2026-09-07T11:48:47,11,ABANDONED,,18,SYNTHETIC_DEMO
L_20260907,2026-09-07T11:53:09,12,ENTER,,20,SYNTHETIC_DEMO
L_20260907,2026-09-07T11:58:41,12,SERVED,332.5,20,SYNTHETIC_DEMO
L_20260907,2026-09-07T11:47:37,13,ENTER,,16,SYNTHETIC_DEMO
L_20260907,2026-09-07T11:52:04,13,SERVED,267.6,16,SYNTHETIC_DEMO
L_20260907,2026-09-07T11:45:43,14,ENTER,,16,SYNTHETIC_DEMO
L_20260907,2026-09-07T11:50:32,14,SERVED,288.9,16,SYNTHETIC_DEMO
L_20260907,2026-09-07T11:43:44,15,ENTER,,15,SYNTHETIC_DEMO
L_20260907,2026-09-07T11:47:56,15,SERVED,252.5,15,SYNTHETIC_DEMO
L_20260907,2026-09-07T12:17:31,16,ENTER,,14,SYNTHETIC_DEMO
L_20260907,2026-09-07T12:21:10,16,SERVED,218.9,14,SYNTHETIC_DEMO
L_20260907,2026-09-07T11:33:52,17,ENTER,,9,SYNTHETIC_DEMO
L_20260907,2026-09-07T11:37:04,17,SERVED,191.8,9,SYNTHETIC_DEMO
L_20260907,2026-09-07T12:19:54,18,ENTER,,12,SYNTHETIC_DEMO
L_20260907,2026-09-07T12:23:35,18,SERVED,220.2,12,SYNTHETIC_DEMO
L_20260907,2026-09-07T11:52:16,19,ENTER,,20,SYNTHETIC_DEMO
L_20260907,2026-09-07T11:57:42,19,SERVED,326.4,20,SYNTHETIC_DEMO
L_20260907,2026-09-07T12:16:59,20,ENTER,,15,SYNTHETIC_DEMO
L_20260907,2026-09-07T12:21:31,20,SERVED,271.0,15,SYNTHETIC_DEMO
L_20260907,2026-09-07T11:56:40,21,ENTER,,22,SYNTHETIC_DEMO
L_20260907,2026-09-07T12:01:49,21,SERVED,308.7,22,SYNTHETIC_DEMO
L_20260907,2026-09-07T11:30:38,22,ENTER,,7,SYNTHETIC_DEMO
L_20260907,2026-09-07T11:33:05,22,SERVED,146.3,7,SYNTHETIC_DEMO
L_20260907,2026-09-07T11:44:38,23,ENTER,,14,SYNTHETIC_DEMO
L_20260907,2026-09-07T11:48:21,23,SERVED,223.3,14,SYNTHETIC_DEMO
L_20260907,2026-09-07T12:12:33,24,ENTER,,18,SYNTHETIC_DEMO
L_20260907,2026-09-07T12:17:33,24,SERVED,299.4,18,SYNTHETIC_DEMO
L_20260907,2026-09-07T11:53:21,25,ENTER,,22,SYNTHETIC_DEMO
L_20260907,2026-09-07T11:58:47,25,SERVED,325.9,22,SYNTHETIC_DEMO
L_20260907,2026-09-07T11:32:00,26,ENTER,,7,SYNTHETIC_DEMO
L_20260907,2026-09-07T11:34:05,26,SERVED,125.3,7,SYNTHETIC_DEMO
L_20260907,2026-09-07T11:35:57,27,ENTER,,10,SYNTHETIC_DEMO
L_20260907,2026-09-07T11:39:39,27,SERVED,221.8,10,SYNTHETIC_DEMO
L_20260907,2026-09-07T11:55:53,28,ENTER,,22,SYNTHETIC_DEMO
L_20260907,2026-09-07T11:58:38,28,ABANDONED,,22,SYNTHETIC_DEMO
L_20260907,2026-09-07T11:36:41,29,ENTER,,10,SYNTHETIC_DEMO
L_20260907,2026-09-07T11:39:48,29,SERVED,187.1,10,SYNTHETIC_DEMO
L_20260907,2026-09-07T12:51:39,30,ENTER,,1,SYNTHETIC_DEMO
L_20260907,2026-09-07T12:52:18,30,SERVED,39.7,1,SYNTHETIC_DEMO
L_20260907,2026-09-07T12:19:46,31,ENTER,,13,SYNTHETIC_DEMO
L_20260907,2026-09-07T12:24:05,31,SERVED,258.8,13,SYNTHETIC_DEMO
L_20260907,2026-09-07T11:39:27,32,ENTER,,13,SYNTHETIC_DEMO
L_20260907,2026-09-07T11:41:34,32,ABANDONED,,13,SYNTHETIC_DEMO
L_20260907,2026-09-07T11:44:43,33,ENTER,,16,SYNTHETIC_DEMO
L_20260907,2026-09-07T11:49:32,33,SERVED,289.2,16,SYNTHETIC_DEMO
L_20260907,2026-09-07T12:11:12,34,ENTER,,19,SYNTHETIC_DEMO
L_20260907,2026-09-07T12:16:21,34,SERVED,308.9,19,SYNTHETIC_DEMO
L_20260907,2026-09-07T11:30:00,35,ENTER,,6,SYNTHETIC_DEMO
L_20260907,2026-09-07T11:32:35,35,SERVED,155.1,6,SYNTHETIC_DEMO
L_20260907,2026-09-07T11:47:31,36,ENTER,,19,SYNTHETIC_DEMO
L_20260907,2026-09-07T11:52:40,36,SERVED,308.5,19,SYNTHETIC_DEMO
L_20260907,2026-09-07T11:58:43,37,ENTER,,22,SYNTHETIC_DEMO
L_20260907,2026-09-07T12:04:53,37,SERVED,369.9,22,SYNTHETIC_DEMO
L_20260907,2026-09-07T11:40:24,38,ENTER,,13,SYNTHETIC_DEMO
L_20260907,2026-09-07T11:42:30,38,ABANDONED,,13,SYNTHETIC_DEMO
L_20260907,2026-09-07T12:19:25,39,ENTER,,13,SYNTHETIC_DEMO
L_20260907,2026-09-07T12:21:13,39,ABANDONED,,13,SYNTHETIC_DEMO
L_20260907,2026-09-07T12:06:07,40,ENTER,,21,SYNTHETIC_DEMO
L_20260907,2026-09-07T12:11:27,40,SERVED,320.0,21,SYNTHETIC_DEMO
L_20260907,2026-09-07T11:55:59,41,ENTER,,21,SYNTHETIC_DEMO
L_20260907,2026-09-07T12:01:58,41,SERVED,359.2,21,SYNTHETIC_DEMO
L_20260907,2026-09-07T11:51:40,42,ENTER,,21,SYNTHETIC_DEMO
L_20260907,2026-09-07T11:57:41,42,SERVED,360.8,21,SYNTHETIC_DEMO
L_20260907,2026-09-07T11:53:07,43,ENTER,,21,SYNTHETIC_DEMO
L_20260907,2026-09-07T11:58:21,43,SERVED,314.0,21,SYNTHETIC_DEMO
L_20260907,2026-09-07T12:25:20,44,ENTER,,7,SYNTHETIC_DEMO
L_20260907,2026-09-07T12:27:58,44,SERVED,158.3,7,SYNTHETIC_DEMO
L_20260907,2026-09-07T11:54:00,45,ENTER,,22,SYNTHETIC_DEMO
L_20260907,2026-09-07T11:59:13,45,SERVED,312.1,22,SYNTHETIC_DEMO
L_20260907,2026-09-07T12:37:49,46,ENTER,,2,SYNTHETIC_DEMO
L_20260907,2026-09-07T12:39:21,46,SERVED,91.5,2,SYNTHETIC_DEMO
L_20260907,2026-09-07T12:21:33,47,ENTER,,13,SYNTHETIC_DEMO
L_20260907,2026-09-07T12:25:40,47,SERVED,247.5,13,SYNTHETIC_DEMO
L_20260907,2026-09-07T11:50:48,48,ENTER,,19,SYNTHETIC_DEMO
L_20260907,2026-09-07T11:55:44,48,SERVED,295.6,19,SYNTHETIC_DEMO
L_20260907,2026-09-07T12:15:12,49,ENTER,,16,SYNTHETIC_DEMO
L_20260907,2026-09-07T12:19:22,49,SERVED,250.5,16,SYNTHETIC_DEMO
L_20260907,2026-09-07T11:59:38,50,ENTER,,23,SYNTHETIC_DEMO
L_20260907,2026-09-07T12:06:08,50,SERVED,389.1,23,SYNTHETIC_DEMO
L_20260907,2026-09-07T11:57:13,51,ENTER,,23,SYNTHETIC_DEMO
L_20260907,2026-09-07T12:03:04,51,SERVED,352.0,23,SYNTHETIC_DEMO
L_20260907,2026-09-07T11:30:00,52,ENTER,,7,SYNTHETIC_DEMO
L_20260907,2026-09-07T11:32:02,52,SERVED,122.3,7,SYNTHETIC_DEMO
L_20260907,2026-09-07T11:34:40,53,ENTER,,10,SYNTHETIC_DEMO
L_20260907,2026-09-07T11:37:19,53,SERVED,159.1,10,SYNTHETIC_DEMO
L_20260907,2026-09-07T11:44:56,54,ENTER,,17,SYNTHETIC_DEMO
L_20260907,2026-09-07T11:50:02,54,SERVED,305.2,17,SYNTHETIC_DEMO
L_20260907,2026-09-07T12:31:09,55,ENTER,,5,SYNTHETIC_DEMO
L_20260907,2026-09-07T12:32:46,55,SERVED,97.3,5,SYNTHETIC_DEMO
L_20260907,2026-09-07T12:01:47,56,ENTER,,22,SYNTHETIC_DEMO
L_20260907,2026-09-07T12:07:12,56,SERVED,325.4,22,SYNTHETIC_DEMO
L_20260907,2026-09-07T11:49:57,57,ENTER,,19,SYNTHETIC_DEMO
L_20260907,2026-09-07T11:55:23,57,SERVED,325.9,19,SYNTHETIC_DEMO
L_20260907,2026-09-07T11:44:51,58,ENTER,,18,SYNTHETIC_DEMO
L_20260907,2026-09-07T11:49:28,58,SERVED,277.5,18,SYNTHETIC_DEMO
L_20260907,2026-09-07T12:04:15,59,ENTER,,21,SYNTHETIC_DEMO
L_20260907,2026-09-07T12:09:27,59,SERVED,311.2,21,SYNTHETIC_DEMO
L_20260907,2026-09-07T12:18:33,60,ENTER,,15,SYNTHETIC_DEMO
L_20260907,2026-09-07T12:23:07,60,SERVED,274.9,15,SYNTHETIC_DEMO
L_20260907,2026-09-07T11:51:07,61,ENTER,,21,SYNTHETIC_DEMO
L_20260907,2026-09-07T11:56:08,61,SERVED,301.1,21,SYNTHETIC_DEMO
L_20260907,2026-09-07T11:50:47,62,ENTER,,20,SYNTHETIC_DEMO
L_20260907,2026-09-07T11:55:36,62,SERVED,289.3,20,SYNTHETIC_DEMO
L_20260907,2026-09-07T12:17:24,63,ENTER,,14,SYNTHETIC_DEMO
L_20260907,2026-09-07T12:20:47,63,SERVED,203.0,14,SYNTHETIC_DEMO
L_20260907,2026-09-07T12:08:53,64,ENTER,,20,SYNTHETIC_DEMO
L_20260907,2026-09-07T12:13:41,64,SERVED,288.6,20,SYNTHETIC_DEMO
L_20260907,2026-09-07T12:31:23,65,ENTER,,5,SYNTHETIC_DEMO
L_20260907,2026-09-07T12:33:04,65,SERVED,101.1,5,SYNTHETIC_DEMO
L_20260907,2026-09-07T12:32:55,66,ENTER,,7,SYNTHETIC_DEMO
L_20260907,2026-09-07T12:35:21,66,SERVED,146.0,7,SYNTHETIC_DEMO
L_20260907,2026-09-07T11:56:16,67,ENTER,,23,SYNTHETIC_DEMO
L_20260907,2026-09-07T12:02:31,67,SERVED,374.3,23,SYNTHETIC_DEMO
L_20260907,2026-09-07T11:30:20,68,ENTER,,6,SYNTHETIC_DEMO
L_20260907,2026-09-07T11:32:20,68,SERVED,120.3,6,SYNTHETIC_DEMO
L_20260907,2026-09-07T12:12:29,69,ENTER,,19,SYNTHETIC_DEMO
L_20260907,2026-09-07T12:17:10,69,SERVED,281.1,19,SYNTHETIC_DEMO
L_20260907,2026-09-07T12:25:15,70,ENTER,,10,SYNTHETIC_DEMO
L_20260907,2026-09-07T12:27:52,70,SERVED,157.3,10,SYNTHETIC_DEMO
L_20260907,2026-09-07T11:36:49,71,ENTER,,10,SYNTHETIC_DEMO
L_20260907,2026-09-07T11:40:03,71,SERVED,194.3,10,SYNTHETIC_DEMO
L_20260907,2026-09-07T12:41:55,72,ENTER,,3,SYNTHETIC_DEMO
L_20260907,2026-09-07T12:43:31,72,SERVED,95.7,3,SYNTHETIC_DEMO
L_20260907,2026-09-07T11:42:20,73,ENTER,,15,SYNTHETIC_DEMO
L_20260907,2026-09-07T11:46:14,73,SERVED,234.6,15,SYNTHETIC_DEMO
L_20260907,2026-09-07T11:58:15,74,ENTER,,23,SYNTHETIC_DEMO
L_20260907,2026-09-07T12:04:03,74,SERVED,348.0,23,SYNTHETIC_DEMO
L_20260907,2026-09-07T12:02:21,75,ENTER,,22,SYNTHETIC_DEMO
L_20260907,2026-09-07T12:08:32,75,SERVED,371.3,22,SYNTHETIC_DEMO
L_20260907,2026-09-07T12:10:06,76,ENTER,,19,SYNTHETIC_DEMO
L_20260907,2026-09-07T12:15:35,76,SERVED,328.8,19,SYNTHETIC_DEMO
L_20260907,2026-09-07T12:19:19,77,ENTER,,14,SYNTHETIC_DEMO
L_20260907,2026-09-07T12:23:32,77,SERVED,253.4,14,SYNTHETIC_DEMO
L_20260907,2026-09-07T11:44:58,78,ENTER,,16,SYNTHETIC_DEMO
L_20260907,2026-09-07T11:49:49,78,SERVED,290.2,16,SYNTHETIC_DEMO
L_20260907,2026-09-07T12:14:07,79,ENTER,,17,SYNTHETIC_DEMO
L_20260907,2026-09-07T12:18:46,79,SERVED,279.2,17,SYNTHETIC_DEMO
L_20260907,2026-09-07T12:08:17,80,ENTER,,21,SYNTHETIC_DEMO
L_20260907,2026-09-07T12:13:42,80,SERVED,325.5,21,SYNTHETIC_DEMO
L_20260907,2026-09-07T12:12:10,81,ENTER,,18,SYNTHETIC_DEMO
L_20260907,2026-09-07T12:17:25,81,SERVED,315.0,18,SYNTHETIC_DEMO
L_20260907,2026-09-07T11:49:46,82,ENTER,,19,SYNTHETIC_DEMO
L_20260907,2026-09-07T11:55:22,82,SERVED,336.2,19,SYNTHETIC_DEMO
L_20260907,2026-09-07T11:30:00,83,ENTER,,6,SYNTHETIC_DEMO
L_20260907,2026-09-07T11:32:35,83,SERVED,155.7,6,SYNTHETIC_DEMO
L_20260907,2026-09-07T11:52:33,84,ENTER,,21,SYNTHETIC_DEMO
L_20260907,2026-09-07T11:58:08,84,SERVED,334.3,21,SYNTHETIC_DEMO
L_20260907,2026-09-07T11:54:24,85,ENTER,,22,SYNTHETIC_DEMO
L_20260907,2026-09-07T11:59:46,85,SERVED,321.6,22,SYNTHETIC_DEMO
L_20260907,2026-09-07T11:56:02,86,ENTER,,22,SYNTHETIC_DEMO
L_20260907,2026-09-07T12:02:00,86,SERVED,358.2,22,SYNTHETIC_DEMO
L_20260907,2026-09-07T12:06:47,87,ENTER,,20,SYNTHETIC_DEMO
L_20260907,2026-09-07T12:11:53,87,SERVED,305.6,20,SYNTHETIC_DEMO
L_20260907,2026-09-07T12:13:20,88,ENTER,,16,SYNTHETIC_DEMO
L_20260907,2026-09-07T12:17:13,88,SERVED,232.8,16,SYNTHETIC_DEMO
L_20260907,2026-09-07T12:12:16,89,ENTER,,17,SYNTHETIC_DEMO
L_20260907,2026-09-07T12:17:08,89,SERVED,291.8,17,SYNTHETIC_DEMO
L_20260907,2026-09-07T11:56:25,90,ENTER,,23,SYNTHETIC_DEMO
L_20260907,2026-09-07T12:01:53,90,SERVED,327.9,23,SYNTHETIC_DEMO
L_20260907,2026-09-07T11:57:44,91,ENTER,,20,SYNTHETIC_DEMO
L_20260907,2026-09-07T12:03:09,91,SERVED,324.7,20,SYNTHETIC_DEMO
L_20260907,2026-09-07T12:53:38,92,ENTER,,0,SYNTHETIC_DEMO
L_20260907,2026-09-07T12:54:12,92,SERVED,34.2,0,SYNTHETIC_DEMO
L_20260907,2026-09-07T12:17:49,93,ENTER,,15,SYNTHETIC_DEMO
L_20260907,2026-09-07T12:21:43,93,SERVED,234.5,15,SYNTHETIC_DEMO
L_20260907,2026-09-07T12:04:14,94,ENTER,,21,SYNTHETIC_DEMO
L_20260907,2026-09-07T12:10:14,94,SERVED,360.4,21,SYNTHETIC_DEMO
L_20260907,2026-09-07T11:37:21,95,ENTER,,10,SYNTHETIC_DEMO
L_20260907,2026-09-07T11:39:53,95,SERVED,152.1,10,SYNTHETIC_DEMO
L_20260907,2026-09-07T12:25:41,96,ENTER,,9,SYNTHETIC_DEMO
L_20260907,2026-09-07T12:28:22,96,SERVED,161.3,9,SYNTHETIC_DEMO
L_20260907,2026-09-07T12:43:14,97,ENTER,,2,SYNTHETIC_DEMO
L_20260907,2026-09-07T12:44:58,97,SERVED,104.4,2,SYNTHETIC_DEMO
L_20260907,2026-09-07T11:55:11,98,ENTER,,22,SYNTHETIC_DEMO
L_20260907,2026-09-07T12:00:25,98,SERVED,314.5,22,SYNTHETIC_DEMO
L_20260907,2026-09-07T11:51:26,99,ENTER,,20,SYNTHETIC_DEMO
L_20260907,2026-09-07T11:56:28,99,SERVED,302.7,20,SYNTHETIC_DEMO
L_20260907,2026-09-07T11:34:51,100,ENTER,,10,SYNTHETIC_DEMO
L_20260907,2026-09-07T11:37:58,100,SERVED,187.1,10,SYNTHETIC_DEMO
L_20260907,2026-09-07T11:30:00,101,ENTER,,5,SYNTHETIC_DEMO
L_20260907,2026-09-07T11:32:24,101,SERVED,144.4,5,SYNTHETIC_DEMO
L_20260907,2026-09-07T11:41:25,102,ENTER,,14,SYNTHETIC_DEMO
L_20260907,2026-09-07T11:45:00,102,SERVED,215.1,14,SYNTHETIC_DEMO
L_20260907,2026-09-07T11:36:12,103,ENTER,,11,SYNTHETIC_DEMO
L_20260907,2026-09-07T11:39:30,103,SERVED,198.5,11,SYNTHETIC_DEMO
L_20260907,2026-09-07T11:30:00,104,ENTER,,6,SYNTHETIC_DEMO
L_20260907,2026-09-07T11:31:46,104,SERVED,106.3,6,SYNTHETIC_DEMO
L_20260907,2026-09-07T12:20:31,105,ENTER,,13,SYNTHETIC_DEMO
L_20260907,2026-09-07T12:23:53,105,SERVED,202.5,13,SYNTHETIC_DEMO
L_20260907,2026-09-07T11:59:19,106,ENTER,,21,SYNTHETIC_DEMO
L_20260907,2026-09-07T12:04:53,106,SERVED,334.0,21,SYNTHETIC_DEMO
L_20260907,2026-09-07T11:45:15,107,ENTER,,15,SYNTHETIC_DEMO
L_20260907,2026-09-07T11:48:56,107,SERVED,221.3,15,SYNTHETIC_DEMO
L_20260907,2026-09-07T11:47:19,108,ENTER,,18,SYNTHETIC_DEMO
L_20260907,2026-09-07T11:52:18,108,SERVED,299.4,18,SYNTHETIC_DEMO
L_20260907,2026-09-07T12:17:54,109,ENTER,,13,SYNTHETIC_DEMO
L_20260907,2026-09-07T12:22:11,109,SERVED,256.3,13,SYNTHETIC_DEMO
L_20260907,2026-09-07T11:30:00,110,ENTER,,6,SYNTHETIC_DEMO
L_20260907,2026-09-07T11:31:56,110,SERVED,116.1,6,SYNTHETIC_DEMO
L_20260907,2026-09-07T12:12:47,111,ENTER,,18,SYNTHETIC_DEMO
L_20260907,2026-09-07T12:18:09,111,SERVED,322.3,18,SYNTHETIC_DEMO
L_20260907,2026-09-07T12:00:46,112,ENTER,,22,SYNTHETIC_DEMO
L_20260907,2026-09-07T12:07:06,112,SERVED,380.0,22,SYNTHETIC_DEMO
L_20260907,2026-09-07T12:10:01,113,ENTER,,20,SYNTHETIC_DEMO
L_20260907,2026-09-07T12:14:59,113,SERVED,297.7,20,SYNTHETIC_DEMO
L_20260907,2026-09-07T11:41:59,114,ENTER,,14,SYNTHETIC_DEMO
L_20260907,2026-09-07T11:45:53,114,SERVED,234.1,14,SYNTHETIC_DEMO
L_20260907,2026-09-07T12:04:10,115,ENTER,,21,SYNTHETIC_DEMO
L_20260907,2026-09-07T12:09:49,115,SERVED,339.1,21,SYNTHETIC_DEMO
L_20260907,2026-09-07T12:04:07,116,ENTER,,22,SYNTHETIC_DEMO
L_20260907,2026-09-07T12:10:23,116,SERVED,376.5,22,SYNTHETIC_DEMO
L_20260907,2026-09-07T12:37:00,117,ENTER,,4,SYNTHETIC_DEMO
L_20260907,2026-09-07T12:39:04,117,SERVED,123.9,4,SYNTHETIC_DEMO
L_20260907,2026-09-07T12:45:05,118,ENTER,,1,SYNTHETIC_DEMO
L_20260907,2026-09-07T12:46:28,118,SERVED,83.0,1,SYNTHETIC_DEMO
L_20260907,2026-09-07T12:04:42,119,ENTER,,22,SYNTHETIC_DEMO
L_20260907,2026-09-07T12:10:24,119,SERVED,342.1,22,SYNTHETIC_DEMO
L_20260907,2026-09-07T11:49:43,120,ENTER,,20,SYNTHETIC_DEMO
L_20260907,2026-09-07T11:54:56,120,SERVED,312.6,20,SYNTHETIC_DEMO
L_20260907,2026-09-07T12:09:46,121,ENTER,,21,SYNTHETIC_DEMO
L_20260907,2026-09-07T12:15:08,121,SERVED,322.1,21,SYNTHETIC_DEMO
L_20260907,2026-09-07T11:41:46,122,ENTER,,13,SYNTHETIC_DEMO
L_20260907,2026-09-07T11:45:34,122,SERVED,228.4,13,SYNTHETIC_DEMO
L_20260907,2026-09-07T11:51:02,123,ENTER,,18,SYNTHETIC_DEMO
L_20260907,2026-09-07T11:55:19,123,SERVED,256.5,18,SYNTHETIC_DEMO
L_20260907,2026-09-07T11:55:39,124,ENTER,,22,SYNTHETIC_DEMO
L_20260907,2026-09-07T12:01:16,124,SERVED,336.8,22,SYNTHETIC_DEMO
L_20260907,2026-09-07T12:18:54,125,ENTER,,14,SYNTHETIC_DEMO
L_20260907,2026-09-07T12:23:14,125,SERVED,259.5,14,SYNTHETIC_DEMO
L_20260907,2026-09-07T12:00:20,126,ENTER,,24,SYNTHETIC_DEMO
L_20260907,2026-09-07T12:06:04,126,SERVED,343.8,24,SYNTHETIC_DEMO
L_20260907,2026-09-07T11:49:23,127,ENTER,,19,SYNTHETIC_DEMO
L_20260907,2026-09-07T11:54:54,127,SERVED,331.2,19,SYNTHETIC_DEMO
L_20260907,2026-09-07T12:00:52,128,ENTER,,23,SYNTHETIC_DEMO
L_20260907,2026-09-07T12:06:55,128,SERVED,362.9,23,SYNTHETIC_DEMO
L_20260907,2026-09-07T11:48:20,129,ENTER,,19,SYNTHETIC_DEMO
L_20260907,2026-09-07T11:52:56,129,SERVED,276.1,19,SYNTHETIC_DEMO
L_20260907,2026-09-07T12:11:41,130,ENTER,,19,SYNTHETIC_DEMO
L_20260907,2026-09-07T12:16:14,130,SERVED,273.2,19,SYNTHETIC_DEMO
L_20260907,2026-09-07T12:05:14,131,ENTER,,22,SYNTHETIC_DEMO
L_20260907,2026-09-07T12:10:51,131,SERVED,337.2,22,SYNTHETIC_DEMO
L_20260907,2026-09-07T12:32:28,132,ENTER,,5,SYNTHETIC_DEMO
L_20260907,2026-09-07T12:34:30,132,SERVED,122.2,5,SYNTHETIC_DEMO
L_20260907,2026-09-07T12:00:31,133,ENTER,,22,SYNTHETIC_DEMO
L_20260907,2026-09-07T12:06:11,133,SERVED,340.1,22,SYNTHETIC_DEMO
L_20260907,2026-09-07T11:41:26,134,ENTER,,15,SYNTHETIC_DEMO
L_20260907,2026-09-07T11:45:31,134,SERVED,244.9,15,SYNTHETIC_DEMO
L_20260907,2026-09-07T11:38:22,135,ENTER,,13,SYNTHETIC_DEMO
L_20260907,2026-09-07T11:39:59,135,ABANDONED,,13,SYNTHETIC_DEMO
L_20260907,2026-09-07T11:51:08,136,ENTER,,21,SYNTHETIC_DEMO
L_20260907,2026-09-07T11:57:06,136,SERVED,358.1,21,SYNTHETIC_DEMO
L_20260907,2026-09-07T12:08:33,137,ENTER,,20,SYNTHETIC_DEMO
L_20260907,2026-09-07T12:14:01,137,SERVED,327.6,20,SYNTHETIC_DEMO
L_20260907,2026-09-07T11:55:42,138,ENTER,,21,SYNTHETIC_DEMO
L_20260907,2026-09-07T12:01:02,138,SERVED,319.3,21,SYNTHETIC_DEMO
L_20260907,2026-09-07T11:41:10,139,ENTER,,14,SYNTHETIC_DEMO
L_20260907,2026-09-07T11:45:14,139,SERVED,243.7,14,SYNTHETIC_DEMO
L_20260907,2026-09-07T12:02:27,140,ENTER,,22,SYNTHETIC_DEMO
L_20260907,2026-09-07T12:08:03,140,SERVED,335.7,22,SYNTHETIC_DEMO
L_20260907,2026-09-07T12:26:33,141,ENTER,,8,SYNTHETIC_DEMO
L_20260907,2026-09-07T12:29:24,141,SERVED,171.1,8,SYNTHETIC_DEMO
L_20260907,2026-09-07T12:19:08,142,ENTER,,13,SYNTHETIC_DEMO
L_20260907,2026-09-07T12:22:31,142,SERVED,202.7,13,SYNTHETIC_DEMO
L_20260907,2026-09-07T12:14:37,143,ENTER,,17,SYNTHETIC_DEMO
L_20260907,2026-09-07T12:19:51,143,SERVED,314.2,17,SYNTHETIC_DEMO
L_20260907,2026-09-07T11:44:31,144,ENTER,,16,SYNTHETIC_DEMO
L_20260907,2026-09-07T11:48:38,144,SERVED,247.2,16,SYNTHETIC_DEMO
L_20260907,2026-09-07T12:31:33,145,ENTER,,6,SYNTHETIC_DEMO
L_20260907,2026-09-07T12:33:29,145,SERVED,115.7,6,SYNTHETIC_DEMO
L_20260907,2026-09-07T11:56:44,146,ENTER,,22,SYNTHETIC_DEMO
L_20260907,2026-09-07T12:02:56,146,SERVED,372.7,22,SYNTHETIC_DEMO
L_20260907,2026-09-07T11:43:21,147,ENTER,,13,SYNTHETIC_DEMO
L_20260907,2026-09-07T11:46:54,147,SERVED,212.9,13,SYNTHETIC_DEMO
L_20260907,2026-09-07T11:39:24,148,ENTER,,13,SYNTHETIC_DEMO
L_20260907,2026-09-07T11:43:19,148,SERVED,235.3,13,SYNTHETIC_DEMO
L_20260907,2026-09-07T12:02:47,149,ENTER,,22,SYNTHETIC_DEMO
L_20260907,2026-09-07T12:08:22,149,SERVED,335.3,22,SYNTHETIC_DEMO
L_20260907,2026-09-07T12:09:36,150,ENTER,,20,SYNTHETIC_DEMO
L_20260907,2026-09-07T12:14:18,150,SERVED,282.1,20,SYNTHETIC_DEMO
L_20260907,2026-09-07T12:03:30,151,ENTER,,23,SYNTHETIC_DEMO
L_20260907,2026-09-07T12:09:27,151,SERVED,356.6,23,SYNTHETIC_DEMO
L_20260907,2026-09-07T12:26:13,152,ENTER,,10,SYNTHETIC_DEMO
L_20260907,2026-09-07T12:29:46,152,SERVED,212.8,10,SYNTHETIC_DEMO
L_20260907,2026-09-07T11:59:05,153,ENTER,,23,SYNTHETIC_DEMO
L_20260907,2026-09-07T12:04:35,153,SERVED,330.0,23,SYNTHETIC_DEMO
L_20260907,2026-09-07T12:02:11,154,ENTER,,23,SYNTHETIC_DEMO
L_20260907,2026-09-07T12:07:48,154,SERVED,336.8,23,SYNTHETIC_DEMO
L_20260907,2026-09-07T11:30:00,155,ENTER,,7,SYNTHETIC_DEMO
L_20260907,2026-09-07T11:32:20,155,SERVED,140.5,7,SYNTHETIC_DEMO
L_20260907,2026-09-07T11:46:35,156,ENTER,,16,SYNTHETIC_DEMO
L_20260907,2026-09-07T11:51:12,156,SERVED,276.7,16,SYNTHETIC_DEMO
L_20260907,2026-09-07T12:43:51,157,ENTER,,2,SYNTHETIC_DEMO
L_20260907,2026-09-07T12:45:17,157,SERVED,85.4,2,SYNTHETIC_DEMO
L_20260907,2026-09-07T11:30:00,158,ENTER,,6,SYNTHETIC_DEMO
L_20260907,2026-09-07T11:32:44,158,SERVED,164.8,6,SYNTHETIC_DEMO
L_20260907,2026-09-07T12:03:52,159,ENTER,,20,SYNTHETIC_DEMO
L_20260907,2026-09-07T12:09:28,159,SERVED,336.3,20,SYNTHETIC_DEMO
L_20260907,2026-09-07T12:09:04,160,ENTER,,19,SYNTHETIC_DEMO
L_20260907,2026-09-07T12:14:32,160,SERVED,328.7,19,SYNTHETIC_DEMO
L_20260907,2026-09-07T11:59:48,161,ENTER,,21,SYNTHETIC_DEMO
L_20260907,2026-09-07T12:05:44,161,SERVED,356.1,21,SYNTHETIC_DEMO
L_20260907,2026-09-07T11:58:40,162,ENTER,,23,SYNTHETIC_DEMO
L_20260907,2026-09-07T12:04:48,162,SERVED,367.8,23,SYNTHETIC_DEMO
L_20260907,2026-09-07T11:35:46,163,ENTER,,9,SYNTHETIC_DEMO
L_20260907,2026-09-07T11:38:11,163,SERVED,145.4,9,SYNTHETIC_DEMO
L_20260907,2026-09-07T11:31:51,164,ENTER,,8,SYNTHETIC_DEMO
L_20260907,2026-09-07T11:34:14,164,SERVED,143.1,8,SYNTHETIC_DEMO
L_20260907,2026-09-07T12:06:25,165,ENTER,,21,SYNTHETIC_DEMO
L_20260907,2026-09-07T12:12:28,165,SERVED,363.4,21,SYNTHETIC_DEMO
L_20260907,2026-09-07T12:02:42,166,ENTER,,20,SYNTHETIC_DEMO
L_20260907,2026-09-07T12:08:00,166,SERVED,318.5,20,SYNTHETIC_DEMO
L_20260907,2026-09-07T11:31:27,167,ENTER,,7,SYNTHETIC_DEMO
L_20260907,2026-09-07T11:33:44,167,SERVED,136.3,7,SYNTHETIC_DEMO
L_20260907,2026-09-07T11:58:27,168,ENTER,,22,SYNTHETIC_DEMO
L_20260907,2026-09-07T12:03:56,168,SERVED,328.8,22,SYNTHETIC_DEMO
L_20260907,2026-09-07T12:15:08,169,ENTER,,16,SYNTHETIC_DEMO
L_20260907,2026-09-07T12:17:11,169,ABANDONED,,16,SYNTHETIC_DEMO
L_20260907,2026-09-07T12:44:04,170,ENTER,,2,SYNTHETIC_DEMO
L_20260907,2026-09-07T12:45:56,170,SERVED,112.2,2,SYNTHETIC_DEMO
L_20260907,2026-09-07T11:31:37,171,ENTER,,7,SYNTHETIC_DEMO
L_20260907,2026-09-07T11:33:57,171,SERVED,140.6,7,SYNTHETIC_DEMO
L_20260907,2026-09-07T11:40:42,172,ENTER,,13,SYNTHETIC_DEMO
L_20260907,2026-09-07T11:44:17,172,SERVED,214.7,13,SYNTHETIC_DEMO
L_20260907,2026-09-07T12:44:34,173,ENTER,,2,SYNTHETIC_DEMO
L_20260907,2026-09-07T12:45:23,173,SERVED,49.3,2,SYNTHETIC_DEMO
L_20260907,2026-09-07T12:09:26,174,ENTER,,19,SYNTHETIC_DEMO
L_20260907,2026-09-07T12:14:01,174,SERVED,274.9,19,SYNTHETIC_DEMO
D_20260907,2026-09-07T17:32:39,1,ENTER,,16,SYNTHETIC_DEMO
D_20260907,2026-09-07T17:37:22,1,SERVED,282.4,16,SYNTHETIC_DEMO
D_20260907,2026-09-07T17:45:34,2,ENTER,,16,SYNTHETIC_DEMO
D_20260907,2026-09-07T17:49:29,2,SERVED,235.5,16,SYNTHETIC_DEMO
D_20260907,2026-09-07T17:26:04,3,ENTER,,12,SYNTHETIC_DEMO
D_20260907,2026-09-07T17:29:53,3,SERVED,229.6,12,SYNTHETIC_DEMO
D_20260907,2026-09-07T17:23:43,4,ENTER,,12,SYNTHETIC_DEMO
D_20260907,2026-09-07T17:26:51,4,SERVED,188.8,12,SYNTHETIC_DEMO
D_20260907,2026-09-07T17:31:22,5,ENTER,,14,SYNTHETIC_DEMO
D_20260907,2026-09-07T17:35:05,5,SERVED,223.2,14,SYNTHETIC_DEMO
D_20260907,2026-09-07T17:40:57,6,ENTER,,16,SYNTHETIC_DEMO
D_20260907,2026-09-07T17:45:37,6,SERVED,280.3,16,SYNTHETIC_DEMO
D_20260907,2026-09-07T17:48:28,7,ENTER,,15,SYNTHETIC_DEMO
D_20260907,2026-09-07T17:52:43,7,SERVED,254.2,15,SYNTHETIC_DEMO
D_20260907,2026-09-07T18:09:43,8,ENTER,,5,SYNTHETIC_DEMO
D_20260907,2026-09-07T18:11:24,8,SERVED,100.8,5,SYNTHETIC_DEMO
D_20260907,2026-09-07T17:24:24,9,ENTER,,10,SYNTHETIC_DEMO
D_20260907,2026-09-07T17:27:30,9,SERVED,186.0,10,SYNTHETIC_DEMO
D_20260907,2026-09-07T17:51:06,10,ENTER,,12,SYNTHETIC_DEMO
D_20260907,2026-09-07T17:54:41,10,SERVED,214.4,12,SYNTHETIC_DEMO
D_20260907,2026-09-07T17:47:52,11,ENTER,,14,SYNTHETIC_DEMO
D_20260907,2026-09-07T17:52:26,11,SERVED,274.3,14,SYNTHETIC_DEMO
D_20260907,2026-09-07T17:42:33,12,ENTER,,16,SYNTHETIC_DEMO
D_20260907,2026-09-07T17:47:23,12,SERVED,290.2,16,SYNTHETIC_DEMO
D_20260907,2026-09-07T17:52:39,13,ENTER,,13,SYNTHETIC_DEMO
D_20260907,2026-09-07T17:56:00,13,SERVED,201.2,13,SYNTHETIC_DEMO
D_20260907,2026-09-07T17:29:03,14,ENTER,,15,SYNTHETIC_DEMO
D_20260907,2026-09-07T17:33:00,14,SERVED,236.1,15,SYNTHETIC_DEMO
D_20260907,2026-09-07T17:55:29,15,ENTER,,13,SYNTHETIC_DEMO
D_20260907,2026-09-07T17:58:48,15,SERVED,198.1,13,SYNTHETIC_DEMO
D_20260907,2026-09-07T17:27:39,16,ENTER,,14,SYNTHETIC_DEMO
D_20260907,2026-09-07T17:29:40,16,ABANDONED,,14,SYNTHETIC_DEMO
D_20260907,2026-09-07T18:02:05,17,ENTER,,8,SYNTHETIC_DEMO
D_20260907,2026-09-07T18:04:16,17,SERVED,130.8,8,SYNTHETIC_DEMO
D_20260907,2026-09-07T17:53:42,18,ENTER,,12,SYNTHETIC_DEMO
D_20260907,2026-09-07T17:57:49,18,SERVED,247.5,12,SYNTHETIC_DEMO
D_20260907,2026-09-07T18:08:37,19,ENTER,,6,SYNTHETIC_DEMO
D_20260907,2026-09-07T18:10:22,19,SERVED,104.8,6,SYNTHETIC_DEMO
D_20260907,2026-09-07T17:53:09,20,ENTER,,11,SYNTHETIC_DEMO
D_20260907,2026-09-07T17:56:58,20,SERVED,228.9,11,SYNTHETIC_DEMO
D_20260907,2026-09-07T17:53:36,21,ENTER,,13,SYNTHETIC_DEMO
D_20260907,2026-09-07T17:57:53,21,SERVED,257.2,13,SYNTHETIC_DEMO
D_20260907,2026-09-07T17:59:49,22,ENTER,,9,SYNTHETIC_DEMO
D_20260907,2026-09-07T18:02:14,22,SERVED,145.2,9,SYNTHETIC_DEMO
D_20260907,2026-09-07T17:27:45,23,ENTER,,12,SYNTHETIC_DEMO
D_20260907,2026-09-07T17:31:24,23,SERVED,218.9,12,SYNTHETIC_DEMO
D_20260907,2026-09-07T17:28:03,24,ENTER,,12,SYNTHETIC_DEMO
D_20260907,2026-09-07T17:31:56,24,SERVED,232.6,12,SYNTHETIC_DEMO
D_20260907,2026-09-07T17:26:27,25,ENTER,,12,SYNTHETIC_DEMO
D_20260907,2026-09-07T17:30:31,25,SERVED,243.2,12,SYNTHETIC_DEMO
D_20260907,2026-09-07T18:08:12,26,ENTER,,5,SYNTHETIC_DEMO
D_20260907,2026-09-07T18:10:20,26,SERVED,128.4,5,SYNTHETIC_DEMO
D_20260907,2026-09-07T18:02:35,27,ENTER,,8,SYNTHETIC_DEMO
D_20260907,2026-09-07T18:04:46,27,SERVED,130.7,8,SYNTHETIC_DEMO
D_20260907,2026-09-07T17:56:02,28,ENTER,,10,SYNTHETIC_DEMO
D_20260907,2026-09-07T17:59:31,28,SERVED,209.1,10,SYNTHETIC_DEMO
D_20260907,2026-09-07T17:38:11,29,ENTER,,16,SYNTHETIC_DEMO
D_20260907,2026-09-07T17:42:08,29,SERVED,237.9,16,SYNTHETIC_DEMO
D_20260907,2026-09-07T17:26:51,30,ENTER,,13,SYNTHETIC_DEMO
D_20260907,2026-09-07T17:30:39,30,SERVED,227.8,13,SYNTHETIC_DEMO
D_20260907,2026-09-07T18:24:47,31,ENTER,,2,SYNTHETIC_DEMO
D_20260907,2026-09-07T18:26:11,31,SERVED,84.6,2,SYNTHETIC_DEMO
D_20260907,2026-09-07T17:52:39,32,ENTER,,12,SYNTHETIC_DEMO
D_20260907,2026-09-07T17:55:36,32,SERVED,176.6,12,SYNTHETIC_DEMO
D_20260907,2026-09-07T17:06:52,33,ENTER,,4,SYNTHETIC_DEMO
D_20260907,2026-09-07T17:08:54,33,SERVED,122.3,4,SYNTHETIC_DEMO
D_20260907,2026-09-07T17:48:54,34,ENTER,,14,SYNTHETIC_DEMO
D_20260907,2026-09-07T17:52:19,34,SERVED,204.8,14,SYNTHETIC_DEMO
D_20260907,2026-09-07T18:01:11,35,ENTER,,9,SYNTHETIC_DEMO
D_20260907,2026-09-07T18:04:38,35,SERVED,207.1,9,SYNTHETIC_DEMO
D_20260907,2026-09-07T18:03:36,36,ENTER,,7,SYNTHETIC_DEMO
D_20260907,2026-09-07T18:06:30,36,SERVED,173.7,7,SYNTHETIC_DEMO
D_20260907,2026-09-07T17:55:10,37,ENTER,,11,SYNTHETIC_DEMO
D_20260907,2026-09-07T17:58:28,37,SERVED,198.5,11,SYNTHETIC_DEMO
D_20260907,2026-09-07T17:45:50,38,ENTER,,16,SYNTHETIC_DEMO
D_20260907,2026-09-07T17:49:56,38,SERVED,245.5,16,SYNTHETIC_DEMO
D_20260907,2026-09-07T17:05:07,39,ENTER,,4,SYNTHETIC_DEMO
D_20260907,2026-09-07T17:06:15,39,ABANDONED,,4,SYNTHETIC_DEMO
D_20260907,2026-09-07T17:47:31,40,ENTER,,14,SYNTHETIC_DEMO
D_20260907,2026-09-07T17:51:42,40,SERVED,251.3,14,SYNTHETIC_DEMO
D_20260907,2026-09-07T17:27:33,41,ENTER,,13,SYNTHETIC_DEMO
D_20260907,2026-09-07T17:31:45,41,SERVED,252.0,13,SYNTHETIC_DEMO
D_20260907,2026-09-07T18:08:54,42,ENTER,,5,SYNTHETIC_DEMO
D_20260907,2026-09-07T18:11:06,42,SERVED,132.2,5,SYNTHETIC_DEMO
D_20260907,2026-09-07T17:43:13,43,ENTER,,15,SYNTHETIC_DEMO
D_20260907,2026-09-07T17:47:52,43,SERVED,279.1,15,SYNTHETIC_DEMO
D_20260907,2026-09-07T17:59:31,44,ENTER,,11,SYNTHETIC_DEMO
D_20260907,2026-09-07T18:02:43,44,SERVED,191.3,11,SYNTHETIC_DEMO
D_20260907,2026-09-07T18:07:08,45,ENTER,,6,SYNTHETIC_DEMO
D_20260907,2026-09-07T18:09:40,45,SERVED,152.2,6,SYNTHETIC_DEMO
D_20260907,2026-09-07T17:48:52,46,ENTER,,14,SYNTHETIC_DEMO
D_20260907,2026-09-07T17:50:57,46,ABANDONED,,14,SYNTHETIC_DEMO
D_20260907,2026-09-07T17:49:30,47,ENTER,,13,SYNTHETIC_DEMO
D_20260907,2026-09-07T17:53:05,47,SERVED,215.3,13,SYNTHETIC_DEMO
D_20260907,2026-09-07T17:34:28,48,ENTER,,15,SYNTHETIC_DEMO
D_20260907,2026-09-07T17:39:05,48,SERVED,277.2,15,SYNTHETIC_DEMO
D_20260907,2026-09-07T17:18:04,49,ENTER,,9,SYNTHETIC_DEMO
D_20260907,2026-09-07T17:21:24,49,SERVED,200.0,9,SYNTHETIC_DEMO
D_20260907,2026-09-07T17:25:45,50,ENTER,,13,SYNTHETIC_DEMO
D_20260907,2026-09-07T17:29:55,50,SERVED,250.0,13,SYNTHETIC_DEMO
D_20260907,2026-09-07T17:48:49,51,ENTER,,14,SYNTHETIC_DEMO
D_20260907,2026-09-07T17:52:13,51,SERVED,203.1,14,SYNTHETIC_DEMO
D_20260907,2026-09-07T17:43:50,52,ENTER,,16,SYNTHETIC_DEMO
D_20260907,2026-09-07T17:48:50,52,SERVED,299.7,16,SYNTHETIC_DEMO
D_20260907,2026-09-07T17:19:43,53,ENTER,,8,SYNTHETIC_DEMO
D_20260907,2026-09-07T17:22:51,53,SERVED,187.9,8,SYNTHETIC_DEMO
D_20260907,2026-09-07T17:58:04,54,ENTER,,9,SYNTHETIC_DEMO
D_20260907,2026-09-07T18:01:11,54,SERVED,186.8,9,SYNTHETIC_DEMO
D_20260907,2026-09-07T17:57:27,55,ENTER,,10,SYNTHETIC_DEMO
D_20260907,2026-09-07T18:00:18,55,SERVED,170.8,10,SYNTHETIC_DEMO
D_20260907,2026-09-07T17:25:53,56,ENTER,,12,SYNTHETIC_DEMO
D_20260907,2026-09-07T17:28:50,56,SERVED,177.1,12,SYNTHETIC_DEMO
D_20260907,2026-09-07T17:38:03,57,ENTER,,15,SYNTHETIC_DEMO
D_20260907,2026-09-07T17:42:37,57,SERVED,274.3,15,SYNTHETIC_DEMO
D_20260907,2026-09-07T17:34:09,58,ENTER,,16,SYNTHETIC_DEMO
D_20260907,2026-09-07T17:38:09,58,SERVED,239.8,16,SYNTHETIC_DEMO
D_20260907,2026-09-07T18:00:30,59,ENTER,,9,SYNTHETIC_DEMO
D_20260907,2026-09-07T18:03:13,59,SERVED,163.1,9,SYNTHETIC_DEMO
D_20260907,2026-09-07T17:21:08,60,ENTER,,9,SYNTHETIC_DEMO
D_20260907,2026-09-07T17:23:46,60,SERVED,157.7,9,SYNTHETIC_DEMO
D_20260907,2026-09-07T17:40:55,61,ENTER,,17,SYNTHETIC_DEMO
D_20260907,2026-09-07T17:46:04,61,SERVED,309.8,17,SYNTHETIC_DEMO
D_20260907,2026-09-07T17:42:44,62,ENTER,,17,SYNTHETIC_DEMO
D_20260907,2026-09-07T17:46:53,62,SERVED,249.1,17,SYNTHETIC_DEMO
D_20260907,2026-09-07T17:57:35,63,ENTER,,9,SYNTHETIC_DEMO
D_20260907,2026-09-07T18:00:12,63,SERVED,156.7,9,SYNTHETIC_DEMO
D_20260907,2026-09-07T17:36:10,64,ENTER,,18,SYNTHETIC_DEMO
D_20260907,2026-09-07T17:41:01,64,SERVED,290.9,18,SYNTHETIC_DEMO
D_20260907,2026-09-07T17:21:55,65,ENTER,,10,SYNTHETIC_DEMO
D_20260907,2026-09-07T17:25:34,65,SERVED,219.1,10,SYNTHETIC_DEMO
D_20260907,2026-09-07T17:40:21,66,ENTER,,17,SYNTHETIC_DEMO
D_20260907,2026-09-07T17:45:17,66,SERVED,296.0,17,SYNTHETIC_DEMO
D_20260907,2026-09-07T17:59:14,67,ENTER,,10,SYNTHETIC_DEMO
D_20260907,2026-09-07T18:01:50,67,SERVED,155.5,10,SYNTHETIC_DEMO
D_20260907,2026-09-07T17:03:45,68,ENTER,,3,SYNTHETIC_DEMO
D_20260907,2026-09-07T17:04:52,68,SERVED,67.2,3,SYNTHETIC_DEMO
D_20260907,2026-09-07T17:42:13,69,ENTER,,15,SYNTHETIC_DEMO
D_20260907,2026-09-07T17:45:56,69,SERVED,223.1,15,SYNTHETIC_DEMO
D_20260907,2026-09-07T18:02:06,70,ENTER,,9,SYNTHETIC_DEMO
D_20260907,2026-09-07T18:05:09,70,SERVED,182.8,9,SYNTHETIC_DEMO
D_20260907,2026-09-07T17:48:28,71,ENTER,,14,SYNTHETIC_DEMO
D_20260907,2026-09-07T17:52:07,71,SERVED,219.1,14,SYNTHETIC_DEMO
D_20260907,2026-09-07T18:00:02,72,ENTER,,10,SYNTHETIC_DEMO
D_20260907,2026-09-07T18:03:03,72,SERVED,181.3,10,SYNTHETIC_DEMO
D_20260907,2026-09-07T18:14:19,73,ENTER,,3,SYNTHETIC_DEMO
D_20260907,2026-09-07T18:15:47,73,SERVED,88.0,3,SYNTHETIC_DEMO
D_20260907,2026-09-07T17:51:52,74,ENTER,,14,SYNTHETIC_DEMO
D_20260907,2026-09-07T17:55:47,74,SERVED,234.6,14,SYNTHETIC_DEMO
D_20260907,2026-09-07T17:50:46,75,ENTER,,15,SYNTHETIC_DEMO
D_20260907,2026-09-07T17:54:55,75,SERVED,249.4,15,SYNTHETIC_DEMO
D_20260907,2026-09-07T17:51:27,76,ENTER,,12,SYNTHETIC_DEMO
D_20260907,2026-09-07T17:54:58,76,SERVED,211.0,12,SYNTHETIC_DEMO
D_20260907,2026-09-07T17:40:22,77,ENTER,,15,SYNTHETIC_DEMO
D_20260907,2026-09-07T17:44:50,77,SERVED,268.0,15,SYNTHETIC_DEMO
D_20260907,2026-09-07T17:22:56,78,ENTER,,11,SYNTHETIC_DEMO
D_20260907,2026-09-07T17:24:25,78,ABANDONED,,11,SYNTHETIC_DEMO
D_20260907,2026-09-07T17:48:29,79,ENTER,,15,SYNTHETIC_DEMO
D_20260907,2026-09-07T17:53:04,79,SERVED,275.1,15,SYNTHETIC_DEMO
D_20260907,2026-09-07T17:22:17,80,ENTER,,10,SYNTHETIC_DEMO
D_20260907,2026-09-07T17:25:20,80,SERVED,183.0,10,SYNTHETIC_DEMO
D_20260907,2026-09-07T18:04:28,81,ENTER,,7,SYNTHETIC_DEMO
D_20260907,2026-09-07T18:06:42,81,SERVED,134.3,7,SYNTHETIC_DEMO
D_20260907,2026-09-07T17:20:41,82,ENTER,,10,SYNTHETIC_DEMO
D_20260907,2026-09-07T17:24:21,82,SERVED,220.7,10,SYNTHETIC_DEMO
D_20260907,2026-09-07T17:49:26,83,ENTER,,15,SYNTHETIC_DEMO
D_20260907,2026-09-07T17:53:24,83,SERVED,237.6,15,SYNTHETIC_DEMO
D_20260907,2026-09-07T17:26:50,84,ENTER,,13,SYNTHETIC_DEMO
D_20260907,2026-09-07T17:30:00,84,SERVED,190.3,13,SYNTHETIC_DEMO
D_20260907,2026-09-07T17:30:14,85,ENTER,,14,SYNTHETIC_DEMO
D_20260907,2026-09-07T17:34:11,85,SERVED,237.2,14,SYNTHETIC_DEMO
D_20260907,2026-09-07T17:46:54,86,ENTER,,14,SYNTHETIC_DEMO
D_20260907,2026-09-07T17:50:41,86,SERVED,227.2,14,SYNTHETIC_DEMO
B_20260908,2026-09-08T06:07:14,1,ENTER,,13,SYNTHETIC_DEMO
B_20260908,2026-09-08T06:11:10,1,SERVED,235.9,13,SYNTHETIC_DEMO
B_20260908,2026-09-08T06:03:13,2,ENTER,,15,SYNTHETIC_DEMO
B_20260908,2026-09-08T06:07:58,2,SERVED,285.5,15,SYNTHETIC_DEMO
B_20260908,2026-09-08T06:34:23,3,ENTER,,4,SYNTHETIC_DEMO
B_20260908,2026-09-08T06:36:01,3,SERVED,98.8,4,SYNTHETIC_DEMO
B_20260908,2026-09-08T06:09:04,4,ENTER,,13,SYNTHETIC_DEMO
B_20260908,2026-09-08T06:13:07,4,SERVED,243.5,13,SYNTHETIC_DEMO
B_20260908,2026-09-08T05:36:25,5,ENTER,,5,SYNTHETIC_DEMO
B_20260908,2026-09-08T05:38:17,5,SERVED,112.0,5,SYNTHETIC_DEMO
B_20260908,2026-09-08T06:45:24,6,ENTER,,1,SYNTHETIC_DEMO
B_20260908,2026-09-08T06:46:49,6,SERVED,85.3,1,SYNTHETIC_DEMO
B_20260908,2026-09-08T05:52:31,7,ENTER,,10,SYNTHETIC_DEMO
B_20260908,2026-09-08T05:55:44,7,SERVED,193.5,10,SYNTHETIC_DEMO
B_20260908,2026-09-08T06:41:29,8,ENTER,,2,SYNTHETIC_DEMO
B_20260908,2026-09-08T06:43:17,8,SERVED,107.8,2,SYNTHETIC_DEMO
B_20260908,2026-09-08T05:30:00,9,ENTER,,3,SYNTHETIC_DEMO
B_20260908,2026-09-08T05:31:04,9,SERVED,64.8,3,SYNTHETIC_DEMO
B_20260908,2026-09-08T06:13:26,10,ENTER,,12,SYNTHETIC_DEMO
B_20260908,2026-09-08T06:17:23,10,SERVED,237.3,12,SYNTHETIC_DEMO
B_20260908,2026-09-08T05:53:41,11,ENTER,,11,SYNTHETIC_DEMO
B_20260908,2026-09-08T05:57:15,11,SERVED,213.4,11,SYNTHETIC_DEMO
B_20260908,2026-09-08T06:17:32,12,ENTER,,12,SYNTHETIC_DEMO
B_20260908,2026-09-08T06:21:00,12,SERVED,208.5,12,SYNTHETIC_DEMO
B_20260908,2026-09-08T06:01:17,13,ENTER,,15,SYNTHETIC_DEMO
B_20260908,2026-09-08T06:05:05,13,SERVED,228.1,15,SYNTHETIC_DEMO
B_20260908,2026-09-08T05:48:43,14,ENTER,,10,SYNTHETIC_DEMO
B_20260908,2026-09-08T05:51:27,14,SERVED,164.1,10,SYNTHETIC_DEMO
B_20260908,2026-09-08T05:45:24,15,ENTER,,8,SYNTHETIC_DEMO
B_20260908,2026-09-08T05:46:53,15,ABANDONED,,8,SYNTHETIC_DEMO
B_20260908,2026-09-08T05:54:27,16,ENTER,,12,SYNTHETIC_DEMO
B_20260908,2026-09-08T05:58:02,16,SERVED,215.0,12,SYNTHETIC_DEMO
B_20260908,2026-09-08T05:40:32,17,ENTER,,7,SYNTHETIC_DEMO
B_20260908,2026-09-08T05:42:53,17,SERVED,140.5,7,SYNTHETIC_DEMO
B_20260908,2026-09-08T06:00:40,18,ENTER,,14,SYNTHETIC_DEMO
B_20260908,2026-09-08T06:04:17,18,SERVED,217.0,14,SYNTHETIC_DEMO
B_20260908,2026-09-08T06:03:01,19,ENTER,,13,SYNTHETIC_DEMO
B_20260908,2026-09-08T06:06:12,19,SERVED,190.5,13,SYNTHETIC_DEMO
B_20260908,2026-09-08T05:53:09,20,ENTER,,11,SYNTHETIC_DEMO
B_20260908,2026-09-08T05:56:55,20,SERVED,226.2,11,SYNTHETIC_DEMO
B_20260908,2026-09-08T05:52:18,21,ENTER,,12,SYNTHETIC_DEMO
B_20260908,2026-09-08T05:55:34,21,SERVED,195.7,12,SYNTHETIC_DEMO
B_20260908,2026-09-08T06:02:48,22,ENTER,,13,SYNTHETIC_DEMO
B_20260908,2026-09-08T06:06:54,22,SERVED,245.8,13,SYNTHETIC_DEMO
B_20260908,2026-09-08T06:07:37,23,ENTER,,13,SYNTHETIC_DEMO
B_20260908,2026-09-08T06:11:43,23,SERVED,245.8,13,SYNTHETIC_DEMO
B_20260908,2026-09-08T06:31:22,24,ENTER,,6,SYNTHETIC_DEMO
B_20260908,2026-09-08T06:33:03,24,SERVED,100.8,6,SYNTHETIC_DEMO
B_20260908,2026-09-08T05:52:39,25,ENTER,,10,SYNTHETIC_DEMO
B_20260908,2026-09-08T05:55:16,25,SERVED,156.8,10,SYNTHETIC_DEMO
B_20260908,2026-09-08T05:30:00,26,ENTER,,3,SYNTHETIC_DEMO
B_20260908,2026-09-08T05:31:16,26,SERVED,76.5,3,SYNTHETIC_DEMO
B_20260908,2026-09-08T06:35:36,27,ENTER,,4,SYNTHETIC_DEMO
B_20260908,2026-09-08T06:36:53,27,SERVED,76.7,4,SYNTHETIC_DEMO
B_20260908,2026-09-08T06:33:23,28,ENTER,,3,SYNTHETIC_DEMO
B_20260908,2026-09-08T06:34:46,28,SERVED,82.9,3,SYNTHETIC_DEMO
B_20260908,2026-09-08T06:35:53,29,ENTER,,3,SYNTHETIC_DEMO
B_20260908,2026-09-08T06:37:00,29,SERVED,67.1,3,SYNTHETIC_DEMO
B_20260908,2026-09-08T06:05:38,30,ENTER,,13,SYNTHETIC_DEMO
B_20260908,2026-09-08T06:09:54,30,SERVED,256.2,13,SYNTHETIC_DEMO
B_20260908,2026-09-08T06:08:50,31,ENTER,,13,SYNTHETIC_DEMO
B_20260908,2026-09-08T06:12:21,31,SERVED,211.0,13,SYNTHETIC_DEMO
B_20260908,2026-09-08T05:30:00,32,ENTER,,3,SYNTHETIC_DEMO
B_20260908,2026-09-08T05:31:51,32,SERVED,111.4,3,SYNTHETIC_DEMO
B_20260908,2026-09-08T06:15:31,33,ENTER,,11,SYNTHETIC_DEMO
B_20260908,2026-09-08T06:18:48,33,SERVED,197.4,11,SYNTHETIC_DEMO
B_20260908,2026-09-08T05:56:26,34,ENTER,,12,SYNTHETIC_DEMO
B_20260908,2026-09-08T06:00:19,34,SERVED,232.3,12,SYNTHETIC_DEMO
B_20260908,2026-09-08T06:26:17,35,ENTER,,7,SYNTHETIC_DEMO
B_20260908,2026-09-08T06:29:08,35,SERVED,171.0,7,SYNTHETIC_DEMO
B_20260908,2026-09-08T06:59:15,36,ENTER,,1,SYNTHETIC_DEMO
B_20260908,2026-09-08T07:00:13,36,SERVED,57.4,1,SYNTHETIC_DEMO
B_20260908,2026-09-08T05:48:39,37,ENTER,,10,SYNTHETIC_DEMO
B_20260908,2026-09-08T05:51:12,37,SERVED,152.6,10,SYNTHETIC_DEMO
B_20260908,2026-09-08T05:30:00,38,ENTER,,4,SYNTHETIC_DEMO
B_20260908,2026-09-08T05:31:53,38,SERVED,113.4,4,SYNTHETIC_DEMO
B_20260908,2026-09-08T06:27:38,39,ENTER,,7,SYNTHETIC_DEMO
B_20260908,2026-09-08T06:30:00,39,SERVED,142.1,7,SYNTHETIC_DEMO
B_20260908,2026-09-08T06:14:16,40,ENTER,,11,SYNTHETIC_DEMO
B_20260908,2026-09-08T06:17:56,40,SERVED,220.2,11,SYNTHETIC_DEMO
B_20260908,2026-09-08T05:54:41,41,ENTER,,12,SYNTHETIC_DEMO
B_20260908,2026-09-08T05:58:30,41,SERVED,229.3,12,SYNTHETIC_DEMO
B_20260908,2026-09-08T06:22:18,42,ENTER,,8,SYNTHETIC_DEMO
B_20260908,2026-09-08T06:25:03,42,SERVED,165.0,8,SYNTHETIC_DEMO
B_20260908,2026-09-08T06:08:08,43,ENTER,,13,SYNTHETIC_DEMO
B_20260908,2026-09-08T06:11:55,43,SERVED,226.5,13,SYNTHETIC_DEMO
B_20260908,2026-09-08T05:47:08,44,ENTER,,9,SYNTHETIC_DEMO
B_20260908,2026-09-08T05:50:01,44,SERVED,173.0,9,SYNTHETIC_DEMO
B_20260908,2026-09-08T05:34:24,45,ENTER,,3,SYNTHETIC_DEMO
B_20260908,2026-09-08T05:35:50,45,SERVED,85.5,3,SYNTHETIC_DEMO
B_20260908,2026-09-08T05:52:51,46,ENTER,,11,SYNTHETIC_DEMO
B_20260908,2026-09-08T05:56:23,46,SERVED,212.1,11,SYNTHETIC_DEMO
B_20260908,2026-09-08T05:37:22,47,ENTER,,5,SYNTHETIC_DEMO
B_20260908,2026-09-08T05:39:47,47,SERVED,145.0,5,SYNTHETIC_DEMO
B_20260908,2026-09-08T06:09:24,48,ENTER,,13,SYNTHETIC_DEMO
B_20260908,2026-09-08T06:13:34,48,SERVED,250.4,13,SYNTHETIC_DEMO
B_20260908,2026-09-08T05:39:48,49,ENTER,,5,SYNTHETIC_DEMO
B_20260908,2026-09-08T05:42:13,49,SERVED,144.8,5,SYNTHETIC_DEMO
B_20260908,2026-09-08T05:55:07,50,ENTER,,12,SYNTHETIC_DEMO
B_20260908,2026-09-08T05:58:12,50,SERVED,184.9,12,SYNTHETIC_DEMO
B_20260908,2026-09-08T06:01:56,51,ENTER,,15,SYNTHETIC_DEMO
B_20260908,2026-09-08T06:06:02,51,SERVED,246.4,15,SYNTHETIC_DEMO
B_20260908,2026-09-08T06:40:17,52,ENTER,,4,SYNTHETIC_DEMO
B_20260908,2026-09-08T06:42:17,52,SERVED,120.0,4,SYNTHETIC_DEMO
B_20260908,2026-09-08T05:53:39,53,ENTER,,12,SYNTHETIC_DEMO
B_20260908,2026-09-08T05:57:36,53,SERVED,236.8,12,SYNTHETIC_DEMO
B_20260908,2026-09-08T05:55:15,54,ENTER,,12,SYNTHETIC_DEMO
B_20260908,2026-09-08T05:59:18,54,SERVED,243.4,12,SYNTHETIC_DEMO
B_20260908,2026-09-08T06:21:30,55,ENTER,,9,SYNTHETIC_DEMO
B_20260908,2026-09-08T06:24:55,55,SERVED,204.7,9,SYNTHETIC_DEMO
B_20260908,2026-09-08T06:21:47,56,ENTER,,11,SYNTHETIC_DEMO
B_20260908,2026-09-08T06:25:31,56,SERVED,223.6,11,SYNTHETIC_DEMO
B_20260908,2026-09-08T06:41:48,57,ENTER,,3,SYNTHETIC_DEMO
B_20260908,2026-09-08T06:43:53,57,SERVED,124.6,3,SYNTHETIC_DEMO
B_20260908,2026-09-08T05:45:43,58,ENTER,,8,SYNTHETIC_DEMO
B_20260908,2026-09-08T05:48:10,58,SERVED,146.8,8,SYNTHETIC_DEMO
B_20260908,2026-09-08T06:15:16,59,ENTER,,13,SYNTHETIC_DEMO
B_20260908,2026-09-08T06:18:59,59,SERVED,223.0,13,SYNTHETIC_DEMO
B_20260908,2026-09-08T06:06:53,60,ENTER,,13,SYNTHETIC_DEMO
B_20260908,2026-09-08T06:10:33,60,SERVED,220.0,13,SYNTHETIC_DEMO
B_20260908,2026-09-08T05:55:34,61,ENTER,,12,SYNTHETIC_DEMO
B_20260908,2026-09-08T05:59:13,61,SERVED,218.7,12,SYNTHETIC_DEMO
B_20260908,2026-09-08T06:13:22,62,ENTER,,13,SYNTHETIC_DEMO
B_20260908,2026-09-08T06:17:10,62,SERVED,228.2,13,SYNTHETIC_DEMO
B_20260908,2026-09-08T06:09:03,63,ENTER,,15,SYNTHETIC_DEMO
B_20260908,2026-09-08T06:13:28,63,SERVED,264.6,15,SYNTHETIC_DEMO
B_20260908,2026-09-08T05:50:50,64,ENTER,,11,SYNTHETIC_DEMO
B_20260908,2026-09-08T05:54:20,64,SERVED,209.3,11,SYNTHETIC_DEMO
B_20260908,2026-09-08T06:19:18,65,ENTER,,11,SYNTHETIC_DEMO
B_20260908,2026-09-08T06:22:42,65,SERVED,203.9,11,SYNTHETIC_DEMO
B_20260908,2026-09-08T05:30:00,66,ENTER,,4,SYNTHETIC_DEMO
B_20260908,2026-09-08T05:31:53,66,SERVED,113.9,4,SYNTHETIC_DEMO
B_20260908,2026-09-08T05:51:40,67,ENTER,,11,SYNTHETIC_DEMO
B_20260908,2026-09-08T05:54:37,67,SERVED,176.9,11,SYNTHETIC_DEMO
B_20260908,2026-09-08T06:29:35,68,ENTER,,6,SYNTHETIC_DEMO
B_20260908,2026-09-08T06:32:21,68,SERVED,166.2,6,SYNTHETIC_DEMO
B_20260908,2026-09-08T05:42:47,69,ENTER,,7,SYNTHETIC_DEMO
B_20260908,2026-09-08T05:45:33,69,SERVED,166.3,7,SYNTHETIC_DEMO
B_20260908,2026-09-08T06:05:11,70,ENTER,,14,SYNTHETIC_DEMO
B_20260908,2026-09-08T06:08:45,70,SERVED,213.4,14,SYNTHETIC_DEMO
B_20260908,2026-09-08T05:50:41,71,ENTER,,9,SYNTHETIC_DEMO
B_20260908,2026-09-08T05:53:32,71,SERVED,170.3,9,SYNTHETIC_DEMO
B_20260908,2026-09-08T05:44:43,72,ENTER,,8,SYNTHETIC_DEMO
B_20260908,2026-09-08T05:47:53,72,SERVED,190.4,8,SYNTHETIC_DEMO
B_20260908,2026-09-08T05:44:31,73,ENTER,,8,SYNTHETIC_DEMO
B_20260908,2026-09-08T05:47:22,73,SERVED,171.4,8,SYNTHETIC_DEMO
B_20260908,2026-09-08T05:49:00,74,ENTER,,10,SYNTHETIC_DEMO
B_20260908,2026-09-08T05:52:12,74,SERVED,191.8,10,SYNTHETIC_DEMO
B_20260908,2026-09-08T06:10:20,75,ENTER,,13,SYNTHETIC_DEMO
B_20260908,2026-09-08T06:13:57,75,SERVED,216.9,13,SYNTHETIC_DEMO
B_20260908,2026-09-08T06:24:30,76,ENTER,,7,SYNTHETIC_DEMO
B_20260908,2026-09-08T06:27:12,76,SERVED,162.4,7,SYNTHETIC_DEMO
B_20260908,2026-09-08T06:19:03,77,ENTER,,9,SYNTHETIC_DEMO
B_20260908,2026-09-08T06:21:43,77,SERVED,160.5,9,SYNTHETIC_DEMO
B_20260908,2026-09-08T05:59:09,78,ENTER,,13,SYNTHETIC_DEMO
B_20260908,2026-09-08T06:02:53,78,SERVED,223.9,13,SYNTHETIC_DEMO
B_20260908,2026-09-08T06:25:24,79,ENTER,,7,SYNTHETIC_DEMO
B_20260908,2026-09-08T06:27:36,79,SERVED,131.9,7,SYNTHETIC_DEMO
B_20260908,2026-09-08T06:09:48,80,ENTER,,13,SYNTHETIC_DEMO
B_20260908,2026-09-08T06:13:42,80,SERVED,234.9,13,SYNTHETIC_DEMO
B_20260908,2026-09-08T05:39:33,81,ENTER,,4,SYNTHETIC_DEMO
B_20260908,2026-09-08T05:41:45,81,SERVED,132.6,4,SYNTHETIC_DEMO
B_20260908,2026-09-08T05:44:57,82,ENTER,,8,SYNTHETIC_DEMO
B_20260908,2026-09-08T05:47:44,82,SERVED,166.8,8,SYNTHETIC_DEMO
B_20260908,2026-09-08T06:23:36,83,ENTER,,10,SYNTHETIC_DEMO
B_20260908,2026-09-08T06:26:27,83,SERVED,171.3,10,SYNTHETIC_DEMO
B_20260908,2026-09-08T05:32:03,84,ENTER,,3,SYNTHETIC_DEMO
B_20260908,2026-09-08T05:33:02,84,SERVED,59.8,3,SYNTHETIC_DEMO
B_20260908,2026-09-08T05:41:44,85,ENTER,,7,SYNTHETIC_DEMO
B_20260908,2026-09-08T05:44:22,85,SERVED,157.9,7,SYNTHETIC_DEMO
B_20260908,2026-09-08T06:17:09,86,ENTER,,11,SYNTHETIC_DEMO
B_20260908,2026-09-08T06:20:39,86,SERVED,209.8,11,SYNTHETIC_DEMO
B_20260908,2026-09-08T06:22:40,87,ENTER,,9,SYNTHETIC_DEMO
B_20260908,2026-09-08T06:24:57,87,SERVED,137.0,9,SYNTHETIC_DEMO
B_20260908,2026-09-08T05:52:25,88,ENTER,,10,SYNTHETIC_DEMO
B_20260908,2026-09-08T05:55:58,88,SERVED,213.7,10,SYNTHETIC_DEMO
B_20260908,2026-09-08T06:32:36,89,ENTER,,6,SYNTHETIC_DEMO
B_20260908,2026-09-08T06:34:43,89,SERVED,126.4,6,SYNTHETIC_DEMO
B_20260908,2026-09-08T05:41:59,90,ENTER,,6,SYNTHETIC_DEMO
B_20260908,2026-09-08T05:44:37,90,SERVED,157.7,6,SYNTHETIC_DEMO
B_20260908,2026-09-08T06:09:59,91,ENTER,,13,SYNTHETIC_DEMO
B_20260908,2026-09-08T06:14:03,91,SERVED,244.1,13,SYNTHETIC_DEMO
B_20260908,2026-09-08T06:16:38,92,ENTER,,11,SYNTHETIC_DEMO
B_20260908,2026-09-08T06:20:26,92,SERVED,228.1,11,SYNTHETIC_DEMO
B_20260908,2026-09-08T06:02:50,93,ENTER,,14,SYNTHETIC_DEMO
B_20260908,2026-09-08T06:06:56,93,SERVED,245.6,14,SYNTHETIC_DEMO
B_20260908,2026-09-08T06:11:09,94,ENTER,,13,SYNTHETIC_DEMO
B_20260908,2026-09-08T06:15:31,94,SERVED,261.5,13,SYNTHETIC_DEMO
B_20260908,2026-09-08T06:35:21,95,ENTER,,3,SYNTHETIC_DEMO
B_20260908,2026-09-08T06:35:53,95,ABANDONED,,3,SYNTHETIC_DEMO
B_20260908,2026-09-08T06:04:10,96,ENTER,,12,SYNTHETIC_DEMO
B_20260908,2026-09-08T06:08:13,96,SERVED,243.4,12,SYNTHETIC_DEMO
B_20260908,2026-09-08T06:26:25,97,ENTER,,9,SYNTHETIC_DEMO
B_20260908,2026-09-08T06:28:58,97,SERVED,152.3,9,SYNTHETIC_DEMO
B_20260908,2026-09-08T05:30:00,98,ENTER,,2,SYNTHETIC_DEMO
B_20260908,2026-09-08T05:30:55,98,SERVED,55.6,2,SYNTHETIC_DEMO
B_20260908,2026-09-08T06:03:14,99,ENTER,,14,SYNTHETIC_DEMO
B_20260908,2026-09-08T06:07:16,99,SERVED,242.5,14,SYNTHETIC_DEMO
B_20260908,2026-09-08T05:30:00,100,ENTER,,3,SYNTHETIC_DEMO
B_20260908,2026-09-08T05:32:04,100,SERVED,124.3,3,SYNTHETIC_DEMO
B_20260908,2026-09-08T05:42:42,101,ENTER,,6,SYNTHETIC_DEMO
B_20260908,2026-09-08T05:44:51,101,SERVED,129.5,6,SYNTHETIC_DEMO
B_20260908,2026-09-08T06:05:23,102,ENTER,,13,SYNTHETIC_DEMO
B_20260908,2026-09-08T06:08:56,102,SERVED,212.5,13,SYNTHETIC_DEMO
B_20260908,2026-09-08T06:18:19,103,ENTER,,10,SYNTHETIC_DEMO
B_20260908,2026-09-08T06:21:15,103,SERVED,175.3,10,SYNTHETIC_DEMO
B_20260908,2026-09-08T06:06:21,104,ENTER,,13,SYNTHETIC_DEMO
B_20260908,2026-09-08T06:10:25,104,SERVED,243.9,13,SYNTHETIC_DEMO
B_20260908,2026-09-08T06:19:03,105,ENTER,,9,SYNTHETIC_DEMO
B_20260908,2026-09-08T06:22:16,105,SERVED,192.9,9,SYNTHETIC_DEMO
L_20260908,2026-09-08T12:14:17,1,ENTER,,10,SYNTHETIC_DEMO
L_20260908,2026-09-08T12:17:10,1,SERVED,172.3,10,SYNTHETIC_DEMO
L_20260908,2026-09-08T11:44:07,2,ENTER,,11,SYNTHETIC_DEMO
L_20260908,2026-09-08T11:47:53,2,SERVED,225.4,11,SYNTHETIC_DEMO
L_20260908,2026-09-08T11:30:00,3,ENTER,,5,SYNTHETIC_DEMO
L_20260908,2026-09-08T11:31:25,3,SERVED,85.2,5,SYNTHETIC_DEMO
L_20260908,2026-09-08T12:02:13,4,ENTER,,15,SYNTHETIC_DEMO
L_20260908,2026-09-08T12:06:25,4,SERVED,252.3,15,SYNTHETIC_DEMO
L_20260908,2026-09-08T11:50:36,5,ENTER,,14,SYNTHETIC_DEMO
L_20260908,2026-09-08T11:53:59,5,SERVED,203.1,14,SYNTHETIC_DEMO
L_20260908,2026-09-08T11:47:48,6,ENTER,,11,SYNTHETIC_DEMO
L_20260908,2026-09-08T11:50:38,6,SERVED,169.7,11,SYNTHETIC_DEMO
L_20260908,2026-09-08T12:17:26,7,ENTER,,10,SYNTHETIC_DEMO
L_20260908,2026-09-08T12:20:21,7,SERVED,175.0,10,SYNTHETIC_DEMO
L_20260908,2026-09-08T12:09:43,8,ENTER,,13,SYNTHETIC_DEMO
L_20260908,2026-09-08T12:13:11,8,SERVED,208.0,13,SYNTHETIC_DEMO
L_20260908,2026-09-08T12:00:31,9,ENTER,,16,SYNTHETIC_DEMO
L_20260908,2026-09-08T12:04:52,9,SERVED,261.0,16,SYNTHETIC_DEMO
L_20260908,2026-09-08T11:46:48,10,ENTER,,10,SYNTHETIC_DEMO
L_20260908,2026-09-08T11:50:10,10,SERVED,202.7,10,SYNTHETIC_DEMO
L_20260908,2026-09-08T12:29:57,11,ENTER,,5,SYNTHETIC_DEMO
L_20260908,2026-09-08T12:32:11,11,SERVED,134.0,5,SYNTHETIC_DEMO
L_20260908,2026-09-08T11:53:26,12,ENTER,,14,SYNTHETIC_DEMO
L_20260908,2026-09-08T11:57:41,12,SERVED,254.8,14,SYNTHETIC_DEMO
L_20260908,2026-09-08T12:07:27,13,ENTER,,14,SYNTHETIC_DEMO
L_20260908,2026-09-08T12:11:36,13,SERVED,249.1,14,SYNTHETIC_DEMO
L_20260908,2026-09-08T11:42:05,14,ENTER,,9,SYNTHETIC_DEMO
L_20260908,2026-09-08T11:45:31,14,SERVED,206.2,9,SYNTHETIC_DEMO
L_20260908,2026-09-08T12:11:43,15,ENTER,,12,SYNTHETIC_DEMO
L_20260908,2026-09-08T12:14:55,15,SERVED,191.9,12,SYNTHETIC_DEMO
L_20260908,2026-09-08T12:19:04,16,ENTER,,8,SYNTHETIC_DEMO
L_20260908,2026-09-08T12:21:22,16,SERVED,137.6,8,SYNTHETIC_DEMO
L_20260908,2026-09-08T11:47:46,17,ENTER,,12,SYNTHETIC_DEMO
L_20260908,2026-09-08T11:51:30,17,SERVED,224.7,12,SYNTHETIC_DEMO
L_20260908,2026-09-08T11:57:44,18,ENTER,,15,SYNTHETIC_DEMO
L_20260908,2026-09-08T12:02:10,18,SERVED,265.4,15,SYNTHETIC_DEMO
L_20260908,2026-09-08T12:05:51,19,ENTER,,15,SYNTHETIC_DEMO
L_20260908,2026-09-08T12:10:21,19,SERVED,269.7,15,SYNTHETIC_DEMO
L_20260908,2026-09-08T11:30:00,20,ENTER,,5,SYNTHETIC_DEMO
L_20260908,2026-09-08T11:32:03,20,SERVED,123.0,5,SYNTHETIC_DEMO
L_20260908,2026-09-08T12:28:39,21,ENTER,,5,SYNTHETIC_DEMO
L_20260908,2026-09-08T12:30:44,21,SERVED,124.6,5,SYNTHETIC_DEMO
L_20260908,2026-09-08T11:43:03,22,ENTER,,10,SYNTHETIC_DEMO
L_20260908,2026-09-08T11:45:50,22,SERVED,167.4,10,SYNTHETIC_DEMO
L_20260908,2026-09-08T12:12:34,23,ENTER,,11,SYNTHETIC_DEMO
L_20260908,2026-09-08T12:16:01,23,SERVED,206.7,11,SYNTHETIC_DEMO
L_20260908,2026-09-08T12:02:24,24,ENTER,,15,SYNTHETIC_DEMO
L_20260908,2026-09-08T12:06:41,24,SERVED,256.7,15,SYNTHETIC_DEMO
L_20260908,2026-09-08T11:58:36,25,ENTER,,15,SYNTHETIC_DEMO
L_20260908,2026-09-08T12:03:15,25,SERVED,278.5,15,SYNTHETIC_DEMO
L_20260908,2026-09-08T11:45:07,26,ENTER,,12,SYNTHETIC_DEMO
L_20260908,2026-09-08T11:49:03,26,SERVED,235.1,12,SYNTHETIC_DEMO
L_20260908,2026-09-08T12:17:36,27,ENTER,,9,SYNTHETIC_DEMO
L_20260908,2026-09-08T12:20:38,27,SERVED,181.2,9,SYNTHETIC_DEMO
L_20260908,2026-09-08T12:04:38,28,ENTER,,15,SYNTHETIC_DEMO
L_20260908,2026-09-08T12:08:48,28,SERVED,250.1,15,SYNTHETIC_DEMO
L_20260908,2026-09-08T12:10:45,29,ENTER,,13,SYNTHETIC_DEMO
L_20260908,2026-09-08T12:14:47,29,SERVED,241.5,13,SYNTHETIC_DEMO
L_20260908,2026-09-08T11:56:25,30,ENTER,,15,SYNTHETIC_DEMO
L_20260908,2026-09-08T12:00:18,30,SERVED,233.2,15,SYNTHETIC_DEMO
L_20260908,2026-09-08T11:46:27,31,ENTER,,11,SYNTHETIC_DEMO
L_20260908,2026-09-08T11:50:21,31,SERVED,234.6,11,SYNTHETIC_DEMO
L_20260908,2026-09-08T11:49:19,32,ENTER,,12,SYNTHETIC_DEMO
L_20260908,2026-09-08T11:53:13,32,SERVED,233.9,12,SYNTHETIC_DEMO
L_20260908,2026-09-08T11:56:16,33,ENTER,,15,SYNTHETIC_DEMO
L_20260908,2026-09-08T12:00:14,33,SERVED,237.4,15,SYNTHETIC_DEMO
L_20260908,2026-09-08T11:40:40,34,ENTER,,8,SYNTHETIC_DEMO
L_20260908,2026-09-08T11:42:14,34,ABANDONED,,8,SYNTHETIC_DEMO
L_20260908,2026-09-08T11:51:37,35,ENTER,,13,SYNTHETIC_DEMO
L_20260908,2026-09-08T11:55:09,35,SERVED,212.7,13,SYNTHETIC_DEMO
L_20260908,2026-09-08T12:16:50,36,ENTER,,9,SYNTHETIC_DEMO
L_20260908,2026-09-08T12:19:16,36,SERVED,145.9,9,SYNTHETIC_DEMO
L_20260908,2026-09-08T12:18:36,37,ENTER,,9,SYNTHETIC_DEMO
L_20260908,2026-09-08T12:21:24,37,SERVED,168.2,9,SYNTHETIC_DEMO
L_20260908,2026-09-08T11:50:20,38,ENTER,,13,SYNTHETIC_DEMO
L_20260908,2026-09-08T11:54:39,38,SERVED,258.7,13,SYNTHETIC_DEMO
L_20260908,2026-09-08T12:37:47,39,ENTER,,3,SYNTHETIC_DEMO
L_20260908,2026-09-08T12:39:41,39,SERVED,114.4,3,SYNTHETIC_DEMO
L_20260908,2026-09-08T12:02:38,40,ENTER,,15,SYNTHETIC_DEMO
L_20260908,2026-09-08T12:07:10,40,SERVED,271.7,15,SYNTHETIC_DEMO
L_20260908,2026-09-08T11:35:29,41,ENTER,,6,SYNTHETIC_DEMO
L_20260908,2026-09-08T11:38:12,41,SERVED,163.0,6,SYNTHETIC_DEMO
L_20260908,2026-09-08T11:46:15,42,ENTER,,12,SYNTHETIC_DEMO
L_20260908,2026-09-08T11:50:19,42,SERVED,244.0,12,SYNTHETIC_DEMO
L_20260908,2026-09-08T11:55:20,43,ENTER,,13,SYNTHETIC_DEMO
L_20260908,2026-09-08T11:58:32,43,SERVED,192.0,13,SYNTHETIC_DEMO
L_20260908,2026-09-08T12:29:09,44,ENTER,,4,SYNTHETIC_DEMO
L_20260908,2026-09-08T12:30:22,44,SERVED,72.8,4,SYNTHETIC_DEMO
L_20260908,2026-09-08T12:25:34,45,ENTER,,6,SYNTHETIC_DEMO
L_20260908,2026-09-08T12:27:15,45,SERVED,101.0,6,SYNTHETIC_DEMO
L_20260908,2026-09-08T12:26:57,46,ENTER,,6,SYNTHETIC_DEMO
L_20260908,2026-09-08T12:28:47,46,SERVED,109.4,6,SYNTHETIC_DEMO
L_20260908,2026-09-08T11:50:34,47,ENTER,,14,SYNTHETIC_DEMO
L_20260908,2026-09-08T11:54:03,47,SERVED,208.9,14,SYNTHETIC_DEMO
L_20260908,2026-09-08T11:37:29,48,ENTER,,6,SYNTHETIC_DEMO
L_20260908,2026-09-08T11:39:28,48,SERVED,118.6,6,SYNTHETIC_DEMO
L_20260908,2026-09-08T12:12:42,49,ENTER,,12,SYNTHETIC_DEMO
L_20260908,2026-09-08T12:16:27,49,SERVED,225.0,12,SYNTHETIC_DEMO
L_20260908,2026-09-08T11:30:00,50,ENTER,,5,SYNTHETIC_DEMO
L_20260908,2026-09-08T11:32:00,50,SERVED,120.5,5,SYNTHETIC_DEMO
L_20260908,2026-09-08T11:43:06,51,ENTER,,10,SYNTHETIC_DEMO
L_20260908,2026-09-08T11:46:42,51,SERVED,216.7,10,SYNTHETIC_DEMO
L_20260908,2026-09-08T11:49:19,52,ENTER,,13,SYNTHETIC_DEMO
L_20260908,2026-09-08T11:53:29,52,SERVED,250.3,13,SYNTHETIC_DEMO
L_20260908,2026-09-08T11:30:07,53,ENTER,,5,SYNTHETIC_DEMO
L_20260908,2026-09-08T11:32:18,53,SERVED,131.7,5,SYNTHETIC_DEMO
L_20260908,2026-09-08T12:20:50,54,ENTER,,7,SYNTHETIC_DEMO
L_20260908,2026-09-08T12:23:09,54,SERVED,139.5,7,SYNTHETIC_DEMO
L_20260908,2026-09-08T11:58:24,55,ENTER,,16,SYNTHETIC_DEMO
L_20260908,2026-09-08T12:02:18,55,SERVED,234.3,16,SYNTHETIC_DEMO
L_20260908,2026-09-08T11:57:05,56,ENTER,,16,SYNTHETIC_DEMO
L_20260908,2026-09-08T12:01:40,56,SERVED,275.7,16,SYNTHETIC_DEMO
L_20260908,2026-09-08T11:46:07,57,ENTER,,11,SYNTHETIC_DEMO
L_20260908,2026-09-08T11:49:33,57,SERVED,205.5,11,SYNTHETIC_DEMO
L_20260908,2026-09-08T11:45:44,58,ENTER,,10,SYNTHETIC_DEMO
L_20260908,2026-09-08T11:49:14,58,SERVED,210.4,10,SYNTHETIC_DEMO
L_20260908,2026-09-08T12:14:46,59,ENTER,,10,SYNTHETIC_DEMO
L_20260908,2026-09-08T12:17:21,59,SERVED,155.6,10,SYNTHETIC_DEMO
L_20260908,2026-09-08T11:54:14,60,ENTER,,14,SYNTHETIC_DEMO
L_20260908,2026-09-08T11:58:19,60,SERVED,245.2,14,SYNTHETIC_DEMO
L_20260908,2026-09-08T11:53:06,61,ENTER,,15,SYNTHETIC_DEMO
L_20260908,2026-09-08T11:57:45,61,SERVED,278.4,15,SYNTHETIC_DEMO
L_20260908,2026-09-08T12:04:15,62,ENTER,,14,SYNTHETIC_DEMO
L_20260908,2026-09-08T12:08:37,62,SERVED,262.1,14,SYNTHETIC_DEMO
L_20260908,2026-09-08T11:47:07,63,ENTER,,12,SYNTHETIC_DEMO
L_20260908,2026-09-08T11:50:13,63,SERVED,185.9,12,SYNTHETIC_DEMO
L_20260908,2026-09-08T11:30:00,64,ENTER,,4,SYNTHETIC_DEMO
L_20260908,2026-09-08T11:31:18,64,SERVED,78.1,4,SYNTHETIC_DEMO
L_20260908,2026-09-08T11:54:47,65,ENTER,,14,SYNTHETIC_DEMO
L_20260908,2026-09-08T11:59:17,65,SERVED,270.1,14,SYNTHETIC_DEMO
L_20260908,2026-09-08T11:42:51,66,ENTER,,9,SYNTHETIC_DEMO
L_20260908,2026-09-08T11:46:13,66,SERVED,202.3,9,SYNTHETIC_DEMO
L_20260908,2026-09-08T11:48:55,67,ENTER,,14,SYNTHETIC_DEMO
L_20260908,2026-09-08T11:50:44,67,ABANDONED,,14,SYNTHETIC_DEMO
L_20260908,2026-09-08T11:56:03,68,ENTER,,14,SYNTHETIC_DEMO
L_20260908,2026-09-08T11:59:58,68,SERVED,235.2,14,SYNTHETIC_DEMO
L_20260908,2026-09-08T12:40:43,69,ENTER,,2,SYNTHETIC_DEMO
L_20260908,2026-09-08T12:41:37,69,SERVED,54.3,2,SYNTHETIC_DEMO
L_20260908,2026-09-08T11:39:21,70,ENTER,,8,SYNTHETIC_DEMO
L_20260908,2026-09-08T11:42:30,70,SERVED,189.5,8,SYNTHETIC_DEMO
L_20260908,2026-09-08T11:48:23,71,ENTER,,14,SYNTHETIC_DEMO
L_20260908,2026-09-08T11:52:53,71,SERVED,269.7,14,SYNTHETIC_DEMO
L_20260908,2026-09-08T11:42:11,72,ENTER,,10,SYNTHETIC_DEMO
L_20260908,2026-09-08T11:45:18,72,SERVED,186.3,10,SYNTHETIC_DEMO
L_20260908,2026-09-08T12:19:47,73,ENTER,,8,SYNTHETIC_DEMO
L_20260908,2026-09-08T12:22:29,73,SERVED,161.5,8,SYNTHETIC_DEMO
L_20260908,2026-09-08T12:15:05,74,ENTER,,12,SYNTHETIC_DEMO
L_20260908,2026-09-08T12:18:48,74,SERVED,222.7,12,SYNTHETIC_DEMO
L_20260908,2026-09-08T12:27:21,75,ENTER,,6,SYNTHETIC_DEMO
L_20260908,2026-09-08T12:30:08,75,SERVED,167.2,6,SYNTHETIC_DEMO
L_20260908,2026-09-08T11:55:08,76,ENTER,,15,SYNTHETIC_DEMO
L_20260908,2026-09-08T11:59:34,76,SERVED,266.2,15,SYNTHETIC_DEMO
L_20260908,2026-09-08T12:09:55,77,ENTER,,14,SYNTHETIC_DEMO
L_20260908,2026-09-08T12:13:59,77,SERVED,244.2,14,SYNTHETIC_DEMO
L_20260908,2026-09-08T11:48:34,78,ENTER,,14,SYNTHETIC_DEMO
L_20260908,2026-09-08T11:52:38,78,SERVED,244.2,14,SYNTHETIC_DEMO
L_20260908,2026-09-08T12:10:52,79,ENTER,,12,SYNTHETIC_DEMO
L_20260908,2026-09-08T12:13:50,79,SERVED,178.2,12,SYNTHETIC_DEMO
L_20260908,2026-09-08T11:30:00,80,ENTER,,4,SYNTHETIC_DEMO
L_20260908,2026-09-08T11:31:55,80,SERVED,115.7,4,SYNTHETIC_DEMO
L_20260908,2026-09-08T12:03:47,81,ENTER,,14,SYNTHETIC_DEMO
L_20260908,2026-09-08T12:07:59,81,SERVED,251.6,14,SYNTHETIC_DEMO
L_20260908,2026-09-08T12:27:50,82,ENTER,,5,SYNTHETIC_DEMO
L_20260908,2026-09-08T12:30:21,82,SERVED,150.1,5,SYNTHETIC_DEMO
L_20260908,2026-09-08T11:52:02,83,ENTER,,14,SYNTHETIC_DEMO
L_20260908,2026-09-08T11:56:25,83,SERVED,263.2,14,SYNTHETIC_DEMO
L_20260908,2026-09-08T12:15:09,84,ENTER,,10,SYNTHETIC_DEMO
L_20260908,2026-09-08T12:18:06,84,SERVED,177.7,10,SYNTHETIC_DEMO
L_20260908,2026-09-08T12:14:20,85,ENTER,,12,SYNTHETIC_DEMO
L_20260908,2026-09-08T12:18:22,85,SERVED,241.3,12,SYNTHETIC_DEMO
L_20260908,2026-09-08T11:51:48,86,ENTER,,13,SYNTHETIC_DEMO
L_20260908,2026-09-08T11:55:18,86,SERVED,209.6,13,SYNTHETIC_DEMO
L_20260908,2026-09-08T12:43:26,87,ENTER,,1,SYNTHETIC_DEMO
L_20260908,2026-09-08T12:44:20,87,SERVED,54.4,1,SYNTHETIC_DEMO
L_20260908,2026-09-08T11:45:18,88,ENTER,,12,SYNTHETIC_DEMO
L_20260908,2026-09-08T11:48:21,88,SERVED,183.6,12,SYNTHETIC_DEMO
L_20260908,2026-09-08T11:59:21,89,ENTER,,16,SYNTHETIC_DEMO
L_20260908,2026-09-08T12:03:11,89,SERVED,229.6,16,SYNTHETIC_DEMO
L_20260908,2026-09-08T11:42:03,90,ENTER,,9,SYNTHETIC_DEMO
L_20260908,2026-09-08T11:45:16,90,SERVED,193.5,9,SYNTHETIC_DEMO
L_20260908,2026-09-08T11:49:31,91,ENTER,,13,SYNTHETIC_DEMO
L_20260908,2026-09-08T11:53:30,91,SERVED,238.8,13,SYNTHETIC_DEMO
L_20260908,2026-09-08T11:43:57,92,ENTER,,11,SYNTHETIC_DEMO
L_20260908,2026-09-08T11:47:03,92,SERVED,186.6,11,SYNTHETIC_DEMO
L_20260908,2026-09-08T12:30:55,93,ENTER,,3,SYNTHETIC_DEMO
L_20260908,2026-09-08T12:32:11,93,SERVED,76.3,3,SYNTHETIC_DEMO
L_20260908,2026-09-08T11:40:48,94,ENTER,,9,SYNTHETIC_DEMO
L_20260908,2026-09-08T11:43:26,94,SERVED,158.1,9,SYNTHETIC_DEMO
L_20260908,2026-09-08T12:07:45,95,ENTER,,13,SYNTHETIC_DEMO
L_20260908,2026-09-08T12:11:33,95,SERVED,227.7,13,SYNTHETIC_DEMO
L_20260908,2026-09-08T12:03:42,96,ENTER,,15,SYNTHETIC_DEMO
L_20260908,2026-09-08T12:08:13,96,SERVED,271.8,15,SYNTHETIC_DEMO
L_20260908,2026-09-08T12:17:14,97,ENTER,,8,SYNTHETIC_DEMO
L_20260908,2026-09-08T12:20:10,97,SERVED,176.2,8,SYNTHETIC_DEMO
L_20260908,2026-09-08T12:19:47,98,ENTER,,9,SYNTHETIC_DEMO
L_20260908,2026-09-08T12:22:07,98,SERVED,140.1,9,SYNTHETIC_DEMO
L_20260908,2026-09-08T12:05:48,99,ENTER,,14,SYNTHETIC_DEMO
L_20260908,2026-09-08T12:10:16,99,SERVED,268.8,14,SYNTHETIC_DEMO
L_20260908,2026-09-08T11:49:31,100,ENTER,,13,SYNTHETIC_DEMO
L_20260908,2026-09-08T11:53:38,100,SERVED,247.0,13,SYNTHETIC_DEMO
L_20260908,2026-09-08T12:26:13,101,ENTER,,6,SYNTHETIC_DEMO
L_20260908,2026-09-08T12:28:29,101,SERVED,135.7,6,SYNTHETIC_DEMO
L_20260908,2026-09-08T11:30:00,102,ENTER,,3,SYNTHETIC_DEMO
L_20260908,2026-09-08T11:31:51,102,SERVED,111.4,3,SYNTHETIC_DEMO
L_20260908,2026-09-08T11:58:27,103,ENTER,,15,SYNTHETIC_DEMO
L_20260908,2026-09-08T12:02:59,103,SERVED,271.5,15,SYNTHETIC_DEMO
L_20260908,2026-09-08T12:10:08,104,ENTER,,12,SYNTHETIC_DEMO
L_20260908,2026-09-08T12:13:40,104,SERVED,211.3,12,SYNTHETIC_DEMO
L_20260908,2026-09-08T12:11:20,105,ENTER,,12,SYNTHETIC_DEMO
L_20260908,2026-09-08T12:14:51,105,SERVED,211.5,12,SYNTHETIC_DEMO
L_20260908,2026-09-08T11:54:02,106,ENTER,,15,SYNTHETIC_DEMO
L_20260908,2026-09-08T11:57:57,106,SERVED,235.3,15,SYNTHETIC_DEMO
L_20260908,2026-09-08T11:47:48,107,ENTER,,13,SYNTHETIC_DEMO
L_20260908,2026-09-08T11:50:59,107,SERVED,190.5,13,SYNTHETIC_DEMO
L_20260908,2026-09-08T12:13:03,108,ENTER,,12,SYNTHETIC_DEMO
L_20260908,2026-09-08T12:16:54,108,SERVED,230.7,12,SYNTHETIC_DEMO
L_20260908,2026-09-08T11:53:55,109,ENTER,,14,SYNTHETIC_DEMO
L_20260908,2026-09-08T11:57:54,109,SERVED,239.5,14,SYNTHETIC_DEMO
L_20260908,2026-09-08T11:38:56,110,ENTER,,8,SYNTHETIC_DEMO
L_20260908,2026-09-08T11:41:46,110,SERVED,169.6,8,SYNTHETIC_DEMO
L_20260908,2026-09-08T11:59:58,111,ENTER,,15,SYNTHETIC_DEMO
L_20260908,2026-09-08T12:03:58,111,SERVED,240.2,15,SYNTHETIC_DEMO
L_20260908,2026-09-08T12:00:25,112,ENTER,,15,SYNTHETIC_DEMO
L_20260908,2026-09-08T12:04:49,112,SERVED,263.4,15,SYNTHETIC_DEMO
L_20260908,2026-09-08T12:13:33,113,ENTER,,13,SYNTHETIC_DEMO
L_20260908,2026-09-08T12:17:02,113,SERVED,209.1,13,SYNTHETIC_DEMO
L_20260908,2026-09-08T12:02:10,114,ENTER,,15,SYNTHETIC_DEMO
L_20260908,2026-09-08T12:06:03,114,SERVED,232.8,15,SYNTHETIC_DEMO
L_20260908,2026-09-08T12:22:59,115,ENTER,,7,SYNTHETIC_DEMO
L_20260908,2026-09-08T12:25:45,115,SERVED,165.3,7,SYNTHETIC_DEMO
L_20260908,2026-09-08T11:52:43,116,ENTER,,16,SYNTHETIC_DEMO
L_20260908,2026-09-08T11:56:33,116,SERVED,230.5,16,SYNTHETIC_DEMO
L_20260908,2026-09-08T11:57:47,117,ENTER,,15,SYNTHETIC_DEMO
L_20260908,2026-09-08T12:01:30,117,SERVED,222.9,15,SYNTHETIC_DEMO
L_20260908,2026-09-08T11:48:30,118,ENTER,,12,SYNTHETIC_DEMO
L_20260908,2026-09-08T11:52:05,118,SERVED,214.7,12,SYNTHETIC_DEMO
D_20260908,2026-09-08T17:48:41,1,ENTER,,16,SYNTHETIC_DEMO
D_20260908,2026-09-08T17:53:21,1,SERVED,279.4,16,SYNTHETIC_DEMO
D_20260908,2026-09-08T17:40:44,2,ENTER,,18,SYNTHETIC_DEMO
D_20260908,2026-09-08T17:45:41,2,SERVED,297.5,18,SYNTHETIC_DEMO
D_20260908,2026-09-08T17:54:03,3,ENTER,,13,SYNTHETIC_DEMO
D_20260908,2026-09-08T17:57:43,3,SERVED,220.8,13,SYNTHETIC_DEMO
D_20260908,2026-09-08T17:44:28,4,ENTER,,17,SYNTHETIC_DEMO
D_20260908,2026-09-08T17:49:28,4,SERVED,300.0,17,SYNTHETIC_DEMO
D_20260908,2026-09-08T17:15:55,5,ENTER,,7,SYNTHETIC_DEMO
D_20260908,2026-09-08T17:17:53,5,SERVED,117.4,7,SYNTHETIC_DEMO
D_20260908,2026-09-08T17:19:47,6,ENTER,,10,SYNTHETIC_DEMO
D_20260908,2026-09-08T17:22:48,6,SERVED,180.5,10,SYNTHETIC_DEMO
D_20260908,2026-09-08T17:42:38,7,ENTER,,16,SYNTHETIC_DEMO
D_20260908,2026-09-08T17:46:56,7,SERVED,258.5,16,SYNTHETIC_DEMO
D_20260908,2026-09-08T17:45:49,8,ENTER,,16,SYNTHETIC_DEMO
D_20260908,2026-09-08T17:50:09,8,SERVED,260.0,16,SYNTHETIC_DEMO
D_20260908,2026-09-08T17:54:36,9,ENTER,,15,SYNTHETIC_DEMO
D_20260908,2026-09-08T17:59:04,9,SERVED,267.9,15,SYNTHETIC_DEMO
D_20260908,2026-09-08T17:37:23,10,ENTER,,19,SYNTHETIC_DEMO
D_20260908,2026-09-08T17:42:06,10,SERVED,282.9,19,SYNTHETIC_DEMO
D_20260908,2026-09-08T17:52:27,11,ENTER,,14,SYNTHETIC_DEMO
D_20260908,2026-09-08T17:56:03,11,SERVED,216.1,14,SYNTHETIC_DEMO
D_20260908,2026-09-08T18:18:37,12,ENTER,,1,SYNTHETIC_DEMO
D_20260908,2026-09-08T18:19:58,12,SERVED,81.0,1,SYNTHETIC_DEMO
D_20260908,2026-09-08T17:29:54,13,ENTER,,14,SYNTHETIC_DEMO
D_20260908,2026-09-08T17:34:23,13,SERVED,268.7,14,SYNTHETIC_DEMO
D_20260908,2026-09-08T17:37:51,14,ENTER,,18,SYNTHETIC_DEMO
D_20260908,2026-09-08T17:42:28,14,SERVED,276.4,18,SYNTHETIC_DEMO
D_20260908,2026-09-08T17:21:10,15,ENTER,,11,SYNTHETIC_DEMO
D_20260908,2026-09-08T17:24:01,15,SERVED,170.6,11,SYNTHETIC_DEMO
D_20260908,2026-09-08T17:28:41,16,ENTER,,15,SYNTHETIC_DEMO
D_20260908,2026-09-08T17:32:27,16,SERVED,226.2,15,SYNTHETIC_DEMO
D_20260908,2026-09-08T17:53:23,17,ENTER,,13,SYNTHETIC_DEMO
D_20260908,2026-09-08T17:56:51,17,SERVED,207.6,13,SYNTHETIC_DEMO
D_20260908,2026-09-08T17:29:34,18,ENTER,,15,SYNTHETIC_DEMO
D_20260908,2026-09-08T17:34:12,18,SERVED,277.4,15,SYNTHETIC_DEMO
D_20260908,2026-09-08T17:57:12,19,ENTER,,12,SYNTHETIC_DEMO
D_20260908,2026-09-08T18:01:11,19,SERVED,239.0,12,SYNTHETIC_DEMO
D_20260908,2026-09-08T17:45:00,20,ENTER,,17,SYNTHETIC_DEMO
D_20260908,2026-09-08T17:49:29,20,SERVED,269.2,17,SYNTHETIC_DEMO
D_20260908,2026-09-08T18:30:09,21,ENTER,,2,SYNTHETIC_DEMO
D_20260908,2026-09-08T18:31:47,21,SERVED,97.6,2,SYNTHETIC_DEMO
D_20260908,2026-09-08T17:45:47,22,ENTER,,16,SYNTHETIC_DEMO
D_20260908,2026-09-08T17:49:51,22,SERVED,244.2,16,SYNTHETIC_DEMO
D_20260908,2026-09-08T17:46:39,23,ENTER,,17,SYNTHETIC_DEMO
D_20260908,2026-09-08T17:50:55,23,SERVED,256.3,17,SYNTHETIC_DEMO
D_20260908,2026-09-08T17:24:12,24,ENTER,,13,SYNTHETIC_DEMO
D_20260908,2026-09-08T17:28:30,24,SERVED,258.4,13,SYNTHETIC_DEMO
D_20260908,2026-09-08T17:43:17,25,ENTER,,18,SYNTHETIC_DEMO
D_20260908,2026-09-08T17:48:15,25,SERVED,298.6,18,SYNTHETIC_DEMO
D_20260908,2026-09-08T17:59:12,26,ENTER,,9,SYNTHETIC_DEMO
D_20260908,2026-09-08T18:01:53,26,SERVED,160.8,9,SYNTHETIC_DEMO
D_20260908,2026-09-08T17:47:56,27,ENTER,,17,SYNTHETIC_DEMO
D_20260908,2026-09-08T17:52:54,27,SERVED,298.0,17,SYNTHETIC_DEMO
D_20260908,2026-09-08T17:06:46,28,ENTER,,4,SYNTHETIC_DEMO
D_20260908,2026-09-08T17:08:09,28,SERVED,83.3,4,SYNTHETIC_DEMO
D_20260908,2026-09-08T17:28:08,29,ENTER,,14,SYNTHETIC_DEMO
D_20260908,2026-09-08T17:31:43,29,SERVED,215.3,14,SYNTHETIC_DEMO
D_20260908,2026-09-08T17:58:08,30,ENTER,,9,SYNTHETIC_DEMO
D_20260908,2026-09-08T18:00:42,30,SERVED,154.6,9,SYNTHETIC_DEMO
D_20260908,2026-09-08T17:25:11,31,ENTER,,12,SYNTHETIC_DEMO
D_20260908,2026-09-08T17:29:13,31,SERVED,241.6,12,SYNTHETIC_DEMO
D_20260908,2026-09-08T17:35:38,32,ENTER,,18,SYNTHETIC_DEMO
D_20260908,2026-09-08T17:40:39,32,SERVED,301.5,18,SYNTHETIC_DEMO
D_20260908,2026-09-08T17:12:50,33,ENTER,,5,SYNTHETIC_DEMO
D_20260908,2026-09-08T17:14:39,33,SERVED,109.6,5,SYNTHETIC_DEMO
D_20260908,2026-09-08T18:05:33,34,ENTER,,8,SYNTHETIC_DEMO
D_20260908,2026-09-08T18:08:49,34,SERVED,195.4,8,SYNTHETIC_DEMO
D_20260908,2026-09-08T17:09:45,35,ENTER,,6,SYNTHETIC_DEMO
D_20260908,2026-09-08T17:12:02,35,SERVED,137.7,6,SYNTHETIC_DEMO
D_20260908,2026-09-08T17:00:00,36,ENTER,,3,SYNTHETIC_DEMO
D_20260908,2026-09-08T17:02:06,36,SERVED,126.8,3,SYNTHETIC_DEMO
D_20260908,2026-09-08T17:40:39,37,ENTER,,19,SYNTHETIC_DEMO
D_20260908,2026-09-08T17:45:13,37,SERVED,273.2,19,SYNTHETIC_DEMO
D_20260908,2026-09-08T17:31:50,38,ENTER,,16,SYNTHETIC_DEMO
D_20260908,2026-09-08T17:36:13,38,SERVED,263.2,16,SYNTHETIC_DEMO
D_20260908,2026-09-08T17:43:55,39,ENTER,,18,SYNTHETIC_DEMO
D_20260908,2026-09-08T17:48:52,39,SERVED,297.5,18,SYNTHETIC_DEMO
D_20260908,2026-09-08T17:34:49,40,ENTER,,18,SYNTHETIC_DEMO
D_20260908,2026-09-08T17:40:16,40,SERVED,327.1,18,SYNTHETIC_DEMO
D_20260908,2026-09-08T17:41:58,41,ENTER,,17,SYNTHETIC_DEMO
D_20260908,2026-09-08T17:46:23,41,SERVED,265.3,17,SYNTHETIC_DEMO
D_20260908,2026-09-08T17:46:48,42,ENTER,,17,SYNTHETIC_DEMO
D_20260908,2026-09-08T17:51:41,42,SERVED,292.0,17,SYNTHETIC_DEMO
D_20260908,2026-09-08T17:59:45,43,ENTER,,11,SYNTHETIC_DEMO
D_20260908,2026-09-08T18:03:23,43,SERVED,218.3,11,SYNTHETIC_DEMO
D_20260908,2026-09-08T17:31:56,44,ENTER,,16,SYNTHETIC_DEMO
D_20260908,2026-09-08T17:36:06,44,SERVED,250.1,16,SYNTHETIC_DEMO
D_20260908,2026-09-08T17:23:50,45,ENTER,,10,SYNTHETIC_DEMO
D_20260908,2026-09-08T17:26:56,45,SERVED,185.6,10,SYNTHETIC_DEMO
D_20260908,2026-09-08T17:34:37,46,ENTER,,17,SYNTHETIC_DEMO
D_20260908,2026-09-08T17:38:45,46,SERVED,248.3,17,SYNTHETIC_DEMO
D_20260908,2026-09-08T18:00:13,47,ENTER,,9,SYNTHETIC_DEMO
D_20260908,2026-09-08T18:03:00,47,SERVED,166.9,9,SYNTHETIC_DEMO
D_20260908,2026-09-08T17:07:20,48,ENTER,,3,SYNTHETIC_DEMO
D_20260908,2026-09-08T17:08:41,48,SERVED,80.9,3,SYNTHETIC_DEMO
D_20260908,2026-09-08T17:28:54,49,ENTER,,14,SYNTHETIC_DEMO
D_20260908,2026-09-08T17:32:40,49,SERVED,226.5,14,SYNTHETIC_DEMO
D_20260908,2026-09-08T17:40:36,50,ENTER,,19,SYNTHETIC_DEMO
D_20260908,2026-09-08T17:45:34,50,SERVED,298.5,19,SYNTHETIC_DEMO
D_20260908,2026-09-08T17:38:38,51,ENTER,,17,SYNTHETIC_DEMO
D_20260908,2026-09-08T17:43:21,51,SERVED,283.1,17,SYNTHETIC_DEMO
D_20260908,2026-09-08T17:42:20,52,ENTER,,18,SYNTHETIC_DEMO
D_20260908,2026-09-08T17:47:40,52,SERVED,319.6,18,SYNTHETIC_DEMO
D_20260908,2026-09-08T17:28:35,53,ENTER,,14,SYNTHETIC_DEMO
D_20260908,2026-09-08T17:32:24,53,SERVED,228.3,14,SYNTHETIC_DEMO
D_20260908,2026-09-08T17:47:52,54,ENTER,,16,SYNTHETIC_DEMO
D_20260908,2026-09-08T17:52:09,54,SERVED,257.5,16,SYNTHETIC_DEMO
D_20260908,2026-09-08T17:22:48,55,ENTER,,10,SYNTHETIC_DEMO
D_20260908,2026-09-08T17:25:24,55,SERVED,156.4,10,SYNTHETIC_DEMO
D_20260908,2026-09-08T17:26:20,56,ENTER,,13,SYNTHETIC_DEMO
D_20260908,2026-09-08T17:29:39,56,SERVED,199.0,13,SYNTHETIC_DEMO
D_20260908,2026-09-08T17:27:30,57,ENTER,,13,SYNTHETIC_DEMO
D_20260908,2026-09-08T17:31:35,57,SERVED,245.3,13,SYNTHETIC_DEMO
D_20260908,2026-09-08T17:35:52,58,ENTER,,18,SYNTHETIC_DEMO
D_20260908,2026-09-08T17:41:07,58,SERVED,314.2,18,SYNTHETIC_DEMO
D_20260908,2026-09-08T17:43:13,59,ENTER,,17,SYNTHETIC_DEMO
D_20260908,2026-09-08T17:48:20,59,SERVED,306.9,17,SYNTHETIC_DEMO
D_20260908,2026-09-08T17:37:51,60,ENTER,,18,SYNTHETIC_DEMO
D_20260908,2026-09-08T17:42:16,60,SERVED,265.1,18,SYNTHETIC_DEMO
D_20260908,2026-09-08T17:32:15,61,ENTER,,17,SYNTHETIC_DEMO
D_20260908,2026-09-08T17:37:00,61,SERVED,285.0,17,SYNTHETIC_DEMO
D_20260908,2026-09-08T17:42:55,62,ENTER,,16,SYNTHETIC_DEMO
D_20260908,2026-09-08T17:47:08,62,SERVED,252.5,16,SYNTHETIC_DEMO
D_20260908,2026-09-08T17:56:12,63,ENTER,,13,SYNTHETIC_DEMO
D_20260908,2026-09-08T18:00:22,63,SERVED,249.5,13,SYNTHETIC_DEMO
D_20260908,2026-09-08T17:49:12,64,ENTER,,15,SYNTHETIC_DEMO
D_20260908,2026-09-08T17:53:42,64,SERVED,270.0,15,SYNTHETIC_DEMO
D_20260908,2026-09-08T17:50:52,65,ENTER,,14,SYNTHETIC_DEMO
D_20260908,2026-09-08T17:54:47,65,SERVED,235.9,14,SYNTHETIC_DEMO
D_20260908,2026-09-08T17:08:48,66,ENTER,,4,SYNTHETIC_DEMO
D_20260908,2026-09-08T17:10:44,66,SERVED,116.2,4,SYNTHETIC_DEMO
D_20260908,2026-09-08T17:48:02,67,ENTER,,17,SYNTHETIC_DEMO
D_20260908,2026-09-08T17:52:23,67,SERVED,261.3,17,SYNTHETIC_DEMO
D_20260908,2026-09-08T18:06:01,68,ENTER,,7,SYNTHETIC_DEMO
D_20260908,2026-09-08T18:08:04,68,SERVED,123.5,7,SYNTHETIC_DEMO
D_20260908,2026-09-08T18:07:00,69,ENTER,,6,SYNTHETIC_DEMO
D_20260908,2026-09-08T18:09:18,69,SERVED,138.0,6,SYNTHETIC_DEMO
D_20260908,2026-09-08T17:00:00,70,ENTER,,4,SYNTHETIC_DEMO
D_20260908,2026-09-08T17:01:12,70,SERVED,72.6,4,SYNTHETIC_DEMO
D_20260908,2026-09-08T17:26:39,71,ENTER,,13,SYNTHETIC_DEMO
D_20260908,2026-09-08T17:30:05,71,SERVED,205.5,13,SYNTHETIC_DEMO
D_20260908,2026-09-08T17:55:42,72,ENTER,,13,SYNTHETIC_DEMO
D_20260908,2026-09-08T17:59:04,72,SERVED,201.8,13,SYNTHETIC_DEMO
D_20260908,2026-09-08T17:31:08,73,ENTER,,15,SYNTHETIC_DEMO
D_20260908,2026-09-08T17:35:40,73,SERVED,271.9,15,SYNTHETIC_DEMO
D_20260908,2026-09-08T17:13:57,74,ENTER,,6,SYNTHETIC_DEMO
D_20260908,2026-09-08T17:15:37,74,SERVED,99.6,6,SYNTHETIC_DEMO
D_20260908,2026-09-08T17:44:56,75,ENTER,,17,SYNTHETIC_DEMO
D_20260908,2026-09-08T17:50:09,75,SERVED,312.4,17,SYNTHETIC_DEMO
D_20260908,2026-09-08T17:58:07,76,ENTER,,11,SYNTHETIC_DEMO
D_20260908,2026-09-08T18:01:25,76,SERVED,197.9,11,SYNTHETIC_DEMO
D_20260908,2026-09-08T17:55:24,77,ENTER,,12,SYNTHETIC_DEMO
D_20260908,2026-09-08T17:59:18,77,SERVED,233.6,12,SYNTHETIC_DEMO
D_20260908,2026-09-08T17:51:28,78,ENTER,,14,SYNTHETIC_DEMO
D_20260908,2026-09-08T17:55:41,78,SERVED,252.6,14,SYNTHETIC_DEMO
D_20260908,2026-09-08T17:47:06,79,ENTER,,16,SYNTHETIC_DEMO
D_20260908,2026-09-08T17:51:26,79,SERVED,260.5,16,SYNTHETIC_DEMO
D_20260908,2026-09-08T18:42:09,80,ENTER,,2,SYNTHETIC_DEMO
D_20260908,2026-09-08T18:43:59,80,SERVED,109.8,2,SYNTHETIC_DEMO
D_20260908,2026-09-08T17:00:00,81,ENTER,,4,SYNTHETIC_DEMO
D_20260908,2026-09-08T17:01:52,81,SERVED,112.4,4,SYNTHETIC_DEMO
D_20260908,2026-09-08T17:35:40,82,ENTER,,17,SYNTHETIC_DEMO
D_20260908,2026-09-08T17:39:44,82,SERVED,244.2,17,SYNTHETIC_DEMO
D_20260908,2026-09-08T17:14:50,83,ENTER,,6,SYNTHETIC_DEMO
D_20260908,2026-09-08T17:17:31,83,SERVED,161.5,6,SYNTHETIC_DEMO
D_20260908,2026-09-08T17:02:57,84,ENTER,,3,SYNTHETIC_DEMO
D_20260908,2026-09-08T17:04:24,84,SERVED,87.6,3,SYNTHETIC_DEMO
D_20260908,2026-09-08T18:12:37,85,ENTER,,5,SYNTHETIC_DEMO
D_20260908,2026-09-08T18:15:13,85,SERVED,155.9,5,SYNTHETIC_DEMO
D_20260908,2026-09-08T18:05:01,86,ENTER,,8,SYNTHETIC_DEMO
D_20260908,2026-09-08T18:07:07,86,SERVED,126.4,8,SYNTHETIC_DEMO
D_20260908,2026-09-08T18:07:50,87,ENTER,,7,SYNTHETIC_DEMO
D_20260908,2026-09-08T18:09:55,87,SERVED,124.8,7,SYNTHETIC_DEMO
D_20260908,2026-09-08T17:39:10,88,ENTER,,17,SYNTHETIC_DEMO
D_20260908,2026-09-08T17:43:53,88,SERVED,282.3,17,SYNTHETIC_DEMO
D_20260908,2026-09-08T17:53:42,89,ENTER,,13,SYNTHETIC_DEMO
D_20260908,2026-09-08T17:57:06,89,SERVED,203.8,13,SYNTHETIC_DEMO
D_20260908,2026-09-08T17:31:18,90,ENTER,,15,SYNTHETIC_DEMO
D_20260908,2026-09-08T17:35:42,90,SERVED,264.3,15,SYNTHETIC_DEMO
D_20260908,2026-09-08T18:04:50,91,ENTER,,7,SYNTHETIC_DEMO
D_20260908,2026-09-08T18:06:55,91,SERVED,125.2,7,SYNTHETIC_DEMO
D_20260908,2026-09-08T17:56:30,92,ENTER,,12,SYNTHETIC_DEMO
D_20260908,2026-09-08T18:00:01,92,SERVED,211.0,12,SYNTHETIC_DEMO
D_20260908,2026-09-08T18:06:21,93,ENTER,,6,SYNTHETIC_DEMO
D_20260908,2026-09-08T18:08:06,93,SERVED,105.6,6,SYNTHETIC_DEMO
D_20260908,2026-09-08T17:41:51,94,ENTER,,17,SYNTHETIC_DEMO
D_20260908,2026-09-08T17:46:42,94,SERVED,291.5,17,SYNTHETIC_DEMO
D_20260908,2026-09-08T18:07:21,95,ENTER,,4,SYNTHETIC_DEMO
D_20260908,2026-09-08T18:08:54,95,SERVED,92.6,4,SYNTHETIC_DEMO
D_20260908,2026-09-08T17:47:59,96,ENTER,,16,SYNTHETIC_DEMO
D_20260908,2026-09-08T17:52:55,96,SERVED,296.4,16,SYNTHETIC_DEMO
D_20260908,2026-09-08T17:30:43,97,ENTER,,15,SYNTHETIC_DEMO
D_20260908,2026-09-08T17:34:28,97,SERVED,224.6,15,SYNTHETIC_DEMO
D_20260908,2026-09-08T17:12:38,98,ENTER,,6,SYNTHETIC_DEMO
D_20260908,2026-09-08T17:14:38,98,SERVED,120.0,6,SYNTHETIC_DEMO
D_20260908,2026-09-08T17:47:13,99,ENTER,,16,SYNTHETIC_DEMO
D_20260908,2026-09-08T17:52:09,99,SERVED,296.1,16,SYNTHETIC_DEMO
D_20260908,2026-09-08T17:04:11,100,ENTER,,4,SYNTHETIC_DEMO
D_20260908,2026-09-08T17:05:48,100,SERVED,97.3,4,SYNTHETIC_DEMO
D_20260908,2026-09-08T17:48:13,101,ENTER,,15,SYNTHETIC_DEMO
D_20260908,2026-09-08T17:51:54,101,SERVED,221.2,15,SYNTHETIC_DEMO
D_20260908,2026-09-08T17:45:23,102,ENTER,,17,SYNTHETIC_DEMO
D_20260908,2026-09-08T17:50:11,102,SERVED,288.3,17,SYNTHETIC_DEMO
D_20260908,2026-09-08T18:08:47,103,ENTER,,5,SYNTHETIC_DEMO
D_20260908,2026-09-08T18:10:38,103,SERVED,111.3,5,SYNTHETIC_DEMO
D_20260908,2026-09-08T17:52:10,104,ENTER,,14,SYNTHETIC_DEMO
D_20260908,2026-09-08T17:56:19,104,SERVED,249.0,14,SYNTHETIC_DEMO
D_20260908,2026-09-08T17:38:40,105,ENTER,,18,SYNTHETIC_DEMO
D_20260908,2026-09-08T17:43:47,105,SERVED,306.7,18,SYNTHETIC_DEMO
D_20260908,2026-09-08T17:30:48,106,ENTER,,16,SYNTHETIC_DEMO
D_20260908,2026-09-08T17:35:07,106,SERVED,258.8,16,SYNTHETIC_DEMO
D_20260908,2026-09-08T17:52:31,107,ENTER,,14,SYNTHETIC_DEMO
D_20260908,2026-09-08T17:55:58,107,SERVED,207.6,14,SYNTHETIC_DEMO
D_20260908,2026-09-08T17:47:06,108,ENTER,,16,SYNTHETIC_DEMO
D_20260908,2026-09-08T17:52:07,108,SERVED,301.1,16,SYNTHETIC_DEMO
D_20260908,2026-09-08T17:21:43,109,ENTER,,10,SYNTHETIC_DEMO
D_20260908,2026-09-08T17:23:30,109,ABANDONED,,10,SYNTHETIC_DEMO
D_20260908,2026-09-08T17:29:03,110,ENTER,,14,SYNTHETIC_DEMO
D_20260908,2026-09-08T17:33:18,110,SERVED,254.7,14,SYNTHETIC_DEMO
D_20260908,2026-09-08T17:33:01,111,ENTER,,15,SYNTHETIC_DEMO
D_20260908,2026-09-08T17:37:20,111,SERVED,259.0,15,SYNTHETIC_DEMO
D_20260908,2026-09-08T17:00:00,112,ENTER,,2,SYNTHETIC_DEMO
D_20260908,2026-09-08T17:01:10,112,SERVED,70.2,2,SYNTHETIC_DEMO
D_20260908,2026-09-08T17:34:45,113,ENTER,,18,SYNTHETIC_DEMO
D_20260908,2026-09-08T17:40:09,113,SERVED,324.0,18,SYNTHETIC_DEMO
D_20260908,2026-09-08T17:57:55,114,ENTER,,11,SYNTHETIC_DEMO
D_20260908,2026-09-08T18:01:21,114,SERVED,205.7,11,SYNTHETIC_DEMO
D_20260908,2026-09-08T17:37:23,115,ENTER,,16,SYNTHETIC_DEMO
D_20260908,2026-09-08T17:41:37,115,SERVED,254.2,16,SYNTHETIC_DEMO
D_20260908,2026-09-08T17:24:25,116,ENTER,,13,SYNTHETIC_DEMO
D_20260908,2026-09-08T17:28:31,116,SERVED,245.6,13,SYNTHETIC_DEMO
D_20260908,2026-09-08T18:17:13,117,ENTER,,5,SYNTHETIC_DEMO
D_20260908,2026-09-08T18:19:09,117,SERVED,116.3,5,SYNTHETIC_DEMO
D_20260908,2026-09-08T17:20:53,118,ENTER,,11,SYNTHETIC_DEMO
D_20260908,2026-09-08T17:23:46,118,SERVED,172.8,11,SYNTHETIC_DEMO
D_20260908,2026-09-08T17:36:12,119,ENTER,,17,SYNTHETIC_DEMO
D_20260908,2026-09-08T17:38:27,119,ABANDONED,,17,SYNTHETIC_DEMO
D_20260908,2026-09-08T17:45:51,120,ENTER,,17,SYNTHETIC_DEMO
D_20260908,2026-09-08T17:50:15,120,SERVED,263.6,17,SYNTHETIC_DEMO
D_20260908,2026-09-08T17:48:32,121,ENTER,,16,SYNTHETIC_DEMO
D_20260908,2026-09-08T17:52:37,121,SERVED,245.2,16,SYNTHETIC_DEMO
D_20260908,2026-09-08T17:19:09,122,ENTER,,10,SYNTHETIC_DEMO
D_20260908,2026-09-08T17:22:49,122,SERVED,219.2,10,SYNTHETIC_DEMO
D_20260908,2026-09-08T17:37:38,123,ENTER,,19,SYNTHETIC_DEMO
D_20260908,2026-09-08T17:42:44,123,SERVED,305.7,19,SYNTHETIC_DEMO
D_20260908,2026-09-08T17:41:37,124,ENTER,,17,SYNTHETIC_DEMO
D_20260908,2026-09-08T17:46:49,124,SERVED,312.1,17,SYNTHETIC_DEMO
D_20260908,2026-09-08T17:18:45,125,ENTER,,10,SYNTHETIC_DEMO
D_20260908,2026-09-08T17:21:19,125,SERVED,154.2,10,SYNTHETIC_DEMO
D_20260908,2026-09-08T18:13:15,126,ENTER,,4,SYNTHETIC_DEMO
D_20260908,2026-09-08T18:15:00,126,SERVED,105.8,4,SYNTHETIC_DEMO
D_20260908,2026-09-08T18:00:26,127,ENTER,,10,SYNTHETIC_DEMO
D_20260908,2026-09-08T18:03:10,127,SERVED,163.8,10,SYNTHETIC_DEMO
D_20260908,2026-09-08T18:09:09,128,ENTER,,7,SYNTHETIC_DEMO
D_20260908,2026-09-08T18:11:47,128,SERVED,157.9,7,SYNTHETIC_DEMO
D_20260908,2026-09-08T17:47:03,129,ENTER,,17,SYNTHETIC_DEMO
D_20260908,2026-09-08T17:51:18,129,SERVED,255.0,17,SYNTHETIC_DEMO
D_20260908,2026-09-08T17:56:04,130,ENTER,,12,SYNTHETIC_DEMO
D_20260908,2026-09-08T17:59:24,130,SERVED,199.9,12,SYNTHETIC_DEMO
D_20260908,2026-09-08T18:10:43,131,ENTER,,8,SYNTHETIC_DEMO
D_20260908,2026-09-08T18:13:30,131,SERVED,166.2,8,SYNTHETIC_DEMO
D_20260908,2026-09-08T17:48:48,132,ENTER,,16,SYNTHETIC_DEMO
D_20260908,2026-09-08T17:53:29,132,SERVED,281.5,16,SYNTHETIC_DEMO
D_20260908,2026-09-08T17:05:34,133,ENTER,,4,SYNTHETIC_DEMO
D_20260908,2026-09-08T17:07:01,133,SERVED,87.2,4,SYNTHETIC_DEMO
D_20260908,2026-09-08T17:47:56,134,ENTER,,16,SYNTHETIC_DEMO
D_20260908,2026-09-08T17:52:03,134,SERVED,246.9,16,SYNTHETIC_DEMO
D_20260908,2026-09-08T18:02:11,135,ENTER,,7,SYNTHETIC_DEMO
D_20260908,2026-09-08T18:04:24,135,SERVED,133.0,7,SYNTHETIC_DEMO
D_20260908,2026-09-08T17:44:01,136,ENTER,,16,SYNTHETIC_DEMO
D_20260908,2026-09-08T17:48:01,136,SERVED,239.7,16,SYNTHETIC_DEMO
D_20260908,2026-09-08T17:29:35,137,ENTER,,15,SYNTHETIC_DEMO
D_20260908,2026-09-08T17:34:10,137,SERVED,275.4,15,SYNTHETIC_DEMO
D_20260908,2026-09-08T17:30:46,138,ENTER,,16,SYNTHETIC_DEMO
D_20260908,2026-09-08T17:35:26,138,SERVED,279.6,16,SYNTHETIC_DEMO
D_20260908,2026-09-08T18:04:33,139,ENTER,,7,SYNTHETIC_DEMO
D_20260908,2026-09-08T18:06:26,139,SERVED,113.3,7,SYNTHETIC_DEMO
D_20260908,2026-09-08T17:35:11,140,ENTER,,17,SYNTHETIC_DEMO
D_20260908,2026-09-08T17:37:45,140,ABANDONED,,17,SYNTHETIC_DEMO
D_20260908,2026-09-08T18:18:05,141,ENTER,,4,SYNTHETIC_DEMO
D_20260908,2026-09-08T18:19:23,141,SERVED,78.2,4,SYNTHETIC_DEMO
D_20260908,2026-09-08T18:12:04,142,ENTER,,3,SYNTHETIC_DEMO
D_20260908,2026-09-08T18:13:19,142,SERVED,75.1,3,SYNTHETIC_DEMO
D_20260908,2026-09-08T17:23:12,143,ENTER,,13,SYNTHETIC_DEMO
D_20260908,2026-09-08T17:27:18,143,SERVED,246.2,13,SYNTHETIC_DEMO
D_20260908,2026-09-08T18:18:21,144,ENTER,,2,SYNTHETIC_DEMO
D_20260908,2026-09-08T18:19:24,144,SERVED,63.3,2,SYNTHETIC_DEMO
B_20260909,2026-09-09T06:18:57,1,ENTER,,7,SYNTHETIC_DEMO
B_20260909,2026-09-09T06:21:16,1,SERVED,138.6,7,SYNTHETIC_DEMO
B_20260909,2026-09-09T06:10:40,2,ENTER,,7,SYNTHETIC_DEMO
B_20260909,2026-09-09T06:13:20,2,SERVED,160.1,7,SYNTHETIC_DEMO
B_20260909,2026-09-09T06:43:07,3,ENTER,,2,SYNTHETIC_DEMO
B_20260909,2026-09-09T06:44:07,3,SERVED,60.0,2,SYNTHETIC_DEMO
B_20260909,2026-09-09T05:36:30,4,ENTER,,3,SYNTHETIC_DEMO
B_20260909,2026-09-09T05:38:20,4,SERVED,110.0,3,SYNTHETIC_DEMO
B_20260909,2026-09-09T06:04:45,5,ENTER,,9,SYNTHETIC_DEMO
B_20260909,2026-09-09T06:07:22,5,SERVED,157.1,9,SYNTHETIC_DEMO
B_20260909,2026-09-09T06:23:46,6,ENTER,,6,SYNTHETIC_DEMO
B_20260909,2026-09-09T06:26:28,6,SERVED,161.5,6,SYNTHETIC_DEMO
B_20260909,2026-09-09T05:50:25,7,ENTER,,5,SYNTHETIC_DEMO
B_20260909,2026-09-09T05:52:02,7,SERVED,97.7,5,SYNTHETIC_DEMO
B_20260909,2026-09-09T06:24:11,8,ENTER,,6,SYNTHETIC_DEMO
B_20260909,2026-09-09T06:26:04,8,SERVED,112.8,6,SYNTHETIC_DEMO
B_20260909,2026-09-09T05:54:55,9,ENTER,,8,SYNTHETIC_DEMO
B_20260909,2026-09-09T05:57:13,9,SERVED,137.8,8,SYNTHETIC_DEMO
B_20260909,2026-09-09T06:50:03,10,ENTER,,1,SYNTHETIC_DEMO
B_20260909,2026-09-09T06:51:12,10,SERVED,68.4,1,SYNTHETIC_DEMO
B_20260909,2026-09-09T06:03:04,11,ENTER,,9,SYNTHETIC_DEMO
B_20260909,2026-09-09T06:06:22,11,SERVED,197.3,9,SYNTHETIC_DEMO
B_20260909,2026-09-09T06:04:19,12,ENTER,,9,SYNTHETIC_DEMO
B_20260909,2026-09-09T06:07:43,12,SERVED,203.6,9,SYNTHETIC_DEMO
B_20260909,2026-09-09T06:32:02,13,ENTER,,3,SYNTHETIC_DEMO
B_20260909,2026-09-09T06:33:47,13,SERVED,104.9,3,SYNTHETIC_DEMO
B_20260909,2026-09-09T05:40:50,14,ENTER,,3,SYNTHETIC_DEMO
B_20260909,2026-09-09T05:42:34,14,SERVED,104.1,3,SYNTHETIC_DEMO
B_20260909,2026-09-09T05:58:36,15,ENTER,,7,SYNTHETIC_DEMO
B_20260909,2026-09-09T06:00:34,15,SERVED,118.1,7,SYNTHETIC_DEMO
B_20260909,2026-09-09T05:30:00,16,ENTER,,4,SYNTHETIC_DEMO
B_20260909,2026-09-09T05:31:48,16,SERVED,108.0,4,SYNTHETIC_DEMO
B_20260909,2026-09-09T06:27:23,17,ENTER,,5,SYNTHETIC_DEMO
B_20260909,2026-09-09T06:29:46,17,SERVED,143.5,5,SYNTHETIC_DEMO
B_20260909,2026-09-09T05:44:47,18,ENTER,,6,SYNTHETIC_DEMO
B_20260909,2026-09-09T05:47:02,18,SERVED,134.7,6,SYNTHETIC_DEMO
B_20260909,2026-09-09T06:08:57,19,ENTER,,9,SYNTHETIC_DEMO
B_20260909,2026-09-09T06:12:16,19,SERVED,199.4,9,SYNTHETIC_DEMO
B_20260909,2026-09-09T06:16:53,20,ENTER,,7,SYNTHETIC_DEMO
B_20260909,2026-09-09T06:19:54,20,SERVED,180.9,7,SYNTHETIC_DEMO
B_20260909,2026-09-09T06:11:57,21,ENTER,,9,SYNTHETIC_DEMO
B_20260909,2026-09-09T06:14:53,21,SERVED,175.6,9,SYNTHETIC_DEMO
B_20260909,2026-09-09T05:46:00,22,ENTER,,6,SYNTHETIC_DEMO
B_20260909,2026-09-09T05:47:48,22,SERVED,108.0,6,SYNTHETIC_DEMO
B_20260909,2026-09-09T05:55:13,23,ENTER,,8,SYNTHETIC_DEMO
B_20260909,2026-09-09T05:57:35,23,SERVED,141.4,8,SYNTHETIC_DEMO
B_20260909,2026-09-09T06:08:03,24,ENTER,,8,SYNTHETIC_DEMO
B_20260909,2026-09-09T06:10:27,24,SERVED,143.9,8,SYNTHETIC_DEMO
B_20260909,2026-09-09T06:00:12,25,ENTER,,8,SYNTHETIC_DEMO
B_20260909,2026-09-09T06:03:21,25,SERVED,188.8,8,SYNTHETIC_DEMO
B_20260909,2026-09-09T06:01:57,26,ENTER,,9,SYNTHETIC_DEMO
B_20260909,2026-09-09T06:05:03,26,SERVED,185.9,9,SYNTHETIC_DEMO
B_20260909,2026-09-09T06:02:39,27,ENTER,,9,SYNTHETIC_DEMO
B_20260909,2026-09-09T06:05:36,27,SERVED,176.3,9,SYNTHETIC_DEMO
B_20260909,2026-09-09T06:14:34,28,ENTER,,9,SYNTHETIC_DEMO
B_20260909,2026-09-09T06:16:10,28,ABANDONED,,9,SYNTHETIC_DEMO
B_20260909,2026-09-09T06:09:23,29,ENTER,,8,SYNTHETIC_DEMO
B_20260909,2026-09-09T06:11:38,29,SERVED,134.9,8,SYNTHETIC_DEMO
B_20260909,2026-09-09T06:19:29,30,ENTER,,8,SYNTHETIC_DEMO
B_20260909,2026-09-09T06:22:04,30,SERVED,154.6,8,SYNTHETIC_DEMO
B_20260909,2026-09-09T05:55:46,31,ENTER,,7,SYNTHETIC_DEMO
B_20260909,2026-09-09T05:57:41,31,SERVED,115.4,7,SYNTHETIC_DEMO
B_20260909,2026-09-09T06:04:29,32,ENTER,,8,SYNTHETIC_DEMO
B_20260909,2026-09-09T06:06:56,32,SERVED,146.6,8,SYNTHETIC_DEMO
B_20260909,2026-09-09T05:53:23,33,ENTER,,8,SYNTHETIC_DEMO
B_20260909,2026-09-09T05:55:34,33,SERVED,131.3,8,SYNTHETIC_DEMO
B_20260909,2026-09-09T06:12:26,34,ENTER,,7,SYNTHETIC_DEMO
B_20260909,2026-09-09T06:14:30,34,SERVED,124.1,7,SYNTHETIC_DEMO
B_20260909,2026-09-09T05:39:50,35,ENTER,,4,SYNTHETIC_DEMO
B_20260909,2026-09-09T05:41:35,35,SERVED,104.8,4,SYNTHETIC_DEMO
B_20260909,2026-09-09T06:20:39,36,ENTER,,5,SYNTHETIC_DEMO
B_20260909,2026-09-09T06:22:58,36,SERVED,139.1,5,SYNTHETIC_DEMO
B_20260909,2026-09-09T06:30:31,37,ENTER,,3,SYNTHETIC_DEMO
B_20260909,2026-09-09T06:32:37,37,SERVED,126.0,3,SYNTHETIC_DEMO
B_20260909,2026-09-09T05:30:00,38,ENTER,,3,SYNTHETIC_DEMO
B_20260909,2026-09-09T05:32:06,38,SERVED,126.0,3,SYNTHETIC_DEMO
B_20260909,2026-09-09T06:22:04,39,ENTER,,5,SYNTHETIC_DEMO
B_20260909,2026-09-09T06:23:38,39,SERVED,94.1,5,SYNTHETIC_DEMO
B_20260909,2026-09-09T06:01:48,40,ENTER,,7,SYNTHETIC_DEMO
B_20260909,2026-09-09T06:04:45,40,SERVED,176.8,7,SYNTHETIC_DEMO
B_20260909,2026-09-09T06:06:20,41,ENTER,,8,SYNTHETIC_DEMO
B_20260909,2026-09-09T06:08:56,41,SERVED,155.5,8,SYNTHETIC_DEMO
B_20260909,2026-09-09T06:38:35,42,ENTER,,3,SYNTHETIC_DEMO
B_20260909,2026-09-09T06:40:24,42,SERVED,109.2,3,SYNTHETIC_DEMO
B_20260909,2026-09-09T06:15:25,43,ENTER,,9,SYNTHETIC_DEMO
B_20260909,2026-09-09T06:18:17,43,SERVED,172.0,9,SYNTHETIC_DEMO
B_20260909,2026-09-09T06:23:03,44,ENTER,,5,SYNTHETIC_DEMO
B_20260909,2026-09-09T06:25:15,44,SERVED,131.4,5,SYNTHETIC_DEMO
B_20260909,2026-09-09T05:57:12,45,ENTER,,7,SYNTHETIC_DEMO
B_20260909,2026-09-09T05:59:36,45,SERVED,144.2,7,SYNTHETIC_DEMO
B_20260909,2026-09-09T06:22:40,46,ENTER,,5,SYNTHETIC_DEMO
B_20260909,2026-09-09T06:25:09,46,SERVED,149.0,5,SYNTHETIC_DEMO
B_20260909,2026-09-09T05:53:25,47,ENTER,,6,SYNTHETIC_DEMO
B_20260909,2026-09-09T05:55:36,47,SERVED,131.4,6,SYNTHETIC_DEMO
B_20260909,2026-09-09T05:59:39,48,ENTER,,8,SYNTHETIC_DEMO
B_20260909,2026-09-09T06:02:38,48,SERVED,179.2,8,SYNTHETIC_DEMO
B_20260909,2026-09-09T05:48:54,49,ENTER,,6,SYNTHETIC_DEMO
B_20260909,2026-09-09T05:51:15,49,SERVED,140.9,6,SYNTHETIC_DEMO
B_20260909,2026-09-09T05:36:46,50,ENTER,,4,SYNTHETIC_DEMO
B_20260909,2026-09-09T05:38:10,50,SERVED,84.8,4,SYNTHETIC_DEMO
B_20260909,2026-09-09T06:32:29,51,ENTER,,3,SYNTHETIC_DEMO
B_20260909,2026-09-09T06:33:53,51,SERVED,84.0,3,SYNTHETIC_DEMO
B_20260909,2026-09-09T06:12:18,52,ENTER,,7,SYNTHETIC_DEMO
B_20260909,2026-09-09T06:14:18,52,SERVED,120.4,7,SYNTHETIC_DEMO
B_20260909,2026-09-09T05:57:07,53,ENTER,,7,SYNTHETIC_DEMO
B_20260909,2026-09-09T05:59:54,53,SERVED,166.6,7,SYNTHETIC_DEMO
B_20260909,2026-09-09T06:17:13,54,ENTER,,7,SYNTHETIC_DEMO
B_20260909,2026-09-09T06:20:04,54,SERVED,170.7,7,SYNTHETIC_DEMO
B_20260909,2026-09-09T06:05:57,55,ENTER,,8,SYNTHETIC_DEMO
B_20260909,2026-09-09T06:07:21,55,ABANDONED,,8,SYNTHETIC_DEMO
B_20260909,2026-09-09T06:35:28,56,ENTER,,3,SYNTHETIC_DEMO
B_20260909,2026-09-09T06:37:00,56,SERVED,92.0,3,SYNTHETIC_DEMO
B_20260909,2026-09-09T06:14:21,57,ENTER,,8,SYNTHETIC_DEMO
B_20260909,2026-09-09T06:17:00,57,SERVED,159.1,8,SYNTHETIC_DEMO
B_20260909,2026-09-09T06:37:53,58,ENTER,,4,SYNTHETIC_DEMO
B_20260909,2026-09-09T06:39:27,58,SERVED,94.5,4,SYNTHETIC_DEMO
B_20260909,2026-09-09T06:11:14,59,ENTER,,8,SYNTHETIC_DEMO
B_20260909,2026-09-09T06:14:08,59,SERVED,174.6,8,SYNTHETIC_DEMO
B_20260909,2026-09-09T06:00:38,60,ENTER,,9,SYNTHETIC_DEMO
B_20260909,2026-09-09T06:02:57,60,SERVED,139.2,9,SYNTHETIC_DEMO
B_20260909,2026-09-09T05:35:27,61,ENTER,,3,SYNTHETIC_DEMO
B_20260909,2026-09-09T05:37:13,61,SERVED,105.8,3,SYNTHETIC_DEMO
B_20260909,2026-09-09T06:27:46,62,ENTER,,4,SYNTHETIC_DEMO
B_20260909,2026-09-09T06:29:59,62,SERVED,133.0,4,SYNTHETIC_DEMO
B_20260909,2026-09-09T06:10:03,63,ENTER,,9,SYNTHETIC_DEMO
B_20260909,2026-09-09T06:12:57,63,SERVED,173.3,9,SYNTHETIC_DEMO
B_20260909,2026-09-09T05:38:20,64,ENTER,,5,SYNTHETIC_DEMO
B_20260909,2026-09-09T05:40:27,64,SERVED,127.2,5,SYNTHETIC_DEMO
B_20260909,2026-09-09T05:44:34,65,ENTER,,5,SYNTHETIC_DEMO
B_20260909,2026-09-09T05:46:05,65,SERVED,90.6,5,SYNTHETIC_DEMO
B_20260909,2026-09-09T06:07:00,66,ENTER,,10,SYNTHETIC_DEMO
B_20260909,2026-09-09T06:10:07,66,SERVED,186.4,10,SYNTHETIC_DEMO
B_20260909,2026-09-09T05:38:50,67,ENTER,,2,SYNTHETIC_DEMO
B_20260909,2026-09-09T05:40:23,67,SERVED,93.3,2,SYNTHETIC_DEMO
B_20260909,2026-09-09T06:27:49,68,ENTER,,6,SYNTHETIC_DEMO
B_20260909,2026-09-09T06:29:33,68,SERVED,103.8,6,SYNTHETIC_DEMO
B_20260909,2026-09-09T05:54:04,69,ENTER,,7,SYNTHETIC_DEMO
B_20260909,2026-09-09T05:56:42,69,SERVED,157.7,7,SYNTHETIC_DEMO
B_20260909,2026-09-09T06:19:40,70,ENTER,,7,SYNTHETIC_DEMO
B_20260909,2026-09-09T06:21:52,70,SERVED,132.7,7,SYNTHETIC_DEMO
B_20260909,2026-09-09T06:01:21,71,ENTER,,10,SYNTHETIC_DEMO
B_20260909,2026-09-09T06:04:55,71,SERVED,214.9,10,SYNTHETIC_DEMO
B_20260909,2026-09-09T05:54:30,72,ENTER,,7,SYNTHETIC_DEMO
B_20260909,2026-09-09T05:56:21,72,SERVED,110.6,7,SYNTHETIC_DEMO
B_20260909,2026-09-09T05:52:51,73,ENTER,,6,SYNTHETIC_DEMO
B_20260909,2026-09-09T05:55:15,73,SERVED,144.6,6,SYNTHETIC_DEMO
B_20260909,2026-09-09T06:00:03,74,ENTER,,9,SYNTHETIC_DEMO
B_20260909,2026-09-09T06:02:41,74,SERVED,158.7,9,SYNTHETIC_DEMO
B_20260909,2026-09-09T06:09:21,75,ENTER,,8,SYNTHETIC_DEMO
B_20260909,2026-09-09T06:12:07,75,SERVED,166.0,8,SYNTHETIC_DEMO
B_20260909,2026-09-09T05:57:49,76,ENTER,,9,SYNTHETIC_DEMO
B_20260909,2026-09-09T06:00:16,76,SERVED,147.1,9,SYNTHETIC_DEMO
B_20260909,2026-09-09T05:41:25,77,ENTER,,5,SYNTHETIC_DEMO
B_20260909,2026-09-09T05:43:42,77,SERVED,136.5,5,SYNTHETIC_DEMO
B_20260909,2026-09-09T06:00:34,78,ENTER,,8,SYNTHETIC_DEMO
B_20260909,2026-09-09T06:02:55,78,SERVED,140.5,8,SYNTHETIC_DEMO
B_20260909,2026-09-09T06:29:38,79,ENTER,,3,SYNTHETIC_DEMO
B_20260909,2026-09-09T06:31:04,79,SERVED,85.1,3,SYNTHETIC_DEMO
B_20260909,2026-09-09T06:11:38,80,ENTER,,8,SYNTHETIC_DEMO
B_20260909,2026-09-09T06:13:43,80,SERVED,124.5,8,SYNTHETIC_DEMO
B_20260909,2026-09-09T06:10:11,81,ENTER,,8,SYNTHETIC_DEMO
B_20260909,2026-09-09T06:12:19,81,SERVED,127.4,8,SYNTHETIC_DEMO
B_20260909,2026-09-09T05:58:43,82,ENTER,,8,SYNTHETIC_DEMO
B_20260909,2026-09-09T06:01:19,82,SERVED,155.5,8,SYNTHETIC_DEMO
B_20260909,2026-09-09T06:52:30,83,ENTER,,1,SYNTHETIC_DEMO
B_20260909,2026-09-09T06:54:02,83,SERVED,92.7,1,SYNTHETIC_DEMO
B_20260909,2026-09-09T06:28:29,84,ENTER,,5,SYNTHETIC_DEMO
B_20260909,2026-09-09T06:31:04,84,SERVED,154.7,5,SYNTHETIC_DEMO
B_20260909,2026-09-09T05:59:54,85,ENTER,,8,SYNTHETIC_DEMO
B_20260909,2026-09-09T06:02:22,85,SERVED,147.7,8,SYNTHETIC_DEMO
B_20260909,2026-09-09T05:54:49,86,ENTER,,7,SYNTHETIC_DEMO
B_20260909,2026-09-09T05:57:28,86,SERVED,159.6,7,SYNTHETIC_DEMO
B_20260909,2026-09-09T06:10:39,87,ENTER,,10,SYNTHETIC_DEMO
B_20260909,2026-09-09T06:13:59,87,SERVED,200.9,10,SYNTHETIC_DEMO
B_20260909,2026-09-09T05:57:31,88,ENTER,,8,SYNTHETIC_DEMO
B_20260909,2026-09-09T06:00:30,88,SERVED,179.1,8,SYNTHETIC_DEMO
B_20260909,2026-09-09T05:36:57,89,ENTER,,3,SYNTHETIC_DEMO
B_20260909,2026-09-09T05:38:31,89,SERVED,94.5,3,SYNTHETIC_DEMO
L_20260909,2026-09-09T12:20:38,1,ENTER,,11,SYNTHETIC_DEMO
L_20260909,2026-09-09T12:23:49,1,SERVED,191.8,11,SYNTHETIC_DEMO
L_20260909,2026-09-09T12:04:57,2,ENTER,,18,SYNTHETIC_DEMO
L_20260909,2026-09-09T12:10:02,2,SERVED,304.5,18,SYNTHETIC_DEMO
L_20260909,2026-09-09T11:30:00,3,ENTER,,6,SYNTHETIC_DEMO
L_20260909,2026-09-09T11:32:03,3,SERVED,123.0,6,SYNTHETIC_DEMO
L_20260909,2026-09-09T11:50:28,4,ENTER,,16,SYNTHETIC_DEMO
L_20260909,2026-09-09T11:54:49,4,SERVED,261.0,16,SYNTHETIC_DEMO
L_20260909,2026-09-09T12:19:22,5,ENTER,,10,SYNTHETIC_DEMO
L_20260909,2026-09-09T12:22:53,5,SERVED,210.5,10,SYNTHETIC_DEMO
L_20260909,2026-09-09T12:04:27,6,ENTER,,19,SYNTHETIC_DEMO
L_20260909,2026-09-09T12:09:16,6,SERVED,288.5,19,SYNTHETIC_DEMO
L_20260909,2026-09-09T12:04:31,7,ENTER,,19,SYNTHETIC_DEMO
L_20260909,2026-09-09T12:09:09,7,SERVED,278.2,19,SYNTHETIC_DEMO
L_20260909,2026-09-09T11:58:50,8,ENTER,,19,SYNTHETIC_DEMO
L_20260909,2026-09-09T12:03:59,8,SERVED,309.2,19,SYNTHETIC_DEMO
L_20260909,2026-09-09T12:13:31,9,ENTER,,15,SYNTHETIC_DEMO
L_20260909,2026-09-09T12:18:15,9,SERVED,283.7,15,SYNTHETIC_DEMO
L_20260909,2026-09-09T12:08:55,10,ENTER,,17,SYNTHETIC_DEMO
L_20260909,2026-09-09T12:13:20,10,SERVED,265.2,17,SYNTHETIC_DEMO
L_20260909,2026-09-09T12:00:26,11,ENTER,,19,SYNTHETIC_DEMO
L_20260909,2026-09-09T12:05:41,11,SERVED,315.5,19,SYNTHETIC_DEMO
L_20260909,2026-09-09T12:34:47,12,ENTER,,4,SYNTHETIC_DEMO
L_20260909,2026-09-09T12:36:55,12,SERVED,127.6,4,SYNTHETIC_DEMO
L_20260909,2026-09-09T11:51:10,13,ENTER,,17,SYNTHETIC_DEMO
L_20260909,2026-09-09T11:55:37,13,SERVED,267.5,17,SYNTHETIC_DEMO
L_20260909,2026-09-09T11:30:00,14,ENTER,,5,SYNTHETIC_DEMO
L_20260909,2026-09-09T11:31:41,14,SERVED,101.3,5,SYNTHETIC_DEMO
L_20260909,2026-09-09T11:53:57,15,ENTER,,19,SYNTHETIC_DEMO
L_20260909,2026-09-09T11:59:30,15,SERVED,332.8,19,SYNTHETIC_DEMO
L_20260909,2026-09-09T11:48:55,16,ENTER,,16,SYNTHETIC_DEMO
L_20260909,2026-09-09T11:52:50,16,SERVED,234.4,16,SYNTHETIC_DEMO
L_20260909,2026-09-09T11:54:11,17,ENTER,,19,SYNTHETIC_DEMO
L_20260909,2026-09-09T11:59:00,17,SERVED,289.0,19,SYNTHETIC_DEMO
L_20260909,2026-09-09T11:48:40,18,ENTER,,16,SYNTHETIC_DEMO
L_20260909,2026-09-09T11:52:30,18,SERVED,229.4,16,SYNTHETIC_DEMO
L_20260909,2026-09-09T11:53:19,19,ENTER,,18,SYNTHETIC_DEMO
L_20260909,2026-09-09T11:58:32,19,SERVED,312.9,18,SYNTHETIC_DEMO
L_20260909,2026-09-09T12:04:18,20,ENTER,,18,SYNTHETIC_DEMO
L_20260909,2026-09-09T12:09:23,20,SERVED,304.9,18,SYNTHETIC_DEMO
L_20260909,2026-09-09T12:00:16,21,ENTER,,19,SYNTHETIC_DEMO
L_20260909,2026-09-09T12:04:54,21,SERVED,277.6,19,SYNTHETIC_DEMO
L_20260909,2026-09-09T11:42:25,22,ENTER,,13,SYNTHETIC_DEMO
L_20260909,2026-09-09T11:45:36,22,SERVED,190.3,13,SYNTHETIC_DEMO
L_20260909,2026-09-09T11:46:35,23,ENTER,,14,SYNTHETIC_DEMO
L_20260909,2026-09-09T11:50:44,23,SERVED,249.5,14,SYNTHETIC_DEMO
L_20260909,2026-09-09T12:32:41,24,ENTER,,5,SYNTHETIC_DEMO
L_20260909,2026-09-09T12:34:48,24,SERVED,127.2,5,SYNTHETIC_DEMO
L_20260909,2026-09-09T11:30:00,25,ENTER,,6,SYNTHETIC_DEMO
L_20260909,2026-09-09T11:32:23,25,SERVED,143.9,6,SYNTHETIC_DEMO
L_20260909,2026-09-09T12:02:22,26,ENTER,,20,SYNTHETIC_DEMO
L_20260909,2026-09-09T12:07:29,26,SERVED,307.5,20,SYNTHETIC_DEMO
L_20260909,2026-09-09T11:57:05,27,ENTER,,19,SYNTHETIC_DEMO
L_20260909,2026-09-09T12:01:38,27,SERVED,272.4,19,SYNTHETIC_DEMO
L_20260909,2026-09-09T12:09:49,28,ENTER,,17,SYNTHETIC_DEMO
L_20260909,2026-09-09T12:14:09,28,SERVED,259.8,17,SYNTHETIC_DEMO
L_20260909,2026-09-09T12:03:16,29,ENTER,,19,SYNTHETIC_DEMO
L_20260909,2026-09-09T12:08:31,29,SERVED,315.9,19,SYNTHETIC_DEMO
L_20260909,2026-09-09T11:52:38,30,ENTER,,18,SYNTHETIC_DEMO
L_20260909,2026-09-09T11:54:54,30,ABANDONED,,18,SYNTHETIC_DEMO
L_20260909,2026-09-09T11:36:30,31,ENTER,,10,SYNTHETIC_DEMO
L_20260909,2026-09-09T11:40:03,31,SERVED,213.5,10,SYNTHETIC_DEMO
L_20260909,2026-09-09T12:13:43,32,ENTER,,15,SYNTHETIC_DEMO
L_20260909,2026-09-09T12:18:05,32,SERVED,262.3,15,SYNTHETIC_DEMO
L_20260909,2026-09-09T12:19:09,33,ENTER,,11,SYNTHETIC_DEMO
L_20260909,2026-09-09T12:22:26,33,SERVED,197.2,11,SYNTHETIC_DEMO
L_20260909,2026-09-09T11:48:55,34,ENTER,,17,SYNTHETIC_DEMO
L_20260909,2026-09-09T11:53:06,34,SERVED,250.7,17,SYNTHETIC_DEMO
L_20260909,2026-09-09T11:52:44,35,ENTER,,18,SYNTHETIC_DEMO
L_20260909,2026-09-09T11:57:31,35,SERVED,287.2,18,SYNTHETIC_DEMO
L_20260909,2026-09-09T12:11:23,36,ENTER,,15,SYNTHETIC_DEMO
L_20260909,2026-09-09T12:15:48,36,SERVED,264.7,15,SYNTHETIC_DEMO
L_20260909,2026-09-09T12:00:01,37,ENTER,,18,SYNTHETIC_DEMO
L_20260909,2026-09-09T12:04:34,37,SERVED,272.9,18,SYNTHETIC_DEMO
L_20260909,2026-09-09T12:25:49,38,ENTER,,8,SYNTHETIC_DEMO
L_20260909,2026-09-09T12:28:47,38,SERVED,178.7,8,SYNTHETIC_DEMO
L_20260909,2026-09-09T12:04:07,39,ENTER,,18,SYNTHETIC_DEMO
L_20260909,2026-09-09T12:09:31,39,SERVED,323.3,18,SYNTHETIC_DEMO
L_20260909,2026-09-09T11:37:51,40,ENTER,,10,SYNTHETIC_DEMO
L_20260909,2026-09-09T11:40:35,40,SERVED,164.1,10,SYNTHETIC_DEMO
L_20260909,2026-09-09T11:30:00,41,ENTER,,5,SYNTHETIC_DEMO
L_20260909,2026-09-09T11:32:23,41,SERVED,143.3,5,SYNTHETIC_DEMO
L_20260909,2026-09-09T11:58:11,42,ENTER,,19,SYNTHETIC_DEMO
L_20260909,2026-09-09T12:03:27,42,SERVED,316.0,19,SYNTHETIC_DEMO
L_20260909,2026-09-09T12:28:30,43,ENTER,,6,SYNTHETIC_DEMO
L_20260909,2026-09-09T12:31:16,43,SERVED,166.4,6,SYNTHETIC_DEMO
L_20260909,2026-09-09T12:09:42,44,ENTER,,15,SYNTHETIC_DEMO
L_20260909,2026-09-09T12:13:31,44,SERVED,228.7,15,SYNTHETIC_DEMO
L_20260909,2026-09-09T11:59:53,45,ENTER,,20,SYNTHETIC_DEMO
L_20260909,2026-09-09T12:05:43,45,SERVED,350.5,20,SYNTHETIC_DEMO
L_20260909,2026-09-09T12:07:05,46,ENTER,,17,SYNTHETIC_DEMO
L_20260909,2026-09-09T12:11:14,46,SERVED,249.4,17,SYNTHETIC_DEMO
L_20260909,2026-09-09T11:53:28,47,ENTER,,18,SYNTHETIC_DEMO
L_20260909,2026-09-09T11:57:57,47,SERVED,269.0,18,SYNTHETIC_DEMO
L_20260909,2026-09-09T12:15:16,48,ENTER,,15,SYNTHETIC_DEMO
L_20260909,2026-09-09T12:19:30,48,SERVED,254.3,15,SYNTHETIC_DEMO
L_20260909,2026-09-09T12:15:44,49,ENTER,,13,SYNTHETIC_DEMO
L_20260909,2026-09-09T12:19:28,49,SERVED,224.1,13,SYNTHETIC_DEMO
L_20260909,2026-09-09T11:45:08,50,ENTER,,15,SYNTHETIC_DEMO
L_20260909,2026-09-09T11:49:54,50,SERVED,286.3,15,SYNTHETIC_DEMO
L_20260909,2026-09-09T11:37:04,51,ENTER,,9,SYNTHETIC_DEMO
L_20260909,2026-09-09T11:39:22,51,SERVED,138.4,9,SYNTHETIC_DEMO
L_20260909,2026-09-09T11:30:00,52,ENTER,,5,SYNTHETIC_DEMO
L_20260909,2026-09-09T11:31:24,52,SERVED,84.2,5,SYNTHETIC_DEMO
L_20260909,2026-09-09T12:05:42,53,ENTER,,20,SYNTHETIC_DEMO
L_20260909,2026-09-09T12:11:30,53,SERVED,348.3,20,SYNTHETIC_DEMO
L_20260909,2026-09-09T11:55:57,54,ENTER,,18,SYNTHETIC_DEMO
L_20260909,2026-09-09T12:00:18,54,SERVED,261.3,18,SYNTHETIC_DEMO
L_20260909,2026-09-09T12:32:45,55,ENTER,,4,SYNTHETIC_DEMO
L_20260909,2026-09-09T12:34:06,55,SERVED,81.2,4,SYNTHETIC_DEMO
L_20260909,2026-09-09T12:26:46,56,ENTER,,7,SYNTHETIC_DEMO
L_20260909,2026-09-09T12:29:24,56,SERVED,158.0,7,SYNTHETIC_DEMO
L_20260909,2026-09-09T12:18:02,57,ENTER,,12,SYNTHETIC_DEMO
L_20260909,2026-09-09T12:21:42,57,SERVED,219.5,12,SYNTHETIC_DEMO
L_20260909,2026-09-09T12:15:04,58,ENTER,,14,SYNTHETIC_DEMO
L_20260909,2026-09-09T12:18:54,58,SERVED,230.0,14,SYNTHETIC_DEMO
L_20260909,2026-09-09T12:05:26,59,ENTER,,19,SYNTHETIC_DEMO
L_20260909,2026-09-09T12:10:34,59,SERVED,307.9,19,SYNTHETIC_DEMO
L_20260909,2026-09-09T11:43:49,60,ENTER,,13,SYNTHETIC_DEMO
L_20260909,2026-09-09T11:47:07,60,SERVED,198.5,13,SYNTHETIC_DEMO
L_20260909,2026-09-09T12:08:23,61,ENTER,,18,SYNTHETIC_DEMO
L_20260909,2026-09-09T12:13:29,61,SERVED,305.7,18,SYNTHETIC_DEMO
L_20260909,2026-09-09T12:27:24,62,ENTER,,6,SYNTHETIC_DEMO
L_20260909,2026-09-09T12:30:02,62,SERVED,158.3,6,SYNTHETIC_DEMO
L_20260909,2026-09-09T11:49:12,63,ENTER,,16,SYNTHETIC_DEMO
L_20260909,2026-09-09T11:53:53,63,SERVED,281.7,16,SYNTHETIC_DEMO
L_20260909,2026-09-09T11:44:53,64,ENTER,,14,SYNTHETIC_DEMO
L_20260909,2026-09-09T11:48:57,64,SERVED,244.3,14,SYNTHETIC_DEMO
L_20260909,2026-09-09T11:40:58,65,ENTER,,11,SYNTHETIC_DEMO
L_20260909,2026-09-09T11:44:25,65,SERVED,206.4,11,SYNTHETIC_DEMO
L_20260909,2026-09-09T12:09:44,66,ENTER,,17,SYNTHETIC_DEMO
L_20260909,2026-09-09T12:14:21,66,SERVED,277.7,17,SYNTHETIC_DEMO
L_20260909,2026-09-09T11:40:20,67,ENTER,,11,SYNTHETIC_DEMO
L_20260909,2026-09-09T11:43:27,67,SERVED,187.4,11,SYNTHETIC_DEMO
L_20260909,2026-09-09T11:51:07,68,ENTER,,17,SYNTHETIC_DEMO
L_20260909,2026-09-09T11:55:54,68,SERVED,287.0,17,SYNTHETIC_DEMO
L_20260909,2026-09-09T12:42:07,69,ENTER,,2,SYNTHETIC_DEMO
L_20260909,2026-09-09T12:42:52,69,SERVED,45.1,2,SYNTHETIC_DEMO
L_20260909,2026-09-09T12:08:39,70,ENTER,,19,SYNTHETIC_DEMO
L_20260909,2026-09-09T12:14:09,70,SERVED,330.3,19,SYNTHETIC_DEMO
L_20260909,2026-09-09T11:44:34,71,ENTER,,15,SYNTHETIC_DEMO
L_20260909,2026-09-09T11:48:17,71,SERVED,222.8,15,SYNTHETIC_DEMO
L_20260909,2026-09-09T12:05:47,72,ENTER,,18,SYNTHETIC_DEMO
L_20260909,2026-09-09T12:10:35,72,SERVED,288.8,18,SYNTHETIC_DEMO
L_20260909,2026-09-09T12:10:50,73,ENTER,,16,SYNTHETIC_DEMO
L_20260909,2026-09-09T12:14:52,73,SERVED,242.0,16,SYNTHETIC_DEMO
L_20260909,2026-09-09T11:42:06,74,ENTER,,13,SYNTHETIC_DEMO
L_20260909,2026-09-09T11:45:38,74,SERVED,211.6,13,SYNTHETIC_DEMO
L_20260909,2026-09-09T11:34:25,75,ENTER,,8,SYNTHETIC_DEMO
L_20260909,2026-09-09T11:36:34,75,SERVED,128.7,8,SYNTHETIC_DEMO
L_20260909,2026-09-09T12:18:58,76,ENTER,,11,SYNTHETIC_DEMO
L_20260909,2026-09-09T12:22:31,76,SERVED,212.9,11,SYNTHETIC_DEMO
L_20260909,2026-09-09T11:36:48,77,ENTER,,9,SYNTHETIC_DEMO
L_20260909,2026-09-09T11:39:33,77,SERVED,165.0,9,SYNTHETIC_DEMO
L_20260909,2026-09-09T12:03:06,78,ENTER,,20,SYNTHETIC_DEMO
L_20260909,2026-09-09T12:08:43,78,SERVED,337.0,20,SYNTHETIC_DEMO
L_20260909,2026-09-09T12:07:58,79,ENTER,,18,SYNTHETIC_DEMO
L_20260909,2026-09-09T12:13:25,79,SERVED,327.0,18,SYNTHETIC_DEMO
L_20260909,2026-09-09T12:08:40,80,ENTER,,16,SYNTHETIC_DEMO
L_20260909,2026-09-09T12:12:37,80,SERVED,237.5,16,SYNTHETIC_DEMO
L_20260909,2026-09-09T12:13:05,81,ENTER,,15,SYNTHETIC_DEMO
L_20260909,2026-09-09T12:17:47,81,SERVED,282.3,15,SYNTHETIC_DEMO
L_20260909,2026-09-09T12:01:07,82,ENTER,,20,SYNTHETIC_DEMO
L_20260909,2026-09-09T12:06:51,82,SERVED,344.0,20,SYNTHETIC_DEMO
L_20260909,2026-09-09T11:30:28,83,ENTER,,5,SYNTHETIC_DEMO
L_20260909,2026-09-09T11:31:55,83,SERVED,87.3,5,SYNTHETIC_DEMO
L_20260909,2026-09-09T12:07:34,84,ENTER,,18,SYNTHETIC_DEMO
L_20260909,2026-09-09T12:12:38,84,SERVED,304.0,18,SYNTHETIC_DEMO
L_20260909,2026-09-09T11:59:58,85,ENTER,,19,SYNTHETIC_DEMO
L_20260909,2026-09-09T12:05:22,85,SERVED,324.7,19,SYNTHETIC_DEMO
L_20260909,2026-09-09T11:48:36,86,ENTER,,17,SYNTHETIC_DEMO
L_20260909,2026-09-09T11:53:48,86,SERVED,312.1,17,SYNTHETIC_DEMO
L_20260909,2026-09-09T11:41:01,87,ENTER,,10,SYNTHETIC_DEMO
L_20260909,2026-09-09T11:44:10,87,SERVED,189.5,10,SYNTHETIC_DEMO
L_20260909,2026-09-09T12:22:17,88,ENTER,,11,SYNTHETIC_DEMO
L_20260909,2026-09-09T12:26:12,88,SERVED,235.1,11,SYNTHETIC_DEMO
L_20260909,2026-09-09T11:52:25,89,ENTER,,18,SYNTHETIC_DEMO
L_20260909,2026-09-09T11:57:04,89,SERVED,278.8,18,SYNTHETIC_DEMO
L_20260909,2026-09-09T11:48:15,90,ENTER,,17,SYNTHETIC_DEMO
L_20260909,2026-09-09T11:52:37,90,SERVED,262.0,17,SYNTHETIC_DEMO
L_20260909,2026-09-09T11:56:05,91,ENTER,,19,SYNTHETIC_DEMO
L_20260909,2026-09-09T12:01:14,91,SERVED,309.0,19,SYNTHETIC_DEMO
L_20260909,2026-09-09T11:33:32,92,ENTER,,6,SYNTHETIC_DEMO
L_20260909,2026-09-09T11:36:14,92,SERVED,162.2,6,SYNTHETIC_DEMO
L_20260909,2026-09-09T12:19:50,93,ENTER,,10,SYNTHETIC_DEMO
L_20260909,2026-09-09T12:23:24,93,SERVED,214.7,10,SYNTHETIC_DEMO
L_20260909,2026-09-09T12:24:28,94,ENTER,,9,SYNTHETIC_DEMO
L_20260909,2026-09-09T12:26:58,94,SERVED,149.9,9,SYNTHETIC_DEMO
L_20260909,2026-09-09T12:03:48,95,ENTER,,19,SYNTHETIC_DEMO
L_20260909,2026-09-09T12:08:56,95,SERVED,307.8,19,SYNTHETIC_DEMO
L_20260909,2026-09-09T11:44:38,96,ENTER,,14,SYNTHETIC_DEMO
L_20260909,2026-09-09T11:48:08,96,SERVED,209.8,14,SYNTHETIC_DEMO
L_20260909,2026-09-09T12:02:09,97,ENTER,,19,SYNTHETIC_DEMO
L_20260909,2026-09-09T12:06:54,97,SERVED,285.6,19,SYNTHETIC_DEMO
L_20260909,2026-09-09T12:01:19,98,ENTER,,20,SYNTHETIC_DEMO
L_20260909,2026-09-09T12:06:19,98,SERVED,299.5,20,SYNTHETIC_DEMO
L_20260909,2026-09-09T12:08:29,99,ENTER,,17,SYNTHETIC_DEMO
L_20260909,2026-09-09T12:13:09,99,SERVED,279.9,17,SYNTHETIC_DEMO
L_20260909,2026-09-09T12:04:23,100,ENTER,,18,SYNTHETIC_DEMO
L_20260909,2026-09-09T12:09:25,100,SERVED,302.4,18,SYNTHETIC_DEMO
L_20260909,2026-09-09T11:49:59,101,ENTER,,16,SYNTHETIC_DEMO
L_20260909,2026-09-09T11:54:45,101,SERVED,286.0,16,SYNTHETIC_DEMO
L_20260909,2026-09-09T12:10:37,102,ENTER,,17,SYNTHETIC_DEMO
L_20260909,2026-09-09T12:15:32,102,SERVED,294.9,17,SYNTHETIC_DEMO
L_20260909,2026-09-09T11:59:52,103,ENTER,,19,SYNTHETIC_DEMO
L_20260909,2026-09-09T12:04:33,103,SERVED,281.5,19,SYNTHETIC_DEMO
L_20260909,2026-09-09T11:30:00,104,ENTER,,6,SYNTHETIC_DEMO
L_20260909,2026-09-09T11:31:50,104,SERVED,110.7,6,SYNTHETIC_DEMO
L_20260909,2026-09-09T12:00:34,105,ENTER,,19,SYNTHETIC_DEMO
L_20260909,2026-09-09T12:05:32,105,SERVED,297.6,19,SYNTHETIC_DEMO
L_20260909,2026-09-09T12:10:00,106,ENTER,,17,SYNTHETIC_DEMO
L_20260909,2026-09-09T12:14:47,106,SERVED,287.2,17,SYNTHETIC_DEMO
L_20260909,2026-09-09T11:55:38,107,ENTER,,19,SYNTHETIC_DEMO
L_20260909,2026-09-09T12:00:57,107,SERVED,318.7,19,SYNTHETIC_DEMO
L_20260909,2026-09-09T11:42:41,108,ENTER,,12,SYNTHETIC_DEMO
L_20260909,2026-09-09T11:46:48,108,SERVED,246.6,12,SYNTHETIC_DEMO
L_20260909,2026-09-09T12:04:31,109,ENTER,,19,SYNTHETIC_DEMO
L_20260909,2026-09-09T12:09:12,109,SERVED,281.2,19,SYNTHETIC_DEMO
L_20260909,2026-09-09T12:09:24,110,ENTER,,17,SYNTHETIC_DEMO
L_20260909,2026-09-09T12:14:16,110,SERVED,292.0,17,SYNTHETIC_DEMO
L_20260909,2026-09-09T12:08:19,111,ENTER,,16,SYNTHETIC_DEMO
L_20260909,2026-09-09T12:13:07,111,SERVED,287.6,16,SYNTHETIC_DEMO
L_20260909,2026-09-09T11:53:04,112,ENTER,,18,SYNTHETIC_DEMO
L_20260909,2026-09-09T11:58:12,112,SERVED,308.4,18,SYNTHETIC_DEMO
L_20260909,2026-09-09T11:58:46,113,ENTER,,20,SYNTHETIC_DEMO
L_20260909,2026-09-09T12:04:32,113,SERVED,346.2,20,SYNTHETIC_DEMO
L_20260909,2026-09-09T12:04:12,114,ENTER,,18,SYNTHETIC_DEMO
L_20260909,2026-09-09T12:08:40,114,SERVED,267.7,18,SYNTHETIC_DEMO
L_20260909,2026-09-09T11:30:00,115,ENTER,,5,SYNTHETIC_DEMO
L_20260909,2026-09-09T11:31:35,115,SERVED,95.2,5,SYNTHETIC_DEMO
L_20260909,2026-09-09T12:30:10,116,ENTER,,6,SYNTHETIC_DEMO
L_20260909,2026-09-09T12:32:04,116,SERVED,114.8,6,SYNTHETIC_DEMO
L_20260909,2026-09-09T11:39:07,117,ENTER,,11,SYNTHETIC_DEMO
L_20260909,2026-09-09T11:42:13,117,SERVED,185.4,11,SYNTHETIC_DEMO
L_20260909,2026-09-09T11:45:51,118,ENTER,,13,SYNTHETIC_DEMO
L_20260909,2026-09-09T11:49:09,118,SERVED,198.1,13,SYNTHETIC_DEMO
L_20260909,2026-09-09T11:53:26,119,ENTER,,19,SYNTHETIC_DEMO
L_20260909,2026-09-09T11:58:19,119,SERVED,293.0,19,SYNTHETIC_DEMO
L_20260909,2026-09-09T12:35:59,120,ENTER,,4,SYNTHETIC_DEMO
L_20260909,2026-09-09T12:37:30,120,SERVED,91.3,4,SYNTHETIC_DEMO
L_20260909,2026-09-09T11:43:24,121,ENTER,,14,SYNTHETIC_DEMO
L_20260909,2026-09-09T11:47:31,121,SERVED,247.4,14,SYNTHETIC_DEMO
L_20260909,2026-09-09T12:01:59,122,ENTER,,20,SYNTHETIC_DEMO
L_20260909,2026-09-09T12:07:03,122,SERVED,304.4,20,SYNTHETIC_DEMO
L_20260909,2026-09-09T11:54:30,123,ENTER,,19,SYNTHETIC_DEMO
L_20260909,2026-09-09T11:59:06,123,SERVED,275.5,19,SYNTHETIC_DEMO
L_20260909,2026-09-09T12:41:09,124,ENTER,,3,SYNTHETIC_DEMO
L_20260909,2026-09-09T12:42:19,124,SERVED,70.5,3,SYNTHETIC_DEMO
L_20260909,2026-09-09T11:41:34,125,ENTER,,11,SYNTHETIC_DEMO
L_20260909,2026-09-09T11:44:22,125,SERVED,168.3,11,SYNTHETIC_DEMO
D_20260909,2026-09-09T17:26:50,1,ENTER,,10,SYNTHETIC_DEMO
D_20260909,2026-09-09T17:30:05,1,SERVED,194.7,10,SYNTHETIC_DEMO
D_20260909,2026-09-09T17:50:48,2,ENTER,,12,SYNTHETIC_DEMO
D_20260909,2026-09-09T17:54:27,2,SERVED,218.7,12,SYNTHETIC_DEMO
D_20260909,2026-09-09T17:41:59,3,ENTER,,11,SYNTHETIC_DEMO
D_20260909,2026-09-09T17:45:22,3,SERVED,202.6,11,SYNTHETIC_DEMO
D_20260909,2026-09-09T17:46:32,4,ENTER,,11,SYNTHETIC_DEMO
D_20260909,2026-09-09T17:49:29,4,SERVED,177.3,11,SYNTHETIC_DEMO
D_20260909,2026-09-09T17:56:52,5,ENTER,,7,SYNTHETIC_DEMO
D_20260909,2026-09-09T17:58:56,5,SERVED,124.0,7,SYNTHETIC_DEMO
D_20260909,2026-09-09T17:11:08,6,ENTER,,3,SYNTHETIC_DEMO
D_20260909,2026-09-09T17:12:28,6,SERVED,80.0,3,SYNTHETIC_DEMO
D_20260909,2026-09-09T17:24:44,7,ENTER,,7,SYNTHETIC_DEMO
D_20260909,2026-09-09T17:27:16,7,SERVED,151.7,7,SYNTHETIC_DEMO
D_20260909,2026-09-09T17:41:40,8,ENTER,,13,SYNTHETIC_DEMO
D_20260909,2026-09-09T17:44:53,8,SERVED,193.3,13,SYNTHETIC_DEMO
D_20260909,2026-09-09T17:50:57,9,ENTER,,10,SYNTHETIC_DEMO
D_20260909,2026-09-09T17:54:04,9,SERVED,187.1,10,SYNTHETIC_DEMO
D_20260909,2026-09-09T17:53:48,10,ENTER,,9,SYNTHETIC_DEMO
D_20260909,2026-09-09T17:57:16,10,SERVED,208.1,9,SYNTHETIC_DEMO
D_20260909,2026-09-09T17:29:12,11,ENTER,,11,SYNTHETIC_DEMO
D_20260909,2026-09-09T17:32:02,11,SERVED,169.2,11,SYNTHETIC_DEMO
D_20260909,2026-09-09T17:31:49,12,ENTER,,11,SYNTHETIC_DEMO
D_20260909,2026-09-09T17:34:36,12,SERVED,167.1,11,SYNTHETIC_DEMO
D_20260909,2026-09-09T17:42:09,13,ENTER,,12,SYNTHETIC_DEMO
D_20260909,2026-09-09T17:46:03,13,SERVED,234.6,12,SYNTHETIC_DEMO
D_20260909,2026-09-09T17:16:32,14,ENTER,,6,SYNTHETIC_DEMO
D_20260909,2026-09-09T17:18:58,14,SERVED,145.6,6,SYNTHETIC_DEMO
D_20260909,2026-09-09T18:50:00,15,ENTER,,2,SYNTHETIC_DEMO
D_20260909,2026-09-09T18:51:37,15,SERVED,97.7,2,SYNTHETIC_DEMO
D_20260909,2026-09-09T17:11:51,16,ENTER,,4,SYNTHETIC_DEMO
D_20260909,2026-09-09T17:13:25,16,SERVED,93.3,4,SYNTHETIC_DEMO
D_20260909,2026-09-09T17:38:18,17,ENTER,,11,SYNTHETIC_DEMO
D_20260909,2026-09-09T17:41:18,17,SERVED,180.3,11,SYNTHETIC_DEMO
D_20260909,2026-09-09T17:20:56,18,ENTER,,9,SYNTHETIC_DEMO
D_20260909,2026-09-09T17:23:21,18,SERVED,145.4,9,SYNTHETIC_DEMO
D_20260909,2026-09-09T18:06:37,19,ENTER,,5,SYNTHETIC_DEMO
D_20260909,2026-09-09T18:08:08,19,SERVED,91.1,5,SYNTHETIC_DEMO
D_20260909,2026-09-09T17:07:15,20,ENTER,,2,SYNTHETIC_DEMO
D_20260909,2026-09-09T17:08:19,20,SERVED,63.6,2,SYNTHETIC_DEMO
D_20260909,2026-09-09T17:13:39,21,ENTER,,5,SYNTHETIC_DEMO
D_20260909,2026-09-09T17:16:11,21,SERVED,151.3,5,SYNTHETIC_DEMO
D_20260909,2026-09-09T17:41:25,22,ENTER,,12,SYNTHETIC_DEMO
D_20260909,2026-09-09T17:45:31,22,SERVED,246.4,12,SYNTHETIC_DEMO
D_20260909,2026-09-09T17:39:21,23,ENTER,,10,SYNTHETIC_DEMO
D_20260909,2026-09-09T17:42:19,23,SERVED,177.4,10,SYNTHETIC_DEMO
D_20260909,2026-09-09T18:22:13,24,ENTER,,2,SYNTHETIC_DEMO
D_20260909,2026-09-09T18:24:02,24,SERVED,108.3,2,SYNTHETIC_DEMO
D_20260909,2026-09-09T17:35:51,25,ENTER,,11,SYNTHETIC_DEMO
D_20260909,2026-09-09T17:38:45,25,SERVED,174.7,11,SYNTHETIC_DEMO
D_20260909,2026-09-09T17:43:10,26,ENTER,,11,SYNTHETIC_DEMO
D_20260909,2026-09-09T17:46:32,26,SERVED,201.8,11,SYNTHETIC_DEMO
D_20260909,2026-09-09T17:29:37,27,ENTER,,10,SYNTHETIC_DEMO
D_20260909,2026-09-09T17:32:56,27,SERVED,199.5,10,SYNTHETIC_DEMO
D_20260909,2026-09-09T17:00:00,28,ENTER,,2,SYNTHETIC_DEMO
D_20260909,2026-09-09T17:01:13,28,SERVED,73.4,2,SYNTHETIC_DEMO
D_20260909,2026-09-09T17:19:38,29,ENTER,,8,SYNTHETIC_DEMO
D_20260909,2026-09-09T17:22:38,29,SERVED,179.7,8,SYNTHETIC_DEMO
D_20260909,2026-09-09T17:52:52,30,ENTER,,10,SYNTHETIC_DEMO
D_20260909,2026-09-09T17:55:42,30,SERVED,169.5,10,SYNTHETIC_DEMO
D_20260909,2026-09-09T17:47:44,31,ENTER,,11,SYNTHETIC_DEMO
D_20260909,2026-09-09T17:50:28,31,SERVED,163.5,11,SYNTHETIC_DEMO
D_20260909,2026-09-09T17:43:37,32,ENTER,,13,SYNTHETIC_DEMO
D_20260909,2026-09-09T17:47:32,32,SERVED,235.3,13,SYNTHETIC_DEMO
D_20260909,2026-09-09T17:57:36,33,ENTER,,8,SYNTHETIC_DEMO
D_20260909,2026-09-09T17:59:49,33,SERVED,132.9,8,SYNTHETIC_DEMO
D_20260909,2026-09-09T17:35:34,34,ENTER,,12,SYNTHETIC_DEMO
D_20260909,2026-09-09T17:38:45,34,SERVED,190.9,12,SYNTHETIC_DEMO
D_20260909,2026-09-09T18:07:34,35,ENTER,,5,SYNTHETIC_DEMO
D_20260909,2026-09-09T18:09:31,35,SERVED,117.4,5,SYNTHETIC_DEMO
D_20260909,2026-09-09T17:14:12,36,ENTER,,5,SYNTHETIC_DEMO
D_20260909,2026-09-09T17:16:29,36,SERVED,136.9,5,SYNTHETIC_DEMO
D_20260909,2026-09-09T17:48:01,37,ENTER,,12,SYNTHETIC_DEMO
D_20260909,2026-09-09T17:51:07,37,SERVED,185.2,12,SYNTHETIC_DEMO
D_20260909,2026-09-09T17:55:20,38,ENTER,,9,SYNTHETIC_DEMO
D_20260909,2026-09-09T17:58:42,38,SERVED,201.7,9,SYNTHETIC_DEMO
D_20260909,2026-09-09T17:07:39,39,ENTER,,6,SYNTHETIC_DEMO
D_20260909,2026-09-09T17:10:20,39,SERVED,160.9,6,SYNTHETIC_DEMO
D_20260909,2026-09-09T18:25:36,40,ENTER,,2,SYNTHETIC_DEMO
D_20260909,2026-09-09T18:27:26,40,SERVED,110.2,2,SYNTHETIC_DEMO
D_20260909,2026-09-09T17:10:46,41,ENTER,,5,SYNTHETIC_DEMO
D_20260909,2026-09-09T17:12:13,41,SERVED,87.2,5,SYNTHETIC_DEMO
D_20260909,2026-09-09T18:01:38,42,ENTER,,8,SYNTHETIC_DEMO
D_20260909,2026-09-09T18:02:46,42,ABANDONED,,8,SYNTHETIC_DEMO
D_20260909,2026-09-09T17:48:01,43,ENTER,,9,SYNTHETIC_DEMO
D_20260909,2026-09-09T17:51:21,43,SERVED,200.6,9,SYNTHETIC_DEMO
D_20260909,2026-09-09T17:59:22,44,ENTER,,7,SYNTHETIC_DEMO
D_20260909,2026-09-09T18:02:23,44,SERVED,180.9,7,SYNTHETIC_DEMO
D_20260909,2026-09-09T18:05:25,45,ENTER,,5,SYNTHETIC_DEMO
D_20260909,2026-09-09T18:07:08,45,SERVED,102.5,5,SYNTHETIC_DEMO
D_20260909,2026-09-09T17:07:42,46,ENTER,,3,SYNTHETIC_DEMO
D_20260909,2026-09-09T17:09:15,46,SERVED,94.0,3,SYNTHETIC_DEMO
D_20260909,2026-09-09T17:55:05,47,ENTER,,9,SYNTHETIC_DEMO
D_20260909,2026-09-09T17:57:24,47,SERVED,139.3,9,SYNTHETIC_DEMO
D_20260909,2026-09-09T17:21:41,48,ENTER,,9,SYNTHETIC_DEMO
D_20260909,2026-09-09T17:24:28,48,SERVED,167.9,9,SYNTHETIC_DEMO
D_20260909,2026-09-09T17:16:49,49,ENTER,,6,SYNTHETIC_DEMO
D_20260909,2026-09-09T17:19:02,49,SERVED,133.8,6,SYNTHETIC_DEMO
D_20260909,2026-09-09T17:37:18,50,ENTER,,11,SYNTHETIC_DEMO
D_20260909,2026-09-09T17:40:31,50,SERVED,193.8,11,SYNTHETIC_DEMO
D_20260909,2026-09-09T18:07:39,51,ENTER,,4,SYNTHETIC_DEMO
D_20260909,2026-09-09T18:09:07,51,SERVED,87.9,4,SYNTHETIC_DEMO
D_20260909,2026-09-09T17:36:26,52,ENTER,,12,SYNTHETIC_DEMO
D_20260909,2026-09-09T17:40:09,52,SERVED,223.0,12,SYNTHETIC_DEMO
D_20260909,2026-09-09T17:57:18,53,ENTER,,9,SYNTHETIC_DEMO
D_20260909,2026-09-09T18:00:39,53,SERVED,200.5,9,SYNTHETIC_DEMO
D_20260909,2026-09-09T17:52:17,54,ENTER,,8,SYNTHETIC_DEMO
D_20260909,2026-09-09T17:53:39,54,ABANDONED,,8,SYNTHETIC_DEMO
D_20260909,2026-09-09T17:33:03,55,ENTER,,13,SYNTHETIC_DEMO
D_20260909,2026-09-09T17:36:33,55,SERVED,209.6,13,SYNTHETIC_DEMO
D_20260909,2026-09-09T17:46:40,56,ENTER,,11,SYNTHETIC_DEMO
D_20260909,2026-09-09T17:48:22,56,ABANDONED,,11,SYNTHETIC_DEMO
D_20260909,2026-09-09T17:26:23,57,ENTER,,9,SYNTHETIC_DEMO
D_20260909,2026-09-09T17:28:48,57,SERVED,145.5,9,SYNTHETIC_DEMO
D_20260909,2026-09-09T17:37:24,58,ENTER,,15,SYNTHETIC_DEMO
D_20260909,2026-09-09T17:41:43,58,SERVED,258.3,15,SYNTHETIC_DEMO
D_20260909,2026-09-09T17:33:22,59,ENTER,,12,SYNTHETIC_DEMO
D_20260909,2026-09-09T17:36:31,59,SERVED,188.5,12,SYNTHETIC_DEMO
D_20260909,2026-09-09T17:38:03,60,ENTER,,12,SYNTHETIC_DEMO
D_20260909,2026-09-09T17:41:51,60,SERVED,227.6,12,SYNTHETIC_DEMO
D_20260909,2026-09-09T17:15:04,61,ENTER,,5,SYNTHETIC_DEMO
D_20260909,2026-09-09T17:16:32,61,SERVED,87.4,5,SYNTHETIC_DEMO
D_20260909,2026-09-09T17:36:17,62,ENTER,,12,SYNTHETIC_DEMO
D_20260909,2026-09-09T17:39:31,62,SERVED,193.6,12,SYNTHETIC_DEMO
D_20260909,2026-09-09T18:07:12,63,ENTER,,5,SYNTHETIC_DEMO
D_20260909,2026-09-09T18:09:10,63,SERVED,118.1,5,SYNTHETIC_DEMO
D_20260909,2026-09-09T17:47:38,64,ENTER,,10,SYNTHETIC_DEMO
D_20260909,2026-09-09T17:50:24,64,SERVED,165.9,10,SYNTHETIC_DEMO
D_20260909,2026-09-09T17:38:01,65,ENTER,,12,SYNTHETIC_DEMO
D_20260909,2026-09-09T17:41:38,65,SERVED,216.5,12,SYNTHETIC_DEMO
D_20260909,2026-09-09T17:41:10,66,ENTER,,11,SYNTHETIC_DEMO
D_20260909,2026-09-09T17:44:38,66,SERVED,208.3,11,SYNTHETIC_DEMO
D_20260909,2026-09-09T17:09:15,67,ENTER,,4,SYNTHETIC_DEMO
D_20260909,2026-09-09T17:10:53,67,SERVED,98.2,4,SYNTHETIC_DEMO
D_20260909,2026-09-09T17:29:55,68,ENTER,,10,SYNTHETIC_DEMO
D_20260909,2026-09-09T17:33:21,68,SERVED,205.7,10,SYNTHETIC_DEMO
D_20260909,2026-09-09T17:27:29,69,ENTER,,10,SYNTHETIC_DEMO
D_20260909,2026-09-09T17:31:03,69,SERVED,213.8,10,SYNTHETIC_DEMO
D_20260909,2026-09-09T17:52:39,70,ENTER,,10,SYNTHETIC_DEMO
D_20260909,2026-09-09T17:55:09,70,SERVED,150.1,10,SYNTHETIC_DEMO
D_20260909,2026-09-09T17:28:35,71,ENTER,,10,SYNTHETIC_DEMO
D_20260909,2026-09-09T17:31:32,71,SERVED,176.9,10,SYNTHETIC_DEMO
D_20260909,2026-09-09T17:59:17,72,ENTER,,7,SYNTHETIC_DEMO
D_20260909,2026-09-09T18:01:38,72,SERVED,141.2,7,SYNTHETIC_DEMO
D_20260909,2026-09-09T17:24:14,73,ENTER,,7,SYNTHETIC_DEMO
D_20260909,2026-09-09T17:26:40,73,SERVED,145.3,7,SYNTHETIC_DEMO
D_20260909,2026-09-09T17:36:08,74,ENTER,,12,SYNTHETIC_DEMO
D_20260909,2026-09-09T17:40:13,74,SERVED,244.7,12,SYNTHETIC_DEMO
D_20260909,2026-09-09T17:44:29,75,ENTER,,11,SYNTHETIC_DEMO
D_20260909,2026-09-09T17:48:22,75,SERVED,233.3,11,SYNTHETIC_DEMO
D_20260909,2026-09-09T17:06:20,76,ENTER,,2,SYNTHETIC_DEMO
D_20260909,2026-09-09T17:07:39,76,SERVED,78.6,2,SYNTHETIC_DEMO
D_20260909,2026-09-09T17:43:22,77,ENTER,,13,SYNTHETIC_DEMO
D_20260909,2026-09-09T17:46:38,77,SERVED,195.4,13,SYNTHETIC_DEMO
D_20260909,2026-09-09T18:04:14,78,ENTER,,5,SYNTHETIC_DEMO
D_20260909,2026-09-09T18:06:29,78,SERVED,135.1,5,SYNTHETIC_DEMO
D_20260909,2026-09-09T17:52:50,79,ENTER,,10,SYNTHETIC_DEMO
D_20260909,2026-09-09T17:56:05,79,SERVED,194.8,10,SYNTHETIC_DEMO
D_20260909,2026-09-09T17:26:38,80,ENTER,,7,SYNTHETIC_DEMO
D_20260909,2026-09-09T17:28:35,80,SERVED,116.7,7,SYNTHETIC_DEMO
D_20260909,2026-09-09T17:35:26,81,ENTER,,11,SYNTHETIC_DEMO
D_20260909,2026-09-09T17:38:47,81,SERVED,201.1,11,SYNTHETIC_DEMO
D_20260909,2026-09-09T17:51:35,82,ENTER,,10,SYNTHETIC_DEMO
D_20260909,2026-09-09T17:54:37,82,SERVED,182.0,10,SYNTHETIC_DEMO
D_20260909,2026-09-09T17:55:25,83,ENTER,,8,SYNTHETIC_DEMO
D_20260909,2026-09-09T17:58:25,83,SERVED,180.5,8,SYNTHETIC_DEMO
D_20260909,2026-09-09T17:23:56,84,ENTER,,9,SYNTHETIC_DEMO
D_20260909,2026-09-09T17:26:32,84,SERVED,156.1,9,SYNTHETIC_DEMO
D_20260909,2026-09-09T17:41:47,85,ENTER,,12,SYNTHETIC_DEMO
D_20260909,2026-09-09T17:45:09,85,SERVED,202.2,12,SYNTHETIC_DEMO
D_20260909,2026-09-09T17:36:22,86,ENTER,,12,SYNTHETIC_DEMO
D_20260909,2026-09-09T17:39:48,86,SERVED,205.4,12,SYNTHETIC_DEMO
D_20260909,2026-09-09T17:00:00,87,ENTER,,3,SYNTHETIC_DEMO
D_20260909,2026-09-09T17:00:58,87,SERVED,58.2,3,SYNTHETIC_DEMO
D_20260909,2026-09-09T17:27:32,88,ENTER,,9,SYNTHETIC_DEMO
D_20260909,2026-09-09T17:30:42,88,SERVED,189.8,9,SYNTHETIC_DEMO
D_20260909,2026-09-09T17:48:57,89,ENTER,,11,SYNTHETIC_DEMO
D_20260909,2026-09-09T17:52:37,89,SERVED,219.7,11,SYNTHETIC_DEMO
D_20260909,2026-09-09T18:08:01,90,ENTER,,5,SYNTHETIC_DEMO
D_20260909,2026-09-09T18:10:06,90,SERVED,125.4,5,SYNTHETIC_DEMO
D_20260909,2026-09-09T18:05:20,91,ENTER,,7,SYNTHETIC_DEMO
D_20260909,2026-09-09T18:07:20,91,SERVED,120.8,7,SYNTHETIC_DEMO
D_20260909,2026-09-09T17:42:04,92,ENTER,,11,SYNTHETIC_DEMO
D_20260909,2026-09-09T17:45:03,92,SERVED,178.7,11,SYNTHETIC_DEMO
D_20260909,2026-09-09T17:21:31,93,ENTER,,7,SYNTHETIC_DEMO
D_20260909,2026-09-09T17:23:51,93,SERVED,139.9,7,SYNTHETIC_DEMO
D_20260909,2026-09-09T17:16:24,94,ENTER,,5,SYNTHETIC_DEMO
D_20260909,2026-09-09T17:18:20,94,SERVED,115.4,5,SYNTHETIC_DEMO
B_20260910,2026-09-10T05:51:55,1,ENTER,,8,SYNTHETIC_DEMO
B_20260910,2026-09-10T05:54:09,1,SERVED,133.6,8,SYNTHETIC_DEMO
B_20260910,2026-09-10T06:24:22,2,ENTER,,6,SYNTHETIC_DEMO
B_20260910,2026-09-10T06:25:59,2,SERVED,97.4,6,SYNTHETIC_DEMO
B_20260910,2026-09-10T05:36:06,3,ENTER,,4,SYNTHETIC_DEMO
B_20260910,2026-09-10T05:38:11,3,SERVED,125.3,4,SYNTHETIC_DEMO
B_20260910,2026-09-10T05:45:55,4,ENTER,,7,SYNTHETIC_DEMO
B_20260910,2026-09-10T05:47:00,4,ABANDONED,,7,SYNTHETIC_DEMO
B_20260910,2026-09-10T06:35:18,5,ENTER,,2,SYNTHETIC_DEMO
B_20260910,2026-09-10T06:36:19,5,SERVED,61.1,2,SYNTHETIC_DEMO
B_20260910,2026-09-10T05:55:12,6,ENTER,,10,SYNTHETIC_DEMO
B_20260910,2026-09-10T05:58:18,6,SERVED,186.3,10,SYNTHETIC_DEMO
B_20260910,2026-09-10T05:53:31,7,ENTER,,8,SYNTHETIC_DEMO
B_20260910,2026-09-10T05:55:40,7,SERVED,129.6,8,SYNTHETIC_DEMO
B_20260910,2026-09-10T05:30:00,8,ENTER,,3,SYNTHETIC_DEMO
B_20260910,2026-09-10T05:31:21,8,SERVED,81.1,3,SYNTHETIC_DEMO
B_20260910,2026-09-10T05:48:07,9,ENTER,,9,SYNTHETIC_DEMO
B_20260910,2026-09-10T05:50:51,9,SERVED,164.0,9,SYNTHETIC_DEMO
B_20260910,2026-09-10T05:58:15,10,ENTER,,9,SYNTHETIC_DEMO
B_20260910,2026-09-10T06:00:33,10,SERVED,138.7,9,SYNTHETIC_DEMO
B_20260910,2026-09-10T06:10:24,11,ENTER,,11,SYNTHETIC_DEMO
B_20260910,2026-09-10T06:14:06,11,SERVED,221.4,11,SYNTHETIC_DEMO
B_20260910,2026-09-10T06:17:41,12,ENTER,,8,SYNTHETIC_DEMO
B_20260910,2026-09-10T06:19:51,12,SERVED,129.8,8,SYNTHETIC_DEMO
B_20260910,2026-09-10T05:36:42,13,ENTER,,4,SYNTHETIC_DEMO
B_20260910,2026-09-10T05:38:44,13,SERVED,121.7,4,SYNTHETIC_DEMO
B_20260910,2026-09-10T06:19:04,14,ENTER,,8,SYNTHETIC_DEMO
B_20260910,2026-09-10T06:22:06,14,SERVED,181.8,8,SYNTHETIC_DEMO
B_20260910,2026-09-10T05:42:40,15,ENTER,,6,SYNTHETIC_DEMO
B_20260910,2026-09-10T05:44:52,15,SERVED,132.7,6,SYNTHETIC_DEMO
B_20260910,2026-09-10T06:00:54,16,ENTER,,10,SYNTHETIC_DEMO
B_20260910,2026-09-10T06:03:49,16,SERVED,174.9,10,SYNTHETIC_DEMO
B_20260910,2026-09-10T06:40:22,17,ENTER,,1,SYNTHETIC_DEMO
B_20260910,2026-09-10T06:41:15,17,SERVED,53.0,1,SYNTHETIC_DEMO
B_20260910,2026-09-10T06:31:09,18,ENTER,,4,SYNTHETIC_DEMO
B_20260910,2026-09-10T06:32:20,18,SERVED,71.1,4,SYNTHETIC_DEMO
B_20260910,2026-09-10T05:45:33,19,ENTER,,7,SYNTHETIC_DEMO
B_20260910,2026-09-10T05:47:40,19,SERVED,127.1,7,SYNTHETIC_DEMO
B_20260910,2026-09-10T05:48:27,20,ENTER,,7,SYNTHETIC_DEMO
B_20260910,2026-09-10T05:50:35,20,SERVED,127.6,7,SYNTHETIC_DEMO
B_20260910,2026-09-10T06:03:07,21,ENTER,,12,SYNTHETIC_DEMO
B_20260910,2026-09-10T06:06:36,21,SERVED,209.1,12,SYNTHETIC_DEMO
B_20260910,2026-09-10T05:30:00,22,ENTER,,3,SYNTHETIC_DEMO
B_20260910,2026-09-10T05:31:28,22,SERVED,89.0,3,SYNTHETIC_DEMO
B_20260910,2026-09-10T05:54:08,23,ENTER,,10,SYNTHETIC_DEMO
B_20260910,2026-09-10T05:57:01,23,SERVED,173.4,10,SYNTHETIC_DEMO
B_20260910,2026-09-10T06:30:28,24,ENTER,,3,SYNTHETIC_DEMO
B_20260910,2026-09-10T06:32:23,24,SERVED,115.1,3,SYNTHETIC_DEMO
B_20260910,2026-09-10T05:39:35,25,ENTER,,3,SYNTHETIC_DEMO
B_20260910,2026-09-10T05:41:33,25,SERVED,118.3,3,SYNTHETIC_DEMO
B_20260910,2026-09-10T05:50:31,26,ENTER,,8,SYNTHETIC_DEMO
B_20260910,2026-09-10T05:52:51,26,SERVED,140.0,8,SYNTHETIC_DEMO
B_20260910,2026-09-10T05:46:42,27,ENTER,,6,SYNTHETIC_DEMO
B_20260910,2026-09-10T05:49:19,27,SERVED,156.9,6,SYNTHETIC_DEMO
B_20260910,2026-09-10T05:48:13,28,ENTER,,9,SYNTHETIC_DEMO
B_20260910,2026-09-10T05:51:06,28,SERVED,172.8,9,SYNTHETIC_DEMO
B_20260910,2026-09-10T06:23:13,29,ENTER,,7,SYNTHETIC_DEMO
B_20260910,2026-09-10T06:26:00,29,SERVED,166.5,7,SYNTHETIC_DEMO
B_20260910,2026-09-10T06:00:14,30,ENTER,,11,SYNTHETIC_DEMO
B_20260910,2026-09-10T06:03:00,30,SERVED,166.3,11,SYNTHETIC_DEMO
B_20260910,2026-09-10T06:20:01,31,ENTER,,7,SYNTHETIC_DEMO
B_20260910,2026-09-10T06:22:50,31,SERVED,168.1,7,SYNTHETIC_DEMO
B_20260910,2026-09-10T05:30:00,32,ENTER,,2,SYNTHETIC_DEMO
B_20260910,2026-09-10T05:31:12,32,SERVED,72.3,2,SYNTHETIC_DEMO
B_20260910,2026-09-10T06:11:41,33,ENTER,,10,SYNTHETIC_DEMO
B_20260910,2026-09-10T06:14:15,33,SERVED,153.7,10,SYNTHETIC_DEMO
B_20260910,2026-09-10T06:29:28,34,ENTER,,4,SYNTHETIC_DEMO
B_20260910,2026-09-10T06:31:05,34,SERVED,96.7,4,SYNTHETIC_DEMO
B_20260910,2026-09-10T06:32:44,35,ENTER,,3,SYNTHETIC_DEMO
B_20260910,2026-09-10T06:34:11,35,SERVED,87.4,3,SYNTHETIC_DEMO
B_20260910,2026-09-10T06:22:57,36,ENTER,,8,SYNTHETIC_DEMO
B_20260910,2026-09-10T06:26:12,36,SERVED,195.1,8,SYNTHETIC_DEMO
B_20260910,2026-09-10T05:57:22,37,ENTER,,11,SYNTHETIC_DEMO
B_20260910,2026-09-10T06:00:26,37,SERVED,184.1,11,SYNTHETIC_DEMO
B_20260910,2026-09-10T05:45:37,38,ENTER,,7,SYNTHETIC_DEMO
B_20260910,2026-09-10T05:48:04,38,SERVED,147.2,7,SYNTHETIC_DEMO
B_20260910,2026-09-10T06:16:27,39,ENTER,,10,SYNTHETIC_DEMO
B_20260910,2026-09-10T06:19:39,39,SERVED,191.5,10,SYNTHETIC_DEMO
B_20260910,2026-09-10T05:39:52,40,ENTER,,6,SYNTHETIC_DEMO
B_20260910,2026-09-10T05:42:18,40,SERVED,146.2,6,SYNTHETIC_DEMO
B_20260910,2026-09-10T05:40:59,41,ENTER,,5,SYNTHETIC_DEMO
B_20260910,2026-09-10T05:42:41,41,SERVED,102.6,5,SYNTHETIC_DEMO
B_20260910,2026-09-10T05:46:46,42,ENTER,,7,SYNTHETIC_DEMO
B_20260910,2026-09-10T05:49:06,42,SERVED,140.4,7,SYNTHETIC_DEMO
B_20260910,2026-09-10T05:45:38,43,ENTER,,7,SYNTHETIC_DEMO
B_20260910,2026-09-10T05:48:12,43,SERVED,153.4,7,SYNTHETIC_DEMO
B_20260910,2026-09-10T06:35:29,44,ENTER,,3,SYNTHETIC_DEMO
B_20260910,2026-09-10T06:36:56,44,SERVED,87.0,3,SYNTHETIC_DEMO
B_20260910,2026-09-10T06:18:50,45,ENTER,,9,SYNTHETIC_DEMO
B_20260910,2026-09-10T06:21:47,45,SERVED,176.2,9,SYNTHETIC_DEMO
B_20260910,2026-09-10T06:07:22,46,ENTER,,10,SYNTHETIC_DEMO
B_20260910,2026-09-10T06:10:24,46,SERVED,181.7,10,SYNTHETIC_DEMO
B_20260910,2026-09-10T05:46:29,47,ENTER,,6,SYNTHETIC_DEMO
B_20260910,2026-09-10T05:49:01,47,SERVED,151.7,6,SYNTHETIC_DEMO
B_20260910,2026-09-10T05:30:42,48,ENTER,,2,SYNTHETIC_DEMO
B_20260910,2026-09-10T05:31:37,48,SERVED,54.8,2,SYNTHETIC_DEMO
B_20260910,2026-09-10T05:52:30,49,ENTER,,9,SYNTHETIC_DEMO
B_20260910,2026-09-10T05:55:40,49,SERVED,190.5,9,SYNTHETIC_DEMO
B_20260910,2026-09-10T05:37:02,50,ENTER,,4,SYNTHETIC_DEMO
B_20260910,2026-09-10T05:38:19,50,SERVED,76.9,4,SYNTHETIC_DEMO
B_20260910,2026-09-10T06:08:28,51,ENTER,,8,SYNTHETIC_DEMO
B_20260910,2026-09-10T06:10:41,51,SERVED,132.5,8,SYNTHETIC_DEMO
B_20260910,2026-09-10T05:53:43,52,ENTER,,9,SYNTHETIC_DEMO
B_20260910,2026-09-10T05:56:57,52,SERVED,193.9,9,SYNTHETIC_DEMO
B_20260910,2026-09-10T06:33:28,53,ENTER,,4,SYNTHETIC_DEMO
B_20260910,2026-09-10T06:34:51,53,SERVED,82.9,4,SYNTHETIC_DEMO
B_20260910,2026-09-10T06:08:27,54,ENTER,,12,SYNTHETIC_DEMO
B_20260910,2026-09-10T06:12:19,54,SERVED,232.3,12,SYNTHETIC_DEMO
B_20260910,2026-09-10T06:22:14,55,ENTER,,8,SYNTHETIC_DEMO
B_20260910,2026-09-10T06:25:24,55,SERVED,190.5,8,SYNTHETIC_DEMO
B_20260910,2026-09-10T05:39:28,56,ENTER,,6,SYNTHETIC_DEMO
B_20260910,2026-09-10T05:42:04,56,SERVED,155.8,6,SYNTHETIC_DEMO
B_20260910,2026-09-10T06:29:57,57,ENTER,,3,SYNTHETIC_DEMO
B_20260910,2026-09-10T06:31:22,57,SERVED,84.8,3,SYNTHETIC_DEMO
B_20260910,2026-09-10T06:04:13,58,ENTER,,11,SYNTHETIC_DEMO
B_20260910,2026-09-10T06:08:02,58,SERVED,229.2,11,SYNTHETIC_DEMO
B_20260910,2026-09-10T05:59:07,59,ENTER,,11,SYNTHETIC_DEMO
B_20260910,2026-09-10T06:02:15,59,SERVED,187.8,11,SYNTHETIC_DEMO
B_20260910,2026-09-10T05:37:59,60,ENTER,,5,SYNTHETIC_DEMO
B_20260910,2026-09-10T05:40:06,60,SERVED,127.1,5,SYNTHETIC_DEMO
B_20260910,2026-09-10T05:50:06,61,ENTER,,8,SYNTHETIC_DEMO
B_20260910,2026-09-10T05:53:01,61,SERVED,175.1,8,SYNTHETIC_DEMO
B_20260910,2026-09-10T06:13:47,62,ENTER,,8,SYNTHETIC_DEMO
B_20260910,2026-09-10T06:16:10,62,SERVED,142.7,8,SYNTHETIC_DEMO
B_20260910,2026-09-10T06:13:31,63,ENTER,,9,SYNTHETIC_DEMO
B_20260910,2026-09-10T06:16:26,63,SERVED,175.1,9,SYNTHETIC_DEMO
B_20260910,2026-09-10T05:59:52,64,ENTER,,11,SYNTHETIC_DEMO
B_20260910,2026-09-10T06:03:45,64,SERVED,232.5,11,SYNTHETIC_DEMO
B_20260910,2026-09-10T06:07:13,65,ENTER,,10,SYNTHETIC_DEMO
B_20260910,2026-09-10T06:09:44,65,SERVED,150.7,10,SYNTHETIC_DEMO
B_20260910,2026-09-10T05:54:50,66,ENTER,,10,SYNTHETIC_DEMO
B_20260910,2026-09-10T05:57:31,66,SERVED,160.3,10,SYNTHETIC_DEMO
B_20260910,2026-09-10T05:40:43,67,ENTER,,7,SYNTHETIC_DEMO
B_20260910,2026-09-10T05:43:03,67,SERVED,139.9,7,SYNTHETIC_DEMO
B_20260910,2026-09-10T06:23:44,68,ENTER,,7,SYNTHETIC_DEMO
B_20260910,2026-09-10T06:26:32,68,SERVED,168.1,7,SYNTHETIC_DEMO
B_20260910,2026-09-10T06:36:14,69,ENTER,,2,SYNTHETIC_DEMO
B_20260910,2026-09-10T06:37:38,69,SERVED,84.0,2,SYNTHETIC_DEMO
B_20260910,2026-09-10T05:46:00,70,ENTER,,7,SYNTHETIC_DEMO
B_20260910,2026-09-10T05:48:39,70,SERVED,159.3,7,SYNTHETIC_DEMO
B_20260910,2026-09-10T05:56:26,71,ENTER,,8,SYNTHETIC_DEMO
B_20260910,2026-09-10T05:58:41,71,SERVED,135.8,8,SYNTHETIC_DEMO
B_20260910,2026-09-10T06:25:23,72,ENTER,,7,SYNTHETIC_DEMO
B_20260910,2026-09-10T06:28:18,72,SERVED,175.3,7,SYNTHETIC_DEMO
B_20260910,2026-09-10T06:47:25,73,ENTER,,1,SYNTHETIC_DEMO
B_20260910,2026-09-10T06:48:37,73,SERVED,71.5,1,SYNTHETIC_DEMO
B_20260910,2026-09-10T06:48:28,74,ENTER,,1,SYNTHETIC_DEMO
B_20260910,2026-09-10T06:49:55,74,SERVED,87.0,1,SYNTHETIC_DEMO
B_20260910,2026-09-10T05:43:06,75,ENTER,,5,SYNTHETIC_DEMO
B_20260910,2026-09-10T05:45:08,75,SERVED,121.8,5,SYNTHETIC_DEMO
B_20260910,2026-09-10T06:26:11,76,ENTER,,5,SYNTHETIC_DEMO
B_20260910,2026-09-10T06:27:50,76,SERVED,98.6,5,SYNTHETIC_DEMO
B_20260910,2026-09-10T06:36:54,77,ENTER,,4,SYNTHETIC_DEMO
B_20260910,2026-09-10T06:39:03,77,SERVED,128.8,4,SYNTHETIC_DEMO
B_20260910,2026-09-10T06:08:36,78,ENTER,,10,SYNTHETIC_DEMO
B_20260910,2026-09-10T06:12:05,78,SERVED,208.9,10,SYNTHETIC_DEMO
B_20260910,2026-09-10T05:55:00,79,ENTER,,9,SYNTHETIC_DEMO
B_20260910,2026-09-10T05:57:38,79,SERVED,158.4,9,SYNTHETIC_DEMO
B_20260910,2026-09-10T06:08:17,80,ENTER,,12,SYNTHETIC_DEMO
B_20260910,2026-09-10T06:11:53,80,SERVED,215.4,12,SYNTHETIC_DEMO
B_20260910,2026-09-10T06:01:06,81,ENTER,,11,SYNTHETIC_DEMO
B_20260910,2026-09-10T06:03:55,81,SERVED,168.9,11,SYNTHETIC_DEMO
B_20260910,2026-09-10T05:47:56,82,ENTER,,7,SYNTHETIC_DEMO
B_20260910,2026-09-10T05:50:36,82,SERVED,159.7,7,SYNTHETIC_DEMO
B_20260910,2026-09-10T06:34:58,83,ENTER,,4,SYNTHETIC_DEMO
B_20260910,2026-09-10T06:37:01,83,SERVED,123.4,4,SYNTHETIC_DEMO
B_20260910,2026-09-10T06:37:02,84,ENTER,,3,SYNTHETIC_DEMO
B_20260910,2026-09-10T06:38:35,84,SERVED,92.8,3,SYNTHETIC_DEMO
B_20260910,2026-09-10T06:12:01,85,ENTER,,10,SYNTHETIC_DEMO
B_20260910,2026-09-10T06:14:51,85,SERVED,169.8,10,SYNTHETIC_DEMO
B_20260910,2026-09-10T06:30:59,86,ENTER,,6,SYNTHETIC_DEMO
B_20260910,2026-09-10T06:32:41,86,SERVED,102.1,6,SYNTHETIC_DEMO
B_20260910,2026-09-10T06:02:31,87,ENTER,,12,SYNTHETIC_DEMO
B_20260910,2026-09-10T06:06:30,87,SERVED,239.4,12,SYNTHETIC_DEMO
B_20260910,2026-09-10T06:02:45,88,ENTER,,9,SYNTHETIC_DEMO
B_20260910,2026-09-10T06:05:27,88,SERVED,162.4,9,SYNTHETIC_DEMO
B_20260910,2026-09-10T05:55:47,89,ENTER,,9,SYNTHETIC_DEMO
B_20260910,2026-09-10T05:58:24,89,SERVED,156.7,9,SYNTHETIC_DEMO
B_20260910,2026-09-10T06:09:02,90,ENTER,,12,SYNTHETIC_DEMO
B_20260910,2026-09-10T06:12:03,90,SERVED,180.4,12,SYNTHETIC_DEMO
B_20260910,2026-09-10T06:06:46,91,ENTER,,10,SYNTHETIC_DEMO
B_20260910,2026-09-10T06:09:55,91,SERVED,189.1,10,SYNTHETIC_DEMO
B_20260910,2026-09-10T06:06:14,92,ENTER,,11,SYNTHETIC_DEMO
B_20260910,2026-09-10T06:10:06,92,SERVED,232.9,11,SYNTHETIC_DEMO
B_20260910,2026-09-10T05:30:00,93,ENTER,,3,SYNTHETIC_DEMO
B_20260910,2026-09-10T05:31:47,93,SERVED,107.2,3,SYNTHETIC_DEMO
B_20260910,2026-09-10T05:36:56,94,ENTER,,4,SYNTHETIC_DEMO
B_20260910,2026-09-10T05:38:37,94,SERVED,101.5,4,SYNTHETIC_DEMO
B_20260910,2026-09-10T06:16:54,95,ENTER,,8,SYNTHETIC_DEMO
B_20260910,2026-09-10T06:20:08,95,SERVED,194.0,8,SYNTHETIC_DEMO
B_20260910,2026-09-10T06:20:17,96,ENTER,,9,SYNTHETIC_DEMO
B_20260910,2026-09-10T06:22:53,96,SERVED,156.1,9,SYNTHETIC_DEMO
B_20260910,2026-09-10T05:47:54,97,ENTER,,8,SYNTHETIC_DEMO
B_20260910,2026-09-10T05:50:43,97,SERVED,168.3,8,SYNTHETIC_DEMO
B_20260910,2026-09-10T06:09:57,98,ENTER,,11,SYNTHETIC_DEMO
B_20260910,2026-09-10T06:12:48,98,SERVED,170.9,11,SYNTHETIC_DEMO
B_20260910,2026-09-10T05:35:01,99,ENTER,,2,SYNTHETIC_DEMO
B_20260910,2026-09-10T05:36:21,99,SERVED,79.2,2,SYNTHETIC_DEMO
B_20260910,2026-09-10T05:51:15,100,ENTER,,8,SYNTHETIC_DEMO
B_20260910,2026-09-10T05:53:59,100,SERVED,164.7,8,SYNTHETIC_DEMO
B_20260910,2026-09-10T06:11:43,101,ENTER,,10,SYNTHETIC_DEMO
B_20260910,2026-09-10T06:15:05,101,SERVED,202.1,10,SYNTHETIC_DEMO
B_20260910,2026-09-10T06:07:18,102,ENTER,,12,SYNTHETIC_DEMO
B_20260910,2026-09-10T06:11:24,102,SERVED,246.2,12,SYNTHETIC_DEMO
B_20260910,2026-09-10T06:20:48,103,ENTER,,8,SYNTHETIC_DEMO
B_20260910,2026-09-10T06:23:39,103,SERVED,170.2,8,SYNTHETIC_DEMO
B_20260910,2026-09-10T05:46:56,104,ENTER,,7,SYNTHETIC_DEMO
B_20260910,2026-09-10T05:48:58,104,SERVED,122.0,7,SYNTHETIC_DEMO
B_20260910,2026-09-10T05:36:17,105,ENTER,,5,SYNTHETIC_DEMO
B_20260910,2026-09-10T05:38:26,105,SERVED,129.5,5,SYNTHETIC_DEMO
B_20260910,2026-09-10T06:00:26,106,ENTER,,11,SYNTHETIC_DEMO
B_20260910,2026-09-10T06:03:40,106,SERVED,194.1,11,SYNTHETIC_DEMO
B_20260910,2026-09-10T05:47:50,107,ENTER,,7,SYNTHETIC_DEMO
B_20260910,2026-09-10T05:50:00,107,SERVED,130.7,7,SYNTHETIC_DEMO
B_20260910,2026-09-10T06:39:56,108,ENTER,,3,SYNTHETIC_DEMO
B_20260910,2026-09-10T06:41:18,108,SERVED,81.7,3,SYNTHETIC_DEMO
B_20260910,2026-09-10T05:52:07,109,ENTER,,10,SYNTHETIC_DEMO
B_20260910,2026-09-10T05:55:49,109,SERVED,221.6,10,SYNTHETIC_DEMO
B_20260910,2026-09-10T06:19:29,110,ENTER,,8,SYNTHETIC_DEMO
B_20260910,2026-09-10T06:22:31,110,SERVED,182.0,8,SYNTHETIC_DEMO
B_20260910,2026-09-10T05:54:48,111,ENTER,,9,SYNTHETIC_DEMO
B_20260910,2026-09-10T05:57:14,111,SERVED,146.2,9,SYNTHETIC_DEMO
L_20260910,2026-09-10T11:30:00,1,ENTER,,7,SYNTHETIC_DEMO
L_20260910,2026-09-10T11:32:59,1,SERVED,179.0,7,SYNTHETIC_DEMO
L_20260910,2026-09-10T12:16:53,2,ENTER,,16,SYNTHETIC_DEMO
L_20260910,2026-09-10T12:21:22,2,SERVED,269.8,16,SYNTHETIC_DEMO
L_20260910,2026-09-10T11:56:28,3,ENTER,,25,SYNTHETIC_DEMO
L_20260910,2026-09-10T12:03:17,3,SERVED,409.3,25,SYNTHETIC_DEMO
L_20260910,2026-09-10T12:26:47,4,ENTER,,7,SYNTHETIC_DEMO
L_20260910,2026-09-10T12:28:39,4,SERVED,111.3,7,SYNTHETIC_DEMO
L_20260910,2026-09-10T11:55:07,5,ENTER,,23,SYNTHETIC_DEMO
L_20260910,2026-09-10T12:01:07,5,SERVED,360.6,23,SYNTHETIC_DEMO
L_20260910,2026-09-10T12:11:14,6,ENTER,,20,SYNTHETIC_DEMO
L_20260910,2026-09-10T12:16:32,6,SERVED,317.1,20,SYNTHETIC_DEMO
L_20260910,2026-09-10T12:03:04,7,ENTER,,22,SYNTHETIC_DEMO
L_20260910,2026-09-10T12:08:57,7,SERVED,352.6,22,SYNTHETIC_DEMO
L_20260910,2026-09-10T11:50:20,8,ENTER,,21,SYNTHETIC_DEMO
L_20260910,2026-09-10T11:55:21,8,SERVED,301.2,21,SYNTHETIC_DEMO
L_20260910,2026-09-10T11:46:19,9,ENTER,,18,SYNTHETIC_DEMO
L_20260910,2026-09-10T11:51:14,9,SERVED,295.3,18,SYNTHETIC_DEMO
L_20260910,2026-09-10T12:10:38,10,ENTER,,19,SYNTHETIC_DEMO
L_20260910,2026-09-10T12:15:18,10,SERVED,280.0,19,SYNTHETIC_DEMO
L_20260910,2026-09-10T12:04:43,11,ENTER,,22,SYNTHETIC_DEMO
L_20260910,2026-09-10T12:10:31,11,SERVED,348.4,22,SYNTHETIC_DEMO
L_20260910,2026-09-10T11:40:47,12,ENTER,,13,SYNTHETIC_DEMO
L_20260910,2026-09-10T11:44:48,12,SERVED,241.7,13,SYNTHETIC_DEMO
L_20260910,2026-09-10T11:38:22,13,ENTER,,12,SYNTHETIC_DEMO
L_20260910,2026-09-10T11:41:40,13,SERVED,198.0,12,SYNTHETIC_DEMO
L_20260910,2026-09-10T12:35:42,14,ENTER,,4,SYNTHETIC_DEMO
L_20260910,2026-09-10T12:37:56,14,SERVED,133.5,4,SYNTHETIC_DEMO
L_20260910,2026-09-10T12:11:16,15,ENTER,,19,SYNTHETIC_DEMO
L_20260910,2026-09-10T12:16:34,15,SERVED,317.7,19,SYNTHETIC_DEMO
L_20260910,2026-09-10T12:17:07,16,ENTER,,13,SYNTHETIC_DEMO
L_20260910,2026-09-10T12:21:13,16,SERVED,246.3,13,SYNTHETIC_DEMO
L_20260910,2026-09-10T12:00:14,17,ENTER,,24,SYNTHETIC_DEMO
L_20260910,2026-09-10T12:05:49,17,SERVED,335.3,24,SYNTHETIC_DEMO
L_20260910,2026-09-10T11:56:01,18,ENTER,,24,SYNTHETIC_DEMO
L_20260910,2026-09-10T12:02:33,18,SERVED,391.5,24,SYNTHETIC_DEMO
L_20260910,2026-09-10T11:30:00,19,ENTER,,6,SYNTHETIC_DEMO
L_20260910,2026-09-10T11:32:37,19,SERVED,157.0,6,SYNTHETIC_DEMO
L_20260910,2026-09-10T12:09:14,20,ENTER,,19,SYNTHETIC_DEMO
L_20260910,2026-09-10T12:14:36,20,SERVED,321.6,19,SYNTHETIC_DEMO
L_20260910,2026-09-10T11:38:51,21,ENTER,,13,SYNTHETIC_DEMO
L_20260910,2026-09-10T11:42:44,21,SERVED,232.7,13,SYNTHETIC_DEMO
L_20260910,2026-09-10T11:56:57,22,ENTER,,22,SYNTHETIC_DEMO
L_20260910,2026-09-10T12:02:45,22,SERVED,348.2,22,SYNTHETIC_DEMO
L_20260910,2026-09-10T11:47:04,23,ENTER,,20,SYNTHETIC_DEMO
L_20260910,2026-09-10T11:52:02,23,SERVED,297.9,20,SYNTHETIC_DEMO
L_20260910,2026-09-10T12:27:58,24,ENTER,,8,SYNTHETIC_DEMO
L_20260910,2026-09-10T12:30:39,24,SERVED,160.7,8,SYNTHETIC_DEMO
L_20260910,2026-09-10T12:24:38,25,ENTER,,8,SYNTHETIC_DEMO
L_20260910,2026-09-10T12:27:27,25,SERVED,169.2,8,SYNTHETIC_DEMO
L_20260910,2026-09-10T12:17:21,26,ENTER,,15,SYNTHETIC_DEMO
L_20260910,2026-09-10T12:21:03,26,SERVED,222.2,15,SYNTHETIC_DEMO
L_20260910,2026-09-10T12:15:45,27,ENTER,,17,SYNTHETIC_DEMO
L_20260910,2026-09-10T12:20:19,27,SERVED,274.4,17,SYNTHETIC_DEMO
L_20260910,2026-09-10T12:17:17,28,ENTER,,15,SYNTHETIC_DEMO
L_20260910,2026-09-10T12:20:56,28,SERVED,218.8,15,SYNTHETIC_DEMO
L_20260910,2026-09-10T12:33:03,29,ENTER,,5,SYNTHETIC_DEMO
L_20260910,2026-09-10T12:35:24,29,SERVED,141.1,5,SYNTHETIC_DEMO
L_20260910,2026-09-10T12:17:59,30,ENTER,,14,SYNTHETIC_DEMO
L_20260910,2026-09-10T12:21:44,30,SERVED,224.1,14,SYNTHETIC_DEMO
L_20260910,2026-09-10T11:46:37,31,ENTER,,18,SYNTHETIC_DEMO
L_20260910,2026-09-10T11:50:54,31,SERVED,257.2,18,SYNTHETIC_DEMO
L_20260910,2026-09-10T12:06:48,32,ENTER,,21,SYNTHETIC_DEMO
L_20260910,2026-09-10T12:12:49,32,SERVED,360.8,21,SYNTHETIC_DEMO
L_20260910,2026-09-10T11:30:00,33,ENTER,,7,SYNTHETIC_DEMO
L_20260910,2026-09-10T11:32:01,33,SERVED,121.4,7,SYNTHETIC_DEMO
L_20260910,2026-09-10T12:26:46,34,ENTER,,8,SYNTHETIC_DEMO
L_20260910,2026-09-10T12:29:46,34,SERVED,180.5,8,SYNTHETIC_DEMO
L_20260910,2026-09-10T11:58:25,35,ENTER,,24,SYNTHETIC_DEMO
L_20260910,2026-09-10T12:05:01,35,SERVED,396.6,24,SYNTHETIC_DEMO
L_20260910,2026-09-10T11:57:17,36,ENTER,,24,SYNTHETIC_DEMO
L_20260910,2026-09-10T12:03:34,36,SERVED,376.6,24,SYNTHETIC_DEMO
L_20260910,2026-09-10T11:58:17,37,ENTER,,23,SYNTHETIC_DEMO
L_20260910,2026-09-10T12:04:47,37,SERVED,389.5,23,SYNTHETIC_DEMO
L_20260910,2026-09-10T12:11:18,38,ENTER,,20,SYNTHETIC_DEMO
L_20260910,2026-09-10T12:16:54,38,SERVED,335.8,20,SYNTHETIC_DEMO
L_20260910,2026-09-10T11:56:53,39,ENTER,,23,SYNTHETIC_DEMO
L_20260910,2026-09-10T12:03:00,39,SERVED,367.0,23,SYNTHETIC_DEMO
L_20260910,2026-09-10T12:34:10,40,ENTER,,5,SYNTHETIC_DEMO
L_20260910,2026-09-10T12:35:36,40,SERVED,85.2,5,SYNTHETIC_DEMO
L_20260910,2026-09-10T12:01:14,41,ENTER,,22,SYNTHETIC_DEMO
L_20260910,2026-09-10T12:06:40,41,SERVED,325.2,22,SYNTHETIC_DEMO
L_20260910,2026-09-10T11:56:17,42,ENTER,,23,SYNTHETIC_DEMO
L_20260910,2026-09-10T12:02:14,42,SERVED,356.8,23,SYNTHETIC_DEMO
L_20260910,2026-09-10T12:01:38,43,ENTER,,24,SYNTHETIC_DEMO
L_20260910,2026-09-10T12:07:15,43,SERVED,337.4,24,SYNTHETIC_DEMO
L_20260910,2026-09-10T11:40:02,44,ENTER,,13,SYNTHETIC_DEMO
L_20260910,2026-09-10T11:43:36,44,SERVED,213.5,13,SYNTHETIC_DEMO
L_20260910,2026-09-10T12:14:36,45,ENTER,,17,SYNTHETIC_DEMO
L_20260910,2026-09-10T12:19:07,45,SERVED,270.9,17,SYNTHETIC_DEMO
L_20260910,2026-09-10T11:58:17,46,ENTER,,23,SYNTHETIC_DEMO
L_20260910,2026-09-10T12:04:10,46,SERVED,353.3,23,SYNTHETIC_DEMO
L_20260910,2026-09-10T11:38:06,47,ENTER,,12,SYNTHETIC_DEMO
L_20260910,2026-09-10T11:42:06,47,SERVED,239.5,12,SYNTHETIC_DEMO
L_20260910,2026-09-10T11:42:33,48,ENTER,,14,SYNTHETIC_DEMO
L_20260910,2026-09-10T11:46:33,48,SERVED,240.2,14,SYNTHETIC_DEMO
L_20260910,2026-09-10T11:59:53,49,ENTER,,23,SYNTHETIC_DEMO
L_20260910,2026-09-10T12:05:15,49,SERVED,322.5,23,SYNTHETIC_DEMO
L_20260910,2026-09-10T11:52:08,50,ENTER,,21,SYNTHETIC_DEMO
L_20260910,2026-09-10T11:58:14,50,SERVED,366.4,21,SYNTHETIC_DEMO
L_20260910,2026-09-10T11:38:21,51,ENTER,,12,SYNTHETIC_DEMO
L_20260910,2026-09-10T11:42:12,51,SERVED,230.7,12,SYNTHETIC_DEMO
L_20260910,2026-09-10T12:32:21,52,ENTER,,5,SYNTHETIC_DEMO
L_20260910,2026-09-10T12:34:01,52,SERVED,100.0,5,SYNTHETIC_DEMO
L_20260910,2026-09-10T11:44:36,53,ENTER,,16,SYNTHETIC_DEMO
L_20260910,2026-09-10T11:48:39,53,SERVED,243.4,16,SYNTHETIC_DEMO
L_20260910,2026-09-10T12:05:28,54,ENTER,,22,SYNTHETIC_DEMO
L_20260910,2026-09-10T12:11:15,54,SERVED,346.4,22,SYNTHETIC_DEMO
L_20260910,2026-09-10T12:16:12,55,ENTER,,15,SYNTHETIC_DEMO
L_20260910,2026-09-10T12:20:29,55,SERVED,257.3,15,SYNTHETIC_DEMO
L_20260910,2026-09-10T12:30:57,56,ENTER,,4,SYNTHETIC_DEMO
L_20260910,2026-09-10T12:32:28,56,SERVED,90.8,4,SYNTHETIC_DEMO
L_20260910,2026-09-10T12:13:56,57,ENTER,,17,SYNTHETIC_DEMO
L_20260910,2026-09-10T12:18:19,57,SERVED,263.5,17,SYNTHETIC_DEMO
L_20260910,2026-09-10T12:06:39,58,ENTER,,21,SYNTHETIC_DEMO
L_20260910,2026-09-10T12:12:17,58,SERVED,337.8,21,SYNTHETIC_DEMO
L_20260910,2026-09-10T12:02:03,59,ENTER,,24,SYNTHETIC_DEMO
L_20260910,2026-09-10T12:08:25,59,SERVED,382.5,24,SYNTHETIC_DEMO
L_20260910,2026-09-10T11:41:12,60,ENTER,,14,SYNTHETIC_DEMO
L_20260910,2026-09-10T11:45:26,60,SERVED,253.3,14,SYNTHETIC_DEMO
L_20260910,2026-09-10T12:13:24,61,ENTER,,18,SYNTHETIC_DEMO
L_20260910,2026-09-10T12:18:51,61,SERVED,326.6,18,SYNTHETIC_DEMO
L_20260910,2026-09-10T11:44:12,62,ENTER,,15,SYNTHETIC_DEMO
L_20260910,2026-09-10T11:48:40,62,SERVED,268.3,15,SYNTHETIC_DEMO
L_20260910,2026-09-10T12:34:05,63,ENTER,,4,SYNTHETIC_DEMO
L_20260910,2026-09-10T12:36:11,63,SERVED,125.3,4,SYNTHETIC_DEMO
L_20260910,2026-09-10T11:50:57,64,ENTER,,20,SYNTHETIC_DEMO
L_20260910,2026-09-10T11:55:52,64,SERVED,295.0,20,SYNTHETIC_DEMO
L_20260910,2026-09-10T12:13:47,65,ENTER,,17,SYNTHETIC_DEMO
L_20260910,2026-09-10T12:18:17,65,SERVED,270.2,17,SYNTHETIC_DEMO
L_20260910,2026-09-10T11:58:31,66,ENTER,,22,SYNTHETIC_DEMO
L_20260910,2026-09-10T12:04:39,66,SERVED,368.3,22,SYNTHETIC_DEMO
L_20260910,2026-09-10T12:13:57,67,ENTER,,17,SYNTHETIC_DEMO
L_20260910,2026-09-10T12:18:40,67,SERVED,283.3,17,SYNTHETIC_DEMO
L_20260910,2026-09-10T11:30:00,68,ENTER,,7,SYNTHETIC_DEMO
L_20260910,2026-09-10T11:32:10,68,SERVED,130.1,7,SYNTHETIC_DEMO
L_20260910,2026-09-10T11:52:10,69,ENTER,,19,SYNTHETIC_DEMO
L_20260910,2026-09-10T11:56:52,69,SERVED,282.9,19,SYNTHETIC_DEMO
L_20260910,2026-09-10T11:42:46,70,ENTER,,15,SYNTHETIC_DEMO
L_20260910,2026-09-10T11:47:00,70,SERVED,253.9,15,SYNTHETIC_DEMO
L_20260910,2026-09-10T12:14:40,71,ENTER,,17,SYNTHETIC_DEMO
L_20260910,2026-09-10T12:19:27,71,SERVED,287.2,17,SYNTHETIC_DEMO
L_20260910,2026-09-10T11:49:15,72,ENTER,,19,SYNTHETIC_DEMO
L_20260910,2026-09-10T11:54:16,72,SERVED,301.4,19,SYNTHETIC_DEMO
L_20260910,2026-09-10T11:41:29,73,ENTER,,12,SYNTHETIC_DEMO
L_20260910,2026-09-10T11:45:35,73,SERVED,245.4,12,SYNTHETIC_DEMO
L_20260910,2026-09-10T12:03:08,74,ENTER,,23,SYNTHETIC_DEMO
L_20260910,2026-09-10T12:09:24,74,SERVED,376.7,23,SYNTHETIC_DEMO
L_20260910,2026-09-10T11:30:00,75,ENTER,,8,SYNTHETIC_DEMO
L_20260910,2026-09-10T11:32:34,75,SERVED,154.6,8,SYNTHETIC_DEMO
L_20260910,2026-09-10T11:51:23,76,ENTER,,21,SYNTHETIC_DEMO
L_20260910,2026-09-10T11:57:21,76,SERVED,358.0,21,SYNTHETIC_DEMO
L_20260910,2026-09-10T11:49:56,77,ENTER,,20,SYNTHETIC_DEMO
L_20260910,2026-09-10T11:55:41,77,SERVED,345.4,20,SYNTHETIC_DEMO
L_20260910,2026-09-10T12:02:55,78,ENTER,,23,SYNTHETIC_DEMO
L_20260910,2026-09-10T12:09:06,78,SERVED,371.8,23,SYNTHETIC_DEMO
L_20260910,2026-09-10T11:30:00,79,ENTER,,5,SYNTHETIC_DEMO
L_20260910,2026-09-10T11:31:50,79,SERVED,110.7,5,SYNTHETIC_DEMO
L_20260910,2026-09-10T11:55:35,80,ENTER,,23,SYNTHETIC_DEMO
L_20260910,2026-09-10T12:01:39,80,SERVED,364.3,23,SYNTHETIC_DEMO
L_20260910,2026-09-10T11:51:13,81,ENTER,,21,SYNTHETIC_DEMO
L_20260910,2026-09-10T11:56:30,81,SERVED,316.5,21,SYNTHETIC_DEMO
L_20260910,2026-09-10T11:48:29,82,ENTER,,18,SYNTHETIC_DEMO
L_20260910,2026-09-10T11:52:45,82,SERVED,256.0,18,SYNTHETIC_DEMO
L_20260910,2026-09-10T11:48:03,83,ENTER,,18,SYNTHETIC_DEMO
L_20260910,2026-09-10T11:53:06,83,SERVED,303.2,18,SYNTHETIC_DEMO
L_20260910,2026-09-10T12:04:53,84,ENTER,,22,SYNTHETIC_DEMO
L_20260910,2026-09-10T12:10:40,84,SERVED,347.4,22,SYNTHETIC_DEMO
L_20260910,2026-09-10T12:25:21,85,ENTER,,9,SYNTHETIC_DEMO
L_20260910,2026-09-10T12:27:48,85,SERVED,147.7,9,SYNTHETIC_DEMO
L_20260910,2026-09-10T11:30:00,86,ENTER,,6,SYNTHETIC_DEMO
L_20260910,2026-09-10T11:31:41,86,SERVED,101.1,6,SYNTHETIC_DEMO
L_20260910,2026-09-10T12:17:38,87,ENTER,,14,SYNTHETIC_DEMO
L_20260910,2026-09-10T12:21:05,87,SERVED,206.7,14,SYNTHETIC_DEMO
L_20260910,2026-09-10T12:44:10,88,ENTER,,3,SYNTHETIC_DEMO
L_20260910,2026-09-10T12:46:06,88,SERVED,116.6,3,SYNTHETIC_DEMO
L_20260910,2026-09-10T11:59:59,89,ENTER,,23,SYNTHETIC_DEMO
L_20260910,2026-09-10T12:05:44,89,SERVED,345.1,23,SYNTHETIC_DEMO
L_20260910,2026-09-10T12:23:59,90,ENTER,,11,SYNTHETIC_DEMO
L_20260910,2026-09-10T12:26:56,90,SERVED,177.1,11,SYNTHETIC_DEMO
L_20260910,2026-09-10T11:59:29,91,ENTER,,25,SYNTHETIC_DEMO
L_20260910,2026-09-10T12:06:02,91,SERVED,392.9,25,SYNTHETIC_DEMO
L_20260910,2026-09-10T12:05:29,92,ENTER,,22,SYNTHETIC_DEMO
L_20260910,2026-09-10T12:10:54,92,SERVED,325.0,22,SYNTHETIC_DEMO
L_20260910,2026-09-10T11:58:28,93,ENTER,,22,SYNTHETIC_DEMO
L_20260910,2026-09-10T12:04:24,93,SERVED,355.6,22,SYNTHETIC_DEMO
L_20260910,2026-09-10T12:17:57,94,ENTER,,14,SYNTHETIC_DEMO
L_20260910,2026-09-10T12:21:47,94,SERVED,229.8,14,SYNTHETIC_DEMO
L_20260910,2026-09-10T12:28:39,95,ENTER,,8,SYNTHETIC_DEMO
L_20260910,2026-09-10T12:31:51,95,SERVED,192.0,8,SYNTHETIC_DEMO
L_20260910,2026-09-10T12:16:38,96,ENTER,,14,SYNTHETIC_DEMO
L_20260910,2026-09-10T12:20:36,96,SERVED,237.2,14,SYNTHETIC_DEMO
L_20260910,2026-09-10T12:07:07,97,ENTER,,21,SYNTHETIC_DEMO
L_20260910,2026-09-10T12:12:21,97,SERVED,314.2,21,SYNTHETIC_DEMO
L_20260910,2026-09-10T12:21:15,98,ENTER,,13,SYNTHETIC_DEMO
L_20260910,2026-09-10T12:25:33,98,SERVED,257.6,13,SYNTHETIC_DEMO
L_20260910,2026-09-10T11:40:29,99,ENTER,,13,SYNTHETIC_DEMO
L_20260910,2026-09-10T11:44:09,99,SERVED,219.3,13,SYNTHETIC_DEMO
L_20260910,2026-09-10T11:48:37,100,ENTER,,20,SYNTHETIC_DEMO
L_20260910,2026-09-10T11:53:50,100,SERVED,312.2,20,SYNTHETIC_DEMO
L_20260910,2026-09-10T12:05:24,101,ENTER,,22,SYNTHETIC_DEMO
L_20260910,2026-09-10T12:11:44,101,SERVED,379.8,22,SYNTHETIC_DEMO
L_20260910,2026-09-10T12:02:58,102,ENTER,,23,SYNTHETIC_DEMO
L_20260910,2026-09-10T12:08:35,102,SERVED,337.0,23,SYNTHETIC_DEMO
L_20260910,2026-09-10T11:57:07,103,ENTER,,22,SYNTHETIC_DEMO
L_20260910,2026-09-10T12:02:36,103,SERVED,329.1,22,SYNTHETIC_DEMO
L_20260910,2026-09-10T12:26:00,104,ENTER,,9,SYNTHETIC_DEMO
L_20260910,2026-09-10T12:29:27,104,SERVED,207.0,9,SYNTHETIC_DEMO
L_20260910,2026-09-10T12:12:45,105,ENTER,,18,SYNTHETIC_DEMO
L_20260910,2026-09-10T12:17:19,105,SERVED,274.4,18,SYNTHETIC_DEMO
L_20260910,2026-09-10T11:40:59,106,ENTER,,13,SYNTHETIC_DEMO
L_20260910,2026-09-10T11:44:40,106,SERVED,220.1,13,SYNTHETIC_DEMO
L_20260910,2026-09-10T12:23:26,107,ENTER,,10,SYNTHETIC_DEMO
L_20260910,2026-09-10T12:26:00,107,SERVED,154.8,10,SYNTHETIC_DEMO
L_20260910,2026-09-10T11:56:49,108,ENTER,,23,SYNTHETIC_DEMO
L_20260910,2026-09-10T12:02:28,108,SERVED,339.2,23,SYNTHETIC_DEMO
L_20260910,2026-09-10T11:53:22,109,ENTER,,22,SYNTHETIC_DEMO
L_20260910,2026-09-10T11:59:12,109,SERVED,349.6,22,SYNTHETIC_DEMO
L_20260910,2026-09-10T12:07:50,110,ENTER,,22,SYNTHETIC_DEMO
L_20260910,2026-09-10T12:13:55,110,SERVED,365.2,22,SYNTHETIC_DEMO
L_20260910,2026-09-10T12:21:21,111,ENTER,,11,SYNTHETIC_DEMO
L_20260910,2026-09-10T12:24:33,111,SERVED,192.2,11,SYNTHETIC_DEMO
L_20260910,2026-09-10T12:15:42,112,ENTER,,17,SYNTHETIC_DEMO
L_20260910,2026-09-10T12:20:28,112,SERVED,285.8,17,SYNTHETIC_DEMO
L_20260910,2026-09-10T11:57:33,113,ENTER,,25,SYNTHETIC_DEMO
L_20260910,2026-09-10T12:04:02,113,SERVED,388.9,25,SYNTHETIC_DEMO
L_20260910,2026-09-10T12:06:30,114,ENTER,,22,SYNTHETIC_DEMO
L_20260910,2026-09-10T12:11:52,114,SERVED,321.7,22,SYNTHETIC_DEMO
L_20260910,2026-09-10T12:01:07,115,ENTER,,23,SYNTHETIC_DEMO
L_20260910,2026-09-10T12:07:18,115,SERVED,370.8,23,SYNTHETIC_DEMO
L_20260910,2026-09-10T12:34:54,116,ENTER,,4,SYNTHETIC_DEMO
L_20260910,2026-09-10T12:36:59,116,SERVED,124.6,4,SYNTHETIC_DEMO
L_20260910,2026-09-10T11:52:47,117,ENTER,,21,SYNTHETIC_DEMO
L_20260910,2026-09-10T11:58:19,117,SERVED,331.7,21,SYNTHETIC_DEMO
L_20260910,2026-09-10T12:05:51,118,ENTER,,22,SYNTHETIC_DEMO
L_20260910,2026-09-10T12:11:56,118,SERVED,364.8,22,SYNTHETIC_DEMO
L_20260910,2026-09-10T12:14:47,119,ENTER,,17,SYNTHETIC_DEMO
L_20260910,2026-09-10T12:19:33,119,SERVED,286.0,17,SYNTHETIC_DEMO
L_20260910,2026-09-10T11:49:54,120,ENTER,,21,SYNTHETIC_DEMO
L_20260910,2026-09-10T11:54:56,120,SERVED,301.3,21,SYNTHETIC_DEMO
L_20260910,2026-09-10T11:52:06,121,ENTER,,20,SYNTHETIC_DEMO
L_20260910,2026-09-10T11:57:35,121,SERVED,329.5,20,SYNTHETIC_DEMO
L_20260910,2026-09-10T12:05:45,122,ENTER,,20,SYNTHETIC_DEMO
L_20260910,2026-09-10T12:11:17,122,SERVED,332.3,20,SYNTHETIC_DEMO
L_20260910,2026-09-10T11:37:19,123,ENTER,,11,SYNTHETIC_DEMO
L_20260910,2026-09-10T11:40:46,123,SERVED,207.1,11,SYNTHETIC_DEMO
L_20260910,2026-09-10T11:54:22,124,ENTER,,22,SYNTHETIC_DEMO
L_20260910,2026-09-10T11:59:41,124,SERVED,319.3,22,SYNTHETIC_DEMO
L_20260910,2026-09-10T11:57:56,125,ENTER,,24,SYNTHETIC_DEMO
L_20260910,2026-09-10T12:03:48,125,SERVED,351.7,24,SYNTHETIC_DEMO
L_20260910,2026-09-10T11:30:00,126,ENTER,,7,SYNTHETIC_DEMO
L_20260910,2026-09-10T11:32:59,126,SERVED,180.0,7,SYNTHETIC_DEMO
L_20260910,2026-09-10T12:11:06,127,ENTER,,19,SYNTHETIC_DEMO
L_20260910,2026-09-10T12:15:58,127,SERVED,292.1,19,SYNTHETIC_DEMO
L_20260910,2026-09-10T11:57:44,128,ENTER,,23,SYNTHETIC_DEMO
L_20260910,2026-09-10T12:03:50,128,SERVED,366.4,23,SYNTHETIC_DEMO
L_20260910,2026-09-10T11:41:01,129,ENTER,,13,SYNTHETIC_DEMO
L_20260910,2026-09-10T11:44:46,129,SERVED,224.9,13,SYNTHETIC_DEMO
L_20260910,2026-09-10T11:50:33,130,ENTER,,18,SYNTHETIC_DEMO
L_20260910,2026-09-10T11:55:46,130,SERVED,313.0,18,SYNTHETIC_DEMO
L_20260910,2026-09-10T12:26:36,131,ENTER,,7,SYNTHETIC_DEMO
L_20260910,2026-09-10T12:29:27,131,SERVED,171.8,7,SYNTHETIC_DEMO
L_20260910,2026-09-10T11:45:20,132,ENTER,,18,SYNTHETIC_DEMO
L_20260910,2026-09-10T11:50:22,132,SERVED,301.9,18,SYNTHETIC_DEMO
L_20260910,2026-09-10T11:57:00,133,ENTER,,22,SYNTHETIC_DEMO
L_20260910,2026-09-10T12:02:15,133,SERVED,314.5,22,SYNTHETIC_DEMO
L_20260910,2026-09-10T11:33:13,134,ENTER,,6,SYNTHETIC_DEMO
L_20260910,2026-09-10T11:35:59,134,SERVED,166.5,6,SYNTHETIC_DEMO
L_20260910,2026-09-10T12:04:49,135,ENTER,,23,SYNTHETIC_DEMO
L_20260910,2026-09-10T12:10:22,135,SERVED,332.3,23,SYNTHETIC_DEMO
L_20260910,2026-09-10T12:21:31,136,ENTER,,12,SYNTHETIC_DEMO
L_20260910,2026-09-10T12:24:58,136,SERVED,207.4,12,SYNTHETIC_DEMO
L_20260910,2026-09-10T11:43:10,137,ENTER,,16,SYNTHETIC_DEMO
L_20260910,2026-09-10T11:47:52,137,SERVED,281.8,16,SYNTHETIC_DEMO
L_20260910,2026-09-10T12:09:18,138,ENTER,,22,SYNTHETIC_DEMO
L_20260910,2026-09-10T12:15:06,138,SERVED,347.5,22,SYNTHETIC_DEMO
L_20260910,2026-09-10T12:04:54,139,ENTER,,22,SYNTHETIC_DEMO
L_20260910,2026-09-10T12:11:11,139,SERVED,376.6,22,SYNTHETIC_DEMO
L_20260910,2026-09-10T11:49:21,140,ENTER,,19,SYNTHETIC_DEMO
L_20260910,2026-09-10T11:54:08,140,SERVED,287.0,19,SYNTHETIC_DEMO
L_20260910,2026-09-10T12:14:21,141,ENTER,,18,SYNTHETIC_DEMO
L_20260910,2026-09-10T12:19:46,141,SERVED,324.8,18,SYNTHETIC_DEMO
L_20260910,2026-09-10T12:04:35,142,ENTER,,23,SYNTHETIC_DEMO
L_20260910,2026-09-10T12:11:01,142,SERVED,385.5,23,SYNTHETIC_DEMO
L_20260910,2026-09-10T11:46:39,143,ENTER,,18,SYNTHETIC_DEMO
L_20260910,2026-09-10T11:51:07,143,SERVED,268.0,18,SYNTHETIC_DEMO
L_20260910,2026-09-10T11:48:06,144,ENTER,,17,SYNTHETIC_DEMO
L_20260910,2026-09-10T11:53:03,144,SERVED,297.3,17,SYNTHETIC_DEMO
L_20260910,2026-09-10T11:52:34,145,ENTER,,22,SYNTHETIC_DEMO
L_20260910,2026-09-10T11:55:25,145,ABANDONED,,22,SYNTHETIC_DEMO
L_20260910,2026-09-10T11:31:23,146,ENTER,,6,SYNTHETIC_DEMO
L_20260910,2026-09-10T11:33:40,146,SERVED,136.8,6,SYNTHETIC_DEMO
L_20260910,2026-09-10T11:30:00,147,ENTER,,7,SYNTHETIC_DEMO
L_20260910,2026-09-10T11:31:55,147,SERVED,115.4,7,SYNTHETIC_DEMO
L_20260910,2026-09-10T12:14:44,148,ENTER,,18,SYNTHETIC_DEMO
L_20260910,2026-09-10T12:19:31,148,SERVED,286.6,18,SYNTHETIC_DEMO
L_20260910,2026-09-10T11:47:46,149,ENTER,,18,SYNTHETIC_DEMO
L_20260910,2026-09-10T11:52:13,149,SERVED,266.9,18,SYNTHETIC_DEMO
L_20260910,2026-09-10T11:51:37,150,ENTER,,22,SYNTHETIC_DEMO
L_20260910,2026-09-10T11:54:35,150,ABANDONED,,22,SYNTHETIC_DEMO
L_20260910,2026-09-10T12:40:05,151,ENTER,,2,SYNTHETIC_DEMO
L_20260910,2026-09-10T12:40:51,151,SERVED,46.7,2,SYNTHETIC_DEMO
L_20260910,2026-09-10T11:51:47,152,ENTER,,22,SYNTHETIC_DEMO
L_20260910,2026-09-10T11:57:14,152,SERVED,326.8,22,SYNTHETIC_DEMO
L_20260910,2026-09-10T11:48:52,153,ENTER,,20,SYNTHETIC_DEMO
L_20260910,2026-09-10T11:51:38,153,ABANDONED,,20,SYNTHETIC_DEMO
L_20260910,2026-09-10T11:30:00,154,ENTER,,8,SYNTHETIC_DEMO
L_20260910,2026-09-10T11:32:13,154,SERVED,133.3,8,SYNTHETIC_DEMO
L_20260910,2026-09-10T12:32:08,155,ENTER,,6,SYNTHETIC_DEMO
L_20260910,2026-09-10T12:33:16,155,ABANDONED,,6,SYNTHETIC_DEMO
L_20260910,2026-09-10T12:24:33,156,ENTER,,9,SYNTHETIC_DEMO
L_20260910,2026-09-10T12:27:39,156,SERVED,186.0,9,SYNTHETIC_DEMO
L_20260910,2026-09-10T11:51:31,157,ENTER,,20,SYNTHETIC_DEMO
L_20260910,2026-09-10T11:56:46,157,SERVED,314.9,20,SYNTHETIC_DEMO
L_20260910,2026-09-10T11:30:00,158,ENTER,,6,SYNTHETIC_DEMO
L_20260910,2026-09-10T11:32:32,158,SERVED,152.5,6,SYNTHETIC_DEMO
L_20260910,2026-09-10T12:04:45,159,ENTER,,22,SYNTHETIC_DEMO
L_20260910,2026-09-10T12:10:37,159,SERVED,352.0,22,SYNTHETIC_DEMO
L_20260910,2026-09-10T11:56:26,160,ENTER,,22,SYNTHETIC_DEMO
L_20260910,2026-09-10T12:02:05,160,SERVED,338.8,22,SYNTHETIC_DEMO
L_20260910,2026-09-10T11:42:20,161,ENTER,,15,SYNTHETIC_DEMO
L_20260910,2026-09-10T11:46:36,161,SERVED,256.2,15,SYNTHETIC_DEMO
L_20260910,2026-09-10T11:54:49,162,ENTER,,23,SYNTHETIC_DEMO
L_20260910,2026-09-10T12:01:13,162,SERVED,383.4,23,SYNTHETIC_DEMO
L_20260910,2026-09-10T11:57:17,163,ENTER,,24,SYNTHETIC_DEMO
L_20260910,2026-09-10T12:03:59,163,SERVED,402.7,24,SYNTHETIC_DEMO
L_20260910,2026-09-10T11:45:35,164,ENTER,,17,SYNTHETIC_DEMO
L_20260910,2026-09-10T11:50:11,164,SERVED,275.8,17,SYNTHETIC_DEMO
D_20260910,2026-09-10T17:45:07,1,ENTER,,16,SYNTHETIC_DEMO
D_20260910,2026-09-10T17:49:46,1,SERVED,279.2,16,SYNTHETIC_DEMO
D_20260910,2026-09-10T17:16:17,2,ENTER,,7,SYNTHETIC_DEMO
D_20260910,2026-09-10T17:17:13,2,ABANDONED,,7,SYNTHETIC_DEMO
D_20260910,2026-09-10T17:31:03,3,ENTER,,13,SYNTHETIC_DEMO
D_20260910,2026-09-10T17:34:43,3,SERVED,219.6,13,SYNTHETIC_DEMO
D_20260910,2026-09-10T17:01:10,4,ENTER,,3,SYNTHETIC_DEMO
D_20260910,2026-09-10T17:03:19,4,SERVED,129.2,3,SYNTHETIC_DEMO
D_20260910,2026-09-10T17:59:51,5,ENTER,,8,SYNTHETIC_DEMO
D_20260910,2026-09-10T18:02:38,5,SERVED,167.3,8,SYNTHETIC_DEMO
D_20260910,2026-09-10T17:49:46,6,ENTER,,14,SYNTHETIC_DEMO
D_20260910,2026-09-10T17:53:38,6,SERVED,231.5,14,SYNTHETIC_DEMO
D_20260910,2026-09-10T17:20:29,7,ENTER,,9,SYNTHETIC_DEMO
D_20260910,2026-09-10T17:23:57,7,SERVED,208.0,9,SYNTHETIC_DEMO
D_20260910,2026-09-10T17:37:02,8,ENTER,,15,SYNTHETIC_DEMO
D_20260910,2026-09-10T17:41:24,8,SERVED,262.4,15,SYNTHETIC_DEMO
D_20260910,2026-09-10T17:43:24,9,ENTER,,16,SYNTHETIC_DEMO
D_20260910,2026-09-10T17:47:38,9,SERVED,253.8,16,SYNTHETIC_DEMO
D_20260910,2026-09-10T18:01:29,10,ENTER,,9,SYNTHETIC_DEMO
D_20260910,2026-09-10T18:04:17,10,SERVED,167.3,9,SYNTHETIC_DEMO
D_20260910,2026-09-10T17:37:18,11,ENTER,,15,SYNTHETIC_DEMO
D_20260910,2026-09-10T17:41:31,11,SERVED,253.1,15,SYNTHETIC_DEMO
D_20260910,2026-09-10T18:14:09,12,ENTER,,4,SYNTHETIC_DEMO
D_20260910,2026-09-10T18:16:06,12,SERVED,117.0,4,SYNTHETIC_DEMO
D_20260910,2026-09-10T18:32:49,13,ENTER,,1,SYNTHETIC_DEMO
D_20260910,2026-09-10T18:34:01,13,SERVED,72.8,1,SYNTHETIC_DEMO
D_20260910,2026-09-10T18:00:36,14,ENTER,,9,SYNTHETIC_DEMO
D_20260910,2026-09-10T18:03:31,14,SERVED,174.5,9,SYNTHETIC_DEMO
D_20260910,2026-09-10T18:04:40,15,ENTER,,6,SYNTHETIC_DEMO
D_20260910,2026-09-10T18:07:29,15,SERVED,169.0,6,SYNTHETIC_DEMO
D_20260910,2026-09-10T17:34:06,16,ENTER,,14,SYNTHETIC_DEMO
D_20260910,2026-09-10T17:37:56,16,SERVED,229.7,14,SYNTHETIC_DEMO
D_20260910,2026-09-10T17:57:29,17,ENTER,,11,SYNTHETIC_DEMO
D_20260910,2026-09-10T18:00:13,17,SERVED,164.5,11,SYNTHETIC_DEMO
D_20260910,2026-09-10T18:03:47,18,ENTER,,8,SYNTHETIC_DEMO
D_20260910,2026-09-10T18:06:40,18,SERVED,172.6,8,SYNTHETIC_DEMO
D_20260910,2026-09-10T17:38:31,19,ENTER,,16,SYNTHETIC_DEMO
D_20260910,2026-09-10T17:43:11,19,SERVED,279.8,16,SYNTHETIC_DEMO
D_20260910,2026-09-10T17:27:38,20,ENTER,,11,SYNTHETIC_DEMO
D_20260910,2026-09-10T17:31:10,20,SERVED,212.5,11,SYNTHETIC_DEMO
D_20260910,2026-09-10T17:55:21,21,ENTER,,11,SYNTHETIC_DEMO
D_20260910,2026-09-10T17:58:07,21,SERVED,166.0,11,SYNTHETIC_DEMO
D_20260910,2026-09-10T18:18:50,22,ENTER,,4,SYNTHETIC_DEMO
D_20260910,2026-09-10T18:20:35,22,SERVED,104.7,4,SYNTHETIC_DEMO
D_20260910,2026-09-10T17:36:53,23,ENTER,,16,SYNTHETIC_DEMO
D_20260910,2026-09-10T17:41:52,23,SERVED,299.4,16,SYNTHETIC_DEMO
D_20260910,2026-09-10T17:36:57,24,ENTER,,14,SYNTHETIC_DEMO
D_20260910,2026-09-10T17:40:52,24,SERVED,235.4,14,SYNTHETIC_DEMO
D_20260910,2026-09-10T17:57:32,25,ENTER,,10,SYNTHETIC_DEMO
D_20260910,2026-09-10T18:00:51,25,SERVED,198.2,10,SYNTHETIC_DEMO
D_20260910,2026-09-10T17:44:51,26,ENTER,,15,SYNTHETIC_DEMO
D_20260910,2026-09-10T17:49:27,26,SERVED,275.7,15,SYNTHETIC_DEMO
D_20260910,2026-09-10T18:01:20,27,ENTER,,9,SYNTHETIC_DEMO
D_20260910,2026-09-10T18:04:36,27,SERVED,195.5,9,SYNTHETIC_DEMO
D_20260910,2026-09-10T17:39:36,28,ENTER,,16,SYNTHETIC_DEMO
D_20260910,2026-09-10T17:43:38,28,SERVED,241.9,16,SYNTHETIC_DEMO
D_20260910,2026-09-10T17:57:35,29,ENTER,,11,SYNTHETIC_DEMO
D_20260910,2026-09-10T18:00:59,29,SERVED,203.9,11,SYNTHETIC_DEMO
D_20260910,2026-09-10T17:42:13,30,ENTER,,14,SYNTHETIC_DEMO
D_20260910,2026-09-10T17:46:26,30,SERVED,253.4,14,SYNTHETIC_DEMO
D_20260910,2026-09-10T17:43:02,31,ENTER,,16,SYNTHETIC_DEMO
D_20260910,2026-09-10T17:47:39,31,SERVED,277.8,16,SYNTHETIC_DEMO
D_20260910,2026-09-10T17:54:20,32,ENTER,,11,SYNTHETIC_DEMO
D_20260910,2026-09-10T17:57:48,32,SERVED,208.2,11,SYNTHETIC_DEMO
D_20260910,2026-09-10T17:37:20,33,ENTER,,16,SYNTHETIC_DEMO
D_20260910,2026-09-10T17:42:00,33,SERVED,279.1,16,SYNTHETIC_DEMO
D_20260910,2026-09-10T18:06:22,34,ENTER,,6,SYNTHETIC_DEMO
D_20260910,2026-09-10T18:09:02,34,SERVED,159.7,6,SYNTHETIC_DEMO
D_20260910,2026-09-10T17:12:31,35,ENTER,,5,SYNTHETIC_DEMO
D_20260910,2026-09-10T17:14:27,35,SERVED,116.5,5,SYNTHETIC_DEMO
D_20260910,2026-09-10T17:45:55,36,ENTER,,15,SYNTHETIC_DEMO
D_20260910,2026-09-10T17:49:42,36,SERVED,226.9,15,SYNTHETIC_DEMO
D_20260910,2026-09-10T17:25:37,37,ENTER,,10,SYNTHETIC_DEMO
D_20260910,2026-09-10T17:28:26,37,SERVED,168.6,10,SYNTHETIC_DEMO
D_20260910,2026-09-10T17:47:49,38,ENTER,,14,SYNTHETIC_DEMO
D_20260910,2026-09-10T17:51:33,38,SERVED,223.3,14,SYNTHETIC_DEMO
D_20260910,2026-09-10T17:35:47,39,ENTER,,14,SYNTHETIC_DEMO
D_20260910,2026-09-10T17:39:13,39,SERVED,205.6,14,SYNTHETIC_DEMO
D_20260910,2026-09-10T17:31:51,40,ENTER,,14,SYNTHETIC_DEMO
D_20260910,2026-09-10T17:36:19,40,SERVED,267.6,14,SYNTHETIC_DEMO
D_20260910,2026-09-10T17:43:26,41,ENTER,,17,SYNTHETIC_DEMO
D_20260910,2026-09-10T17:48:39,41,SERVED,313.2,17,SYNTHETIC_DEMO
D_20260910,2026-09-10T18:03:54,42,ENTER,,6,SYNTHETIC_DEMO
D_20260910,2026-09-10T18:06:28,42,SERVED,154.5,6,SYNTHETIC_DEMO
D_20260910,2026-09-10T17:08:40,43,ENTER,,4,SYNTHETIC_DEMO
D_20260910,2026-09-10T17:10:35,43,SERVED,114.6,4,SYNTHETIC_DEMO
D_20260910,2026-09-10T18:02:29,44,ENTER,,9,SYNTHETIC_DEMO
D_20260910,2026-09-10T18:05:13,44,SERVED,163.9,9,SYNTHETIC_DEMO
D_20260910,2026-09-10T17:49:10,45,ENTER,,13,SYNTHETIC_DEMO
D_20260910,2026-09-10T17:52:56,45,SERVED,225.3,13,SYNTHETIC_DEMO
D_20260910,2026-09-10T17:44:47,46,ENTER,,15,SYNTHETIC_DEMO
D_20260910,2026-09-10T17:49:11,46,SERVED,263.3,15,SYNTHETIC_DEMO
D_20260910,2026-09-10T17:12:35,47,ENTER,,5,SYNTHETIC_DEMO
D_20260910,2026-09-10T17:14:27,47,SERVED,112.2,5,SYNTHETIC_DEMO
D_20260910,2026-09-10T17:35:49,48,ENTER,,16,SYNTHETIC_DEMO
D_20260910,2026-09-10T17:39:41,48,SERVED,231.7,16,SYNTHETIC_DEMO
D_20260910,2026-09-10T18:14:21,49,ENTER,,3,SYNTHETIC_DEMO
D_20260910,2026-09-10T18:15:55,49,SERVED,93.8,3,SYNTHETIC_DEMO
D_20260910,2026-09-10T17:37:05,50,ENTER,,14,SYNTHETIC_DEMO
D_20260910,2026-09-10T17:40:59,50,SERVED,234.8,14,SYNTHETIC_DEMO
D_20260910,2026-09-10T18:07:19,51,ENTER,,6,SYNTHETIC_DEMO
D_20260910,2026-09-10T18:09:36,51,SERVED,137.4,6,SYNTHETIC_DEMO
D_20260910,2026-09-10T17:38:11,52,ENTER,,17,SYNTHETIC_DEMO
D_20260910,2026-09-10T17:42:37,52,SERVED,265.2,17,SYNTHETIC_DEMO
D_20260910,2026-09-10T17:39:11,53,ENTER,,15,SYNTHETIC_DEMO
D_20260910,2026-09-10T17:43:52,53,SERVED,280.9,15,SYNTHETIC_DEMO
D_20260910,2026-09-10T18:22:48,54,ENTER,,1,SYNTHETIC_DEMO
D_20260910,2026-09-10T18:23:56,54,SERVED,68.5,1,SYNTHETIC_DEMO
D_20260910,2026-09-10T18:13:01,55,ENTER,,2,SYNTHETIC_DEMO
D_20260910,2026-09-10T18:14:03,55,SERVED,62.4,2,SYNTHETIC_DEMO
D_20260910,2026-09-10T18:01:53,56,ENTER,,7,SYNTHETIC_DEMO
D_20260910,2026-09-10T18:04:32,56,SERVED,158.5,7,SYNTHETIC_DEMO
D_20260910,2026-09-10T17:09:37,57,ENTER,,4,SYNTHETIC_DEMO
D_20260910,2026-09-10T17:10:54,57,SERVED,76.3,4,SYNTHETIC_DEMO
D_20260910,2026-09-10T17:31:07,58,ENTER,,14,SYNTHETIC_DEMO
D_20260910,2026-09-10T17:35:18,58,SERVED,250.8,14,SYNTHETIC_DEMO
D_20260910,2026-09-10T17:22:40,59,ENTER,,9,SYNTHETIC_DEMO
D_20260910,2026-09-10T17:25:11,59,SERVED,151.1,9,SYNTHETIC_DEMO
D_20260910,2026-09-10T18:02:44,60,ENTER,,7,SYNTHETIC_DEMO
D_20260910,2026-09-10T18:05:37,60,SERVED,173.6,7,SYNTHETIC_DEMO
D_20260910,2026-09-10T17:56:15,61,ENTER,,12,SYNTHETIC_DEMO
D_20260910,2026-09-10T17:59:41,61,SERVED,206.5,12,SYNTHETIC_DEMO
D_20260910,2026-09-10T17:03:43,62,ENTER,,2,SYNTHETIC_DEMO
D_20260910,2026-09-10T17:05:15,62,SERVED,92.1,2,SYNTHETIC_DEMO
D_20260910,2026-09-10T17:30:51,63,ENTER,,15,SYNTHETIC_DEMO
D_20260910,2026-09-10T17:35:07,63,SERVED,255.4,15,SYNTHETIC_DEMO
D_20260910,2026-09-10T17:03:57,64,ENTER,,2,SYNTHETIC_DEMO
D_20260910,2026-09-10T17:05:48,64,SERVED,111.2,2,SYNTHETIC_DEMO
D_20260910,2026-09-10T17:31:08,65,ENTER,,14,SYNTHETIC_DEMO
D_20260910,2026-09-10T17:35:15,65,SERVED,246.7,14,SYNTHETIC_DEMO
D_20260910,2026-09-10T18:01:56,66,ENTER,,7,SYNTHETIC_DEMO
D_20260910,2026-09-10T18:04:20,66,SERVED,144.3,7,SYNTHETIC_DEMO
D_20260910,2026-09-10T17:20:41,67,ENTER,,9,SYNTHETIC_DEMO
D_20260910,2026-09-10T17:23:30,67,SERVED,169.0,9,SYNTHETIC_DEMO
D_20260910,2026-09-10T17:32:39,68,ENTER,,16,SYNTHETIC_DEMO
D_20260910,2026-09-10T17:37:36,68,SERVED,296.6,16,SYNTHETIC_DEMO
D_20260910,2026-09-10T17:14:58,69,ENTER,,7,SYNTHETIC_DEMO
D_20260910,2026-09-10T17:17:06,69,SERVED,128.5,7,SYNTHETIC_DEMO
D_20260910,2026-09-10T17:43:28,70,ENTER,,15,SYNTHETIC_DEMO
D_20260910,2026-09-10T17:47:23,70,SERVED,234.9,15,SYNTHETIC_DEMO
D_20260910,2026-09-10T17:47:22,71,ENTER,,15,SYNTHETIC_DEMO
D_20260910,2026-09-10T17:51:02,71,SERVED,219.4,15,SYNTHETIC_DEMO
D_20260910,2026-09-10T17:48:42,72,ENTER,,13,SYNTHETIC_DEMO
D_20260910,2026-09-10T17:52:57,72,SERVED,254.2,13,SYNTHETIC_DEMO
D_20260910,2026-09-10T18:05:08,73,ENTER,,5,SYNTHETIC_DEMO
D_20260910,2026-09-10T18:07:17,73,SERVED,128.6,5,SYNTHETIC_DEMO
D_20260910,2026-09-10T17:26:56,74,ENTER,,12,SYNTHETIC_DEMO
D_20260910,2026-09-10T17:31:04,74,SERVED,247.9,12,SYNTHETIC_DEMO
D_20260910,2026-09-10T17:56:41,75,ENTER,,10,SYNTHETIC_DEMO
D_20260910,2026-09-10T17:59:31,75,SERVED,170.1,10,SYNTHETIC_DEMO
D_20260910,2026-09-10T18:05:04,76,ENTER,,6,SYNTHETIC_DEMO
D_20260910,2026-09-10T18:07:51,76,SERVED,166.8,6,SYNTHETIC_DEMO
D_20260910,2026-09-10T18:24:43,77,ENTER,,2,SYNTHETIC_DEMO
D_20260910,2026-09-10T18:26:34,77,SERVED,111.1,2,SYNTHETIC_DEMO
D_20260910,2026-09-10T18:36:30,78,ENTER,,0,SYNTHETIC_DEMO
D_20260910,2026-09-10T18:37:59,78,SERVED,88.8,0,SYNTHETIC_DEMO
D_20260910,2026-09-10T17:41:14,79,ENTER,,16,SYNTHETIC_DEMO
D_20260910,2026-09-10T17:45:27,79,SERVED,252.8,16,SYNTHETIC_DEMO
D_20260910,2026-09-10T17:49:06,80,ENTER,,15,SYNTHETIC_DEMO
D_20260910,2026-09-10T17:53:30,80,SERVED,263.8,15,SYNTHETIC_DEMO
D_20260910,2026-09-10T17:35:37,81,ENTER,,15,SYNTHETIC_DEMO
D_20260910,2026-09-10T17:39:40,81,SERVED,243.1,15,SYNTHETIC_DEMO
D_20260910,2026-09-10T17:32:15,82,ENTER,,14,SYNTHETIC_DEMO
D_20260910,2026-09-10T17:36:38,82,SERVED,263.3,14,SYNTHETIC_DEMO
D_20260910,2026-09-10T17:05:20,83,ENTER,,3,SYNTHETIC_DEMO
D_20260910,2026-09-10T17:06:52,83,SERVED,92.1,3,SYNTHETIC_DEMO
D_20260910,2026-09-10T17:34:12,84,ENTER,,14,SYNTHETIC_DEMO
D_20260910,2026-09-10T17:38:04,84,SERVED,232.1,14,SYNTHETIC_DEMO
D_20260910,2026-09-10T17:57:06,85,ENTER,,11,SYNTHETIC_DEMO
D_20260910,2026-09-10T18:00:29,85,SERVED,203.1,11,SYNTHETIC_DEMO
D_20260910,2026-09-10T17:31:22,86,ENTER,,13,SYNTHETIC_DEMO
D_20260910,2026-09-10T17:34:49,86,SERVED,206.9,13,SYNTHETIC_DEMO
D_20260910,2026-09-10T18:15:42,87,ENTER,,3,SYNTHETIC_DEMO
D_20260910,2026-09-10T18:16:41,87,SERVED,59.6,3,SYNTHETIC_DEMO
D_20260910,2026-09-10T17:21:41,88,ENTER,,9,SYNTHETIC_DEMO
D_20260910,2026-09-10T17:25:00,88,SERVED,199.2,9,SYNTHETIC_DEMO
D_20260910,2026-09-10T17:44:17,89,ENTER,,15,SYNTHETIC_DEMO
D_20260910,2026-09-10T17:48:43,89,SERVED,266.9,15,SYNTHETIC_DEMO
D_20260910,2026-09-10T17:53:11,90,ENTER,,12,SYNTHETIC_DEMO
D_20260910,2026-09-10T17:56:11,90,SERVED,180.2,12,SYNTHETIC_DEMO
D_20260910,2026-09-10T17:52:04,91,ENTER,,13,SYNTHETIC_DEMO
D_20260910,2026-09-10T17:56:17,91,SERVED,253.3,13,SYNTHETIC_DEMO
D_20260910,2026-09-10T17:40:04,92,ENTER,,15,SYNTHETIC_DEMO
D_20260910,2026-09-10T17:44:18,92,SERVED,254.7,15,SYNTHETIC_DEMO
D_20260910,2026-09-10T17:48:50,93,ENTER,,15,SYNTHETIC_DEMO
D_20260910,2026-09-10T17:53:29,93,SERVED,278.8,15,SYNTHETIC_DEMO
D_20260910,2026-09-10T17:42:43,94,ENTER,,16,SYNTHETIC_DEMO
D_20260910,2026-09-10T17:47:31,94,SERVED,287.3,16,SYNTHETIC_DEMO
D_20260910,2026-09-10T18:02:12,95,ENTER,,8,SYNTHETIC_DEMO
D_20260910,2026-09-10T18:04:17,95,SERVED,124.6,8,SYNTHETIC_DEMO
D_20260910,2026-09-10T17:56:56,96,ENTER,,12,SYNTHETIC_DEMO
D_20260910,2026-09-10T18:00:32,96,SERVED,215.3,12,SYNTHETIC_DEMO
D_20260910,2026-09-10T17:57:14,97,ENTER,,10,SYNTHETIC_DEMO
D_20260910,2026-09-10T18:00:07,97,SERVED,173.0,10,SYNTHETIC_DEMO
D_20260910,2026-09-10T17:17:16,98,ENTER,,9,SYNTHETIC_DEMO
D_20260910,2026-09-10T17:19:57,98,SERVED,160.7,9,SYNTHETIC_DEMO
D_20260910,2026-09-10T17:42:27,99,ENTER,,16,SYNTHETIC_DEMO
D_20260910,2026-09-10T17:47:07,99,SERVED,280.2,16,SYNTHETIC_DEMO
D_20260910,2026-09-10T17:35:13,100,ENTER,,15,SYNTHETIC_DEMO
D_20260910,2026-09-10T17:39:34,100,SERVED,261.3,15,SYNTHETIC_DEMO
D_20260910,2026-09-10T17:21:59,101,ENTER,,10,SYNTHETIC_DEMO
D_20260910,2026-09-10T17:24:35,101,SERVED,155.5,10,SYNTHETIC_DEMO
D_20260910,2026-09-10T17:23:43,102,ENTER,,10,SYNTHETIC_DEMO
D_20260910,2026-09-10T17:26:40,102,SERVED,177.4,10,SYNTHETIC_DEMO
D_20260910,2026-09-10T17:54:47,103,ENTER,,11,SYNTHETIC_DEMO
D_20260910,2026-09-10T17:58:39,103,SERVED,231.8,11,SYNTHETIC_DEMO
D_20260910,2026-09-10T17:13:10,104,ENTER,,5,SYNTHETIC_DEMO
D_20260910,2026-09-10T17:15:12,104,SERVED,121.9,5,SYNTHETIC_DEMO
D_20260910,2026-09-10T17:00:00,105,ENTER,,2,SYNTHETIC_DEMO
D_20260910,2026-09-10T17:01:55,105,SERVED,115.9,2,SYNTHETIC_DEMO
D_20260910,2026-09-10T18:01:47,106,ENTER,,8,SYNTHETIC_DEMO
D_20260910,2026-09-10T18:03:53,106,SERVED,126.2,8,SYNTHETIC_DEMO
D_20260910,2026-09-10T17:41:23,107,ENTER,,17,SYNTHETIC_DEMO
D_20260910,2026-09-10T17:46:26,107,SERVED,302.9,17,SYNTHETIC_DEMO
D_20260910,2026-09-10T17:21:05,108,ENTER,,9,SYNTHETIC_DEMO
D_20260910,2026-09-10T17:24:27,108,SERVED,201.9,9,SYNTHETIC_DEMO
D_20260910,2026-09-10T17:35:52,109,ENTER,,14,SYNTHETIC_DEMO
D_20260910,2026-09-10T17:39:30,109,SERVED,217.9,14,SYNTHETIC_DEMO
D_20260910,2026-09-10T18:19:59,110,ENTER,,2,SYNTHETIC_DEMO
D_20260910,2026-09-10T18:21:51,110,SERVED,112.4,2,SYNTHETIC_DEMO
D_20260910,2026-09-10T17:50:19,111,ENTER,,13,SYNTHETIC_DEMO
D_20260910,2026-09-10T17:54:01,111,SERVED,221.5,13,SYNTHETIC_DEMO
D_20260910,2026-09-10T17:20:17,112,ENTER,,9,SYNTHETIC_DEMO
D_20260910,2026-09-10T17:23:04,112,SERVED,167.6,9,SYNTHETIC_DEMO
D_20260910,2026-09-10T17:30:35,113,ENTER,,13,SYNTHETIC_DEMO
D_20260910,2026-09-10T17:34:19,113,SERVED,223.5,13,SYNTHETIC_DEMO
D_20260910,2026-09-10T17:36:01,114,ENTER,,13,SYNTHETIC_DEMO
D_20260910,2026-09-10T17:40:02,114,SERVED,241.6,13,SYNTHETIC_DEMO
D_20260910,2026-09-10T17:00:00,115,ENTER,,2,SYNTHETIC_DEMO
D_20260910,2026-09-10T17:01:16,115,SERVED,76.7,2,SYNTHETIC_DEMO
D_20260910,2026-09-10T17:33:48,116,ENTER,,17,SYNTHETIC_DEMO
D_20260910,2026-09-10T17:36:24,116,ABANDONED,,17,SYNTHETIC_DEMO
D_20260910,2026-09-10T17:50:17,117,ENTER,,14,SYNTHETIC_DEMO
D_20260910,2026-09-10T17:54:39,117,SERVED,262.1,14,SYNTHETIC_DEMO
D_20260910,2026-09-10T17:15:28,118,ENTER,,6,SYNTHETIC_DEMO
D_20260910,2026-09-10T17:18:00,118,SERVED,151.5,6,SYNTHETIC_DEMO
D_20260910,2026-09-10T17:27:28,119,ENTER,,12,SYNTHETIC_DEMO
D_20260910,2026-09-10T17:30:42,119,SERVED,193.9,12,SYNTHETIC_DEMO
D_20260910,2026-09-10T18:02:57,120,ENTER,,9,SYNTHETIC_DEMO
D_20260910,2026-09-10T18:05:23,120,SERVED,146.1,9,SYNTHETIC_DEMO
D_20260910,2026-09-10T17:52:30,121,ENTER,,12,SYNTHETIC_DEMO
D_20260910,2026-09-10T17:56:18,121,SERVED,227.8,12,SYNTHETIC_DEMO
D_20260910,2026-09-10T17:39:35,122,ENTER,,16,SYNTHETIC_DEMO
D_20260910,2026-09-10T17:44:02,122,SERVED,267.4,16,SYNTHETIC_DEMO
D_20260910,2026-09-10T17:33:02,123,ENTER,,15,SYNTHETIC_DEMO
D_20260910,2026-09-10T17:36:47,123,SERVED,225.1,15,SYNTHETIC_DEMO
D_20260910,2026-09-10T17:39:09,124,ENTER,,14,SYNTHETIC_DEMO
D_20260910,2026-09-10T17:42:41,124,SERVED,211.9,14,SYNTHETIC_DEMO
D_20260910,2026-09-10T17:54:38,125,ENTER,,10,SYNTHETIC_DEMO
D_20260910,2026-09-10T17:58:15,125,SERVED,216.4,10,SYNTHETIC_DEMO
D_20260910,2026-09-10T17:31:03,126,ENTER,,13,SYNTHETIC_DEMO
D_20260910,2026-09-10T17:34:15,126,SERVED,192.6,13,SYNTHETIC_DEMO
D_20260910,2026-09-10T17:50:32,127,ENTER,,14,SYNTHETIC_DEMO
D_20260910,2026-09-10T17:54:15,127,SERVED,223.7,14,SYNTHETIC_DEMO
D_20260910,2026-09-10T17:11:54,128,ENTER,,4,SYNTHETIC_DEMO
D_20260910,2026-09-10T17:13:54,128,SERVED,120.0,4,SYNTHETIC_DEMO
D_20260910,2026-09-10T17:51:58,129,ENTER,,11,SYNTHETIC_DEMO
D_20260910,2026-09-10T17:55:52,129,SERVED,234.0,11,SYNTHETIC_DEMO
D_20260910,2026-09-10T17:37:29,130,ENTER,,16,SYNTHETIC_DEMO
D_20260910,2026-09-10T17:41:52,130,SERVED,263.5,16,SYNTHETIC_DEMO
D_20260910,2026-09-10T17:44:35,131,ENTER,,15,SYNTHETIC_DEMO
D_20260910,2026-09-10T17:49:08,131,SERVED,272.8,15,SYNTHETIC_DEMO
D_20260910,2026-09-10T17:43:30,132,ENTER,,15,SYNTHETIC_DEMO
D_20260910,2026-09-10T17:48:09,132,SERVED,278.6,15,SYNTHETIC_DEMO
D_20260910,2026-09-10T17:02:11,133,ENTER,,2,SYNTHETIC_DEMO
D_20260910,2026-09-10T17:04:07,133,SERVED,115.4,2,SYNTHETIC_DEMO
D_20260910,2026-09-10T17:26:58,134,ENTER,,12,SYNTHETIC_DEMO
D_20260910,2026-09-10T17:31:04,134,SERVED,245.9,12,SYNTHETIC_DEMO
D_20260910,2026-09-10T17:54:04,135,ENTER,,12,SYNTHETIC_DEMO
D_20260910,2026-09-10T17:57:49,135,SERVED,224.7,12,SYNTHETIC_DEMO
D_20260910,2026-09-10T17:41:45,136,ENTER,,16,SYNTHETIC_DEMO
D_20260910,2026-09-10T17:45:47,136,SERVED,242.0,16,SYNTHETIC_DEMO
D_20260910,2026-09-10T17:51:38,137,ENTER,,13,SYNTHETIC_DEMO
D_20260910,2026-09-10T17:55:27,137,SERVED,228.8,13,SYNTHETIC_DEMO
D_20260910,2026-09-10T17:00:00,138,ENTER,,2,SYNTHETIC_DEMO
D_20260910,2026-09-10T17:00:37,138,ABANDONED,,2,SYNTHETIC_DEMO
D_20260910,2026-09-10T18:04:32,139,ENTER,,5,SYNTHETIC_DEMO
D_20260910,2026-09-10T18:06:14,139,SERVED,101.2,5,SYNTHETIC_DEMO
B_20260911,2026-09-11T06:07:01,1,ENTER,,13,SYNTHETIC_DEMO
B_20260911,2026-09-11T06:11:00,1,SERVED,239.4,13,SYNTHETIC_DEMO
B_20260911,2026-09-11T05:39:05,2,ENTER,,6,SYNTHETIC_DEMO
B_20260911,2026-09-11T05:41:33,2,SERVED,148.5,6,SYNTHETIC_DEMO
B_20260911,2026-09-11T06:12:20,3,ENTER,,12,SYNTHETIC_DEMO
B_20260911,2026-09-11T06:16:15,3,SERVED,234.8,12,SYNTHETIC_DEMO
B_20260911,2026-09-11T05:54:55,4,ENTER,,12,SYNTHETIC_DEMO
B_20260911,2026-09-11T05:58:45,4,SERVED,230.3,12,SYNTHETIC_DEMO
B_20260911,2026-09-11T05:59:47,5,ENTER,,13,SYNTHETIC_DEMO
B_20260911,2026-09-11T06:03:02,5,SERVED,195.7,13,SYNTHETIC_DEMO
B_20260911,2026-09-11T05:52:21,6,ENTER,,9,SYNTHETIC_DEMO
B_20260911,2026-09-11T05:55:28,6,SERVED,187.1,9,SYNTHETIC_DEMO
B_20260911,2026-09-11T05:44:10,7,ENTER,,8,SYNTHETIC_DEMO
B_20260911,2026-09-11T05:45:17,7,ABANDONED,,8,SYNTHETIC_DEMO
B_20260911,2026-09-11T06:25:38,8,ENTER,,8,SYNTHETIC_DEMO
B_20260911,2026-09-11T06:28:49,8,SERVED,190.6,8,SYNTHETIC_DEMO
B_20260911,2026-09-11T06:29:16,9,ENTER,,5,SYNTHETIC_DEMO
B_20260911,2026-09-11T06:30:44,9,SERVED,88.8,5,SYNTHETIC_DEMO
B_20260911,2026-09-11T06:09:48,10,ENTER,,14,SYNTHETIC_DEMO
B_20260911,2026-09-11T06:13:52,10,SERVED,244.6,14,SYNTHETIC_DEMO
B_20260911,2026-09-11T05:59:16,11,ENTER,,12,SYNTHETIC_DEMO
B_20260911,2026-09-11T06:02:26,11,SERVED,189.7,12,SYNTHETIC_DEMO
B_20260911,2026-09-11T06:20:10,12,ENTER,,10,SYNTHETIC_DEMO
B_20260911,2026-09-11T06:22:55,12,SERVED,165.3,10,SYNTHETIC_DEMO
B_20260911,2026-09-11T06:13:27,13,ENTER,,13,SYNTHETIC_DEMO
B_20260911,2026-09-11T06:17:29,13,SERVED,242.3,13,SYNTHETIC_DEMO
B_20260911,2026-09-11T05:58:59,14,ENTER,,12,SYNTHETIC_DEMO
B_20260911,2026-09-11T06:02:45,14,SERVED,225.6,12,SYNTHETIC_DEMO
B_20260911,2026-09-11T06:07:42,15,ENTER,,13,SYNTHETIC_DEMO
B_20260911,2026-09-11T06:11:31,15,SERVED,229.6,13,SYNTHETIC_DEMO
B_20260911,2026-09-11T06:27:15,16,ENTER,,8,SYNTHETIC_DEMO
B_20260911,2026-09-11T06:29:39,16,SERVED,144.0,8,SYNTHETIC_DEMO
B_20260911,2026-09-11T05:30:00,17,ENTER,,4,SYNTHETIC_DEMO
B_20260911,2026-09-11T05:32:03,17,SERVED,123.9,4,SYNTHETIC_DEMO
B_20260911,2026-09-11T06:30:14,18,ENTER,,4,SYNTHETIC_DEMO
B_20260911,2026-09-11T06:32:21,18,SERVED,126.8,4,SYNTHETIC_DEMO
B_20260911,2026-09-11T05:59:48,19,ENTER,,14,SYNTHETIC_DEMO
B_20260911,2026-09-11T06:04:01,19,SERVED,253.1,14,SYNTHETIC_DEMO
B_20260911,2026-09-11T06:19:25,20,ENTER,,11,SYNTHETIC_DEMO
B_20260911,2026-09-11T06:22:54,20,SERVED,209.1,11,SYNTHETIC_DEMO
B_20260911,2026-09-11T06:05:56,21,ENTER,,15,SYNTHETIC_DEMO
B_20260911,2026-09-11T06:10:28,21,SERVED,271.7,15,SYNTHETIC_DEMO
B_20260911,2026-09-11T06:36:59,22,ENTER,,2,SYNTHETIC_DEMO
B_20260911,2026-09-11T06:37:58,22,SERVED,58.9,2,SYNTHETIC_DEMO
B_20260911,2026-09-11T06:17:03,23,ENTER,,12,SYNTHETIC_DEMO
B_20260911,2026-09-11T06:20:33,23,SERVED,210.4,12,SYNTHETIC_DEMO
B_20260911,2026-09-11T05:45:43,24,ENTER,,9,SYNTHETIC_DEMO
B_20260911,2026-09-11T05:49:11,24,SERVED,208.3,9,SYNTHETIC_DEMO
B_20260911,2026-09-11T06:16:38,25,ENTER,,13,SYNTHETIC_DEMO
B_20260911,2026-09-11T06:20:18,25,SERVED,219.4,13,SYNTHETIC_DEMO
B_20260911,2026-09-11T06:01:41,26,ENTER,,14,SYNTHETIC_DEMO
B_20260911,2026-09-11T06:05:55,26,SERVED,254.0,14,SYNTHETIC_DEMO
B_20260911,2026-09-11T06:25:57,27,ENTER,,8,SYNTHETIC_DEMO
B_20260911,2026-09-11T06:28:10,27,SERVED,133.0,8,SYNTHETIC_DEMO
B_20260911,2026-09-11T06:42:50,28,ENTER,,2,SYNTHETIC_DEMO
B_20260911,2026-09-11T06:44:37,28,SERVED,106.7,2,SYNTHETIC_DEMO
B_20260911,2026-09-11T06:34:02,29,ENTER,,4,SYNTHETIC_DEMO
B_20260911,2026-09-11T06:35:50,29,SERVED,108.4,4,SYNTHETIC_DEMO
B_20260911,2026-09-11T06:33:40,30,ENTER,,5,SYNTHETIC_DEMO
B_20260911,2026-09-11T06:35:04,30,SERVED,84.1,5,SYNTHETIC_DEMO
B_20260911,2026-09-11T06:48:30,31,ENTER,,3,SYNTHETIC_DEMO
B_20260911,2026-09-11T06:49:36,31,SERVED,66.2,3,SYNTHETIC_DEMO
B_20260911,2026-09-11T05:52:31,32,ENTER,,11,SYNTHETIC_DEMO
B_20260911,2026-09-11T05:56:05,32,SERVED,214.5,11,SYNTHETIC_DEMO
B_20260911,2026-09-11T06:26:04,33,ENTER,,8,SYNTHETIC_DEMO
B_20260911,2026-09-11T06:28:44,33,SERVED,159.9,8,SYNTHETIC_DEMO
B_20260911,2026-09-11T05:48:09,34,ENTER,,9,SYNTHETIC_DEMO
B_20260911,2026-09-11T05:50:47,34,SERVED,158.6,9,SYNTHETIC_DEMO
B_20260911,2026-09-11T05:50:38,35,ENTER,,12,SYNTHETIC_DEMO
B_20260911,2026-09-11T05:53:50,35,SERVED,191.7,12,SYNTHETIC_DEMO
B_20260911,2026-09-11T06:07:57,36,ENTER,,12,SYNTHETIC_DEMO
B_20260911,2026-09-11T06:11:33,36,SERVED,215.8,12,SYNTHETIC_DEMO
B_20260911,2026-09-11T05:48:43,37,ENTER,,10,SYNTHETIC_DEMO
B_20260911,2026-09-11T05:51:30,37,SERVED,167.4,10,SYNTHETIC_DEMO
B_20260911,2026-09-11T05:39:09,38,ENTER,,4,SYNTHETIC_DEMO
B_20260911,2026-09-11T05:41:00,38,SERVED,111.1,4,SYNTHETIC_DEMO
B_20260911,2026-09-11T06:01:56,39,ENTER,,12,SYNTHETIC_DEMO
B_20260911,2026-09-11T06:04:57,39,SERVED,180.5,12,SYNTHETIC_DEMO
B_20260911,2026-09-11T06:26:30,40,ENTER,,6,SYNTHETIC_DEMO
B_20260911,2026-09-11T06:28:31,40,SERVED,121.7,6,SYNTHETIC_DEMO
B_20260911,2026-09-11T06:15:36,41,ENTER,,11,SYNTHETIC_DEMO
B_20260911,2026-09-11T06:19:14,41,SERVED,217.3,11,SYNTHETIC_DEMO
B_20260911,2026-09-11T06:00:17,42,ENTER,,13,SYNTHETIC_DEMO
B_20260911,2026-09-11T06:04:36,42,SERVED,259.4,13,SYNTHETIC_DEMO
B_20260911,2026-09-11T05:43:20,43,ENTER,,8,SYNTHETIC_DEMO
B_20260911,2026-09-11T05:46:06,43,SERVED,165.8,8,SYNTHETIC_DEMO
B_20260911,2026-09-11T05:54:36,44,ENTER,,11,SYNTHETIC_DEMO
B_20260911,2026-09-11T05:57:20,44,SERVED,164.6,11,SYNTHETIC_DEMO
B_20260911,2026-09-11T05:44:35,45,ENTER,,9,SYNTHETIC_DEMO
B_20260911,2026-09-11T05:47:07,45,SERVED,151.4,9,SYNTHETIC_DEMO
B_20260911,2026-09-11T06:18:43,46,ENTER,,9,SYNTHETIC_DEMO
B_20260911,2026-09-11T06:21:26,46,SERVED,162.8,9,SYNTHETIC_DEMO
B_20260911,2026-09-11T05:53:06,47,ENTER,,12,SYNTHETIC_DEMO
B_20260911,2026-09-11T05:56:50,47,SERVED,224.5,12,SYNTHETIC_DEMO
B_20260911,2026-09-11T06:29:41,48,ENTER,,7,SYNTHETIC_DEMO
B_20260911,2026-09-11T06:32:31,48,SERVED,170.1,7,SYNTHETIC_DEMO
B_20260911,2026-09-11T06:27:35,49,ENTER,,7,SYNTHETIC_DEMO
B_20260911,2026-09-11T06:30:25,49,SERVED,170.3,7,SYNTHETIC_DEMO
B_20260911,2026-09-11T06:07:16,50,ENTER,,13,SYNTHETIC_DEMO
B_20260911,2026-09-11T06:10:29,50,SERVED,193.0,13,SYNTHETIC_DEMO
B_20260911,2026-09-11T05:57:58,51,ENTER,,13,SYNTHETIC_DEMO
B_20260911,2026-09-11T06:01:53,51,SERVED,235.1,13,SYNTHETIC_DEMO
B_20260911,2026-09-11T05:37:35,52,ENTER,,6,SYNTHETIC_DEMO
B_20260911,2026-09-11T05:40:07,52,SERVED,152.2,6,SYNTHETIC_DEMO
B_20260911,2026-09-11T06:18:14,53,ENTER,,10,SYNTHETIC_DEMO
B_20260911,2026-09-11T06:20:47,53,SERVED,152.6,10,SYNTHETIC_DEMO
B_20260911,2026-09-11T06:13:38,54,ENTER,,11,SYNTHETIC_DEMO
B_20260911,2026-09-11T06:17:02,54,SERVED,204.3,11,SYNTHETIC_DEMO
B_20260911,2026-09-11T05:49:06,55,ENTER,,9,SYNTHETIC_DEMO
B_20260911,2026-09-11T05:51:42,55,SERVED,156.3,9,SYNTHETIC_DEMO
B_20260911,2026-09-11T05:57:47,56,ENTER,,12,SYNTHETIC_DEMO
B_20260911,2026-09-11T06:01:35,56,SERVED,228.4,12,SYNTHETIC_DEMO
B_20260911,2026-09-11T06:35:52,57,ENTER,,2,SYNTHETIC_DEMO
B_20260911,2026-09-11T06:36:49,57,SERVED,57.1,2,SYNTHETIC_DEMO
B_20260911,2026-09-11T06:26:08,58,ENTER,,8,SYNTHETIC_DEMO
B_20260911,2026-09-11T06:28:32,58,SERVED,144.2,8,SYNTHETIC_DEMO
B_20260911,2026-09-11T06:12:37,59,ENTER,,12,SYNTHETIC_DEMO
B_20260911,2026-09-11T06:16:05,59,SERVED,208.2,12,SYNTHETIC_DEMO
B_20260911,2026-09-11T05:41:13,60,ENTER,,7,SYNTHETIC_DEMO
B_20260911,2026-09-11T05:43:10,60,SERVED,116.9,7,SYNTHETIC_DEMO
B_20260911,2026-09-11T06:09:59,61,ENTER,,13,SYNTHETIC_DEMO
B_20260911,2026-09-11T06:14:20,61,SERVED,261.5,13,SYNTHETIC_DEMO
B_20260911,2026-09-11T05:46:38,62,ENTER,,9,SYNTHETIC_DEMO
B_20260911,2026-09-11T05:49:56,62,SERVED,198.7,9,SYNTHETIC_DEMO
B_20260911,2026-09-11T06:11:13,63,ENTER,,13,SYNTHETIC_DEMO
B_20260911,2026-09-11T06:14:32,63,SERVED,199.1,13,SYNTHETIC_DEMO
B_20260911,2026-09-11T06:26:17,64,ENTER,,9,SYNTHETIC_DEMO
B_20260911,2026-09-11T06:29:02,64,SERVED,165.4,9,SYNTHETIC_DEMO
B_20260911,2026-09-11T06:07:07,65,ENTER,,14,SYNTHETIC_DEMO
B_20260911,2026-09-11T06:11:30,65,SERVED,263.7,14,SYNTHETIC_DEMO
B_20260911,2026-09-11T06:19:40,66,ENTER,,10,SYNTHETIC_DEMO
B_20260911,2026-09-11T06:22:23,66,SERVED,162.4,10,SYNTHETIC_DEMO
B_20260911,2026-09-11T06:18:34,67,ENTER,,10,SYNTHETIC_DEMO
B_20260911,2026-09-11T06:21:04,67,SERVED,150.7,10,SYNTHETIC_DEMO
B_20260911,2026-09-11T06:09:12,68,ENTER,,10,SYNTHETIC_DEMO
B_20260911,2026-09-11T06:12:15,68,SERVED,183.2,10,SYNTHETIC_DEMO
B_20260911,2026-09-11T06:03:19,69,ENTER,,15,SYNTHETIC_DEMO
B_20260911,2026-09-11T06:07:47,69,SERVED,268.7,15,SYNTHETIC_DEMO
B_20260911,2026-09-11T06:25:35,70,ENTER,,8,SYNTHETIC_DEMO
B_20260911,2026-09-11T06:27:49,70,SERVED,134.2,8,SYNTHETIC_DEMO
B_20260911,2026-09-11T05:32:45,71,ENTER,,4,SYNTHETIC_DEMO
B_20260911,2026-09-11T05:34:22,71,SERVED,97.3,4,SYNTHETIC_DEMO
B_20260911,2026-09-11T06:01:31,72,ENTER,,13,SYNTHETIC_DEMO
B_20260911,2026-09-11T06:05:35,72,SERVED,244.3,13,SYNTHETIC_DEMO
B_20260911,2026-09-11T06:12:06,73,ENTER,,13,SYNTHETIC_DEMO
B_20260911,2026-09-11T06:16:13,73,SERVED,247.1,13,SYNTHETIC_DEMO
B_20260911,2026-09-11T06:19:42,74,ENTER,,9,SYNTHETIC_DEMO
B_20260911,2026-09-11T06:23:05,74,SERVED,203.3,9,SYNTHETIC_DEMO
B_20260911,2026-09-11T06:16:54,75,ENTER,,11,SYNTHETIC_DEMO
B_20260911,2026-09-11T06:20:13,75,SERVED,198.7,11,SYNTHETIC_DEMO
B_20260911,2026-09-11T06:15:31,76,ENTER,,12,SYNTHETIC_DEMO
B_20260911,2026-09-11T06:19:06,76,SERVED,214.8,12,SYNTHETIC_DEMO
B_20260911,2026-09-11T05:37:05,77,ENTER,,6,SYNTHETIC_DEMO
B_20260911,2026-09-11T05:39:38,77,SERVED,152.7,6,SYNTHETIC_DEMO
B_20260911,2026-09-11T06:27:26,78,ENTER,,8,SYNTHETIC_DEMO
B_20260911,2026-09-11T06:30:31,78,SERVED,185.2,8,SYNTHETIC_DEMO
B_20260911,2026-09-11T05:59:06,79,ENTER,,12,SYNTHETIC_DEMO
B_20260911,2026-09-11T06:02:57,79,SERVED,230.5,12,SYNTHETIC_DEMO
B_20260911,2026-09-11T06:40:32,80,ENTER,,3,SYNTHETIC_DEMO
B_20260911,2026-09-11T06:42:22,80,SERVED,109.3,3,SYNTHETIC_DEMO
B_20260911,2026-09-11T06:01:41,81,ENTER,,12,SYNTHETIC_DEMO
B_20260911,2026-09-11T06:04:41,81,SERVED,180.2,12,SYNTHETIC_DEMO
B_20260911,2026-09-11T05:55:25,82,ENTER,,12,SYNTHETIC_DEMO
B_20260911,2026-09-11T05:58:36,82,SERVED,191.3,12,SYNTHETIC_DEMO
B_20260911,2026-09-11T06:37:13,83,ENTER,,4,SYNTHETIC_DEMO
B_20260911,2026-09-11T06:38:24,83,SERVED,71.6,4,SYNTHETIC_DEMO
B_20260911,2026-09-11T06:08:33,84,ENTER,,15,SYNTHETIC_DEMO
B_20260911,2026-09-11T06:12:59,84,SERVED,265.2,15,SYNTHETIC_DEMO
B_20260911,2026-09-11T05:30:00,85,ENTER,,3,SYNTHETIC_DEMO
B_20260911,2026-09-11T05:31:12,85,SERVED,72.8,3,SYNTHETIC_DEMO
B_20260911,2026-09-11T05:37:35,86,ENTER,,6,SYNTHETIC_DEMO
B_20260911,2026-09-11T05:39:18,86,SERVED,103.1,6,SYNTHETIC_DEMO
B_20260911,2026-09-11T05:39:54,87,ENTER,,6,SYNTHETIC_DEMO
B_20260911,2026-09-11T05:42:37,87,SERVED,163.6,6,SYNTHETIC_DEMO
B_20260911,2026-09-11T06:06:46,88,ENTER,,14,SYNTHETIC_DEMO
B_20260911,2026-09-11T06:10:47,88,SERVED,240.5,14,SYNTHETIC_DEMO
B_20260911,2026-09-11T05:41:33,89,ENTER,,5,SYNTHETIC_DEMO
B_20260911,2026-09-11T05:43:46,89,SERVED,133.5,5,SYNTHETIC_DEMO
B_20260911,2026-09-11T06:29:43,90,ENTER,,6,SYNTHETIC_DEMO
B_20260911,2026-09-11T06:30:46,90,ABANDONED,,6,SYNTHETIC_DEMO
B_20260911,2026-09-11T06:32:49,91,ENTER,,5,SYNTHETIC_DEMO
B_20260911,2026-09-11T06:34:35,91,SERVED,105.3,5,SYNTHETIC_DEMO
B_20260911,2026-09-11T05:54:27,92,ENTER,,12,SYNTHETIC_DEMO
B_20260911,2026-09-11T05:58:24,92,SERVED,236.3,12,SYNTHETIC_DEMO
B_20260911,2026-09-11T05:45:03,93,ENTER,,9,SYNTHETIC_DEMO
B_20260911,2026-09-11T05:47:58,93,SERVED,175.6,9,SYNTHETIC_DEMO
B_20260911,2026-09-11T05:56:30,94,ENTER,,12,SYNTHETIC_DEMO
B_20260911,2026-09-11T05:59:47,94,SERVED,197.2,12,SYNTHETIC_DEMO
B_20260911,2026-09-11T05:58:33,95,ENTER,,12,SYNTHETIC_DEMO
B_20260911,2026-09-11T06:02:02,95,SERVED,208.8,12,SYNTHETIC_DEMO
B_20260911,2026-09-11T06:32:07,96,ENTER,,5,SYNTHETIC_DEMO
B_20260911,2026-09-11T06:34:08,96,SERVED,121.6,5,SYNTHETIC_DEMO
B_20260911,2026-09-11T06:14:08,97,ENTER,,13,SYNTHETIC_DEMO
B_20260911,2026-09-11T06:17:27,97,SERVED,199.2,13,SYNTHETIC_DEMO
B_20260911,2026-09-11T06:13:13,98,ENTER,,14,SYNTHETIC_DEMO
B_20260911,2026-09-11T06:16:38,98,SERVED,205.5,14,SYNTHETIC_DEMO
B_20260911,2026-09-11T05:44:20,99,ENTER,,7,SYNTHETIC_DEMO
B_20260911,2026-09-11T05:47:16,99,SERVED,176.2,7,SYNTHETIC_DEMO
B_20260911,2026-09-11T05:51:04,100,ENTER,,10,SYNTHETIC_DEMO
B_20260911,2026-09-11T05:53:49,100,SERVED,165.2,10,SYNTHETIC_DEMO
B_20260911,2026-09-11T06:16:53,101,ENTER,,11,SYNTHETIC_DEMO
B_20260911,2026-09-11T06:20:19,101,SERVED,206.0,11,SYNTHETIC_DEMO
B_20260911,2026-09-11T05:38:54,102,ENTER,,5,SYNTHETIC_DEMO
B_20260911,2026-09-11T05:41:27,102,SERVED,153.4,5,SYNTHETIC_DEMO
B_20260911,2026-09-11T06:10:32,103,ENTER,,12,SYNTHETIC_DEMO
B_20260911,2026-09-11T06:14:21,103,SERVED,228.8,12,SYNTHETIC_DEMO
B_20260911,2026-09-11T06:26:20,104,ENTER,,7,SYNTHETIC_DEMO
B_20260911,2026-09-11T06:29:14,104,SERVED,173.5,7,SYNTHETIC_DEMO
B_20260911,2026-09-11T05:36:48,105,ENTER,,5,SYNTHETIC_DEMO
B_20260911,2026-09-11T05:39:08,105,SERVED,139.3,5,SYNTHETIC_DEMO
B_20260911,2026-09-11T05:30:00,106,ENTER,,4,SYNTHETIC_DEMO
B_20260911,2026-09-11T05:31:46,106,SERVED,106.4,4,SYNTHETIC_DEMO
B_20260911,2026-09-11T06:30:52,107,ENTER,,4,SYNTHETIC_DEMO
B_20260911,2026-09-11T06:32:44,107,SERVED,112.3,4,SYNTHETIC_DEMO
B_20260911,2026-09-11T06:05:32,108,ENTER,,15,SYNTHETIC_DEMO
B_20260911,2026-09-11T06:09:34,108,SERVED,241.8,15,SYNTHETIC_DEMO
B_20260911,2026-09-11T06:05:40,109,ENTER,,13,SYNTHETIC_DEMO
B_20260911,2026-09-11T06:09:28,109,SERVED,227.6,13,SYNTHETIC_DEMO
B_20260911,2026-09-11T06:18:37,110,ENTER,,11,SYNTHETIC_DEMO
B_20260911,2026-09-11T06:21:32,110,SERVED,175.4,11,SYNTHETIC_DEMO
B_20260911,2026-09-11T05:44:44,111,ENTER,,9,SYNTHETIC_DEMO
B_20260911,2026-09-11T05:47:18,111,SERVED,154.2,9,SYNTHETIC_DEMO
B_20260911,2026-09-11T05:57:43,112,ENTER,,14,SYNTHETIC_DEMO
B_20260911,2026-09-11T06:02:17,112,SERVED,273.8,14,SYNTHETIC_DEMO
B_20260911,2026-09-11T05:43:01,113,ENTER,,6,SYNTHETIC_DEMO
B_20260911,2026-09-11T05:45:44,113,SERVED,163.2,6,SYNTHETIC_DEMO
B_20260911,2026-09-11T06:12:47,114,ENTER,,13,SYNTHETIC_DEMO
B_20260911,2026-09-11T06:16:19,114,SERVED,212.7,13,SYNTHETIC_DEMO
B_20260911,2026-09-11T05:46:36,115,ENTER,,9,SYNTHETIC_DEMO
B_20260911,2026-09-11T05:49:40,115,SERVED,184.5,9,SYNTHETIC_DEMO
B_20260911,2026-09-11T06:11:10,116,ENTER,,13,SYNTHETIC_DEMO
B_20260911,2026-09-11T06:14:55,116,SERVED,224.9,13,SYNTHETIC_DEMO
B_20260911,2026-09-11T06:28:03,117,ENTER,,8,SYNTHETIC_DEMO
B_20260911,2026-09-11T06:30:08,117,SERVED,124.7,8,SYNTHETIC_DEMO
B_20260911,2026-09-11T06:12:49,118,ENTER,,12,SYNTHETIC_DEMO
B_20260911,2026-09-11T06:16:00,118,SERVED,191.1,12,SYNTHETIC_DEMO
B_20260911,2026-09-11T06:10:52,119,ENTER,,14,SYNTHETIC_DEMO
B_20260911,2026-09-11T06:14:27,119,SERVED,214.9,14,SYNTHETIC_DEMO
B_20260911,2026-09-11T05:52:42,120,ENTER,,10,SYNTHETIC_DEMO
B_20260911,2026-09-11T05:56:04,120,SERVED,201.8,10,SYNTHETIC_DEMO
B_20260911,2026-09-11T06:20:35,121,ENTER,,11,SYNTHETIC_DEMO
B_20260911,2026-09-11T06:23:38,121,SERVED,183.7,11,SYNTHETIC_DEMO
B_20260911,2026-09-11T06:03:26,122,ENTER,,14,SYNTHETIC_DEMO
B_20260911,2026-09-11T06:07:59,122,SERVED,273.3,14,SYNTHETIC_DEMO
B_20260911,2026-09-11T05:37:16,123,ENTER,,6,SYNTHETIC_DEMO
B_20260911,2026-09-11T05:39:35,123,SERVED,139.0,6,SYNTHETIC_DEMO
B_20260911,2026-09-11T06:30:10,124,ENTER,,6,SYNTHETIC_DEMO
B_20260911,2026-09-11T06:32:18,124,SERVED,128.2,6,SYNTHETIC_DEMO
B_20260911,2026-09-11T06:00:16,125,ENTER,,12,SYNTHETIC_DEMO
B_20260911,2026-09-11T06:03:27,125,SERVED,191.4,12,SYNTHETIC_DEMO
B_20260911,2026-09-11T06:14:44,126,ENTER,,12,SYNTHETIC_DEMO
B_20260911,2026-09-11T06:18:47,126,SERVED,242.9,12,SYNTHETIC_DEMO
B_20260911,2026-09-11T06:09:54,127,ENTER,,11,SYNTHETIC_DEMO
B_20260911,2026-09-11T06:13:23,127,SERVED,208.4,11,SYNTHETIC_DEMO
B_20260911,2026-09-11T05:46:32,128,ENTER,,9,SYNTHETIC_DEMO
B_20260911,2026-09-11T05:49:15,128,SERVED,162.9,9,SYNTHETIC_DEMO
B_20260911,2026-09-11T06:57:00,129,ENTER,,3,SYNTHETIC_DEMO
B_20260911,2026-09-11T06:58:54,129,SERVED,114.8,3,SYNTHETIC_DEMO
B_20260911,2026-09-11T06:01:46,130,ENTER,,13,SYNTHETIC_DEMO
B_20260911,2026-09-11T06:05:10,130,SERVED,203.8,13,SYNTHETIC_DEMO
B_20260911,2026-09-11T05:30:00,131,ENTER,,4,SYNTHETIC_DEMO
B_20260911,2026-09-11T05:32:06,131,SERVED,126.3,4,SYNTHETIC_DEMO
B_20260911,2026-09-11T05:32:29,132,ENTER,,5,SYNTHETIC_DEMO
B_20260911,2026-09-11T05:34:01,132,SERVED,91.7,5,SYNTHETIC_DEMO
B_20260911,2026-09-11T06:05:16,133,ENTER,,12,SYNTHETIC_DEMO
B_20260911,2026-09-11T06:09:04,133,SERVED,227.9,12,SYNTHETIC_DEMO
B_20260911,2026-09-11T06:41:52,134,ENTER,,2,SYNTHETIC_DEMO
B_20260911,2026-09-11T06:42:55,134,SERVED,62.8,2,SYNTHETIC_DEMO
B_20260911,2026-09-11T06:16:34,135,ENTER,,13,SYNTHETIC_DEMO
B_20260911,2026-09-11T06:20:01,135,SERVED,206.4,13,SYNTHETIC_DEMO
B_20260911,2026-09-11T05:58:28,136,ENTER,,13,SYNTHETIC_DEMO
B_20260911,2026-09-11T06:02:33,136,SERVED,245.1,13,SYNTHETIC_DEMO
B_20260911,2026-09-11T06:02:27,137,ENTER,,13,SYNTHETIC_DEMO
B_20260911,2026-09-11T06:06:45,137,SERVED,257.5,13,SYNTHETIC_DEMO
B_20260911,2026-09-11T05:54:28,138,ENTER,,12,SYNTHETIC_DEMO
B_20260911,2026-09-11T05:58:30,138,SERVED,242.5,12,SYNTHETIC_DEMO
B_20260911,2026-09-11T06:14:00,139,ENTER,,13,SYNTHETIC_DEMO
B_20260911,2026-09-11T06:18:14,139,SERVED,254.0,13,SYNTHETIC_DEMO
B_20260911,2026-09-11T05:39:53,140,ENTER,,6,SYNTHETIC_DEMO
B_20260911,2026-09-11T05:42:37,140,SERVED,163.6,6,SYNTHETIC_DEMO
L_20260911,2026-09-11T11:30:00,1,ENTER,,5,SYNTHETIC_DEMO
L_20260911,2026-09-11T11:31:33,1,SERVED,93.3,5,SYNTHETIC_DEMO
L_20260911,2026-09-11T11:56:59,2,ENTER,,16,SYNTHETIC_DEMO
L_20260911,2026-09-11T12:01:49,2,SERVED,289.8,16,SYNTHETIC_DEMO
L_20260911,2026-09-11T12:21:36,3,ENTER,,8,SYNTHETIC_DEMO
L_20260911,2026-09-11T12:24:23,3,SERVED,167.1,8,SYNTHETIC_DEMO
L_20260911,2026-09-11T12:05:20,4,ENTER,,14,SYNTHETIC_DEMO
L_20260911,2026-09-11T12:09:11,4,SERVED,231.3,14,SYNTHETIC_DEMO
L_20260911,2026-09-11T11:47:06,5,ENTER,,12,SYNTHETIC_DEMO
L_20260911,2026-09-11T11:50:24,5,SERVED,197.7,12,SYNTHETIC_DEMO
L_20260911,2026-09-11T12:30:44,6,ENTER,,5,SYNTHETIC_DEMO
L_20260911,2026-09-11T12:31:36,6,ABANDONED,,5,SYNTHETIC_DEMO
L_20260911,2026-09-11T12:01:28,7,ENTER,,16,SYNTHETIC_DEMO
L_20260911,2026-09-11T12:05:45,7,SERVED,257.1,16,SYNTHETIC_DEMO
L_20260911,2026-09-11T11:57:30,8,ENTER,,16,SYNTHETIC_DEMO
L_20260911,2026-09-11T12:02:16,8,SERVED,286.0,16,SYNTHETIC_DEMO
L_20260911,2026-09-11T12:16:56,9,ENTER,,10,SYNTHETIC_DEMO
L_20260911,2026-09-11T12:19:59,9,SERVED,183.2,10,SYNTHETIC_DEMO
L_20260911,2026-09-11T12:02:07,10,ENTER,,16,SYNTHETIC_DEMO
L_20260911,2026-09-11T12:06:53,10,SERVED,286.5,16,SYNTHETIC_DEMO
L_20260911,2026-09-11T12:08:23,11,ENTER,,15,SYNTHETIC_DEMO
L_20260911,2026-09-11T12:13:00,11,SERVED,277.3,15,SYNTHETIC_DEMO
L_20260911,2026-09-11T12:17:28,12,ENTER,,9,SYNTHETIC_DEMO
L_20260911,2026-09-11T12:20:41,12,SERVED,193.4,9,SYNTHETIC_DEMO
L_20260911,2026-09-11T12:10:52,13,ENTER,,14,SYNTHETIC_DEMO
L_20260911,2026-09-11T12:14:59,13,SERVED,247.1,14,SYNTHETIC_DEMO
L_20260911,2026-09-11T12:06:02,14,ENTER,,15,SYNTHETIC_DEMO
L_20260911,2026-09-11T12:09:53,14,SERVED,230.8,15,SYNTHETIC_DEMO
L_20260911,2026-09-11T12:02:30,15,ENTER,,16,SYNTHETIC_DEMO
L_20260911,2026-09-11T12:07:03,15,SERVED,272.4,16,SYNTHETIC_DEMO
L_20260911,2026-09-11T11:52:32,16,ENTER,,13,SYNTHETIC_DEMO
L_20260911,2026-09-11T11:56:40,16,SERVED,248.2,13,SYNTHETIC_DEMO
L_20260911,2026-09-11T11:37:16,17,ENTER,,7,SYNTHETIC_DEMO
L_20260911,2026-09-11T11:39:44,17,SERVED,148.1,7,SYNTHETIC_DEMO
L_20260911,2026-09-11T12:21:49,18,ENTER,,8,SYNTHETIC_DEMO
L_20260911,2026-09-11T12:23:57,18,SERVED,127.5,8,SYNTHETIC_DEMO
L_20260911,2026-09-11T12:37:30,19,ENTER,,2,SYNTHETIC_DEMO
L_20260911,2026-09-11T12:38:22,19,SERVED,52.7,2,SYNTHETIC_DEMO
L_20260911,2026-09-11T12:15:35,20,ENTER,,12,SYNTHETIC_DEMO
L_20260911,2026-09-11T12:18:47,20,SERVED,192.0,12,SYNTHETIC_DEMO
L_20260911,2026-09-11T12:20:57,21,ENTER,,8,SYNTHETIC_DEMO
L_20260911,2026-09-11T12:23:36,21,SERVED,159.0,8,SYNTHETIC_DEMO
L_20260911,2026-09-11T12:33:14,22,ENTER,,2,SYNTHETIC_DEMO
L_20260911,2026-09-11T12:34:13,22,SERVED,59.6,2,SYNTHETIC_DEMO
L_20260911,2026-09-11T12:07:09,23,ENTER,,15,SYNTHETIC_DEMO
L_20260911,2026-09-11T12:11:28,23,SERVED,259.3,15,SYNTHETIC_DEMO
L_20260911,2026-09-11T12:39:48,24,ENTER,,3,SYNTHETIC_DEMO
L_20260911,2026-09-11T12:40:47,24,SERVED,58.6,3,SYNTHETIC_DEMO
L_20260911,2026-09-11T11:37:56,25,ENTER,,6,SYNTHETIC_DEMO
L_20260911,2026-09-11T11:40:26,25,SERVED,149.9,6,SYNTHETIC_DEMO
L_20260911,2026-09-11T12:17:34,26,ENTER,,10,SYNTHETIC_DEMO
L_20260911,2026-09-11T12:21:01,26,SERVED,207.4,10,SYNTHETIC_DEMO
L_20260911,2026-09-11T11:51:43,27,ENTER,,15,SYNTHETIC_DEMO
L_20260911,2026-09-11T11:56:21,27,SERVED,277.8,15,SYNTHETIC_DEMO
L_20260911,2026-09-11T11:46:19,28,ENTER,,12,SYNTHETIC_DEMO
L_20260911,2026-09-11T11:49:43,28,SERVED,204.1,12,SYNTHETIC_DEMO
L_20260911,2026-09-11T12:18:33,29,ENTER,,10,SYNTHETIC_DEMO
L_20260911,2026-09-11T12:21:04,29,SERVED,150.9,10,SYNTHETIC_DEMO
L_20260911,2026-09-11T11:30:00,30,ENTER,,5,SYNTHETIC_DEMO
L_20260911,2026-09-11T11:31:34,30,SERVED,94.0,5,SYNTHETIC_DEMO
L_20260911,2026-09-11T11:48:57,31,ENTER,,13,SYNTHETIC_DEMO
L_20260911,2026-09-11T11:53:09,31,SERVED,251.9,13,SYNTHETIC_DEMO
L_20260911,2026-09-11T11:50:28,32,ENTER,,13,SYNTHETIC_DEMO
L_20260911,2026-09-11T11:53:46,32,SERVED,198.3,13,SYNTHETIC_DEMO
L_20260911,2026-09-11T12:09:11,33,ENTER,,16,SYNTHETIC_DEMO
L_20260911,2026-09-11T12:13:30,33,SERVED,259.1,16,SYNTHETIC_DEMO
L_20260911,2026-09-11T12:12:57,34,ENTER,,13,SYNTHETIC_DEMO
L_20260911,2026-09-11T12:16:26,34,SERVED,208.4,13,SYNTHETIC_DEMO
L_20260911,2026-09-11T11:31:52,35,ENTER,,6,SYNTHETIC_DEMO
L_20260911,2026-09-11T11:33:45,35,SERVED,112.7,6,SYNTHETIC_DEMO
L_20260911,2026-09-11T12:25:41,36,ENTER,,5,SYNTHETIC_DEMO
L_20260911,2026-09-11T12:27:57,36,SERVED,136.0,5,SYNTHETIC_DEMO
L_20260911,2026-09-11T11:30:00,37,ENTER,,4,SYNTHETIC_DEMO
L_20260911,2026-09-11T11:31:51,37,SERVED,111.8,4,SYNTHETIC_DEMO
L_20260911,2026-09-11T12:19:45,38,ENTER,,9,SYNTHETIC_DEMO
L_20260911,2026-09-11T12:22:49,38,SERVED,184.3,9,SYNTHETIC_DEMO
L_20260911,2026-09-11T12:19:01,39,ENTER,,9,SYNTHETIC_DEMO
L_20260911,2026-09-11T12:22:29,39,SERVED,208.0,9,SYNTHETIC_DEMO
L_20260911,2026-09-11T12:08:34,40,ENTER,,15,SYNTHETIC_DEMO
L_20260911,2026-09-11T12:12:29,40,SERVED,235.1,15,SYNTHETIC_DEMO
L_20260911,2026-09-11T11:30:00,41,ENTER,,5,SYNTHETIC_DEMO
L_20260911,2026-09-11T11:32:05,41,SERVED,125.6,5,SYNTHETIC_DEMO
L_20260911,2026-09-11T12:43:44,42,ENTER,,3,SYNTHETIC_DEMO
L_20260911,2026-09-11T12:45:29,42,SERVED,105.0,3,SYNTHETIC_DEMO
L_20260911,2026-09-11T12:05:33,43,ENTER,,14,SYNTHETIC_DEMO
L_20260911,2026-09-11T12:09:07,43,SERVED,213.9,14,SYNTHETIC_DEMO
L_20260911,2026-09-11T12:29:54,44,ENTER,,6,SYNTHETIC_DEMO
L_20260911,2026-09-11T12:32:25,44,SERVED,151.2,6,SYNTHETIC_DEMO
L_20260911,2026-09-11T11:50:38,45,ENTER,,13,SYNTHETIC_DEMO
L_20260911,2026-09-11T11:54:38,45,SERVED,240.5,13,SYNTHETIC_DEMO
L_20260911,2026-09-11T11:48:21,46,ENTER,,11,SYNTHETIC_DEMO
L_20260911,2026-09-11T11:52:01,46,SERVED,220.0,11,SYNTHETIC_DEMO
L_20260911,2026-09-11T12:08:29,47,ENTER,,14,SYNTHETIC_DEMO
L_20260911,2026-09-11T12:12:41,47,SERVED,252.4,14,SYNTHETIC_DEMO
L_20260911,2026-09-11T11:30:00,48,ENTER,,4,SYNTHETIC_DEMO
L_20260911,2026-09-11T11:32:03,48,SERVED,123.9,4,SYNTHETIC_DEMO
L_20260911,2026-09-11T12:10:55,49,ENTER,,12,SYNTHETIC_DEMO
L_20260911,2026-09-11T12:14:33,49,SERVED,217.6,12,SYNTHETIC_DEMO
L_20260911,2026-09-11T12:13:29,50,ENTER,,12,SYNTHETIC_DEMO
L_20260911,2026-09-11T12:17:07,50,SERVED,217.7,12,SYNTHETIC_DEMO
L_20260911,2026-09-11T12:26:53,51,ENTER,,7,SYNTHETIC_DEMO
L_20260911,2026-09-11T12:29:13,51,SERVED,139.9,7,SYNTHETIC_DEMO
L_20260911,2026-09-11T11:39:24,52,ENTER,,9,SYNTHETIC_DEMO
L_20260911,2026-09-11T11:41:53,52,SERVED,149.6,9,SYNTHETIC_DEMO
L_20260911,2026-09-11T11:39:04,53,ENTER,,9,SYNTHETIC_DEMO
L_20260911,2026-09-11T11:41:56,53,SERVED,171.9,9,SYNTHETIC_DEMO
L_20260911,2026-09-11T11:43:34,54,ENTER,,12,SYNTHETIC_DEMO
L_20260911,2026-09-11T11:46:36,54,SERVED,181.6,12,SYNTHETIC_DEMO
L_20260911,2026-09-11T11:51:42,55,ENTER,,15,SYNTHETIC_DEMO
L_20260911,2026-09-11T11:56:29,55,SERVED,287.9,15,SYNTHETIC_DEMO
L_20260911,2026-09-11T11:40:24,56,ENTER,,10,SYNTHETIC_DEMO
L_20260911,2026-09-11T11:44:06,56,SERVED,221.7,10,SYNTHETIC_DEMO
L_20260911,2026-09-11T11:36:02,57,ENTER,,7,SYNTHETIC_DEMO
L_20260911,2026-09-11T11:38:14,57,SERVED,131.8,7,SYNTHETIC_DEMO
L_20260911,2026-09-11T11:49:26,58,ENTER,,13,SYNTHETIC_DEMO
L_20260911,2026-09-11T11:52:50,58,SERVED,204.0,13,SYNTHETIC_DEMO
L_20260911,2026-09-11T11:50:03,59,ENTER,,13,SYNTHETIC_DEMO
L_20260911,2026-09-11T11:53:42,59,SERVED,218.8,13,SYNTHETIC_DEMO
L_20260911,2026-09-11T12:08:45,60,ENTER,,14,SYNTHETIC_DEMO
L_20260911,2026-09-11T12:12:13,60,SERVED,208.7,14,SYNTHETIC_DEMO
L_20260911,2026-09-11T11:47:39,61,ENTER,,14,SYNTHETIC_DEMO
L_20260911,2026-09-11T11:51:02,61,SERVED,202.8,14,SYNTHETIC_DEMO
L_20260911,2026-09-11T11:59:55,62,ENTER,,15,SYNTHETIC_DEMO
L_20260911,2026-09-11T12:03:49,62,SERVED,234.1,15,SYNTHETIC_DEMO
L_20260911,2026-09-11T12:00:47,63,ENTER,,15,SYNTHETIC_DEMO
L_20260911,2026-09-11T12:02:56,63,ABANDONED,,15,SYNTHETIC_DEMO
L_20260911,2026-09-11T12:32:11,64,ENTER,,4,SYNTHETIC_DEMO
L_20260911,2026-09-11T12:34:30,64,SERVED,139.3,4,SYNTHETIC_DEMO
L_20260911,2026-09-11T12:31:42,65,ENTER,,4,SYNTHETIC_DEMO
L_20260911,2026-09-11T12:33:58,65,SERVED,136.1,4,SYNTHETIC_DEMO
L_20260911,2026-09-11T11:33:33,66,ENTER,,6,SYNTHETIC_DEMO
L_20260911,2026-09-11T11:35:33,66,SERVED,119.7,6,SYNTHETIC_DEMO
L_20260911,2026-09-11T12:08:31,67,ENTER,,13,SYNTHETIC_DEMO
L_20260911,2026-09-11T12:12:49,67,SERVED,258.4,13,SYNTHETIC_DEMO
L_20260911,2026-09-11T12:11:49,68,ENTER,,13,SYNTHETIC_DEMO
L_20260911,2026-09-11T12:15:46,68,SERVED,237.2,13,SYNTHETIC_DEMO
L_20260911,2026-09-11T11:30:00,69,ENTER,,5,SYNTHETIC_DEMO
L_20260911,2026-09-11T11:31:51,69,SERVED,111.4,5,SYNTHETIC_DEMO
L_20260911,2026-09-11T11:50:23,70,ENTER,,14,SYNTHETIC_DEMO
L_20260911,2026-09-11T11:53:49,70,SERVED,205.4,14,SYNTHETIC_DEMO
L_20260911,2026-09-11T12:26:28,71,ENTER,,7,SYNTHETIC_DEMO
L_20260911,2026-09-11T12:29:13,71,SERVED,165.2,7,SYNTHETIC_DEMO
L_20260911,2026-09-11T11:47:01,72,ENTER,,13,SYNTHETIC_DEMO
L_20260911,2026-09-11T11:50:24,72,SERVED,202.1,13,SYNTHETIC_DEMO
L_20260911,2026-09-11T12:07:45,73,ENTER,,14,SYNTHETIC_DEMO
L_20260911,2026-09-11T12:11:40,73,SERVED,234.4,14,SYNTHETIC_DEMO
L_20260911,2026-09-11T11:57:58,74,ENTER,,16,SYNTHETIC_DEMO
L_20260911,2026-09-11T12:02:58,74,SERVED,300.1,16,SYNTHETIC_DEMO
L_20260911,2026-09-11T12:16:04,75,ENTER,,10,SYNTHETIC_DEMO
L_20260911,2026-09-11T12:19:00,75,SERVED,176.1,10,SYNTHETIC_DEMO
L_20260911,2026-09-11T11:51:23,76,ENTER,,14,SYNTHETIC_DEMO
L_20260911,2026-09-11T11:55:48,76,SERVED,265.9,14,SYNTHETIC_DEMO
L_20260911,2026-09-11T12:22:14,77,ENTER,,9,SYNTHETIC_DEMO
L_20260911,2026-09-11T12:24:53,77,SERVED,159.0,9,SYNTHETIC_DEMO
L_20260911,2026-09-11T12:11:14,78,ENTER,,12,SYNTHETIC_DEMO
L_20260911,2026-09-11T12:14:46,78,SERVED,212.3,12,SYNTHETIC_DEMO
L_20260911,2026-09-11T12:15:35,79,ENTER,,13,SYNTHETIC_DEMO
L_20260911,2026-09-11T12:19:14,79,SERVED,219.4,13,SYNTHETIC_DEMO
L_20260911,2026-09-11T11:39:35,80,ENTER,,8,SYNTHETIC_DEMO
L_20260911,2026-09-11T11:42:08,80,SERVED,152.9,8,SYNTHETIC_DEMO
L_20260911,2026-09-11T11:32:06,81,ENTER,,5,SYNTHETIC_DEMO
L_20260911,2026-09-11T11:34:10,81,SERVED,123.6,5,SYNTHETIC_DEMO
L_20260911,2026-09-11T12:32:47,82,ENTER,,4,SYNTHETIC_DEMO
L_20260911,2026-09-11T12:34:23,82,SERVED,95.5,4,SYNTHETIC_DEMO
L_20260911,2026-09-11T12:05:39,83,ENTER,,16,SYNTHETIC_DEMO
L_20260911,2026-09-11T12:09:55,83,SERVED,256.5,16,SYNTHETIC_DEMO
L_20260911,2026-09-11T12:23:52,84,ENTER,,6,SYNTHETIC_DEMO
L_20260911,2026-09-11T12:26:29,84,SERVED,157.0,6,SYNTHETIC_DEMO
L_20260911,2026-09-11T12:07:12,85,ENTER,,16,SYNTHETIC_DEMO
L_20260911,2026-09-11T12:11:15,85,SERVED,243.2,16,SYNTHETIC_DEMO
L_20260911,2026-09-11T11:53:49,86,ENTER,,17,SYNTHETIC_DEMO
L_20260911,2026-09-11T11:57:55,86,SERVED,246.1,17,SYNTHETIC_DEMO
L_20260911,2026-09-11T12:11:45,87,ENTER,,14,SYNTHETIC_DEMO
L_20260911,2026-09-11T12:15:43,87,SERVED,238.3,14,SYNTHETIC_DEMO
L_20260911,2026-09-11T12:13:03,88,ENTER,,11,SYNTHETIC_DEMO
L_20260911,2026-09-11T12:16:29,88,SERVED,206.0,11,SYNTHETIC_DEMO
L_20260911,2026-09-11T12:09:47,89,ENTER,,13,SYNTHETIC_DEMO
L_20260911,2026-09-11T12:13:33,89,SERVED,226.9,13,SYNTHETIC_DEMO
L_20260911,2026-09-11T11:38:54,90,ENTER,,9,SYNTHETIC_DEMO
L_20260911,2026-09-11T11:42:09,90,SERVED,195.8,9,SYNTHETIC_DEMO
L_20260911,2026-09-11T12:32:32,91,ENTER,,4,SYNTHETIC_DEMO
L_20260911,2026-09-11T12:34:08,91,SERVED,95.9,4,SYNTHETIC_DEMO
L_20260911,2026-09-11T12:05:21,92,ENTER,,15,SYNTHETIC_DEMO
L_20260911,2026-09-11T12:09:59,92,SERVED,277.5,15,SYNTHETIC_DEMO
L_20260911,2026-09-11T12:18:54,93,ENTER,,9,SYNTHETIC_DEMO
L_20260911,2026-09-11T12:22:02,93,SERVED,188.4,9,SYNTHETIC_DEMO
L_20260911,2026-09-11T12:18:50,94,ENTER,,10,SYNTHETIC_DEMO
L_20260911,2026-09-11T12:21:52,94,SERVED,181.9,10,SYNTHETIC_DEMO
L_20260911,2026-09-11T11:44:37,95,ENTER,,10,SYNTHETIC_DEMO
L_20260911,2026-09-11T11:47:27,95,SERVED,169.6,10,SYNTHETIC_DEMO
L_20260911,2026-09-11T11:40:04,96,ENTER,,9,SYNTHETIC_DEMO
L_20260911,2026-09-11T11:43:24,96,SERVED,200.1,9,SYNTHETIC_DEMO
L_20260911,2026-09-11T11:57:45,97,ENTER,,17,SYNTHETIC_DEMO
L_20260911,2026-09-11T12:02:05,97,SERVED,259.5,17,SYNTHETIC_DEMO
L_20260911,2026-09-11T11:45:08,98,ENTER,,12,SYNTHETIC_DEMO
L_20260911,2026-09-11T11:49:12,98,SERVED,244.2,12,SYNTHETIC_DEMO
L_20260911,2026-09-11T11:57:35,99,ENTER,,16,SYNTHETIC_DEMO
L_20260911,2026-09-11T12:01:41,99,SERVED,245.7,16,SYNTHETIC_DEMO
L_20260911,2026-09-11T11:57:30,100,ENTER,,15,SYNTHETIC_DEMO
L_20260911,2026-09-11T12:01:35,100,SERVED,245.0,15,SYNTHETIC_DEMO
L_20260911,2026-09-11T11:58:11,101,ENTER,,15,SYNTHETIC_DEMO
L_20260911,2026-09-11T12:02:17,101,SERVED,245.3,15,SYNTHETIC_DEMO
L_20260911,2026-09-11T12:24:07,102,ENTER,,7,SYNTHETIC_DEMO
L_20260911,2026-09-11T12:26:47,102,SERVED,160.6,7,SYNTHETIC_DEMO
L_20260911,2026-09-11T12:04:21,103,ENTER,,14,SYNTHETIC_DEMO
L_20260911,2026-09-11T12:08:17,103,SERVED,235.8,14,SYNTHETIC_DEMO
L_20260911,2026-09-11T12:05:14,104,ENTER,,15,SYNTHETIC_DEMO
L_20260911,2026-09-11T12:09:15,104,SERVED,241.3,15,SYNTHETIC_DEMO
L_20260911,2026-09-11T11:50:34,105,ENTER,,14,SYNTHETIC_DEMO
L_20260911,2026-09-11T11:55:08,105,SERVED,274.0,14,SYNTHETIC_DEMO
L_20260911,2026-09-11T12:09:11,106,ENTER,,14,SYNTHETIC_DEMO
L_20260911,2026-09-11T12:13:31,106,SERVED,260.6,14,SYNTHETIC_DEMO
L_20260911,2026-09-11T11:39:50,107,ENTER,,9,SYNTHETIC_DEMO
L_20260911,2026-09-11T11:43:09,107,SERVED,199.4,9,SYNTHETIC_DEMO
L_20260911,2026-09-11T11:48:09,108,ENTER,,13,SYNTHETIC_DEMO
L_20260911,2026-09-11T11:52:23,108,SERVED,253.7,13,SYNTHETIC_DEMO
L_20260911,2026-09-11T11:31:43,109,ENTER,,6,SYNTHETIC_DEMO
L_20260911,2026-09-11T11:33:39,109,SERVED,116.4,6,SYNTHETIC_DEMO
L_20260911,2026-09-11T12:10:20,110,ENTER,,12,SYNTHETIC_DEMO
L_20260911,2026-09-11T12:14:19,110,SERVED,238.6,12,SYNTHETIC_DEMO
L_20260911,2026-09-11T12:00:34,111,ENTER,,17,SYNTHETIC_DEMO
L_20260911,2026-09-11T12:05:45,111,SERVED,310.9,17,SYNTHETIC_DEMO
L_20260911,2026-09-11T12:11:31,112,ENTER,,14,SYNTHETIC_DEMO
L_20260911,2026-09-11T12:15:39,112,SERVED,247.4,14,SYNTHETIC_DEMO
L_20260911,2026-09-11T11:54:13,113,ENTER,,15,SYNTHETIC_DEMO
L_20260911,2026-09-11T11:57:53,113,SERVED,219.9,15,SYNTHETIC_DEMO
L_20260911,2026-09-11T11:30:00,114,ENTER,,4,SYNTHETIC_DEMO
L_20260911,2026-09-11T11:31:15,114,SERVED,75.8,4,SYNTHETIC_DEMO
L_20260911,2026-09-11T12:27:53,115,ENTER,,6,SYNTHETIC_DEMO
L_20260911,2026-09-11T12:30:01,115,SERVED,128.6,6,SYNTHETIC_DEMO
L_20260911,2026-09-11T11:30:23,116,ENTER,,5,SYNTHETIC_DEMO
L_20260911,2026-09-11T11:32:29,116,SERVED,126.9,5,SYNTHETIC_DEMO
L_20260911,2026-09-11T11:52:40,117,ENTER,,16,SYNTHETIC_DEMO
L_20260911,2026-09-11T11:57:12,117,SERVED,271.8,16,SYNTHETIC_DEMO
L_20260911,2026-09-11T11:39:22,118,ENTER,,8,SYNTHETIC_DEMO
L_20260911,2026-09-11T11:42:03,118,SERVED,160.9,8,SYNTHETIC_DEMO
L_20260911,2026-09-11T12:02:44,119,ENTER,,16,SYNTHETIC_DEMO
L_20260911,2026-09-11T12:06:39,119,SERVED,235.5,16,SYNTHETIC_DEMO
L_20260911,2026-09-11T12:16:43,120,ENTER,,10,SYNTHETIC_DEMO
L_20260911,2026-09-11T12:20:00,120,SERVED,197.2,10,SYNTHETIC_DEMO
L_20260911,2026-09-11T12:23:08,121,ENTER,,7,SYNTHETIC_DEMO
L_20260911,2026-09-11T12:25:13,121,SERVED,125.5,7,SYNTHETIC_DEMO
L_20260911,2026-09-11T12:41:29,122,ENTER,,1,SYNTHETIC_DEMO
L_20260911,2026-09-11T12:42:49,122,SERVED,79.3,1,SYNTHETIC_DEMO
L_20260911,2026-09-11T11:51:59,123,ENTER,,14,SYNTHETIC_DEMO
L_20260911,2026-09-11T11:55:35,123,SERVED,216.2,14,SYNTHETIC_DEMO
L_20260911,2026-09-11T11:54:05,124,ENTER,,13,SYNTHETIC_DEMO
L_20260911,2026-09-11T11:57:48,124,SERVED,223.5,13,SYNTHETIC_DEMO
L_20260911,2026-09-11T11:37:29,125,ENTER,,8,SYNTHETIC_DEMO
L_20260911,2026-09-11T11:40:18,125,SERVED,169.4,8,SYNTHETIC_DEMO
L_20260911,2026-09-11T11:30:00,126,ENTER,,4,SYNTHETIC_DEMO
L_20260911,2026-09-11T11:32:18,126,SERVED,138.6,4,SYNTHETIC_DEMO
L_20260911,2026-09-11T12:02:10,127,ENTER,,17,SYNTHETIC_DEMO
L_20260911,2026-09-11T12:07:18,127,SERVED,308.8,17,SYNTHETIC_DEMO
L_20260911,2026-09-11T11:50:33,128,ENTER,,14,SYNTHETIC_DEMO
L_20260911,2026-09-11T11:54:31,128,SERVED,238.2,14,SYNTHETIC_DEMO
L_20260911,2026-09-11T11:38:16,129,ENTER,,8,SYNTHETIC_DEMO
L_20260911,2026-09-11T11:41:29,129,SERVED,193.1,8,SYNTHETIC_DEMO
L_20260911,2026-09-11T12:26:07,130,ENTER,,7,SYNTHETIC_DEMO
L_20260911,2026-09-11T12:28:12,130,SERVED,125.3,7,SYNTHETIC_DEMO
L_20260911,2026-09-11T11:30:00,131,ENTER,,5,SYNTHETIC_DEMO
L_20260911,2026-09-11T11:31:56,131,SERVED,116.1,5,SYNTHETIC_DEMO
L_20260911,2026-09-11T11:47:54,132,ENTER,,12,SYNTHETIC_DEMO
L_20260911,2026-09-11T11:50:52,132,SERVED,177.2,12,SYNTHETIC_DEMO
L_20260911,2026-09-11T12:01:30,133,ENTER,,15,SYNTHETIC_DEMO
L_20260911,2026-09-11T12:06:00,133,SERVED,270.3,15,SYNTHETIC_DEMO
L_20260911,2026-09-11T11:32:44,134,ENTER,,7,SYNTHETIC_DEMO
L_20260911,2026-09-11T11:35:33,134,SERVED,169.3,7,SYNTHETIC_DEMO
L_20260911,2026-09-11T11:30:00,135,ENTER,,5,SYNTHETIC_DEMO
L_20260911,2026-09-11T11:32:01,135,SERVED,122.0,5,SYNTHETIC_DEMO
L_20260911,2026-09-11T11:52:51,136,ENTER,,14,SYNTHETIC_DEMO
L_20260911,2026-09-11T11:56:52,136,SERVED,241.0,14,SYNTHETIC_DEMO
L_20260911,2026-09-11T12:35:30,137,ENTER,,3,SYNTHETIC_DEMO
L_20260911,2026-09-11T12:36:44,137,SERVED,74.0,3,SYNTHETIC_DEMO
L_20260911,2026-09-11T12:02:37,138,ENTER,,15,SYNTHETIC_DEMO
L_20260911,2026-09-11T12:06:44,138,SERVED,247.2,15,SYNTHETIC_DEMO
L_20260911,2026-09-11T11:43:35,139,ENTER,,10,SYNTHETIC_DEMO
L_20260911,2026-09-11T11:46:05,139,SERVED,150.5,10,SYNTHETIC_DEMO
L_20260911,2026-09-11T11:59:11,140,ENTER,,16,SYNTHETIC_DEMO
L_20260911,2026-09-11T12:03:13,140,SERVED,242.5,16,SYNTHETIC_DEMO
L_20260911,2026-09-11T12:09:59,141,ENTER,,14,SYNTHETIC_DEMO
L_20260911,2026-09-11T12:13:54,141,SERVED,235.3,14,SYNTHETIC_DEMO
L_20260911,2026-09-11T11:30:00,142,ENTER,,5,SYNTHETIC_DEMO
L_20260911,2026-09-11T11:32:20,142,SERVED,140.6,5,SYNTHETIC_DEMO
L_20260911,2026-09-11T11:58:41,143,ENTER,,17,SYNTHETIC_DEMO
L_20260911,2026-09-11T12:02:50,143,SERVED,248.4,17,SYNTHETIC_DEMO
L_20260911,2026-09-11T11:30:00,144,ENTER,,5,SYNTHETIC_DEMO
L_20260911,2026-09-11T11:32:00,144,SERVED,120.2,5,SYNTHETIC_DEMO
L_20260911,2026-09-11T11:58:54,145,ENTER,,16,SYNTHETIC_DEMO
L_20260911,2026-09-11T12:02:46,145,SERVED,232.2,16,SYNTHETIC_DEMO
L_20260911,2026-09-11T11:44:21,146,ENTER,,11,SYNTHETIC_DEMO
L_20260911,2026-09-11T11:47:58,146,SERVED,216.7,11,SYNTHETIC_DEMO
L_20260911,2026-09-11T12:03:58,147,ENTER,,16,SYNTHETIC_DEMO
L_20260911,2026-09-11T12:08:32,147,SERVED,274.2,16,SYNTHETIC_DEMO
L_20260911,2026-09-11T12:16:15,148,ENTER,,10,SYNTHETIC_DEMO
L_20260911,2026-09-11T12:19:46,148,SERVED,210.8,10,SYNTHETIC_DEMO
L_20260911,2026-09-11T12:15:41,149,ENTER,,12,SYNTHETIC_DEMO
L_20260911,2026-09-11T12:19:34,149,SERVED,232.6,12,SYNTHETIC_DEMO
L_20260911,2026-09-11T11:51:13,150,ENTER,,15,SYNTHETIC_DEMO
L_20260911,2026-09-11T11:55:54,150,SERVED,281.7,15,SYNTHETIC_DEMO
L_20260911,2026-09-11T12:33:10,151,ENTER,,5,SYNTHETIC_DEMO
L_20260911,2026-09-11T12:35:21,151,SERVED,131.4,5,SYNTHETIC_DEMO
L_20260911,2026-09-11T12:01:23,152,ENTER,,16,SYNTHETIC_DEMO
L_20260911,2026-09-11T12:05:55,152,SERVED,272.4,16,SYNTHETIC_DEMO
L_20260911,2026-09-11T12:15:55,153,ENTER,,11,SYNTHETIC_DEMO
L_20260911,2026-09-11T12:19:47,153,SERVED,232.6,11,SYNTHETIC_DEMO
L_20260911,2026-09-11T12:54:22,154,ENTER,,1,SYNTHETIC_DEMO
L_20260911,2026-09-11T12:54:55,154,SERVED,33.3,1,SYNTHETIC_DEMO
L_20260911,2026-09-11T11:30:00,155,ENTER,,4,SYNTHETIC_DEMO
L_20260911,2026-09-11T11:31:30,155,SERVED,90.6,4,SYNTHETIC_DEMO
L_20260911,2026-09-11T12:11:42,156,ENTER,,13,SYNTHETIC_DEMO
L_20260911,2026-09-11T12:15:25,156,SERVED,222.9,13,SYNTHETIC_DEMO
L_20260911,2026-09-11T12:11:05,157,ENTER,,13,SYNTHETIC_DEMO
L_20260911,2026-09-11T12:15:25,157,SERVED,259.8,13,SYNTHETIC_DEMO
L_20260911,2026-09-11T12:05:34,158,ENTER,,16,SYNTHETIC_DEMO
L_20260911,2026-09-11T12:08:02,158,ABANDONED,,16,SYNTHETIC_DEMO
L_20260911,2026-09-11T11:56:29,159,ENTER,,16,SYNTHETIC_DEMO
L_20260911,2026-09-11T12:01:06,159,SERVED,277.0,16,SYNTHETIC_DEMO
L_20260911,2026-09-11T11:49:32,160,ENTER,,12,SYNTHETIC_DEMO
L_20260911,2026-09-11T11:53:18,160,SERVED,226.3,12,SYNTHETIC_DEMO
L_20260911,2026-09-11T11:30:00,161,ENTER,,5,SYNTHETIC_DEMO
L_20260911,2026-09-11T11:31:27,161,SERVED,88.0,5,SYNTHETIC_DEMO
L_20260911,2026-09-11T12:21:48,162,ENTER,,9,SYNTHETIC_DEMO
L_20260911,2026-09-11T12:24:46,162,SERVED,177.6,9,SYNTHETIC_DEMO
L_20260911,2026-09-11T12:47:46,163,ENTER,,2,SYNTHETIC_DEMO
L_20260911,2026-09-11T12:48:52,163,SERVED,65.8,2,SYNTHETIC_DEMO
L_20260911,2026-09-11T11:30:00,164,ENTER,,5,SYNTHETIC_DEMO
L_20260911,2026-09-11T11:31:49,164,SERVED,109.8,5,SYNTHETIC_DEMO
L_20260911,2026-09-11T11:38:19,165,ENTER,,8,SYNTHETIC_DEMO
L_20260911,2026-09-11T11:40:37,165,SERVED,138.3,8,SYNTHETIC_DEMO
L_20260911,2026-09-11T12:10:38,166,ENTER,,13,SYNTHETIC_DEMO
L_20260911,2026-09-11T12:14:48,166,SERVED,249.4,13,SYNTHETIC_DEMO
L_20260911,2026-09-11T11:53:44,167,ENTER,,14,SYNTHETIC_DEMO
L_20260911,2026-09-11T11:58:06,167,SERVED,262.6,14,SYNTHETIC_DEMO
L_20260911,2026-09-11T12:10:04,168,ENTER,,14,SYNTHETIC_DEMO
L_20260911,2026-09-11T12:13:37,168,SERVED,213.3,14,SYNTHETIC_DEMO
L_20260911,2026-09-11T12:03:43,169,ENTER,,14,SYNTHETIC_DEMO
L_20260911,2026-09-11T12:07:37,169,SERVED,234.2,14,SYNTHETIC_DEMO
D_20260911,2026-09-11T17:34:26,1,ENTER,,15,SYNTHETIC_DEMO
D_20260911,2026-09-11T17:38:44,1,SERVED,257.7,15,SYNTHETIC_DEMO
D_20260911,2026-09-11T18:13:10,2,ENTER,,3,SYNTHETIC_DEMO
D_20260911,2026-09-11T18:15:17,2,SERVED,127.5,3,SYNTHETIC_DEMO
D_20260911,2026-09-11T17:01:28,3,ENTER,,2,SYNTHETIC_DEMO
D_20260911,2026-09-11T17:02:45,3,SERVED,77.1,2,SYNTHETIC_DEMO
D_20260911,2026-09-11T17:43:41,4,ENTER,,16,SYNTHETIC_DEMO
D_20260911,2026-09-11T17:47:48,4,SERVED,246.5,16,SYNTHETIC_DEMO
D_20260911,2026-09-11T17:53:46,5,ENTER,,13,SYNTHETIC_DEMO
D_20260911,2026-09-11T17:57:51,5,SERVED,244.3,13,SYNTHETIC_DEMO
D_20260911,2026-09-11T18:19:48,6,ENTER,,2,SYNTHETIC_DEMO
D_20260911,2026-09-11T18:20:52,6,SERVED,64.0,2,SYNTHETIC_DEMO
D_20260911,2026-09-11T17:24:45,7,ENTER,,11,SYNTHETIC_DEMO
D_20260911,2026-09-11T17:27:35,7,SERVED,169.1,11,SYNTHETIC_DEMO
D_20260911,2026-09-11T17:22:03,8,ENTER,,11,SYNTHETIC_DEMO
D_20260911,2026-09-11T17:25:50,8,SERVED,227.7,11,SYNTHETIC_DEMO
D_20260911,2026-09-11T17:55:00,9,ENTER,,13,SYNTHETIC_DEMO
D_20260911,2026-09-11T17:59:00,9,SERVED,240.5,13,SYNTHETIC_DEMO
D_20260911,2026-09-11T17:47:27,10,ENTER,,15,SYNTHETIC_DEMO
D_20260911,2026-09-11T17:51:52,10,SERVED,265.2,15,SYNTHETIC_DEMO
D_20260911,2026-09-11T17:22:14,11,ENTER,,10,SYNTHETIC_DEMO
D_20260911,2026-09-11T17:25:51,11,SERVED,216.9,10,SYNTHETIC_DEMO
D_20260911,2026-09-11T17:43:25,12,ENTER,,16,SYNTHETIC_DEMO
D_20260911,2026-09-11T17:48:06,12,SERVED,281.1,16,SYNTHETIC_DEMO
D_20260911,2026-09-11T17:57:59,13,ENTER,,9,SYNTHETIC_DEMO
D_20260911,2026-09-11T18:00:21,13,SERVED,141.5,9,SYNTHETIC_DEMO
D_20260911,2026-09-11T17:35:02,14,ENTER,,15,SYNTHETIC_DEMO
D_20260911,2026-09-11T17:39:00,14,SERVED,238.8,15,SYNTHETIC_DEMO
D_20260911,2026-09-11T17:42:55,15,ENTER,,16,SYNTHETIC_DEMO
D_20260911,2026-09-11T17:47:40,15,SERVED,285.0,16,SYNTHETIC_DEMO
D_20260911,2026-09-11T17:43:20,16,ENTER,,16,SYNTHETIC_DEMO
D_20260911,2026-09-11T17:45:42,16,ABANDONED,,16,SYNTHETIC_DEMO
D_20260911,2026-09-11T17:05:48,17,ENTER,,4,SYNTHETIC_DEMO
D_20260911,2026-09-11T17:07:50,17,SERVED,121.2,4,SYNTHETIC_DEMO
D_20260911,2026-09-11T17:37:59,18,ENTER,,16,SYNTHETIC_DEMO
D_20260911,2026-09-11T17:42:29,18,SERVED,270.8,16,SYNTHETIC_DEMO
D_20260911,2026-09-11T17:35:56,19,ENTER,,16,SYNTHETIC_DEMO
D_20260911,2026-09-11T17:40:57,19,SERVED,300.5,16,SYNTHETIC_DEMO
D_20260911,2026-09-11T17:44:40,20,ENTER,,15,SYNTHETIC_DEMO
D_20260911,2026-09-11T17:49:03,20,SERVED,262.6,15,SYNTHETIC_DEMO
D_20260911,2026-09-11T17:03:29,21,ENTER,,3,SYNTHETIC_DEMO
D_20260911,2026-09-11T17:05:20,21,SERVED,111.4,3,SYNTHETIC_DEMO
D_20260911,2026-09-11T17:49:45,22,ENTER,,14,SYNTHETIC_DEMO
D_20260911,2026-09-11T17:53:58,22,SERVED,253.5,14,SYNTHETIC_DEMO
D_20260911,2026-09-11T18:00:42,23,ENTER,,10,SYNTHETIC_DEMO
D_20260911,2026-09-11T18:04:12,23,SERVED,210.1,10,SYNTHETIC_DEMO
D_20260911,2026-09-11T17:50:21,24,ENTER,,15,SYNTHETIC_DEMO
D_20260911,2026-09-11T17:54:56,24,SERVED,275.0,15,SYNTHETIC_DEMO
D_20260911,2026-09-11T18:03:57,25,ENTER,,8,SYNTHETIC_DEMO
D_20260911,2026-09-11T18:07:01,25,SERVED,184.6,8,SYNTHETIC_DEMO
D_20260911,2026-09-11T17:18:21,26,ENTER,,8,SYNTHETIC_DEMO
D_20260911,2026-09-11T17:21:09,26,SERVED,167.2,8,SYNTHETIC_DEMO
D_20260911,2026-09-11T17:34:33,27,ENTER,,16,SYNTHETIC_DEMO
D_20260911,2026-09-11T17:39:31,27,SERVED,297.7,16,SYNTHETIC_DEMO
D_20260911,2026-09-11T17:30:26,28,ENTER,,13,SYNTHETIC_DEMO
D_20260911,2026-09-11T17:33:38,28,SERVED,191.8,13,SYNTHETIC_DEMO
D_20260911,2026-09-11T18:10:12,29,ENTER,,5,SYNTHETIC_DEMO
D_20260911,2026-09-11T18:12:28,29,SERVED,135.9,5,SYNTHETIC_DEMO
D_20260911,2026-09-11T17:10:49,30,ENTER,,4,SYNTHETIC_DEMO
D_20260911,2026-09-11T17:12:43,30,SERVED,114.5,4,SYNTHETIC_DEMO
D_20260911,2026-09-11T17:40:28,31,ENTER,,17,SYNTHETIC_DEMO
D_20260911,2026-09-11T17:45:06,31,SERVED,277.5,17,SYNTHETIC_DEMO
D_20260911,2026-09-11T17:52:38,32,ENTER,,12,SYNTHETIC_DEMO
D_20260911,2026-09-11T17:56:11,32,SERVED,212.4,12,SYNTHETIC_DEMO
D_20260911,2026-09-11T17:36:28,33,ENTER,,15,SYNTHETIC_DEMO
D_20260911,2026-09-11T17:40:26,33,SERVED,237.6,15,SYNTHETIC_DEMO
D_20260911,2026-09-11T17:29:47,34,ENTER,,12,SYNTHETIC_DEMO
D_20260911,2026-09-11T17:33:05,34,SERVED,197.7,12,SYNTHETIC_DEMO
D_20260911,2026-09-11T17:33:02,35,ENTER,,15,SYNTHETIC_DEMO
D_20260911,2026-09-11T17:37:31,35,SERVED,269.3,15,SYNTHETIC_DEMO
D_20260911,2026-09-11T17:57:25,36,ENTER,,10,SYNTHETIC_DEMO
D_20260911,2026-09-11T17:59:57,36,SERVED,151.5,10,SYNTHETIC_DEMO
D_20260911,2026-09-11T17:58:16,37,ENTER,,10,SYNTHETIC_DEMO
D_20260911,2026-09-11T18:01:12,37,SERVED,176.5,10,SYNTHETIC_DEMO
D_20260911,2026-09-11T17:08:35,38,ENTER,,5,SYNTHETIC_DEMO
D_20260911,2026-09-11T17:10:33,38,SERVED,117.8,5,SYNTHETIC_DEMO
D_20260911,2026-09-11T17:35:10,39,ENTER,,16,SYNTHETIC_DEMO
D_20260911,2026-09-11T17:40:07,39,SERVED,297.0,16,SYNTHETIC_DEMO
D_20260911,2026-09-11T18:02:36,40,ENTER,,9,SYNTHETIC_DEMO
D_20260911,2026-09-11T18:05:04,40,SERVED,148.3,9,SYNTHETIC_DEMO
D_20260911,2026-09-11T18:12:03,41,ENTER,,5,SYNTHETIC_DEMO
D_20260911,2026-09-11T18:14:12,41,SERVED,129.5,5,SYNTHETIC_DEMO
D_20260911,2026-09-11T17:36:41,42,ENTER,,14,SYNTHETIC_DEMO
D_20260911,2026-09-11T17:40:13,42,SERVED,211.5,14,SYNTHETIC_DEMO
D_20260911,2026-09-11T17:42:34,43,ENTER,,16,SYNTHETIC_DEMO
D_20260911,2026-09-11T17:46:32,43,SERVED,237.7,16,SYNTHETIC_DEMO
D_20260911,2026-09-11T18:06:35,44,ENTER,,5,SYNTHETIC_DEMO
D_20260911,2026-09-11T18:07:33,44,ABANDONED,,5,SYNTHETIC_DEMO
D_20260911,2026-09-11T17:24:13,45,ENTER,,10,SYNTHETIC_DEMO
D_20260911,2026-09-11T17:25:58,45,ABANDONED,,10,SYNTHETIC_DEMO
D_20260911,2026-09-11T17:12:38,46,ENTER,,5,SYNTHETIC_DEMO
D_20260911,2026-09-11T17:14:06,46,SERVED,87.5,5,SYNTHETIC_DEMO
D_20260911,2026-09-11T18:03:31,47,ENTER,,7,SYNTHETIC_DEMO
D_20260911,2026-09-11T18:05:50,47,SERVED,139.6,7,SYNTHETIC_DEMO
D_20260911,2026-09-11T18:25:28,48,ENTER,,2,SYNTHETIC_DEMO
D_20260911,2026-09-11T18:27:11,48,SERVED,102.2,2,SYNTHETIC_DEMO
D_20260911,2026-09-11T17:17:53,49,ENTER,,8,SYNTHETIC_DEMO
D_20260911,2026-09-11T17:20:31,49,SERVED,158.9,8,SYNTHETIC_DEMO
D_20260911,2026-09-11T17:55:20,50,ENTER,,12,SYNTHETIC_DEMO
D_20260911,2026-09-11T17:58:59,50,SERVED,218.8,12,SYNTHETIC_DEMO
D_20260911,2026-09-11T17:32:04,51,ENTER,,15,SYNTHETIC_DEMO
D_20260911,2026-09-11T17:36:49,51,SERVED,285.0,15,SYNTHETIC_DEMO
D_20260911,2026-09-11T17:25:09,52,ENTER,,13,SYNTHETIC_DEMO
D_20260911,2026-09-11T17:29:15,52,SERVED,245.2,13,SYNTHETIC_DEMO
D_20260911,2026-09-11T17:22:38,53,ENTER,,11,SYNTHETIC_DEMO
D_20260911,2026-09-11T17:26:31,53,SERVED,232.6,11,SYNTHETIC_DEMO
D_20260911,2026-09-11T17:06:23,54,ENTER,,2,SYNTHETIC_DEMO
D_20260911,2026-09-11T17:07:33,54,SERVED,70.5,2,SYNTHETIC_DEMO
D_20260911,2026-09-11T17:31:00,55,ENTER,,14,SYNTHETIC_DEMO
D_20260911,2026-09-11T17:35:05,55,SERVED,245.5,14,SYNTHETIC_DEMO
D_20260911,2026-09-11T18:18:58,56,ENTER,,3,SYNTHETIC_DEMO
D_20260911,2026-09-11T18:21:01,56,SERVED,122.5,3,SYNTHETIC_DEMO
D_20260911,2026-09-11T17:45:41,57,ENTER,,16,SYNTHETIC_DEMO
D_20260911,2026-09-11T17:50:32,57,SERVED,290.8,16,SYNTHETIC_DEMO
D_20260911,2026-09-11T17:10:15,58,ENTER,,4,SYNTHETIC_DEMO
D_20260911,2026-09-11T17:11:59,58,SERVED,103.9,4,SYNTHETIC_DEMO
D_20260911,2026-09-11T17:10:45,59,ENTER,,5,SYNTHETIC_DEMO
D_20260911,2026-09-11T17:12:22,59,SERVED,96.6,5,SYNTHETIC_DEMO
D_20260911,2026-09-11T17:30:32,60,ENTER,,14,SYNTHETIC_DEMO
D_20260911,2026-09-11T17:34:28,60,SERVED,236.4,14,SYNTHETIC_DEMO
D_20260911,2026-09-11T17:49:03,61,ENTER,,13,SYNTHETIC_DEMO
D_20260911,2026-09-11T17:52:58,61,SERVED,235.6,13,SYNTHETIC_DEMO
D_20260911,2026-09-11T17:15:32,62,ENTER,,7,SYNTHETIC_DEMO
D_20260911,2026-09-11T17:18:15,62,SERVED,163.0,7,SYNTHETIC_DEMO
D_20260911,2026-09-11T17:16:07,63,ENTER,,7,SYNTHETIC_DEMO
D_20260911,2026-09-11T17:19:06,63,SERVED,178.4,7,SYNTHETIC_DEMO
D_20260911,2026-09-11T17:25:55,64,ENTER,,12,SYNTHETIC_DEMO
D_20260911,2026-09-11T17:29:53,64,SERVED,238.6,12,SYNTHETIC_DEMO
D_20260911,2026-09-11T17:18:26,65,ENTER,,7,SYNTHETIC_DEMO
D_20260911,2026-09-11T17:20:40,65,SERVED,134.4,7,SYNTHETIC_DEMO
D_20260911,2026-09-11T17:43:05,66,ENTER,,16,SYNTHETIC_DEMO
D_20260911,2026-09-11T17:47:22,66,SERVED,257.0,16,SYNTHETIC_DEMO
D_20260911,2026-09-11T17:29:53,67,ENTER,,14,SYNTHETIC_DEMO
D_20260911,2026-09-11T17:33:41,67,SERVED,228.0,14,SYNTHETIC_DEMO
D_20260911,2026-09-11T17:55:04,68,ENTER,,11,SYNTHETIC_DEMO
D_20260911,2026-09-11T17:57:52,68,SERVED,167.6,11,SYNTHETIC_DEMO
D_20260911,2026-09-11T17:39:15,69,ENTER,,17,SYNTHETIC_DEMO
D_20260911,2026-09-11T17:43:26,69,SERVED,251.3,17,SYNTHETIC_DEMO
D_20260911,2026-09-11T17:13:47,70,ENTER,,6,SYNTHETIC_DEMO
D_20260911,2026-09-11T17:16:05,70,SERVED,138.1,6,SYNTHETIC_DEMO
D_20260911,2026-09-11T17:27:44,71,ENTER,,13,SYNTHETIC_DEMO
D_20260911,2026-09-11T17:31:11,71,SERVED,206.8,13,SYNTHETIC_DEMO
D_20260911,2026-09-11T17:29:31,72,ENTER,,13,SYNTHETIC_DEMO
D_20260911,2026-09-11T17:33:21,72,SERVED,229.6,13,SYNTHETIC_DEMO
D_20260911,2026-09-11T18:07:45,73,ENTER,,6,SYNTHETIC_DEMO
D_20260911,2026-09-11T18:10:01,73,SERVED,135.4,6,SYNTHETIC_DEMO
D_20260911,2026-09-11T17:37:22,74,ENTER,,14,SYNTHETIC_DEMO
D_20260911,2026-09-11T17:41:12,74,SERVED,229.7,14,SYNTHETIC_DEMO
D_20260911,2026-09-11T17:46:54,75,ENTER,,14,SYNTHETIC_DEMO
D_20260911,2026-09-11T17:51:07,75,SERVED,252.4,14,SYNTHETIC_DEMO
D_20260911,2026-09-11T17:26:52,76,ENTER,,12,SYNTHETIC_DEMO
D_20260911,2026-09-11T17:30:28,76,SERVED,215.9,12,SYNTHETIC_DEMO
D_20260911,2026-09-11T17:29:47,77,ENTER,,14,SYNTHETIC_DEMO
D_20260911,2026-09-11T17:33:23,77,SERVED,216.2,14,SYNTHETIC_DEMO
D_20260911,2026-09-11T17:15:08,78,ENTER,,6,SYNTHETIC_DEMO
D_20260911,2026-09-11T17:16:59,78,SERVED,111.4,6,SYNTHETIC_DEMO
D_20260911,2026-09-11T17:50:25,79,ENTER,,14,SYNTHETIC_DEMO
D_20260911,2026-09-11T17:54:58,79,SERVED,272.9,14,SYNTHETIC_DEMO
D_20260911,2026-09-11T17:49:11,80,ENTER,,15,SYNTHETIC_DEMO
D_20260911,2026-09-11T17:53:18,80,SERVED,247.7,15,SYNTHETIC_DEMO
D_20260911,2026-09-11T17:00:30,81,ENTER,,3,SYNTHETIC_DEMO
D_20260911,2026-09-11T17:01:28,81,SERVED,58.2,3,SYNTHETIC_DEMO
D_20260911,2026-09-11T17:22:16,82,ENTER,,9,SYNTHETIC_DEMO
D_20260911,2026-09-11T17:25:31,82,SERVED,195.2,9,SYNTHETIC_DEMO
D_20260911,2026-09-11T17:54:52,83,ENTER,,11,SYNTHETIC_DEMO
D_20260911,2026-09-11T17:57:39,83,SERVED,167.2,11,SYNTHETIC_DEMO
D_20260911,2026-09-11T17:10:47,84,ENTER,,5,SYNTHETIC_DEMO
D_20260911,2026-09-11T17:13:03,84,SERVED,136.2,5,SYNTHETIC_DEMO
D_20260911,2026-09-11T17:19:31,85,ENTER,,8,SYNTHETIC_DEMO
D_20260911,2026-09-11T17:21:50,85,SERVED,138.3,8,SYNTHETIC_DEMO
D_20260911,2026-09-11T17:33:18,86,ENTER,,14,SYNTHETIC_DEMO
D_20260911,2026-09-11T17:37:27,86,SERVED,248.9,14,SYNTHETIC_DEMO
D_20260911,2026-09-11T17:40:40,87,ENTER,,18,SYNTHETIC_DEMO
D_20260911,2026-09-11T17:45:01,87,SERVED,261.1,18,SYNTHETIC_DEMO
D_20260911,2026-09-11T17:34:55,88,ENTER,,15,SYNTHETIC_DEMO
D_20260911,2026-09-11T17:39:14,88,SERVED,258.3,15,SYNTHETIC_DEMO
D_20260911,2026-09-11T17:33:47,89,ENTER,,15,SYNTHETIC_DEMO
D_20260911,2026-09-11T17:37:43,89,SERVED,235.6,15,SYNTHETIC_DEMO
D_20260911,2026-09-11T17:44:32,90,ENTER,,15,SYNTHETIC_DEMO
D_20260911,2026-09-11T17:48:58,90,SERVED,266.5,15,SYNTHETIC_DEMO
D_20260911,2026-09-11T17:01:35,91,ENTER,,1,SYNTHETIC_DEMO
D_20260911,2026-09-11T17:02:19,91,SERVED,44.6,1,SYNTHETIC_DEMO
D_20260911,2026-09-11T17:48:33,92,ENTER,,15,SYNTHETIC_DEMO
D_20260911,2026-09-11T17:52:38,92,SERVED,245.3,15,SYNTHETIC_DEMO
D_20260911,2026-09-11T17:50:18,93,ENTER,,13,SYNTHETIC_DEMO
D_20260911,2026-09-11T17:53:28,93,SERVED,189.9,13,SYNTHETIC_DEMO
D_20260911,2026-09-11T17:38:32,94,ENTER,,16,SYNTHETIC_DEMO
D_20260911,2026-09-11T17:43:02,94,SERVED,270.4,16,SYNTHETIC_DEMO
D_20260911,2026-09-11T17:43:57,95,ENTER,,15,SYNTHETIC_DEMO
D_20260911,2026-09-11T17:48:39,95,SERVED,281.9,15,SYNTHETIC_DEMO
D_20260911,2026-09-11T18:07:35,96,ENTER,,6,SYNTHETIC_DEMO
D_20260911,2026-09-11T18:09:17,96,SERVED,102.1,6,SYNTHETIC_DEMO
D_20260911,2026-09-11T18:01:50,97,ENTER,,7,SYNTHETIC_DEMO
D_20260911,2026-09-11T18:04:24,97,SERVED,153.1,7,SYNTHETIC_DEMO
D_20260911,2026-09-11T17:45:40,98,ENTER,,16,SYNTHETIC_DEMO
D_20260911,2026-09-11T17:50:11,98,SERVED,271.3,16,SYNTHETIC_DEMO
D_20260911,2026-09-11T17:49:10,99,ENTER,,14,SYNTHETIC_DEMO
D_20260911,2026-09-11T17:53:10,99,SERVED,240.6,14,SYNTHETIC_DEMO
D_20260911,2026-09-11T17:12:34,100,ENTER,,5,SYNTHETIC_DEMO
D_20260911,2026-09-11T17:14:27,100,SERVED,113.9,5,SYNTHETIC_DEMO
D_20260911,2026-09-11T17:32:56,101,ENTER,,15,SYNTHETIC_DEMO
D_20260911,2026-09-11T17:37:41,101,SERVED,285.1,15,SYNTHETIC_DEMO
D_20260911,2026-09-11T17:57:16,102,ENTER,,10,SYNTHETIC_DEMO
D_20260911,2026-09-11T18:00:13,102,SERVED,176.6,10,SYNTHETIC_DEMO
D_20260911,2026-09-11T17:29:25,103,ENTER,,14,SYNTHETIC_DEMO
D_20260911,2026-09-11T17:33:45,103,SERVED,260.2,14,SYNTHETIC_DEMO
D_20260911,2026-09-11T17:47:38,104,ENTER,,15,SYNTHETIC_DEMO
D_20260911,2026-09-11T17:52:05,104,SERVED,267.6,15,SYNTHETIC_DEMO
D_20260911,2026-09-11T17:48:19,105,ENTER,,15,SYNTHETIC_DEMO
D_20260911,2026-09-11T17:52:23,105,SERVED,244.5,15,SYNTHETIC_DEMO
D_20260911,2026-09-11T18:06:11,106,ENTER,,5,SYNTHETIC_DEMO
D_20260911,2026-09-11T18:07:56,106,SERVED,104.6,5,SYNTHETIC_DEMO
D_20260911,2026-09-11T17:32:25,107,ENTER,,14,SYNTHETIC_DEMO
D_20260911,2026-09-11T17:36:09,107,SERVED,224.5,14,SYNTHETIC_DEMO
D_20260911,2026-09-11T17:53:43,108,ENTER,,12,SYNTHETIC_DEMO
D_20260911,2026-09-11T17:55:47,108,ABANDONED,,12,SYNTHETIC_DEMO
D_20260911,2026-09-11T17:44:29,109,ENTER,,16,SYNTHETIC_DEMO
D_20260911,2026-09-11T17:48:35,109,SERVED,245.8,16,SYNTHETIC_DEMO
D_20260911,2026-09-11T17:47:27,110,ENTER,,14,SYNTHETIC_DEMO
D_20260911,2026-09-11T17:51:40,110,SERVED,252.9,14,SYNTHETIC_DEMO
D_20260911,2026-09-11T17:40:00,111,ENTER,,17,SYNTHETIC_DEMO
D_20260911,2026-09-11T17:44:37,111,SERVED,277.7,17,SYNTHETIC_DEMO
D_20260911,2026-09-11T17:40:04,112,ENTER,,15,SYNTHETIC_DEMO
D_20260911,2026-09-11T17:44:01,112,SERVED,237.2,15,SYNTHETIC_DEMO
D_20260911,2026-09-11T17:34:41,113,ENTER,,15,SYNTHETIC_DEMO
D_20260911,2026-09-11T17:39:25,113,SERVED,284.5,15,SYNTHETIC_DEMO
D_20260911,2026-09-11T17:15:24,114,ENTER,,8,SYNTHETIC_DEMO
D_20260911,2026-09-11T17:18:02,114,SERVED,157.6,8,SYNTHETIC_DEMO
D_20260911,2026-09-11T17:29:05,115,ENTER,,13,SYNTHETIC_DEMO
D_20260911,2026-09-11T17:33:12,115,SERVED,246.9,13,SYNTHETIC_DEMO
D_20260911,2026-09-11T17:04:37,116,ENTER,,2,SYNTHETIC_DEMO
D_20260911,2026-09-11T17:05:27,116,SERVED,49.9,2,SYNTHETIC_DEMO
D_20260911,2026-09-11T17:58:48,117,ENTER,,10,SYNTHETIC_DEMO
D_20260911,2026-09-11T18:01:46,117,SERVED,178.2,10,SYNTHETIC_DEMO
D_20260911,2026-09-11T18:05:14,118,ENTER,,7,SYNTHETIC_DEMO
D_20260911,2026-09-11T18:07:58,118,SERVED,163.5,7,SYNTHETIC_DEMO
D_20260911,2026-09-11T17:52:13,119,ENTER,,13,SYNTHETIC_DEMO
D_20260911,2026-09-11T17:55:44,119,SERVED,210.6,13,SYNTHETIC_DEMO
D_20260911,2026-09-11T17:36:04,120,ENTER,,16,SYNTHETIC_DEMO
D_20260911,2026-09-11T17:40:30,120,SERVED,266.3,16,SYNTHETIC_DEMO
D_20260911,2026-09-11T17:32:01,121,ENTER,,15,SYNTHETIC_DEMO
D_20260911,2026-09-11T17:36:37,121,SERVED,275.8,15,SYNTHETIC_DEMO
D_20260911,2026-09-11T17:57:20,122,ENTER,,10,SYNTHETIC_DEMO
D_20260911,2026-09-11T17:59:59,122,SERVED,158.8,10,SYNTHETIC_DEMO
D_20260911,2026-09-11T17:46:30,123,ENTER,,16,SYNTHETIC_DEMO
D_20260911,2026-09-11T17:48:51,123,ABANDONED,,16,SYNTHETIC_DEMO
D_20260911,2026-09-11T17:00:00,124,ENTER,,2,SYNTHETIC_DEMO
D_20260911,2026-09-11T17:01:27,124,SERVED,87.4,2,SYNTHETIC_DEMO
D_20260911,2026-09-11T17:29:54,125,ENTER,,15,SYNTHETIC_DEMO
D_20260911,2026-09-11T17:34:25,125,SERVED,270.6,15,SYNTHETIC_DEMO
D_20260911,2026-09-11T18:01:27,126,ENTER,,9,SYNTHETIC_DEMO
D_20260911,2026-09-11T18:03:51,126,SERVED,143.9,9,SYNTHETIC_DEMO
D_20260911,2026-09-11T17:27:56,127,ENTER,,13,SYNTHETIC_DEMO
D_20260911,2026-09-11T17:31:10,127,SERVED,193.9,13,SYNTHETIC_DEMO
D_20260911,2026-09-11T17:38:41,128,ENTER,,15,SYNTHETIC_DEMO
D_20260911,2026-09-11T17:42:30,128,SERVED,228.8,15,SYNTHETIC_DEMO
D_20260911,2026-09-11T17:31:26,129,ENTER,,14,SYNTHETIC_DEMO
D_20260911,2026-09-11T17:35:38,129,SERVED,252.2,14,SYNTHETIC_DEMO
D_20260911,2026-09-11T17:54:10,130,ENTER,,13,SYNTHETIC_DEMO
D_20260911,2026-09-11T17:58:03,130,SERVED,233.3,13,SYNTHETIC_DEMO
D_20260911,2026-09-11T17:35:54,131,ENTER,,16,SYNTHETIC_DEMO
D_20260911,2026-09-11T17:40:38,131,SERVED,283.3,16,SYNTHETIC_DEMO
D_20260911,2026-09-11T17:21:06,132,ENTER,,10,SYNTHETIC_DEMO
D_20260911,2026-09-11T17:24:27,132,SERVED,200.6,10,SYNTHETIC_DEMO
D_20260911,2026-09-11T17:16:59,133,ENTER,,7,SYNTHETIC_DEMO
D_20260911,2026-09-11T17:19:10,133,SERVED,130.9,7,SYNTHETIC_DEMO
D_20260911,2026-09-11T17:39:04,134,ENTER,,16,SYNTHETIC_DEMO
D_20260911,2026-09-11T17:43:02,134,SERVED,237.9,16,SYNTHETIC_DEMO
D_20260911,2026-09-11T17:37:39,135,ENTER,,15,SYNTHETIC_DEMO
D_20260911,2026-09-11T17:41:37,135,SERVED,237.7,15,SYNTHETIC_DEMO
B_20260912,2026-09-12T06:17:38,1,ENTER,,6,SYNTHETIC_DEMO
B_20260912,2026-09-12T06:20:23,1,SERVED,165.1,6,SYNTHETIC_DEMO
B_20260912,2026-09-12T05:59:03,2,ENTER,,7,SYNTHETIC_DEMO
B_20260912,2026-09-12T06:01:24,2,SERVED,141.2,7,SYNTHETIC_DEMO
B_20260912,2026-09-12T05:49:43,3,ENTER,,6,SYNTHETIC_DEMO
B_20260912,2026-09-12T05:51:40,3,SERVED,116.9,6,SYNTHETIC_DEMO
B_20260912,2026-09-12T06:16:40,4,ENTER,,7,SYNTHETIC_DEMO
B_20260912,2026-09-12T06:19:30,4,SERVED,169.7,7,SYNTHETIC_DEMO
B_20260912,2026-09-12T06:19:24,5,ENTER,,6,SYNTHETIC_DEMO
B_20260912,2026-09-12T06:21:41,5,SERVED,136.7,6,SYNTHETIC_DEMO
B_20260912,2026-09-12T06:07:40,6,ENTER,,8,SYNTHETIC_DEMO
B_20260912,2026-09-12T06:09:52,6,SERVED,132.1,8,SYNTHETIC_DEMO
B_20260912,2026-09-12T06:07:35,7,ENTER,,7,SYNTHETIC_DEMO
B_20260912,2026-09-12T06:09:37,7,SERVED,121.7,7,SYNTHETIC_DEMO
B_20260912,2026-09-12T06:20:40,8,ENTER,,6,SYNTHETIC_DEMO
B_20260912,2026-09-12T06:22:39,8,SERVED,118.4,6,SYNTHETIC_DEMO
B_20260912,2026-09-12T06:19:43,9,ENTER,,6,SYNTHETIC_DEMO
B_20260912,2026-09-12T06:21:42,9,SERVED,119.4,6,SYNTHETIC_DEMO
B_20260912,2026-09-12T05:43:13,10,ENTER,,5,SYNTHETIC_DEMO
B_20260912,2026-09-12T05:45:49,10,SERVED,155.4,5,SYNTHETIC_DEMO
B_20260912,2026-09-12T05:56:31,11,ENTER,,7,SYNTHETIC_DEMO
B_20260912,2026-09-12T05:59:20,11,SERVED,168.8,7,SYNTHETIC_DEMO
B_20260912,2026-09-12T06:05:51,12,ENTER,,7,SYNTHETIC_DEMO
B_20260912,2026-09-12T06:07:45,12,SERVED,114.5,7,SYNTHETIC_DEMO
B_20260912,2026-09-12T06:12:59,13,ENTER,,10,SYNTHETIC_DEMO
B_20260912,2026-09-12T06:16:27,13,SERVED,207.8,10,SYNTHETIC_DEMO
B_20260912,2026-09-12T05:37:47,14,ENTER,,3,SYNTHETIC_DEMO
B_20260912,2026-09-12T05:39:52,14,SERVED,124.8,3,SYNTHETIC_DEMO
B_20260912,2026-09-12T06:02:19,15,ENTER,,10,SYNTHETIC_DEMO
B_20260912,2026-09-12T06:05:00,15,SERVED,161.6,10,SYNTHETIC_DEMO
B_20260912,2026-09-12T06:00:01,16,ENTER,,9,SYNTHETIC_DEMO
B_20260912,2026-09-12T06:02:26,16,SERVED,144.4,9,SYNTHETIC_DEMO
B_20260912,2026-09-12T06:08:10,17,ENTER,,8,SYNTHETIC_DEMO
B_20260912,2026-09-12T06:10:44,17,SERVED,154.3,8,SYNTHETIC_DEMO
B_20260912,2026-09-12T06:05:28,18,ENTER,,9,SYNTHETIC_DEMO
B_20260912,2026-09-12T06:08:43,18,SERVED,195.4,9,SYNTHETIC_DEMO
B_20260912,2026-09-12T05:51:19,19,ENTER,,5,SYNTHETIC_DEMO
B_20260912,2026-09-12T05:52:50,19,SERVED,91.0,5,SYNTHETIC_DEMO
B_20260912,2026-09-12T06:14:37,20,ENTER,,8,SYNTHETIC_DEMO
B_20260912,2026-09-12T06:16:47,20,SERVED,129.4,8,SYNTHETIC_DEMO
B_20260912,2026-09-12T06:19:04,21,ENTER,,6,SYNTHETIC_DEMO
B_20260912,2026-09-12T06:20:58,21,SERVED,114.6,6,SYNTHETIC_DEMO
B_20260912,2026-09-12T06:00:47,22,ENTER,,9,SYNTHETIC_DEMO
B_20260912,2026-09-12T06:03:15,22,SERVED,147.9,9,SYNTHETIC_DEMO
B_20260912,2026-09-12T06:12:45,23,ENTER,,7,SYNTHETIC_DEMO
B_20260912,2026-09-12T06:14:38,23,SERVED,112.4,7,SYNTHETIC_DEMO
B_20260912,2026-09-12T06:34:55,24,ENTER,,3,SYNTHETIC_DEMO
B_20260912,2026-09-12T06:36:08,24,SERVED,72.7,3,SYNTHETIC_DEMO
B_20260912,2026-09-12T06:29:18,25,ENTER,,4,SYNTHETIC_DEMO
B_20260912,2026-09-12T06:30:40,25,SERVED,81.9,4,SYNTHETIC_DEMO
B_20260912,2026-09-12T06:11:43,26,ENTER,,7,SYNTHETIC_DEMO
B_20260912,2026-09-12T06:14:19,26,SERVED,156.3,7,SYNTHETIC_DEMO
B_20260912,2026-09-12T06:27:07,27,ENTER,,3,SYNTHETIC_DEMO
B_20260912,2026-09-12T06:28:50,27,SERVED,103.7,3,SYNTHETIC_DEMO
B_20260912,2026-09-12T06:14:16,28,ENTER,,7,SYNTHETIC_DEMO
B_20260912,2026-09-12T06:16:59,28,SERVED,163.5,7,SYNTHETIC_DEMO
B_20260912,2026-09-12T06:15:00,29,ENTER,,8,SYNTHETIC_DEMO
B_20260912,2026-09-12T06:17:29,29,SERVED,149.6,8,SYNTHETIC_DEMO
B_20260912,2026-09-12T06:31:40,30,ENTER,,4,SYNTHETIC_DEMO
B_20260912,2026-09-12T06:33:10,30,SERVED,89.9,4,SYNTHETIC_DEMO
B_20260912,2026-09-12T05:30:00,31,ENTER,,3,SYNTHETIC_DEMO
B_20260912,2026-09-12T05:31:44,31,SERVED,104.7,3,SYNTHETIC_DEMO
B_20260912,2026-09-12T06:04:47,32,ENTER,,7,SYNTHETIC_DEMO
B_20260912,2026-09-12T06:06:52,32,SERVED,124.8,7,SYNTHETIC_DEMO
B_20260912,2026-09-12T06:27:39,33,ENTER,,5,SYNTHETIC_DEMO
B_20260912,2026-09-12T06:29:12,33,SERVED,92.6,5,SYNTHETIC_DEMO
B_20260912,2026-09-12T06:28:35,34,ENTER,,5,SYNTHETIC_DEMO
B_20260912,2026-09-12T06:30:48,34,SERVED,132.1,5,SYNTHETIC_DEMO
B_20260912,2026-09-12T06:01:16,35,ENTER,,7,SYNTHETIC_DEMO
B_20260912,2026-09-12T06:03:59,35,SERVED,163.3,7,SYNTHETIC_DEMO
B_20260912,2026-09-12T05:57:37,36,ENTER,,7,SYNTHETIC_DEMO
B_20260912,2026-09-12T06:00:29,36,SERVED,171.7,7,SYNTHETIC_DEMO
B_20260912,2026-09-12T06:13:30,37,ENTER,,9,SYNTHETIC_DEMO
B_20260912,2026-09-12T06:16:59,37,SERVED,208.6,9,SYNTHETIC_DEMO
B_20260912,2026-09-12T06:24:56,38,ENTER,,5,SYNTHETIC_DEMO
B_20260912,2026-09-12T06:26:29,38,SERVED,93.2,5,SYNTHETIC_DEMO
B_20260912,2026-09-12T05:48:13,39,ENTER,,6,SYNTHETIC_DEMO
B_20260912,2026-09-12T05:50:10,39,SERVED,116.6,6,SYNTHETIC_DEMO
B_20260912,2026-09-12T06:16:57,40,ENTER,,6,SYNTHETIC_DEMO
B_20260912,2026-09-12T06:19:44,40,SERVED,166.9,6,SYNTHETIC_DEMO
B_20260912,2026-09-12T06:09:43,41,ENTER,,8,SYNTHETIC_DEMO
B_20260912,2026-09-12T06:12:27,41,SERVED,163.6,8,SYNTHETIC_DEMO
B_20260912,2026-09-12T06:15:55,42,ENTER,,6,SYNTHETIC_DEMO
B_20260912,2026-09-12T06:18:22,42,SERVED,147.1,6,SYNTHETIC_DEMO
B_20260912,2026-09-12T06:02:40,43,ENTER,,7,SYNTHETIC_DEMO
B_20260912,2026-09-12T06:05:33,43,SERVED,173.5,7,SYNTHETIC_DEMO
B_20260912,2026-09-12T05:47:00,44,ENTER,,5,SYNTHETIC_DEMO
B_20260912,2026-09-12T05:49:31,44,SERVED,150.7,5,SYNTHETIC_DEMO
B_20260912,2026-09-12T06:27:29,45,ENTER,,5,SYNTHETIC_DEMO
B_20260912,2026-09-12T06:29:41,45,SERVED,131.9,5,SYNTHETIC_DEMO
B_20260912,2026-09-12T05:48:31,46,ENTER,,4,SYNTHETIC_DEMO
B_20260912,2026-09-12T05:50:41,46,SERVED,129.9,4,SYNTHETIC_DEMO
B_20260912,2026-09-12T05:42:24,47,ENTER,,5,SYNTHETIC_DEMO
B_20260912,2026-09-12T05:44:47,47,SERVED,143.2,5,SYNTHETIC_DEMO
B_20260912,2026-09-12T05:54:48,48,ENTER,,8,SYNTHETIC_DEMO
B_20260912,2026-09-12T05:57:42,48,SERVED,174.1,8,SYNTHETIC_DEMO
B_20260912,2026-09-12T05:48:42,49,ENTER,,6,SYNTHETIC_DEMO
B_20260912,2026-09-12T05:51:25,49,SERVED,162.7,6,SYNTHETIC_DEMO
B_20260912,2026-09-12T06:02:34,50,ENTER,,9,SYNTHETIC_DEMO
B_20260912,2026-09-12T06:04:53,50,SERVED,139.2,9,SYNTHETIC_DEMO
B_20260912,2026-09-12T06:07:12,51,ENTER,,8,SYNTHETIC_DEMO
B_20260912,2026-09-12T06:09:16,51,SERVED,124.2,8,SYNTHETIC_DEMO
B_20260912,2026-09-12T06:36:51,52,ENTER,,1,SYNTHETIC_DEMO
B_20260912,2026-09-12T06:37:50,52,SERVED,59.3,1,SYNTHETIC_DEMO
B_20260912,2026-09-12T06:28:08,53,ENTER,,5,SYNTHETIC_DEMO
B_20260912,2026-09-12T06:30:05,53,SERVED,116.9,5,SYNTHETIC_DEMO
B_20260912,2026-09-12T06:12:34,54,ENTER,,7,SYNTHETIC_DEMO
B_20260912,2026-09-12T06:15:07,54,SERVED,153.1,7,SYNTHETIC_DEMO
B_20260912,2026-09-12T06:15:17,55,ENTER,,6,SYNTHETIC_DEMO
B_20260912,2026-09-12T06:18:00,55,SERVED,162.2,6,SYNTHETIC_DEMO
B_20260912,2026-09-12T05:53:49,56,ENTER,,6,SYNTHETIC_DEMO
B_20260912,2026-09-12T05:56:09,56,SERVED,139.2,6,SYNTHETIC_DEMO
B_20260912,2026-09-12T06:43:20,57,ENTER,,2,SYNTHETIC_DEMO
B_20260912,2026-09-12T06:44:06,57,SERVED,46.2,2,SYNTHETIC_DEMO
B_20260912,2026-09-12T05:41:41,58,ENTER,,5,SYNTHETIC_DEMO
B_20260912,2026-09-12T05:43:30,58,SERVED,109.5,5,SYNTHETIC_DEMO
B_20260912,2026-09-12T05:56:54,59,ENTER,,8,SYNTHETIC_DEMO
B_20260912,2026-09-12T05:59:29,59,SERVED,154.9,8,SYNTHETIC_DEMO
B_20260912,2026-09-12T06:44:12,60,ENTER,,2,SYNTHETIC_DEMO
B_20260912,2026-09-12T06:45:55,60,SERVED,103.0,2,SYNTHETIC_DEMO
B_20260912,2026-09-12T05:54:42,61,ENTER,,7,SYNTHETIC_DEMO
B_20260912,2026-09-12T05:56:34,61,SERVED,112.6,7,SYNTHETIC_DEMO
B_20260912,2026-09-12T05:56:21,62,ENTER,,8,SYNTHETIC_DEMO
B_20260912,2026-09-12T05:59:13,62,SERVED,171.7,8,SYNTHETIC_DEMO
B_20260912,2026-09-12T06:23:03,63,ENTER,,6,SYNTHETIC_DEMO
B_20260912,2026-09-12T06:24:55,63,SERVED,111.7,6,SYNTHETIC_DEMO
B_20260912,2026-09-12T06:07:05,64,ENTER,,7,SYNTHETIC_DEMO
B_20260912,2026-09-12T06:09:22,64,SERVED,137.2,7,SYNTHETIC_DEMO
B_20260912,2026-09-12T06:08:34,65,ENTER,,9,SYNTHETIC_DEMO
B_20260912,2026-09-12T06:11:40,65,SERVED,186.7,9,SYNTHETIC_DEMO
B_20260912,2026-09-12T06:05:37,66,ENTER,,9,SYNTHETIC_DEMO
B_20260912,2026-09-12T06:08:30,66,SERVED,173.4,9,SYNTHETIC_DEMO
B_20260912,2026-09-12T06:49:37,67,ENTER,,1,SYNTHETIC_DEMO
B_20260912,2026-09-12T06:50:41,67,SERVED,64.3,1,SYNTHETIC_DEMO
B_20260912,2026-09-12T06:30:29,68,ENTER,,5,SYNTHETIC_DEMO
B_20260912,2026-09-12T06:32:24,68,SERVED,114.8,5,SYNTHETIC_DEMO
B_20260912,2026-09-12T05:30:00,69,ENTER,,2,SYNTHETIC_DEMO
B_20260912,2026-09-12T05:31:25,69,SERVED,85.4,2,SYNTHETIC_DEMO
B_20260912,2026-09-12T05:46:33,70,ENTER,,6,SYNTHETIC_DEMO
B_20260912,2026-09-12T05:48:54,70,SERVED,140.7,6,SYNTHETIC_DEMO
B_20260912,2026-09-12T05:47:57,71,ENTER,,6,SYNTHETIC_DEMO
B_20260912,2026-09-12T05:50:35,71,SERVED,157.9,6,SYNTHETIC_DEMO
B_20260912,2026-09-12T06:13:46,72,ENTER,,7,SYNTHETIC_DEMO
B_20260912,2026-09-12T06:16:28,72,SERVED,162.6,7,SYNTHETIC_DEMO
B_20260912,2026-09-12T05:30:00,73,ENTER,,2,SYNTHETIC_DEMO
B_20260912,2026-09-12T05:31:33,73,SERVED,93.4,2,SYNTHETIC_DEMO
B_20260912,2026-09-12T06:11:46,74,ENTER,,7,SYNTHETIC_DEMO
B_20260912,2026-09-12T06:13:44,74,SERVED,118.1,7,SYNTHETIC_DEMO
B_20260912,2026-09-12T06:32:14,75,ENTER,,2,SYNTHETIC_DEMO
B_20260912,2026-09-12T06:33:19,75,SERVED,64.5,2,SYNTHETIC_DEMO
B_20260912,2026-09-12T06:16:50,76,ENTER,,9,SYNTHETIC_DEMO
B_20260912,2026-09-12T06:19:35,76,SERVED,165.2,9,SYNTHETIC_DEMO
B_20260912,2026-09-12T06:18:36,77,ENTER,,7,SYNTHETIC_DEMO
B_20260912,2026-09-12T06:21:00,77,SERVED,143.6,7,SYNTHETIC_DEMO
B_20260912,2026-09-12T06:04:21,78,ENTER,,8,SYNTHETIC_DEMO
B_20260912,2026-09-12T06:07:13,78,SERVED,171.6,8,SYNTHETIC_DEMO
B_20260912,2026-09-12T05:57:01,79,ENTER,,9,SYNTHETIC_DEMO
B_20260912,2026-09-12T05:59:42,79,SERVED,161.0,9,SYNTHETIC_DEMO
B_20260912,2026-09-12T06:27:09,80,ENTER,,5,SYNTHETIC_DEMO
B_20260912,2026-09-12T06:28:50,80,SERVED,100.7,5,SYNTHETIC_DEMO
B_20260912,2026-09-12T06:07:34,81,ENTER,,8,SYNTHETIC_DEMO
B_20260912,2026-09-12T06:09:38,81,SERVED,124.1,8,SYNTHETIC_DEMO
L_20260912,2026-09-12T11:40:43,1,ENTER,,13,SYNTHETIC_DEMO
L_20260912,2026-09-12T11:44:43,1,SERVED,239.8,13,SYNTHETIC_DEMO
L_20260912,2026-09-12T11:51:29,2,ENTER,,20,SYNTHETIC_DEMO
L_20260912,2026-09-12T11:56:16,2,SERVED,287.4,20,SYNTHETIC_DEMO
L_20260912,2026-09-12T11:30:00,3,ENTER,,5,SYNTHETIC_DEMO
L_20260912,2026-09-12T11:31:48,3,SERVED,108.9,5,SYNTHETIC_DEMO
L_20260912,2026-09-12T11:42:42,4,ENTER,,14,SYNTHETIC_DEMO
L_20260912,2026-09-12T11:47:12,4,SERVED,270.3,14,SYNTHETIC_DEMO
L_20260912,2026-09-12T12:09:42,5,ENTER,,19,SYNTHETIC_DEMO
L_20260912,2026-09-12T12:14:47,5,SERVED,304.9,19,SYNTHETIC_DEMO
L_20260912,2026-09-12T12:12:36,6,ENTER,,18,SYNTHETIC_DEMO
L_20260912,2026-09-12T12:17:17,6,SERVED,280.7,18,SYNTHETIC_DEMO
L_20260912,2026-09-12T11:35:21,7,ENTER,,10,SYNTHETIC_DEMO
L_20260912,2026-09-12T11:39:01,7,SERVED,220.1,10,SYNTHETIC_DEMO
L_20260912,2026-09-12T12:36:12,8,ENTER,,4,SYNTHETIC_DEMO
L_20260912,2026-09-12T12:38:02,8,SERVED,109.9,4,SYNTHETIC_DEMO
L_20260912,2026-09-12T11:34:24,9,ENTER,,10,SYNTHETIC_DEMO
L_20260912,2026-09-12T11:37:33,9,SERVED,188.7,10,SYNTHETIC_DEMO
L_20260912,2026-09-12T12:26:28,10,ENTER,,9,SYNTHETIC_DEMO
L_20260912,2026-09-12T12:29:51,10,SERVED,203.3,9,SYNTHETIC_DEMO
L_20260912,2026-09-12T11:42:11,11,ENTER,,13,SYNTHETIC_DEMO
L_20260912,2026-09-12T11:46:10,11,SERVED,239.5,13,SYNTHETIC_DEMO
L_20260912,2026-09-12T11:59:59,12,ENTER,,20,SYNTHETIC_DEMO
L_20260912,2026-09-12T12:05:37,12,SERVED,337.8,20,SYNTHETIC_DEMO
L_20260912,2026-09-12T11:45:44,13,ENTER,,17,SYNTHETIC_DEMO
L_20260912,2026-09-12T11:50:17,13,SERVED,273.0,17,SYNTHETIC_DEMO
L_20260912,2026-09-12T11:46:03,14,ENTER,,16,SYNTHETIC_DEMO
L_20260912,2026-09-12T11:51:01,14,SERVED,297.5,16,SYNTHETIC_DEMO
L_20260912,2026-09-12T11:30:00,15,ENTER,,7,SYNTHETIC_DEMO
L_20260912,2026-09-12T11:32:57,15,SERVED,177.8,7,SYNTHETIC_DEMO
L_20260912,2026-09-12T11:30:00,16,ENTER,,7,SYNTHETIC_DEMO
L_20260912,2026-09-12T11:32:50,16,SERVED,170.6,7,SYNTHETIC_DEMO
L_20260912,2026-09-12T11:48:59,17,ENTER,,19,SYNTHETIC_DEMO
L_20260912,2026-09-12T11:54:02,17,SERVED,303.5,19,SYNTHETIC_DEMO
L_20260912,2026-09-12T11:30:00,18,ENTER,,5,SYNTHETIC_DEMO
L_20260912,2026-09-12T11:31:30,18,SERVED,90.5,5,SYNTHETIC_DEMO
L_20260912,2026-09-12T12:40:25,19,ENTER,,4,SYNTHETIC_DEMO
L_20260912,2026-09-12T12:42:35,19,SERVED,129.6,4,SYNTHETIC_DEMO
L_20260912,2026-09-12T12:29:51,20,ENTER,,7,SYNTHETIC_DEMO
L_20260912,2026-09-12T12:32:30,20,SERVED,159.3,7,SYNTHETIC_DEMO
L_20260912,2026-09-12T11:47:43,21,ENTER,,19,SYNTHETIC_DEMO
L_20260912,2026-09-12T11:53:01,21,SERVED,317.5,19,SYNTHETIC_DEMO
L_20260912,2026-09-12T12:24:53,22,ENTER,,9,SYNTHETIC_DEMO
L_20260912,2026-09-12T12:27:57,22,SERVED,184.3,9,SYNTHETIC_DEMO
L_20260912,2026-09-12T12:08:52,23,ENTER,,20,SYNTHETIC_DEMO
L_20260912,2026-09-12T12:14:36,23,SERVED,344.0,20,SYNTHETIC_DEMO
L_20260912,2026-09-12T12:05:10,24,ENTER,,22,SYNTHETIC_DEMO
L_20260912,2026-09-12T12:10:39,24,SERVED,328.1,22,SYNTHETIC_DEMO
L_20260912,2026-09-12T12:03:32,25,ENTER,,22,SYNTHETIC_DEMO
L_20260912,2026-09-12T12:09:02,25,SERVED,330.3,22,SYNTHETIC_DEMO
L_20260912,2026-09-12T11:56:02,26,ENTER,,23,SYNTHETIC_DEMO
L_20260912,2026-09-12T12:01:35,26,SERVED,332.4,23,SYNTHETIC_DEMO
L_20260912,2026-09-12T11:49:23,27,ENTER,,20,SYNTHETIC_DEMO
L_20260912,2026-09-12T11:54:51,27,SERVED,327.5,20,SYNTHETIC_DEMO
L_20260912,2026-09-12T12:07:05,28,ENTER,,22,SYNTHETIC_DEMO
L_20260912,2026-09-12T12:12:16,28,SERVED,311.0,22,SYNTHETIC_DEMO
L_20260912,2026-09-12T12:03:59,29,ENTER,,22,SYNTHETIC_DEMO
L_20260912,2026-09-12T12:09:17,29,SERVED,317.6,22,SYNTHETIC_DEMO
L_20260912,2026-09-12T11:30:00,30,ENTER,,6,SYNTHETIC_DEMO
L_20260912,2026-09-12T11:31:38,30,SERVED,98.2,6,SYNTHETIC_DEMO
L_20260912,2026-09-12T11:42:40,31,ENTER,,15,SYNTHETIC_DEMO
L_20260912,2026-09-12T11:47:17,31,SERVED,277.6,15,SYNTHETIC_DEMO
L_20260912,2026-09-12T12:03:52,32,ENTER,,22,SYNTHETIC_DEMO
L_20260912,2026-09-12T12:09:20,32,SERVED,328.1,22,SYNTHETIC_DEMO
L_20260912,2026-09-12T12:10:18,33,ENTER,,20,SYNTHETIC_DEMO
L_20260912,2026-09-12T12:15:22,33,SERVED,303.4,20,SYNTHETIC_DEMO
L_20260912,2026-09-12T11:46:48,34,ENTER,,18,SYNTHETIC_DEMO
L_20260912,2026-09-12T11:51:30,34,SERVED,282.2,18,SYNTHETIC_DEMO
L_20260912,2026-09-12T11:59:37,35,ENTER,,22,SYNTHETIC_DEMO
L_20260912,2026-09-12T12:05:48,35,SERVED,370.8,22,SYNTHETIC_DEMO
L_20260912,2026-09-12T11:30:00,36,ENTER,,6,SYNTHETIC_DEMO
L_20260912,2026-09-12T11:32:23,36,SERVED,143.3,6,SYNTHETIC_DEMO
L_20260912,2026-09-12T11:42:34,37,ENTER,,14,SYNTHETIC_DEMO
L_20260912,2026-09-12T11:46:07,37,SERVED,212.9,14,SYNTHETIC_DEMO
L_20260912,2026-09-12T11:48:38,38,ENTER,,20,SYNTHETIC_DEMO
L_20260912,2026-09-12T11:53:26,38,SERVED,288.2,20,SYNTHETIC_DEMO
L_20260912,2026-09-12T12:22:56,39,ENTER,,11,SYNTHETIC_DEMO
L_20260912,2026-09-12T12:26:28,39,SERVED,211.4,11,SYNTHETIC_DEMO
L_20260912,2026-09-12T11:46:19,40,ENTER,,16,SYNTHETIC_DEMO
L_20260912,2026-09-12T11:50:26,40,SERVED,246.6,16,SYNTHETIC_DEMO
L_20260912,2026-09-12T12:00:56,41,ENTER,,22,SYNTHETIC_DEMO
L_20260912,2026-09-12T12:06:50,41,SERVED,353.7,22,SYNTHETIC_DEMO
L_20260912,2026-09-12T11:43:07,42,ENTER,,15,SYNTHETIC_DEMO
L_20260912,2026-09-12T11:47:14,42,SERVED,247.7,15,SYNTHETIC_DEMO
L_20260912,2026-09-12T12:13:05,43,ENTER,,18,SYNTHETIC_DEMO
L_20260912,2026-09-12T12:18:29,43,SERVED,323.8,18,SYNTHETIC_DEMO
L_20260912,2026-09-12T11:43:10,44,ENTER,,17,SYNTHETIC_DEMO
L_20260912,2026-09-12T11:47:33,44,SERVED,263.1,17,SYNTHETIC_DEMO
L_20260912,2026-09-12T12:08:29,45,ENTER,,21,SYNTHETIC_DEMO
L_20260912,2026-09-12T12:13:55,45,SERVED,326.0,21,SYNTHETIC_DEMO
L_20260912,2026-09-12T11:49:17,46,ENTER,,18,SYNTHETIC_DEMO
L_20260912,2026-09-12T11:54:30,46,SERVED,313.1,18,SYNTHETIC_DEMO
L_20260912,2026-09-12T12:18:42,47,ENTER,,13,SYNTHETIC_DEMO
L_20260912,2026-09-12T12:22:05,47,SERVED,202.5,13,SYNTHETIC_DEMO
L_20260912,2026-09-12T12:25:14,48,ENTER,,7,SYNTHETIC_DEMO
L_20260912,2026-09-12T12:27:30,48,SERVED,135.3,7,SYNTHETIC_DEMO
L_20260912,2026-09-12T12:33:54,49,ENTER,,6,SYNTHETIC_DEMO
L_20260912,2026-09-12T12:36:31,49,SERVED,157.0,6,SYNTHETIC_DEMO
L_20260912,2026-09-12T12:00:01,50,ENTER,,23,SYNTHETIC_DEMO
L_20260912,2026-09-12T12:05:34,50,SERVED,332.9,23,SYNTHETIC_DEMO
L_20260912,2026-09-12T11:56:55,51,ENTER,,20,SYNTHETIC_DEMO
L_20260912,2026-09-12T12:02:23,51,SERVED,328.4,20,SYNTHETIC_DEMO
L_20260912,2026-09-12T12:06:55,52,ENTER,,22,SYNTHETIC_DEMO
L_20260912,2026-09-12T12:12:36,52,SERVED,340.5,22,SYNTHETIC_DEMO
L_20260912,2026-09-12T11:49:25,53,ENTER,,18,SYNTHETIC_DEMO
L_20260912,2026-09-12T11:53:46,53,SERVED,260.6,18,SYNTHETIC_DEMO
L_20260912,2026-09-12T12:26:25,54,ENTER,,7,SYNTHETIC_DEMO
L_20260912,2026-09-12T12:28:31,54,SERVED,126.3,7,SYNTHETIC_DEMO
L_20260912,2026-09-12T11:56:22,55,ENTER,,22,SYNTHETIC_DEMO
L_20260912,2026-09-12T12:02:41,55,SERVED,379.4,22,SYNTHETIC_DEMO
L_20260912,2026-09-12T12:01:28,56,ENTER,,24,SYNTHETIC_DEMO
L_20260912,2026-09-12T12:07:29,56,SERVED,360.9,24,SYNTHETIC_DEMO
L_20260912,2026-09-12T12:42:45,57,ENTER,,1,SYNTHETIC_DEMO
L_20260912,2026-09-12T12:44:14,57,SERVED,88.9,1,SYNTHETIC_DEMO
L_20260912,2026-09-12T11:58:36,58,ENTER,,22,SYNTHETIC_DEMO
L_20260912,2026-09-12T12:04:33,58,SERVED,356.9,22,SYNTHETIC_DEMO
L_20260912,2026-09-12T12:44:38,59,ENTER,,2,SYNTHETIC_DEMO
L_20260912,2026-09-12T12:45:51,59,SERVED,72.6,2,SYNTHETIC_DEMO
L_20260912,2026-09-12T11:47:26,60,ENTER,,17,SYNTHETIC_DEMO
L_20260912,2026-09-12T11:51:31,60,SERVED,245.7,17,SYNTHETIC_DEMO
L_20260912,2026-09-12T12:06:32,61,ENTER,,21,SYNTHETIC_DEMO
L_20260912,2026-09-12T12:11:45,61,SERVED,313.3,21,SYNTHETIC_DEMO
L_20260912,2026-09-12T11:58:22,62,ENTER,,23,SYNTHETIC_DEMO
L_20260912,2026-09-12T12:04:43,62,SERVED,380.9,23,SYNTHETIC_DEMO
L_20260912,2026-09-12T11:30:00,63,ENTER,,6,SYNTHETIC_DEMO
L_20260912,2026-09-12T11:32:19,63,SERVED,139.6,6,SYNTHETIC_DEMO
L_20260912,2026-09-12T12:18:45,64,ENTER,,15,SYNTHETIC_DEMO
L_20260912,2026-09-12T12:21:07,64,ABANDONED,,15,SYNTHETIC_DEMO
L_20260912,2026-09-12T12:26:25,65,ENTER,,9,SYNTHETIC_DEMO
L_20260912,2026-09-12T12:28:54,65,SERVED,148.7,9,SYNTHETIC_DEMO
L_20260912,2026-09-12T11:30:18,66,ENTER,,7,SYNTHETIC_DEMO
L_20260912,2026-09-12T11:32:26,66,SERVED,127.6,7,SYNTHETIC_DEMO
L_20260912,2026-09-12T11:30:00,67,ENTER,,6,SYNTHETIC_DEMO
L_20260912,2026-09-12T11:32:13,67,SERVED,133.7,6,SYNTHETIC_DEMO
L_20260912,2026-09-12T11:36:19,68,ENTER,,10,SYNTHETIC_DEMO
L_20260912,2026-09-12T11:39:37,68,SERVED,198.1,10,SYNTHETIC_DEMO
L_20260912,2026-09-12T11:48:43,69,ENTER,,18,SYNTHETIC_DEMO
L_20260912,2026-09-12T11:53:38,69,SERVED,294.5,18,SYNTHETIC_DEMO
L_20260912,2026-09-12T12:05:47,70,ENTER,,22,SYNTHETIC_DEMO
L_20260912,2026-09-12T12:10:58,70,SERVED,311.5,22,SYNTHETIC_DEMO
L_20260912,2026-09-12T11:34:53,71,ENTER,,10,SYNTHETIC_DEMO
L_20260912,2026-09-12T11:37:33,71,SERVED,160.1,10,SYNTHETIC_DEMO
L_20260912,2026-09-12T12:18:25,72,ENTER,,13,SYNTHETIC_DEMO
L_20260912,2026-09-12T12:22:09,72,SERVED,223.9,13,SYNTHETIC_DEMO
L_20260912,2026-09-12T11:50:08,73,ENTER,,20,SYNTHETIC_DEMO
L_20260912,2026-09-12T11:55:30,73,SERVED,321.7,20,SYNTHETIC_DEMO
L_20260912,2026-09-12T12:14:48,74,ENTER,,17,SYNTHETIC_DEMO
L_20260912,2026-09-12T12:20:00,74,SERVED,311.8,17,SYNTHETIC_DEMO
L_20260912,2026-09-12T12:00:52,75,ENTER,,23,SYNTHETIC_DEMO
L_20260912,2026-09-12T12:06:44,75,SERVED,351.9,23,SYNTHETIC_DEMO
L_20260912,2026-09-12T12:06:38,76,ENTER,,22,SYNTHETIC_DEMO
L_20260912,2026-09-12T12:12:14,76,SERVED,335.7,22,SYNTHETIC_DEMO
L_20260912,2026-09-12T12:29:19,77,ENTER,,7,SYNTHETIC_DEMO
L_20260912,2026-09-12T12:32:11,77,SERVED,172.0,7,SYNTHETIC_DEMO
L_20260912,2026-09-12T12:31:48,78,ENTER,,5,SYNTHETIC_DEMO
L_20260912,2026-09-12T12:33:36,78,SERVED,108.1,5,SYNTHETIC_DEMO
L_20260912,2026-09-12T11:58:17,79,ENTER,,22,SYNTHETIC_DEMO
L_20260912,2026-09-12T12:03:59,79,SERVED,341.9,22,SYNTHETIC_DEMO
L_20260912,2026-09-12T11:36:50,80,ENTER,,13,SYNTHETIC_DEMO
L_20260912,2026-09-12T11:40:04,80,SERVED,194.5,13,SYNTHETIC_DEMO
L_20260912,2026-09-12T11:36:28,81,ENTER,,11,SYNTHETIC_DEMO
L_20260912,2026-09-12T11:40:12,81,SERVED,223.9,11,SYNTHETIC_DEMO
L_20260912,2026-09-12T11:42:02,82,ENTER,,14,SYNTHETIC_DEMO
L_20260912,2026-09-12T11:46:16,82,SERVED,253.5,14,SYNTHETIC_DEMO
L_20260912,2026-09-12T12:17:30,83,ENTER,,14,SYNTHETIC_DEMO
L_20260912,2026-09-12T12:19:40,83,ABANDONED,,14,SYNTHETIC_DEMO
L_20260912,2026-09-12T12:06:21,84,ENTER,,20,SYNTHETIC_DEMO
L_20260912,2026-09-12T12:11:58,84,SERVED,337.4,20,SYNTHETIC_DEMO
L_20260912,2026-09-12T11:53:57,85,ENTER,,21,SYNTHETIC_DEMO
L_20260912,2026-09-12T11:59:15,85,SERVED,317.9,21,SYNTHETIC_DEMO
L_20260912,2026-09-12T12:18:01,86,ENTER,,13,SYNTHETIC_DEMO
L_20260912,2026-09-12T12:21:48,86,SERVED,226.7,13,SYNTHETIC_DEMO
L_20260912,2026-09-12T12:21:54,87,ENTER,,12,SYNTHETIC_DEMO
L_20260912,2026-09-12T12:25:03,87,SERVED,189.6,12,SYNTHETIC_DEMO
L_20260912,2026-09-12T11:45:03,88,ENTER,,17,SYNTHETIC_DEMO
L_20260912,2026-09-12T11:49:30,88,SERVED,266.8,17,SYNTHETIC_DEMO
L_20260912,2026-09-12T11:43:40,89,ENTER,,15,SYNTHETIC_DEMO
L_20260912,2026-09-12T11:48:08,89,SERVED,267.9,15,SYNTHETIC_DEMO
L_20260912,2026-09-12T12:15:42,90,ENTER,,16,SYNTHETIC_DEMO
L_20260912,2026-09-12T12:20:01,90,SERVED,259.0,16,SYNTHETIC_DEMO
L_20260912,2026-09-12T11:49:51,91,ENTER,,21,SYNTHETIC_DEMO
L_20260912,2026-09-12T11:55:08,91,SERVED,317.3,21,SYNTHETIC_DEMO
L_20260912,2026-09-12T11:43:24,92,ENTER,,14,SYNTHETIC_DEMO
L_20260912,2026-09-12T11:47:26,92,SERVED,242.0,14,SYNTHETIC_DEMO
L_20260912,2026-09-12T11:47:29,93,ENTER,,18,SYNTHETIC_DEMO
L_20260912,2026-09-12T11:52:24,93,SERVED,295.9,18,SYNTHETIC_DEMO
L_20260912,2026-09-12T11:50:14,94,ENTER,,19,SYNTHETIC_DEMO
L_20260912,2026-09-12T11:55:29,94,SERVED,314.8,19,SYNTHETIC_DEMO
L_20260912,2026-09-12T12:23:16,95,ENTER,,10,SYNTHETIC_DEMO
L_20260912,2026-09-12T12:26:30,95,SERVED,193.6,10,SYNTHETIC_DEMO
L_20260912,2026-09-12T11:56:38,96,ENTER,,22,SYNTHETIC_DEMO
L_20260912,2026-09-12T12:02:38,96,SERVED,360.0,22,SYNTHETIC_DEMO
L_20260912,2026-09-12T12:16:02,97,ENTER,,15,SYNTHETIC_DEMO
L_20260912,2026-09-12T12:20:06,97,SERVED,244.4,15,SYNTHETIC_DEMO
L_20260912,2026-09-12T11:58:33,98,ENTER,,23,SYNTHETIC_DEMO
L_20260912,2026-09-12T12:04:26,98,SERVED,352.7,23,SYNTHETIC_DEMO
L_20260912,2026-09-12T11:45:01,99,ENTER,,16,SYNTHETIC_DEMO
L_20260912,2026-09-12T11:49:34,99,SERVED,272.6,16,SYNTHETIC_DEMO
L_20260912,2026-09-12T11:30:00,100,ENTER,,7,SYNTHETIC_DEMO
L_20260912,2026-09-12T11:32:37,100,SERVED,157.9,7,SYNTHETIC_DEMO
L_20260912,2026-09-12T12:00:11,101,ENTER,,22,SYNTHETIC_DEMO
L_20260912,2026-09-12T12:06:09,101,SERVED,357.9,22,SYNTHETIC_DEMO
L_20260912,2026-09-12T12:20:27,102,ENTER,,12,SYNTHETIC_DEMO
L_20260912,2026-09-12T12:23:35,102,SERVED,187.6,12,SYNTHETIC_DEMO
L_20260912,2026-09-12T11:41:53,103,ENTER,,14,SYNTHETIC_DEMO
L_20260912,2026-09-12T11:46:00,103,SERVED,246.5,14,SYNTHETIC_DEMO
L_20260912,2026-09-12T12:08:03,104,ENTER,,22,SYNTHETIC_DEMO
L_20260912,2026-09-12T12:14:11,104,SERVED,367.4,22,SYNTHETIC_DEMO
L_20260912,2026-09-12T11:44:12,105,ENTER,,15,SYNTHETIC_DEMO
L_20260912,2026-09-12T11:48:26,105,SERVED,253.3,15,SYNTHETIC_DEMO
L_20260912,2026-09-12T12:23:52,106,ENTER,,9,SYNTHETIC_DEMO
L_20260912,2026-09-12T12:25:33,106,ABANDONED,,9,SYNTHETIC_DEMO
L_20260912,2026-09-12T11:47:45,107,ENTER,,19,SYNTHETIC_DEMO
L_20260912,2026-09-12T11:52:38,107,SERVED,292.9,19,SYNTHETIC_DEMO
L_20260912,2026-09-12T12:11:33,108,ENTER,,19,SYNTHETIC_DEMO
L_20260912,2026-09-12T12:16:16,108,SERVED,282.1,19,SYNTHETIC_DEMO
L_20260912,2026-09-12T12:00:03,109,ENTER,,22,SYNTHETIC_DEMO
L_20260912,2026-09-12T12:06:09,109,SERVED,366.5,22,SYNTHETIC_DEMO
L_20260912,2026-09-12T11:44:46,110,ENTER,,17,SYNTHETIC_DEMO
L_20260912,2026-09-12T11:49:00,110,SERVED,253.8,17,SYNTHETIC_DEMO
L_20260912,2026-09-12T12:29:58,111,ENTER,,6,SYNTHETIC_DEMO
L_20260912,2026-09-12T12:32:38,111,SERVED,160.7,6,SYNTHETIC_DEMO
L_20260912,2026-09-12T12:11:37,112,ENTER,,18,SYNTHETIC_DEMO
L_20260912,2026-09-12T12:16:04,112,SERVED,267.5,18,SYNTHETIC_DEMO
L_20260912,2026-09-12T11:57:46,113,ENTER,,22,SYNTHETIC_DEMO
L_20260912,2026-09-12T12:03:07,113,SERVED,321.1,22,SYNTHETIC_DEMO
L_20260912,2026-09-12T11:53:29,114,ENTER,,21,SYNTHETIC_DEMO
L_20260912,2026-09-12T11:58:42,114,SERVED,313.3,21,SYNTHETIC_DEMO
L_20260912,2026-09-12T11:41:45,115,ENTER,,14,SYNTHETIC_DEMO
L_20260912,2026-09-12T11:45:11,115,SERVED,206.1,14,SYNTHETIC_DEMO
L_20260912,2026-09-12T12:26:02,116,ENTER,,8,SYNTHETIC_DEMO
L_20260912,2026-09-12T12:29:00,116,SERVED,177.1,8,SYNTHETIC_DEMO
L_20260912,2026-09-12T12:18:36,117,ENTER,,14,SYNTHETIC_DEMO
L_20260912,2026-09-12T12:22:36,117,SERVED,239.8,14,SYNTHETIC_DEMO
L_20260912,2026-09-12T12:07:42,118,ENTER,,20,SYNTHETIC_DEMO
L_20260912,2026-09-12T12:13:17,118,SERVED,335.2,20,SYNTHETIC_DEMO
L_20260912,2026-09-12T11:37:38,119,ENTER,,11,SYNTHETIC_DEMO
L_20260912,2026-09-12T11:41:32,119,SERVED,233.7,11,SYNTHETIC_DEMO
L_20260912,2026-09-12T11:57:55,120,ENTER,,23,SYNTHETIC_DEMO
L_20260912,2026-09-12T12:04:21,120,SERVED,386.0,23,SYNTHETIC_DEMO
L_20260912,2026-09-12T12:14:54,121,ENTER,,16,SYNTHETIC_DEMO
L_20260912,2026-09-12T12:19:51,121,SERVED,296.5,16,SYNTHETIC_DEMO
L_20260912,2026-09-12T11:47:27,122,ENTER,,17,SYNTHETIC_DEMO
L_20260912,2026-09-12T11:51:35,122,SERVED,248.4,17,SYNTHETIC_DEMO
L_20260912,2026-09-12T11:47:13,123,ENTER,,17,SYNTHETIC_DEMO
L_20260912,2026-09-12T11:52:13,123,SERVED,300.0,17,SYNTHETIC_DEMO
L_20260912,2026-09-12T11:58:05,124,ENTER,,23,SYNTHETIC_DEMO
L_20260912,2026-09-12T12:04:07,124,SERVED,362.0,23,SYNTHETIC_DEMO
L_20260912,2026-09-12T11:55:04,125,ENTER,,21,SYNTHETIC_DEMO
L_20260912,2026-09-12T12:00:06,125,SERVED,302.5,21,SYNTHETIC_DEMO
L_20260912,2026-09-12T12:19:44,126,ENTER,,13,SYNTHETIC_DEMO
L_20260912,2026-09-12T12:23:47,126,SERVED,243.0,13,SYNTHETIC_DEMO
L_20260912,2026-09-12T11:53:23,127,ENTER,,21,SYNTHETIC_DEMO
L_20260912,2026-09-12T11:58:28,127,SERVED,304.9,21,SYNTHETIC_DEMO
L_20260912,2026-09-12T12:20:20,128,ENTER,,12,SYNTHETIC_DEMO
L_20260912,2026-09-12T12:23:52,128,SERVED,212.0,12,SYNTHETIC_DEMO
L_20260912,2026-09-12T12:00:45,129,ENTER,,25,SYNTHETIC_DEMO
L_20260912,2026-09-12T12:03:59,129,ABANDONED,,25,SYNTHETIC_DEMO
L_20260912,2026-09-12T12:06:37,130,ENTER,,20,SYNTHETIC_DEMO
L_20260912,2026-09-12T12:11:31,130,SERVED,293.5,20,SYNTHETIC_DEMO
L_20260912,2026-09-12T12:12:19,131,ENTER,,18,SYNTHETIC_DEMO
L_20260912,2026-09-12T12:17:11,131,SERVED,291.7,18,SYNTHETIC_DEMO
L_20260912,2026-09-12T12:27:33,132,ENTER,,8,SYNTHETIC_DEMO
L_20260912,2026-09-12T12:29:54,132,SERVED,140.9,8,SYNTHETIC_DEMO
L_20260912,2026-09-12T12:04:30,133,ENTER,,22,SYNTHETIC_DEMO
L_20260912,2026-09-12T12:09:52,133,SERVED,322.4,22,SYNTHETIC_DEMO
L_20260912,2026-09-12T11:33:18,134,ENTER,,9,SYNTHETIC_DEMO
L_20260912,2026-09-12T11:35:51,134,SERVED,152.4,9,SYNTHETIC_DEMO
L_20260912,2026-09-12T12:03:01,135,ENTER,,21,SYNTHETIC_DEMO
L_20260912,2026-09-12T12:08:09,135,SERVED,308.0,21,SYNTHETIC_DEMO
L_20260912,2026-09-12T12:14:21,136,ENTER,,17,SYNTHETIC_DEMO
L_20260912,2026-09-12T12:19:03,136,SERVED,281.9,17,SYNTHETIC_DEMO
L_20260912,2026-09-12T11:54:41,137,ENTER,,22,SYNTHETIC_DEMO
L_20260912,2026-09-12T11:59:57,137,SERVED,316.5,22,SYNTHETIC_DEMO
L_20260912,2026-09-12T11:30:00,138,ENTER,,5,SYNTHETIC_DEMO
L_20260912,2026-09-12T11:32:32,138,SERVED,152.3,5,SYNTHETIC_DEMO
L_20260912,2026-09-12T12:03:21,139,ENTER,,21,SYNTHETIC_DEMO
L_20260912,2026-09-12T12:08:40,139,SERVED,318.3,21,SYNTHETIC_DEMO
L_20260912,2026-09-12T11:58:55,140,ENTER,,22,SYNTHETIC_DEMO
L_20260912,2026-09-12T12:04:54,140,SERVED,358.7,22,SYNTHETIC_DEMO
L_20260912,2026-09-12T11:44:07,141,ENTER,,15,SYNTHETIC_DEMO
L_20260912,2026-09-12T11:48:37,141,SERVED,270.1,15,SYNTHETIC_DEMO
L_20260912,2026-09-12T11:30:00,142,ENTER,,7,SYNTHETIC_DEMO
L_20260912,2026-09-12T11:32:51,142,SERVED,171.1,7,SYNTHETIC_DEMO
L_20260912,2026-09-12T12:05:19,143,ENTER,,21,SYNTHETIC_DEMO
L_20260912,2026-09-12T12:10:35,143,SERVED,316.4,21,SYNTHETIC_DEMO
L_20260912,2026-09-12T12:04:27,144,ENTER,,24,SYNTHETIC_DEMO
L_20260912,2026-09-12T12:10:58,144,SERVED,391.3,24,SYNTHETIC_DEMO
L_20260912,2026-09-12T12:01:43,145,ENTER,,22,SYNTHETIC_DEMO
L_20260912,2026-09-12T12:07:57,145,SERVED,374.1,22,SYNTHETIC_DEMO
L_20260912,2026-09-12T11:56:40,146,ENTER,,22,SYNTHETIC_DEMO
L_20260912,2026-09-12T12:02:33,146,SERVED,353.0,22,SYNTHETIC_DEMO
L_20260912,2026-09-12T12:06:52,147,ENTER,,21,SYNTHETIC_DEMO
L_20260912,2026-09-12T12:12:39,147,SERVED,346.7,21,SYNTHETIC_DEMO
L_20260912,2026-09-12T12:22:54,148,ENTER,,11,SYNTHETIC_DEMO
L_20260912,2026-09-12T12:26:16,148,SERVED,201.6,11,SYNTHETIC_DEMO
L_20260912,2026-09-12T12:14:59,149,ENTER,,16,SYNTHETIC_DEMO
L_20260912,2026-09-12T12:18:52,149,SERVED,232.6,16,SYNTHETIC_DEMO
L_20260912,2026-09-12T12:31:49,150,ENTER,,5,SYNTHETIC_DEMO
L_20260912,2026-09-12T12:33:13,150,SERVED,84.7,5,SYNTHETIC_DEMO
L_20260912,2026-09-12T12:12:16,151,ENTER,,18,SYNTHETIC_DEMO
L_20260912,2026-09-12T12:17:16,151,SERVED,300.8,18,SYNTHETIC_DEMO
L_20260912,2026-09-12T12:28:44,152,ENTER,,8,SYNTHETIC_DEMO
L_20260912,2026-09-12T12:31:00,152,SERVED,135.7,8,SYNTHETIC_DEMO
L_20260912,2026-09-12T11:58:06,153,ENTER,,22,SYNTHETIC_DEMO
L_20260912,2026-09-12T12:04:17,153,SERVED,370.4,22,SYNTHETIC_DEMO
L_20260912,2026-09-12T12:03:27,154,ENTER,,23,SYNTHETIC_DEMO
L_20260912,2026-09-12T12:08:54,154,SERVED,327.1,23,SYNTHETIC_DEMO
L_20260912,2026-09-12T11:46:21,155,ENTER,,16,SYNTHETIC_DEMO
L_20260912,2026-09-12T11:50:24,155,SERVED,242.7,16,SYNTHETIC_DEMO
L_20260912,2026-09-12T12:06:02,156,ENTER,,22,SYNTHETIC_DEMO
L_20260912,2026-09-12T12:12:13,156,SERVED,371.0,22,SYNTHETIC_DEMO
L_20260912,2026-09-12T12:08:16,157,ENTER,,21,SYNTHETIC_DEMO
L_20260912,2026-09-12T12:13:43,157,SERVED,326.6,21,SYNTHETIC_DEMO
L_20260912,2026-09-12T11:58:09,158,ENTER,,22,SYNTHETIC_DEMO
L_20260912,2026-09-12T12:04:26,158,SERVED,377.1,22,SYNTHETIC_DEMO
L_20260912,2026-09-12T12:09:47,159,ENTER,,20,SYNTHETIC_DEMO
L_20260912,2026-09-12T12:15:18,159,SERVED,330.9,20,SYNTHETIC_DEMO
L_20260912,2026-09-12T12:00:56,160,ENTER,,22,SYNTHETIC_DEMO
L_20260912,2026-09-12T12:06:41,160,SERVED,344.8,22,SYNTHETIC_DEMO
L_20260912,2026-09-12T11:30:00,161,ENTER,,7,SYNTHETIC_DEMO
L_20260912,2026-09-12T11:32:47,161,SERVED,167.6,7,SYNTHETIC_DEMO
L_20260912,2026-09-12T11:50:49,162,ENTER,,20,SYNTHETIC_DEMO
L_20260912,2026-09-12T11:56:14,162,SERVED,325.0,20,SYNTHETIC_DEMO
L_20260912,2026-09-12T12:10:39,163,ENTER,,19,SYNTHETIC_DEMO
L_20260912,2026-09-12T12:15:37,163,SERVED,297.4,19,SYNTHETIC_DEMO
L_20260912,2026-09-12T12:10:29,164,ENTER,,20,SYNTHETIC_DEMO
L_20260912,2026-09-12T12:16:08,164,SERVED,338.1,20,SYNTHETIC_DEMO
L_20260912,2026-09-12T12:25:15,165,ENTER,,9,SYNTHETIC_DEMO
L_20260912,2026-09-12T12:27:37,165,SERVED,142.8,9,SYNTHETIC_DEMO
L_20260912,2026-09-12T12:16:29,166,ENTER,,15,SYNTHETIC_DEMO
L_20260912,2026-09-12T12:20:51,166,SERVED,262.1,15,SYNTHETIC_DEMO
L_20260912,2026-09-12T12:02:55,167,ENTER,,22,SYNTHETIC_DEMO
L_20260912,2026-09-12T12:09:00,167,SERVED,365.4,22,SYNTHETIC_DEMO
L_20260912,2026-09-12T11:30:00,168,ENTER,,6,SYNTHETIC_DEMO
L_20260912,2026-09-12T11:31:41,168,SERVED,101.6,6,SYNTHETIC_DEMO
L_20260912,2026-09-12T11:30:00,169,ENTER,,7,SYNTHETIC_DEMO
L_20260912,2026-09-12T11:31:50,169,SERVED,110.6,7,SYNTHETIC_DEMO
L_20260912,2026-09-12T11:49:17,170,ENTER,,20,SYNTHETIC_DEMO
L_20260912,2026-09-12T11:54:28,170,SERVED,311.7,20,SYNTHETIC_DEMO
L_20260912,2026-09-12T12:32:15,171,ENTER,,6,SYNTHETIC_DEMO
L_20260912,2026-09-12T12:34:28,171,SERVED,133.5,6,SYNTHETIC_DEMO
D_20260912,2026-09-12T17:47:07,1,ENTER,,13,SYNTHETIC_DEMO
D_20260912,2026-09-12T17:50:52,1,SERVED,225.3,13,SYNTHETIC_DEMO
D_20260912,2026-09-12T17:00:00,2,ENTER,,1,SYNTHETIC_DEMO
D_20260912,2026-09-12T17:01:15,2,SERVED,75.6,1,SYNTHETIC_DEMO
D_20260912,2026-09-12T17:52:34,3,ENTER,,9,SYNTHETIC_DEMO
D_20260912,2026-09-12T17:55:15,3,SERVED,161.2,9,SYNTHETIC_DEMO
D_20260912,2026-09-12T18:05:38,4,ENTER,,5,SYNTHETIC_DEMO
D_20260912,2026-09-12T18:07:56,4,SERVED,138.7,5,SYNTHETIC_DEMO
D_20260912,2026-09-12T17:29:27,5,ENTER,,9,SYNTHETIC_DEMO
D_20260912,2026-09-12T17:32:04,5,SERVED,157.2,9,SYNTHETIC_DEMO
D_20260912,2026-09-12T17:38:33,6,ENTER,,12,SYNTHETIC_DEMO
D_20260912,2026-09-12T17:41:52,6,SERVED,199.5,12,SYNTHETIC_DEMO
D_20260912,2026-09-12T17:32:42,7,ENTER,,12,SYNTHETIC_DEMO
D_20260912,2026-09-12T17:36:50,7,SERVED,247.9,12,SYNTHETIC_DEMO
D_20260912,2026-09-12T17:22:09,8,ENTER,,8,SYNTHETIC_DEMO
D_20260912,2026-09-12T17:25:04,8,SERVED,174.4,8,SYNTHETIC_DEMO
D_20260912,2026-09-12T17:24:24,9,ENTER,,8,SYNTHETIC_DEMO
D_20260912,2026-09-12T17:26:50,9,SERVED,146.1,8,SYNTHETIC_DEMO
D_20260912,2026-09-12T17:39:56,10,ENTER,,13,SYNTHETIC_DEMO
D_20260912,2026-09-12T17:43:10,10,SERVED,193.9,13,SYNTHETIC_DEMO
D_20260912,2026-09-12T18:15:00,11,ENTER,,3,SYNTHETIC_DEMO
D_20260912,2026-09-12T18:16:13,11,SERVED,72.3,3,SYNTHETIC_DEMO
D_20260912,2026-09-12T18:01:43,12,ENTER,,7,SYNTHETIC_DEMO
D_20260912,2026-09-12T18:04:09,12,SERVED,146.3,7,SYNTHETIC_DEMO
D_20260912,2026-09-12T17:16:58,13,ENTER,,6,SYNTHETIC_DEMO
D_20260912,2026-09-12T17:19:22,13,SERVED,144.1,6,SYNTHETIC_DEMO
D_20260912,2026-09-12T18:22:17,14,ENTER,,2,SYNTHETIC_DEMO
D_20260912,2026-09-12T18:23:14,14,SERVED,58.0,2,SYNTHETIC_DEMO
D_20260912,2026-09-12T17:23:34,15,ENTER,,9,SYNTHETIC_DEMO
D_20260912,2026-09-12T17:26:42,15,SERVED,188.1,9,SYNTHETIC_DEMO
D_20260912,2026-09-12T17:04:07,16,ENTER,,3,SYNTHETIC_DEMO
D_20260912,2026-09-12T17:06:03,16,SERVED,115.6,3,SYNTHETIC_DEMO
D_20260912,2026-09-12T17:41:45,17,ENTER,,15,SYNTHETIC_DEMO
D_20260912,2026-09-12T17:46:14,17,SERVED,269.1,15,SYNTHETIC_DEMO
D_20260912,2026-09-12T18:14:04,18,ENTER,,3,SYNTHETIC_DEMO
D_20260912,2026-09-12T18:15:23,18,SERVED,78.6,3,SYNTHETIC_DEMO
D_20260912,2026-09-12T17:31:05,19,ENTER,,11,SYNTHETIC_DEMO
D_20260912,2026-09-12T17:34:35,19,SERVED,210.2,11,SYNTHETIC_DEMO
D_20260912,2026-09-12T17:51:54,20,ENTER,,11,SYNTHETIC_DEMO
D_20260912,2026-09-12T17:54:38,20,SERVED,164.3,11,SYNTHETIC_DEMO
D_20260912,2026-09-12T17:44:27,21,ENTER,,13,SYNTHETIC_DEMO
D_20260912,2026-09-12T17:48:42,21,SERVED,255.2,13,SYNTHETIC_DEMO
D_20260912,2026-09-12T17:36:24,22,ENTER,,11,SYNTHETIC_DEMO
D_20260912,2026-09-12T17:39:12,22,SERVED,168.0,11,SYNTHETIC_DEMO
D_20260912,2026-09-12T18:00:51,23,ENTER,,7,SYNTHETIC_DEMO
D_20260912,2026-09-12T18:03:51,23,SERVED,180.7,7,SYNTHETIC_DEMO
D_20260912,2026-09-12T17:17:52,24,ENTER,,7,SYNTHETIC_DEMO
D_20260912,2026-09-12T17:20:16,24,SERVED,143.8,7,SYNTHETIC_DEMO
D_20260912,2026-09-12T17:10:34,25,ENTER,,5,SYNTHETIC_DEMO
D_20260912,2026-09-12T17:12:31,25,SERVED,116.8,5,SYNTHETIC_DEMO
D_20260912,2026-09-12T17:29:35,26,ENTER,,11,SYNTHETIC_DEMO
D_20260912,2026-09-12T17:33:22,26,SERVED,227.0,11,SYNTHETIC_DEMO
D_20260912,2026-09-12T17:59:07,27,ENTER,,7,SYNTHETIC_DEMO
D_20260912,2026-09-12T18:01:42,27,SERVED,154.6,7,SYNTHETIC_DEMO
D_20260912,2026-09-12T17:35:30,28,ENTER,,12,SYNTHETIC_DEMO
D_20260912,2026-09-12T17:39:22,28,SERVED,231.9,12,SYNTHETIC_DEMO
D_20260912,2026-09-12T17:45:00,29,ENTER,,12,SYNTHETIC_DEMO
D_20260912,2026-09-12T17:48:24,29,SERVED,203.9,12,SYNTHETIC_DEMO
D_20260912,2026-09-12T17:34:36,30,ENTER,,13,SYNTHETIC_DEMO
D_20260912,2026-09-12T17:38:45,30,SERVED,248.8,13,SYNTHETIC_DEMO
D_20260912,2026-09-12T17:38:45,31,ENTER,,12,SYNTHETIC_DEMO
D_20260912,2026-09-12T17:42:31,31,SERVED,226.2,12,SYNTHETIC_DEMO
D_20260912,2026-09-12T17:47:49,32,ENTER,,12,SYNTHETIC_DEMO
D_20260912,2026-09-12T17:51:11,32,SERVED,202.7,12,SYNTHETIC_DEMO
D_20260912,2026-09-12T18:28:51,33,ENTER,,2,SYNTHETIC_DEMO
D_20260912,2026-09-12T18:30:13,33,SERVED,81.8,2,SYNTHETIC_DEMO
D_20260912,2026-09-12T17:44:56,34,ENTER,,11,SYNTHETIC_DEMO
D_20260912,2026-09-12T17:47:49,34,SERVED,173.5,11,SYNTHETIC_DEMO
D_20260912,2026-09-12T17:07:18,35,ENTER,,4,SYNTHETIC_DEMO
D_20260912,2026-09-12T17:09:00,35,SERVED,101.2,4,SYNTHETIC_DEMO
D_20260912,2026-09-12T17:38:08,36,ENTER,,13,SYNTHETIC_DEMO
D_20260912,2026-09-12T17:42:03,36,SERVED,235.1,13,SYNTHETIC_DEMO
D_20260912,2026-09-12T17:47:44,37,ENTER,,11,SYNTHETIC_DEMO
D_20260912,2026-09-12T17:51:04,37,SERVED,199.7,11,SYNTHETIC_DEMO
D_20260912,2026-09-12T18:16:39,38,ENTER,,4,SYNTHETIC_DEMO
D_20260912,2026-09-12T18:19:00,38,SERVED,141.3,4,SYNTHETIC_DEMO
D_20260912,2026-09-12T17:26:09,39,ENTER,,9,SYNTHETIC_DEMO
D_20260912,2026-09-12T17:29:37,39,SERVED,208.0,9,SYNTHETIC_DEMO
D_20260912,2026-09-12T17:00:40,40,ENTER,,3,SYNTHETIC_DEMO
D_20260912,2026-09-12T17:02:42,40,SERVED,121.8,3,SYNTHETIC_DEMO
D_20260912,2026-09-12T18:04:55,41,ENTER,,6,SYNTHETIC_DEMO
D_20260912,2026-09-12T18:06:36,41,SERVED,101.1,6,SYNTHETIC_DEMO
D_20260912,2026-09-12T18:00:19,42,ENTER,,6,SYNTHETIC_DEMO
D_20260912,2026-09-12T18:02:21,42,SERVED,122.0,6,SYNTHETIC_DEMO
D_20260912,2026-09-12T17:58:00,43,ENTER,,9,SYNTHETIC_DEMO
D_20260912,2026-09-12T18:01:12,43,SERVED,192.6,9,SYNTHETIC_DEMO
D_20260912,2026-09-12T17:23:57,44,ENTER,,8,SYNTHETIC_DEMO
D_20260912,2026-09-12T17:26:56,44,SERVED,178.9,8,SYNTHETIC_DEMO
D_20260912,2026-09-12T17:16:13,45,ENTER,,6,SYNTHETIC_DEMO
D_20260912,2026-09-12T17:18:28,45,SERVED,135.4,6,SYNTHETIC_DEMO
D_20260912,2026-09-12T17:33:16,46,ENTER,,12,SYNTHETIC_DEMO
D_20260912,2026-09-12T17:37:01,46,SERVED,224.6,12,SYNTHETIC_DEMO
D_20260912,2026-09-12T17:00:00,47,ENTER,,1,SYNTHETIC_DEMO
D_20260912,2026-09-12T17:01:30,47,SERVED,91.0,1,SYNTHETIC_DEMO
D_20260912,2026-09-12T18:06:10,48,ENTER,,6,SYNTHETIC_DEMO
D_20260912,2026-09-12T18:08:11,48,SERVED,121.2,6,SYNTHETIC_DEMO
D_20260912,2026-09-12T17:39:49,49,ENTER,,11,SYNTHETIC_DEMO
D_20260912,2026-09-12T17:42:53,49,SERVED,183.1,11,SYNTHETIC_DEMO
D_20260912,2026-09-12T17:00:00,50,ENTER,,4,SYNTHETIC_DEMO
D_20260912,2026-09-12T17:02:22,50,SERVED,142.7,4,SYNTHETIC_DEMO
D_20260912,2026-09-12T17:41:13,51,ENTER,,12,SYNTHETIC_DEMO
D_20260912,2026-09-12T17:43:11,51,ABANDONED,,12,SYNTHETIC_DEMO
D_20260912,2026-09-12T17:37:24,52,ENTER,,15,SYNTHETIC_DEMO
D_20260912,2026-09-12T17:41:13,52,SERVED,228.2,15,SYNTHETIC_DEMO
D_20260912,2026-09-12T18:20:42,53,ENTER,,2,SYNTHETIC_DEMO
D_20260912,2026-09-12T18:22:20,53,SERVED,97.5,2,SYNTHETIC_DEMO
D_20260912,2026-09-12T17:22:36,54,ENTER,,8,SYNTHETIC_DEMO
D_20260912,2026-09-12T17:23:56,54,ABANDONED,,8,SYNTHETIC_DEMO
D_20260912,2026-09-12T18:04:09,55,ENTER,,6,SYNTHETIC_DEMO
D_20260912,2026-09-12T18:06:41,55,SERVED,152.1,6,SYNTHETIC_DEMO
D_20260912,2026-09-12T17:36:32,56,ENTER,,13,SYNTHETIC_DEMO
D_20260912,2026-09-12T17:40:45,56,SERVED,253.9,13,SYNTHETIC_DEMO
D_20260912,2026-09-12T17:34:18,57,ENTER,,12,SYNTHETIC_DEMO
D_20260912,2026-09-12T17:38:22,57,SERVED,243.6,12,SYNTHETIC_DEMO
D_20260912,2026-09-12T17:43:07,58,ENTER,,13,SYNTHETIC_DEMO
D_20260912,2026-09-12T17:47:11,58,SERVED,244.2,13,SYNTHETIC_DEMO
D_20260912,2026-09-12T18:07:06,59,ENTER,,4,SYNTHETIC_DEMO
D_20260912,2026-09-12T18:09:22,59,SERVED,136.1,4,SYNTHETIC_DEMO
D_20260912,2026-09-12T18:08:41,60,ENTER,,5,SYNTHETIC_DEMO
D_20260912,2026-09-12T18:10:53,60,SERVED,132.0,5,SYNTHETIC_DEMO
D_20260912,2026-09-12T17:44:09,61,ENTER,,12,SYNTHETIC_DEMO
D_20260912,2026-09-12T17:47:51,61,SERVED,222.1,12,SYNTHETIC_DEMO
D_20260912,2026-09-12T17:33:38,62,ENTER,,11,SYNTHETIC_DEMO
D_20260912,2026-09-12T17:37:10,62,SERVED,211.7,11,SYNTHETIC_DEMO
D_20260912,2026-09-12T18:04:07,63,ENTER,,6,SYNTHETIC_DEMO
D_20260912,2026-09-12T18:05:45,63,SERVED,98.1,6,SYNTHETIC_DEMO
D_20260912,2026-09-12T17:13:28,64,ENTER,,4,SYNTHETIC_DEMO
D_20260912,2026-09-12T17:15:32,64,SERVED,124.5,4,SYNTHETIC_DEMO
D_20260912,2026-09-12T17:37:23,65,ENTER,,13,SYNTHETIC_DEMO
D_20260912,2026-09-12T17:41:33,65,SERVED,250.3,13,SYNTHETIC_DEMO
D_20260912,2026-09-12T17:36:58,66,ENTER,,13,SYNTHETIC_DEMO
D_20260912,2026-09-12T17:40:44,66,SERVED,225.8,13,SYNTHETIC_DEMO
D_20260912,2026-09-12T18:08:20,67,ENTER,,3,SYNTHETIC_DEMO
D_20260912,2026-09-12T18:10:12,67,SERVED,112.3,3,SYNTHETIC_DEMO
D_20260912,2026-09-12T17:00:00,68,ENTER,,2,SYNTHETIC_DEMO
D_20260912,2026-09-12T17:01:08,68,SERVED,68.8,2,SYNTHETIC_DEMO
D_20260912,2026-09-12T17:35:58,69,ENTER,,13,SYNTHETIC_DEMO
D_20260912,2026-09-12T17:40:13,69,SERVED,254.9,13,SYNTHETIC_DEMO
D_20260912,2026-09-12T17:47:00,70,ENTER,,12,SYNTHETIC_DEMO
D_20260912,2026-09-12T17:50:23,70,SERVED,202.2,12,SYNTHETIC_DEMO
D_20260912,2026-09-12T17:33:16,71,ENTER,,11,SYNTHETIC_DEMO
D_20260912,2026-09-12T17:36:29,71,SERVED,193.1,11,SYNTHETIC_DEMO
D_20260912,2026-09-12T17:53:09,72,ENTER,,9,SYNTHETIC_DEMO
D_20260912,2026-09-12T17:56:36,72,SERVED,207.8,9,SYNTHETIC_DEMO
D_20260912,2026-09-12T18:05:37,73,ENTER,,5,SYNTHETIC_DEMO
D_20260912,2026-09-12T18:07:32,73,SERVED,114.3,5,SYNTHETIC_DEMO
D_20260912,2026-09-12T17:24:24,74,ENTER,,10,SYNTHETIC_DEMO
D_20260912,2026-09-12T17:26:55,74,SERVED,151.0,10,SYNTHETIC_DEMO
D_20260912,2026-09-12T17:33:04,75,ENTER,,12,SYNTHETIC_DEMO
D_20260912,2026-09-12T17:36:30,75,SERVED,206.2,12,SYNTHETIC_DEMO
D_20260912,2026-09-12T17:52:15,76,ENTER,,11,SYNTHETIC_DEMO
D_20260912,2026-09-12T17:55:22,76,SERVED,187.3,11,SYNTHETIC_DEMO
D_20260912,2026-09-12T17:45:57,77,ENTER,,13,SYNTHETIC_DEMO
D_20260912,2026-09-12T17:49:34,77,SERVED,216.3,13,SYNTHETIC_DEMO
D_20260912,2026-09-12T17:51:55,78,ENTER,,11,SYNTHETIC_DEMO
D_20260912,2026-09-12T17:55:07,78,SERVED,192.3,11,SYNTHETIC_DEMO
D_20260912,2026-09-12T17:49:46,79,ENTER,,11,SYNTHETIC_DEMO
D_20260912,2026-09-12T17:53:20,79,SERVED,214.2,11,SYNTHETIC_DEMO
D_20260912,2026-09-12T17:08:45,80,ENTER,,4,SYNTHETIC_DEMO
D_20260912,2026-09-12T17:10:18,80,SERVED,93.3,4,SYNTHETIC_DEMO
D_20260912,2026-09-12T17:33:50,81,ENTER,,11,SYNTHETIC_DEMO
D_20260912,2026-09-12T17:37:08,81,SERVED,198.2,11,SYNTHETIC_DEMO
D_20260912,2026-09-12T17:06:44,82,ENTER,,3,SYNTHETIC_DEMO
D_20260912,2026-09-12T17:08:18,82,SERVED,94.1,3,SYNTHETIC_DEMO
D_20260912,2026-09-12T17:28:51,83,ENTER,,11,SYNTHETIC_DEMO
D_20260912,2026-09-12T17:32:15,83,SERVED,204.4,11,SYNTHETIC_DEMO
D_20260912,2026-09-12T17:51:05,84,ENTER,,11,SYNTHETIC_DEMO
D_20260912,2026-09-12T17:54:34,84,SERVED,208.3,11,SYNTHETIC_DEMO
D_20260912,2026-09-12T17:47:16,85,ENTER,,13,SYNTHETIC_DEMO
D_20260912,2026-09-12T17:51:26,85,SERVED,249.4,13,SYNTHETIC_DEMO
D_20260912,2026-09-12T17:42:44,86,ENTER,,11,SYNTHETIC_DEMO
D_20260912,2026-09-12T17:46:20,86,SERVED,215.9,11,SYNTHETIC_DEMO
D_20260912,2026-09-12T17:41:14,87,ENTER,,13,SYNTHETIC_DEMO
D_20260912,2026-09-12T17:44:33,87,SERVED,198.3,13,SYNTHETIC_DEMO
D_20260912,2026-09-12T17:03:03,88,ENTER,,3,SYNTHETIC_DEMO
D_20260912,2026-09-12T17:04:56,88,SERVED,112.8,3,SYNTHETIC_DEMO
D_20260912,2026-09-12T17:00:00,89,ENTER,,3,SYNTHETIC_DEMO
D_20260912,2026-09-12T17:01:51,89,SERVED,111.8,3,SYNTHETIC_DEMO
D_20260912,2026-09-12T17:58:11,90,ENTER,,7,SYNTHETIC_DEMO
D_20260912,2026-09-12T18:00:19,90,SERVED,127.9,7,SYNTHETIC_DEMO
D_20260912,2026-09-12T17:17:55,91,ENTER,,5,SYNTHETIC_DEMO
D_20260912,2026-09-12T17:19:45,91,SERVED,110.1,5,SYNTHETIC_DEMO
D_20260912,2026-09-12T17:40:43,92,ENTER,,13,SYNTHETIC_DEMO
D_20260912,2026-09-12T17:44:49,92,SERVED,246.3,13,SYNTHETIC_DEMO
D_20260912,2026-09-12T17:52:53,93,ENTER,,10,SYNTHETIC_DEMO
D_20260912,2026-09-12T17:55:53,93,SERVED,180.0,10,SYNTHETIC_DEMO
D_20260912,2026-09-12T17:38:05,94,ENTER,,12,SYNTHETIC_DEMO
D_20260912,2026-09-12T17:41:28,94,SERVED,203.3,12,SYNTHETIC_DEMO
D_20260912,2026-09-12T17:31:39,95,ENTER,,13,SYNTHETIC_DEMO
D_20260912,2026-09-12T17:35:26,95,SERVED,227.1,13,SYNTHETIC_DEMO
D_20260912,2026-09-12T17:56:49,96,ENTER,,9,SYNTHETIC_DEMO
D_20260912,2026-09-12T17:59:06,96,SERVED,137.4,9,SYNTHETIC_DEMO
D_20260912,2026-09-12T18:18:20,97,ENTER,,3,SYNTHETIC_DEMO
D_20260912,2026-09-12T18:19:30,97,SERVED,69.1,3,SYNTHETIC_DEMO
D_20260912,2026-09-12T17:42:05,98,ENTER,,13,SYNTHETIC_DEMO
D_20260912,2026-09-12T17:46:09,98,SERVED,244.8,13,SYNTHETIC_DEMO
D_20260912,2026-09-12T17:02:23,99,ENTER,,3,SYNTHETIC_DEMO
D_20260912,2026-09-12T17:04:32,99,SERVED,128.7,3,SYNTHETIC_DEMO
D_20260912,2026-09-12T17:42:50,100,ENTER,,12,SYNTHETIC_DEMO
D_20260912,2026-09-12T17:46:38,100,SERVED,228.6,12,SYNTHETIC_DEMO
B_20260913,2026-09-13T05:44:44,1,ENTER,,7,SYNTHETIC_DEMO
B_20260913,2026-09-13T05:46:35,1,SERVED,110.9,7,SYNTHETIC_DEMO
B_20260913,2026-09-13T06:22:01,2,ENTER,,5,SYNTHETIC_DEMO
B_20260913,2026-09-13T06:24:36,2,SERVED,155.7,5,SYNTHETIC_DEMO
B_20260913,2026-09-13T06:23:42,3,ENTER,,6,SYNTHETIC_DEMO
B_20260913,2026-09-13T06:25:46,3,SERVED,124.4,6,SYNTHETIC_DEMO
B_20260913,2026-09-13T06:04:40,4,ENTER,,10,SYNTHETIC_DEMO
B_20260913,2026-09-13T06:07:22,4,SERVED,161.6,10,SYNTHETIC_DEMO
B_20260913,2026-09-13T05:36:47,5,ENTER,,4,SYNTHETIC_DEMO
B_20260913,2026-09-13T05:38:40,5,SERVED,112.6,4,SYNTHETIC_DEMO
B_20260913,2026-09-13T06:02:57,6,ENTER,,10,SYNTHETIC_DEMO
B_20260913,2026-09-13T06:06:19,6,SERVED,202.1,10,SYNTHETIC_DEMO
B_20260913,2026-09-13T06:15:51,7,ENTER,,9,SYNTHETIC_DEMO
B_20260913,2026-09-13T06:18:42,7,SERVED,170.6,9,SYNTHETIC_DEMO
B_20260913,2026-09-13T05:37:46,8,ENTER,,4,SYNTHETIC_DEMO
B_20260913,2026-09-13T05:39:17,8,SERVED,90.9,4,SYNTHETIC_DEMO
B_20260913,2026-09-13T05:30:00,9,ENTER,,3,SYNTHETIC_DEMO
B_20260913,2026-09-13T05:31:10,9,SERVED,71.0,3,SYNTHETIC_DEMO
B_20260913,2026-09-13T05:30:00,10,ENTER,,2,SYNTHETIC_DEMO
B_20260913,2026-09-13T05:31:50,10,SERVED,110.5,2,SYNTHETIC_DEMO
B_20260913,2026-09-13T06:23:01,11,ENTER,,8,SYNTHETIC_DEMO
B_20260913,2026-09-13T06:26:14,11,SERVED,192.1,8,SYNTHETIC_DEMO
B_20260913,2026-09-13T06:19:04,12,ENTER,,6,SYNTHETIC_DEMO
B_20260913,2026-09-13T06:21:48,12,SERVED,164.4,6,SYNTHETIC_DEMO
B_20260913,2026-09-13T06:26:25,13,ENTER,,7,SYNTHETIC_DEMO
B_20260913,2026-09-13T06:28:15,13,SERVED,110.5,7,SYNTHETIC_DEMO
B_20260913,2026-09-13T06:24:56,14,ENTER,,6,SYNTHETIC_DEMO
B_20260913,2026-09-13T06:26:58,14,SERVED,122.3,6,SYNTHETIC_DEMO
B_20260913,2026-09-13T06:04:51,15,ENTER,,12,SYNTHETIC_DEMO
B_20260913,2026-09-13T06:08:53,15,SERVED,242.0,12,SYNTHETIC_DEMO
B_20260913,2026-09-13T05:56:11,16,ENTER,,10,SYNTHETIC_DEMO
B_20260913,2026-09-13T05:59:42,16,SERVED,210.7,10,SYNTHETIC_DEMO
B_20260913,2026-09-13T05:47:14,17,ENTER,,8,SYNTHETIC_DEMO
B_20260913,2026-09-13T05:50:21,17,SERVED,187.5,8,SYNTHETIC_DEMO
B_20260913,2026-09-13T06:34:16,18,ENTER,,4,SYNTHETIC_DEMO
B_20260913,2026-09-13T06:35:30,18,SERVED,74.5,4,SYNTHETIC_DEMO
B_20260913,2026-09-13T06:01:06,19,ENTER,,10,SYNTHETIC_DEMO
B_20260913,2026-09-13T06:04:41,19,SERVED,215.1,10,SYNTHETIC_DEMO
B_20260913,2026-09-13T06:18:15,20,ENTER,,9,SYNTHETIC_DEMO
B_20260913,2026-09-13T06:20:56,20,SERVED,160.3,9,SYNTHETIC_DEMO
B_20260913,2026-09-13T05:51:55,21,ENTER,,8,SYNTHETIC_DEMO
B_20260913,2026-09-13T05:54:31,21,SERVED,155.8,8,SYNTHETIC_DEMO
B_20260913,2026-09-13T05:46:16,22,ENTER,,6,SYNTHETIC_DEMO
B_20260913,2026-09-13T05:48:25,22,SERVED,129.1,6,SYNTHETIC_DEMO
B_20260913,2026-09-13T06:12:06,23,ENTER,,9,SYNTHETIC_DEMO
B_20260913,2026-09-13T06:14:54,23,SERVED,168.2,9,SYNTHETIC_DEMO
B_20260913,2026-09-13T06:16:50,24,ENTER,,10,SYNTHETIC_DEMO
B_20260913,2026-09-13T06:20:17,24,SERVED,207.2,10,SYNTHETIC_DEMO
B_20260913,2026-09-13T05:31:05,25,ENTER,,3,SYNTHETIC_DEMO
B_20260913,2026-09-13T05:32:32,25,SERVED,87.0,3,SYNTHETIC_DEMO
B_20260913,2026-09-13T05:30:00,26,ENTER,,4,SYNTHETIC_DEMO
B_20260913,2026-09-13T05:31:25,26,SERVED,85.9,4,SYNTHETIC_DEMO
B_20260913,2026-09-13T06:33:41,27,ENTER,,4,SYNTHETIC_DEMO
B_20260913,2026-09-13T06:35:51,27,SERVED,130.1,4,SYNTHETIC_DEMO
B_20260913,2026-09-13T06:06:50,28,ENTER,,11,SYNTHETIC_DEMO
B_20260913,2026-09-13T06:09:45,28,SERVED,175.4,11,SYNTHETIC_DEMO
B_20260913,2026-09-13T05:42:29,29,ENTER,,6,SYNTHETIC_DEMO
B_20260913,2026-09-13T05:45:03,29,SERVED,154.2,6,SYNTHETIC_DEMO
B_20260913,2026-09-13T05:30:00,30,ENTER,,4,SYNTHETIC_DEMO
B_20260913,2026-09-13T05:31:58,30,SERVED,118.6,4,SYNTHETIC_DEMO
B_20260913,2026-09-13T06:16:51,31,ENTER,,9,SYNTHETIC_DEMO
B_20260913,2026-09-13T06:19:09,31,SERVED,138.0,9,SYNTHETIC_DEMO
B_20260913,2026-09-13T05:57:54,32,ENTER,,10,SYNTHETIC_DEMO
B_20260913,2026-09-13T06:00:35,32,SERVED,161.4,10,SYNTHETIC_DEMO
B_20260913,2026-09-13T06:23:43,33,ENTER,,6,SYNTHETIC_DEMO
B_20260913,2026-09-13T06:25:21,33,SERVED,98.2,6,SYNTHETIC_DEMO
B_20260913,2026-09-13T05:58:49,34,ENTER,,9,SYNTHETIC_DEMO
B_20260913,2026-09-13T06:01:49,34,SERVED,180.6,9,SYNTHETIC_DEMO
B_20260913,2026-09-13T06:17:51,35,ENTER,,7,SYNTHETIC_DEMO
B_20260913,2026-09-13T06:20:29,35,SERVED,158.5,7,SYNTHETIC_DEMO
B_20260913,2026-09-13T06:12:36,36,ENTER,,10,SYNTHETIC_DEMO
B_20260913,2026-09-13T06:16:04,36,SERVED,208.1,10,SYNTHETIC_DEMO
B_20260913,2026-09-13T06:23:56,37,ENTER,,6,SYNTHETIC_DEMO
B_20260913,2026-09-13T06:26:35,37,SERVED,159.0,6,SYNTHETIC_DEMO
B_20260913,2026-09-13T06:06:11,38,ENTER,,11,SYNTHETIC_DEMO
B_20260913,2026-09-13T06:09:45,38,SERVED,214.6,11,SYNTHETIC_DEMO
B_20260913,2026-09-13T05:53:49,39,ENTER,,9,SYNTHETIC_DEMO
B_20260913,2026-09-13T05:56:33,39,SERVED,163.8,9,SYNTHETIC_DEMO
B_20260913,2026-09-13T06:05:07,40,ENTER,,10,SYNTHETIC_DEMO
B_20260913,2026-09-13T06:07:57,40,SERVED,169.7,10,SYNTHETIC_DEMO
B_20260913,2026-09-13T05:59:17,41,ENTER,,11,SYNTHETIC_DEMO
B_20260913,2026-09-13T06:02:00,41,SERVED,163.4,11,SYNTHETIC_DEMO
B_20260913,2026-09-13T05:30:00,42,ENTER,,3,SYNTHETIC_DEMO
B_20260913,2026-09-13T05:31:59,42,SERVED,119.1,3,SYNTHETIC_DEMO
B_20260913,2026-09-13T06:18:37,43,ENTER,,9,SYNTHETIC_DEMO
B_20260913,2026-09-13T06:20:59,43,SERVED,142.3,9,SYNTHETIC_DEMO
B_20260913,2026-09-13T05:49:02,44,ENTER,,7,SYNTHETIC_DEMO
B_20260913,2026-09-13T05:51:30,44,SERVED,148.3,7,SYNTHETIC_DEMO
B_20260913,2026-09-13T05:30:00,45,ENTER,,4,SYNTHETIC_DEMO
B_20260913,2026-09-13T05:31:40,45,SERVED,100.6,4,SYNTHETIC_DEMO
B_20260913,2026-09-13T06:01:13,46,ENTER,,10,SYNTHETIC_DEMO
B_20260913,2026-09-13T06:04:45,46,SERVED,212.4,10,SYNTHETIC_DEMO
B_20260913,2026-09-13T05:57:20,47,ENTER,,11,SYNTHETIC_DEMO
B_20260913,2026-09-13T06:00:49,47,SERVED,209.1,11,SYNTHETIC_DEMO
B_20260913,2026-09-13T05:51:14,48,ENTER,,8,SYNTHETIC_DEMO
B_20260913,2026-09-13T05:53:55,48,SERVED,160.4,8,SYNTHETIC_DEMO
B_20260913,2026-09-13T06:34:15,49,ENTER,,4,SYNTHETIC_DEMO
B_20260913,2026-09-13T06:35:53,49,SERVED,98.1,4,SYNTHETIC_DEMO
B_20260913,2026-09-13T06:18:08,50,ENTER,,8,SYNTHETIC_DEMO
B_20260913,2026-09-13T06:21:21,50,SERVED,193.0,8,SYNTHETIC_DEMO
B_20260913,2026-09-13T05:47:24,51,ENTER,,6,SYNTHETIC_DEMO
B_20260913,2026-09-13T05:49:22,51,SERVED,117.9,6,SYNTHETIC_DEMO
B_20260913,2026-09-13T06:14:54,52,ENTER,,9,SYNTHETIC_DEMO
B_20260913,2026-09-13T06:18:10,52,SERVED,196.4,9,SYNTHETIC_DEMO
B_20260913,2026-09-13T05:58:50,53,ENTER,,10,SYNTHETIC_DEMO
B_20260913,2026-09-13T06:01:33,53,SERVED,162.8,10,SYNTHETIC_DEMO
B_20260913,2026-09-13T06:12:54,54,ENTER,,10,SYNTHETIC_DEMO
B_20260913,2026-09-13T06:16:01,54,SERVED,187.8,10,SYNTHETIC_DEMO
B_20260913,2026-09-13T06:03:27,55,ENTER,,11,SYNTHETIC_DEMO
B_20260913,2026-09-13T06:07:10,55,SERVED,223.4,11,SYNTHETIC_DEMO
B_20260913,2026-09-13T06:13:54,56,ENTER,,8,SYNTHETIC_DEMO
B_20260913,2026-09-13T06:15:58,56,SERVED,124.7,8,SYNTHETIC_DEMO
B_20260913,2026-09-13T06:16:24,57,ENTER,,10,SYNTHETIC_DEMO
B_20260913,2026-09-13T06:18:55,57,SERVED,151.7,10,SYNTHETIC_DEMO
B_20260913,2026-09-13T05:31:54,58,ENTER,,1,SYNTHETIC_DEMO
B_20260913,2026-09-13T05:33:11,58,SERVED,77.2,1,SYNTHETIC_DEMO
B_20260913,2026-09-13T06:16:29,59,ENTER,,8,SYNTHETIC_DEMO
B_20260913,2026-09-13T06:18:39,59,SERVED,130.4,8,SYNTHETIC_DEMO
B_20260913,2026-09-13T06:06:25,60,ENTER,,11,SYNTHETIC_DEMO
B_20260913,2026-09-13T06:09:23,60,SERVED,177.5,11,SYNTHETIC_DEMO
B_20260913,2026-09-13T06:06:20,61,ENTER,,10,SYNTHETIC_DEMO
B_20260913,2026-09-13T06:09:31,61,SERVED,191.4,10,SYNTHETIC_DEMO
B_20260913,2026-09-13T06:03:44,62,ENTER,,12,SYNTHETIC_DEMO
B_20260913,2026-09-13T06:06:53,62,SERVED,188.7,12,SYNTHETIC_DEMO
B_20260913,2026-09-13T06:25:34,63,ENTER,,5,SYNTHETIC_DEMO
B_20260913,2026-09-13T06:27:19,63,SERVED,105.1,5,SYNTHETIC_DEMO
B_20260913,2026-09-13T06:05:56,64,ENTER,,11,SYNTHETIC_DEMO
B_20260913,2026-09-13T06:09:36,64,SERVED,219.6,11,SYNTHETIC_DEMO
B_20260913,2026-09-13T05:53:02,65,ENTER,,8,SYNTHETIC_DEMO
B_20260913,2026-09-13T05:55:32,65,SERVED,149.3,8,SYNTHETIC_DEMO
B_20260913,2026-09-13T06:30:24,66,ENTER,,5,SYNTHETIC_DEMO
B_20260913,2026-09-13T06:33:00,66,SERVED,156.0,5,SYNTHETIC_DEMO
B_20260913,2026-09-13T06:21:32,67,ENTER,,8,SYNTHETIC_DEMO
B_20260913,2026-09-13T06:22:48,67,ABANDONED,,8,SYNTHETIC_DEMO
B_20260913,2026-09-13T06:16:32,68,ENTER,,9,SYNTHETIC_DEMO
B_20260913,2026-09-13T06:19:33,68,SERVED,180.5,9,SYNTHETIC_DEMO
B_20260913,2026-09-13T06:43:04,69,ENTER,,2,SYNTHETIC_DEMO
B_20260913,2026-09-13T06:44:43,69,SERVED,99.1,2,SYNTHETIC_DEMO
B_20260913,2026-09-13T06:09:21,70,ENTER,,12,SYNTHETIC_DEMO
B_20260913,2026-09-13T06:12:37,70,SERVED,196.5,12,SYNTHETIC_DEMO
B_20260913,2026-09-13T06:43:31,71,ENTER,,3,SYNTHETIC_DEMO
B_20260913,2026-09-13T06:44:50,71,SERVED,78.9,3,SYNTHETIC_DEMO
B_20260913,2026-09-13T06:17:42,72,ENTER,,7,SYNTHETIC_DEMO
B_20260913,2026-09-13T06:19:45,72,SERVED,122.6,7,SYNTHETIC_DEMO
B_20260913,2026-09-13T06:05:49,73,ENTER,,10,SYNTHETIC_DEMO
B_20260913,2026-09-13T06:09:02,73,SERVED,193.2,10,SYNTHETIC_DEMO
B_20260913,2026-09-13T06:08:31,74,ENTER,,10,SYNTHETIC_DEMO
B_20260913,2026-09-13T06:11:18,74,SERVED,166.6,10,SYNTHETIC_DEMO
B_20260913,2026-09-13T05:55:27,75,ENTER,,11,SYNTHETIC_DEMO
B_20260913,2026-09-13T05:59:17,75,SERVED,230.3,11,SYNTHETIC_DEMO
B_20260913,2026-09-13T05:58:44,76,ENTER,,10,SYNTHETIC_DEMO
B_20260913,2026-09-13T06:02:00,76,SERVED,196.2,10,SYNTHETIC_DEMO
B_20260913,2026-09-13T06:11:30,77,ENTER,,11,SYNTHETIC_DEMO
B_20260913,2026-09-13T06:14:32,77,SERVED,182.4,11,SYNTHETIC_DEMO
B_20260913,2026-09-13T05:47:38,78,ENTER,,7,SYNTHETIC_DEMO
B_20260913,2026-09-13T05:50:06,78,SERVED,148.2,7,SYNTHETIC_DEMO
B_20260913,2026-09-13T06:29:13,79,ENTER,,5,SYNTHETIC_DEMO
B_20260913,2026-09-13T06:31:23,79,SERVED,130.1,5,SYNTHETIC_DEMO
B_20260913,2026-09-13T06:00:11,80,ENTER,,11,SYNTHETIC_DEMO
B_20260913,2026-09-13T06:03:12,80,SERVED,180.9,11,SYNTHETIC_DEMO
B_20260913,2026-09-13T05:50:42,81,ENTER,,7,SYNTHETIC_DEMO
B_20260913,2026-09-13T05:53:31,81,SERVED,168.9,7,SYNTHETIC_DEMO
B_20260913,2026-09-13T06:40:14,82,ENTER,,3,SYNTHETIC_DEMO
B_20260913,2026-09-13T06:42:19,82,SERVED,125.1,3,SYNTHETIC_DEMO
B_20260913,2026-09-13T05:55:32,83,ENTER,,9,SYNTHETIC_DEMO
B_20260913,2026-09-13T05:58:31,83,SERVED,178.9,9,SYNTHETIC_DEMO
B_20260913,2026-09-13T06:12:38,84,ENTER,,10,SYNTHETIC_DEMO
B_20260913,2026-09-13T06:15:23,84,SERVED,165.2,10,SYNTHETIC_DEMO
B_20260913,2026-09-13T06:26:50,85,ENTER,,6,SYNTHETIC_DEMO
B_20260913,2026-09-13T06:29:02,85,SERVED,132.0,6,SYNTHETIC_DEMO
B_20260913,2026-09-13T05:34:52,86,ENTER,,4,SYNTHETIC_DEMO
B_20260913,2026-09-13T05:36:44,86,SERVED,111.7,4,SYNTHETIC_DEMO
B_20260913,2026-09-13T05:42:20,87,ENTER,,6,SYNTHETIC_DEMO
B_20260913,2026-09-13T05:44:15,87,SERVED,115.3,6,SYNTHETIC_DEMO
B_20260913,2026-09-13T06:35:55,88,ENTER,,3,SYNTHETIC_DEMO
B_20260913,2026-09-13T06:37:18,88,SERVED,83.3,3,SYNTHETIC_DEMO
B_20260913,2026-09-13T06:28:28,89,ENTER,,4,SYNTHETIC_DEMO
B_20260913,2026-09-13T06:30:45,89,SERVED,136.7,4,SYNTHETIC_DEMO
B_20260913,2026-09-13T05:42:41,90,ENTER,,7,SYNTHETIC_DEMO
B_20260913,2026-09-13T05:45:25,90,SERVED,164.7,7,SYNTHETIC_DEMO
B_20260913,2026-09-13T06:10:11,91,ENTER,,9,SYNTHETIC_DEMO
B_20260913,2026-09-13T06:12:57,91,SERVED,166.0,9,SYNTHETIC_DEMO
B_20260913,2026-09-13T05:51:50,92,ENTER,,9,SYNTHETIC_DEMO
B_20260913,2026-09-13T05:54:34,92,SERVED,164.0,9,SYNTHETIC_DEMO
B_20260913,2026-09-13T05:54:10,93,ENTER,,11,SYNTHETIC_DEMO
B_20260913,2026-09-13T05:57:27,93,SERVED,197.0,11,SYNTHETIC_DEMO
B_20260913,2026-09-13T06:14:26,94,ENTER,,9,SYNTHETIC_DEMO
B_20260913,2026-09-13T06:16:43,94,SERVED,136.9,9,SYNTHETIC_DEMO
B_20260913,2026-09-13T05:45:25,95,ENTER,,6,SYNTHETIC_DEMO
B_20260913,2026-09-13T05:47:13,95,SERVED,108.3,6,SYNTHETIC_DEMO
B_20260913,2026-09-13T06:21:35,96,ENTER,,8,SYNTHETIC_DEMO
B_20260913,2026-09-13T06:24:47,96,SERVED,191.6,8,SYNTHETIC_DEMO
B_20260913,2026-09-13T06:18:56,97,ENTER,,8,SYNTHETIC_DEMO
B_20260913,2026-09-13T06:21:18,97,SERVED,141.4,8,SYNTHETIC_DEMO
L_20260913,2026-09-13T11:57:12,1,ENTER,,23,SYNTHETIC_DEMO
L_20260913,2026-09-13T12:03:34,1,SERVED,382.0,23,SYNTHETIC_DEMO
L_20260913,2026-09-13T11:58:53,2,ENTER,,22,SYNTHETIC_DEMO
L_20260913,2026-09-13T12:04:28,2,SERVED,335.5,22,SYNTHETIC_DEMO
L_20260913,2026-09-13T12:08:59,3,ENTER,,22,SYNTHETIC_DEMO
L_20260913,2026-09-13T12:14:44,3,SERVED,345.7,22,SYNTHETIC_DEMO
L_20260913,2026-09-13T11:30:00,4,ENTER,,7,SYNTHETIC_DEMO
L_20260913,2026-09-13T11:32:32,4,SERVED,152.9,7,SYNTHETIC_DEMO
L_20260913,2026-09-13T12:33:40,5,ENTER,,4,SYNTHETIC_DEMO
L_20260913,2026-09-13T12:36:03,5,SERVED,142.8,4,SYNTHETIC_DEMO
L_20260913,2026-09-13T11:52:14,6,ENTER,,20,SYNTHETIC_DEMO
L_20260913,2026-09-13T11:57:26,6,SERVED,312.1,20,SYNTHETIC_DEMO
L_20260913,2026-09-13T12:07:39,7,ENTER,,21,SYNTHETIC_DEMO
L_20260913,2026-09-13T12:13:40,7,SERVED,360.9,21,SYNTHETIC_DEMO
L_20260913,2026-09-13T12:42:34,8,ENTER,,1,SYNTHETIC_DEMO
L_20260913,2026-09-13T12:44:05,8,SERVED,90.9,1,SYNTHETIC_DEMO
L_20260913,2026-09-13T12:06:05,9,ENTER,,22,SYNTHETIC_DEMO
L_20260913,2026-09-13T12:12:04,9,SERVED,359.2,22,SYNTHETIC_DEMO
L_20260913,2026-09-13T11:46:05,10,ENTER,,18,SYNTHETIC_DEMO
L_20260913,2026-09-13T11:50:34,10,SERVED,269.3,18,SYNTHETIC_DEMO
L_20260913,2026-09-13T12:35:00,11,ENTER,,5,SYNTHETIC_DEMO
L_20260913,2026-09-13T12:36:43,11,SERVED,103.3,5,SYNTHETIC_DEMO
L_20260913,2026-09-13T11:30:00,12,ENTER,,6,SYNTHETIC_DEMO
L_20260913,2026-09-13T11:32:19,12,SERVED,139.3,6,SYNTHETIC_DEMO
L_20260913,2026-09-13T11:56:35,13,ENTER,,23,SYNTHETIC_DEMO
L_20260913,2026-09-13T11:59:22,13,ABANDONED,,23,SYNTHETIC_DEMO
L_20260913,2026-09-13T11:59:27,14,ENTER,,23,SYNTHETIC_DEMO
L_20260913,2026-09-13T12:05:04,14,SERVED,337.7,23,SYNTHETIC_DEMO
L_20260913,2026-09-13T11:58:42,15,ENTER,,23,SYNTHETIC_DEMO
L_20260913,2026-09-13T12:04:33,15,SERVED,351.6,23,SYNTHETIC_DEMO
L_20260913,2026-09-13T11:30:00,16,ENTER,,6,SYNTHETIC_DEMO
L_20260913,2026-09-13T11:31:45,16,SERVED,105.8,6,SYNTHETIC_DEMO
L_20260913,2026-09-13T11:36:12,17,ENTER,,11,SYNTHETIC_DEMO
L_20260913,2026-09-13T11:40:01,17,SERVED,229.4,11,SYNTHETIC_DEMO
L_20260913,2026-09-13T12:03:58,18,ENTER,,23,SYNTHETIC_DEMO
L_20260913,2026-09-13T12:10:01,18,SERVED,363.0,23,SYNTHETIC_DEMO
L_20260913,2026-09-13T12:13:42,19,ENTER,,17,SYNTHETIC_DEMO
L_20260913,2026-09-13T12:18:20,19,SERVED,278.5,17,SYNTHETIC_DEMO
L_20260913,2026-09-13T11:37:00,20,ENTER,,11,SYNTHETIC_DEMO
L_20260913,2026-09-13T11:40:12,20,SERVED,191.9,11,SYNTHETIC_DEMO
L_20260913,2026-09-13T11:49:01,21,ENTER,,19,SYNTHETIC_DEMO
L_20260913,2026-09-13T11:54:21,21,SERVED,320.9,19,SYNTHETIC_DEMO
L_20260913,2026-09-13T12:09:19,22,ENTER,,20,SYNTHETIC_DEMO
L_20260913,2026-09-13T12:15:05,22,SERVED,345.9,20,SYNTHETIC_DEMO
L_20260913,2026-09-13T12:02:28,23,ENTER,,22,SYNTHETIC_DEMO
L_20260913,2026-09-13T12:08:48,23,SERVED,380.1,22,SYNTHETIC_DEMO
L_20260913,2026-09-13T12:43:34,24,ENTER,,1,SYNTHETIC_DEMO
L_20260913,2026-09-13T12:44:44,24,SERVED,71.0,1,SYNTHETIC_DEMO
L_20260913,2026-09-13T11:58:41,25,ENTER,,24,SYNTHETIC_DEMO
L_20260913,2026-09-13T12:04:45,25,SERVED,364.6,24,SYNTHETIC_DEMO
L_20260913,2026-09-13T11:47:26,26,ENTER,,17,SYNTHETIC_DEMO
L_20260913,2026-09-13T11:52:27,26,SERVED,301.1,17,SYNTHETIC_DEMO
L_20260913,2026-09-13T11:50:04,27,ENTER,,20,SYNTHETIC_DEMO
L_20260913,2026-09-13T11:55:25,27,SERVED,321.2,20,SYNTHETIC_DEMO
L_20260913,2026-09-13T11:59:12,28,ENTER,,21,SYNTHETIC_DEMO
L_20260913,2026-09-13T12:05:09,28,SERVED,356.8,21,SYNTHETIC_DEMO
L_20260913,2026-09-13T12:01:12,29,ENTER,,24,SYNTHETIC_DEMO
L_20260913,2026-09-13T12:06:49,29,SERVED,337.4,24,SYNTHETIC_DEMO
L_20260913,2026-09-13T11:55:05,30,ENTER,,23,SYNTHETIC_DEMO
L_20260913,2026-09-13T12:00:47,30,SERVED,341.7,23,SYNTHETIC_DEMO
L_20260913,2026-09-13T11:44:33,31,ENTER,,15,SYNTHETIC_DEMO
L_20260913,2026-09-13T11:48:34,31,SERVED,241.4,15,SYNTHETIC_DEMO
L_20260913,2026-09-13T11:33:21,32,ENTER,,8,SYNTHETIC_DEMO
L_20260913,2026-09-13T11:35:26,32,SERVED,124.7,8,SYNTHETIC_DEMO
L_20260913,2026-09-13T11:40:46,33,ENTER,,14,SYNTHETIC_DEMO
L_20260913,2026-09-13T11:44:21,33,SERVED,215.6,14,SYNTHETIC_DEMO
L_20260913,2026-09-13T11:30:13,34,ENTER,,6,SYNTHETIC_DEMO
L_20260913,2026-09-13T11:32:58,34,SERVED,165.7,6,SYNTHETIC_DEMO
L_20260913,2026-09-13T12:07:41,35,ENTER,,21,SYNTHETIC_DEMO
L_20260913,2026-09-13T12:13:15,35,SERVED,334.0,21,SYNTHETIC_DEMO
L_20260913,2026-09-13T12:08:23,36,ENTER,,21,SYNTHETIC_DEMO
L_20260913,2026-09-13T12:14:23,36,SERVED,360.4,21,SYNTHETIC_DEMO
L_20260913,2026-09-13T12:08:58,37,ENTER,,21,SYNTHETIC_DEMO
L_20260913,2026-09-13T12:14:44,37,SERVED,345.9,21,SYNTHETIC_DEMO
L_20260913,2026-09-13T12:27:42,38,ENTER,,7,SYNTHETIC_DEMO
L_20260913,2026-09-13T12:30:07,38,SERVED,144.3,7,SYNTHETIC_DEMO
L_20260913,2026-09-13T11:59:30,39,ENTER,,21,SYNTHETIC_DEMO
L_20260913,2026-09-13T12:04:37,39,SERVED,306.8,21,SYNTHETIC_DEMO
L_20260913,2026-09-13T12:35:05,40,ENTER,,4,SYNTHETIC_DEMO
L_20260913,2026-09-13T12:36:25,40,SERVED,80.5,4,SYNTHETIC_DEMO
L_20260913,2026-09-13T12:18:44,41,ENTER,,14,SYNTHETIC_DEMO
L_20260913,2026-09-13T12:22:12,41,SERVED,208.6,14,SYNTHETIC_DEMO
L_20260913,2026-09-13T11:37:22,42,ENTER,,11,SYNTHETIC_DEMO
L_20260913,2026-09-13T11:40:32,42,SERVED,189.3,11,SYNTHETIC_DEMO
L_20260913,2026-09-13T12:13:12,43,ENTER,,18,SYNTHETIC_DEMO
L_20260913,2026-09-13T12:18:23,43,SERVED,310.2,18,SYNTHETIC_DEMO
L_20260913,2026-09-13T11:30:00,44,ENTER,,7,SYNTHETIC_DEMO
L_20260913,2026-09-13T11:32:38,44,SERVED,158.4,7,SYNTHETIC_DEMO
L_20260913,2026-09-13T12:38:11,45,ENTER,,3,SYNTHETIC_DEMO
L_20260913,2026-09-13T12:39:29,45,SERVED,77.9,3,SYNTHETIC_DEMO
L_20260913,2026-09-13T12:29:32,46,ENTER,,7,SYNTHETIC_DEMO
L_20260913,2026-09-13T12:31:36,46,SERVED,123.8,7,SYNTHETIC_DEMO
L_20260913,2026-09-13T11:48:28,47,ENTER,,17,SYNTHETIC_DEMO
L_20260913,2026-09-13T11:53:01,47,SERVED,273.4,17,SYNTHETIC_DEMO
L_20260913,2026-09-13T11:39:50,48,ENTER,,13,SYNTHETIC_DEMO
L_20260913,2026-09-13T11:43:41,48,SERVED,230.9,13,SYNTHETIC_DEMO
L_20260913,2026-09-13T11:34:34,49,ENTER,,10,SYNTHETIC_DEMO
L_20260913,2026-09-13T11:38:13,49,SERVED,219.1,10,SYNTHETIC_DEMO
L_20260913,2026-09-13T11:31:47,50,ENTER,,7,SYNTHETIC_DEMO
L_20260913,2026-09-13T11:34:32,50,SERVED,164.5,7,SYNTHETIC_DEMO
L_20260913,2026-09-13T12:24:05,51,ENTER,,11,SYNTHETIC_DEMO
L_20260913,2026-09-13T12:25:29,51,ABANDONED,,11,SYNTHETIC_DEMO
L_20260913,2026-09-13T12:01:51,52,ENTER,,23,SYNTHETIC_DEMO
L_20260913,2026-09-13T12:08:06,52,SERVED,375.0,23,SYNTHETIC_DEMO
L_20260913,2026-09-13T12:01:45,53,ENTER,,23,SYNTHETIC_DEMO
L_20260913,2026-09-13T12:07:13,53,SERVED,327.7,23,SYNTHETIC_DEMO
L_20260913,2026-09-13T11:37:42,54,ENTER,,11,SYNTHETIC_DEMO
L_20260913,2026-09-13T11:41:10,54,SERVED,207.9,11,SYNTHETIC_DEMO
L_20260913,2026-09-13T12:07:06,55,ENTER,,23,SYNTHETIC_DEMO
L_20260913,2026-09-13T12:13:21,55,SERVED,375.4,23,SYNTHETIC_DEMO
L_20260913,2026-09-13T12:09:14,56,ENTER,,20,SYNTHETIC_DEMO
L_20260913,2026-09-13T12:14:12,56,SERVED,298.3,20,SYNTHETIC_DEMO
L_20260913,2026-09-13T12:06:58,57,ENTER,,21,SYNTHETIC_DEMO
L_20260913,2026-09-13T12:12:57,57,SERVED,358.9,21,SYNTHETIC_DEMO
L_20260913,2026-09-13T11:47:56,58,ENTER,,18,SYNTHETIC_DEMO
L_20260913,2026-09-13T11:52:44,58,SERVED,288.4,18,SYNTHETIC_DEMO
L_20260913,2026-09-13T11:57:08,59,ENTER,,22,SYNTHETIC_DEMO
L_20260913,2026-09-13T12:03:28,59,SERVED,380.0,22,SYNTHETIC_DEMO
L_20260913,2026-09-13T11:30:00,60,ENTER,,6,SYNTHETIC_DEMO
L_20260913,2026-09-13T11:31:50,60,SERVED,110.6,6,SYNTHETIC_DEMO
L_20260913,2026-09-13T12:21:49,61,ENTER,,11,SYNTHETIC_DEMO
L_20260913,2026-09-13T12:25:03,61,SERVED,194.3,11,SYNTHETIC_DEMO
L_20260913,2026-09-13T11:56:51,62,ENTER,,22,SYNTHETIC_DEMO
L_20260913,2026-09-13T12:02:16,62,SERVED,325.0,22,SYNTHETIC_DEMO
L_20260913,2026-09-13T11:54:04,63,ENTER,,21,SYNTHETIC_DEMO
L_20260913,2026-09-13T11:59:38,63,SERVED,334.2,21,SYNTHETIC_DEMO
L_20260913,2026-09-13T11:49:12,64,ENTER,,20,SYNTHETIC_DEMO
L_20260913,2026-09-13T11:53:55,64,SERVED,283.1,20,SYNTHETIC_DEMO
L_20260913,2026-09-13T11:48:55,65,ENTER,,18,SYNTHETIC_DEMO
L_20260913,2026-09-13T11:54:15,65,SERVED,320.4,18,SYNTHETIC_DEMO
L_20260913,2026-09-13T12:25:42,66,ENTER,,8,SYNTHETIC_DEMO
L_20260913,2026-09-13T12:28:03,66,SERVED,141.4,8,SYNTHETIC_DEMO
L_20260913,2026-09-13T12:04:27,67,ENTER,,21,SYNTHETIC_DEMO
L_20260913,2026-09-13T12:10:17,67,SERVED,349.4,21,SYNTHETIC_DEMO
L_20260913,2026-09-13T11:36:53,68,ENTER,,11,SYNTHETIC_DEMO
L_20260913,2026-09-13T11:40:28,68,SERVED,215.2,11,SYNTHETIC_DEMO
L_20260913,2026-09-13T11:39:20,69,ENTER,,12,SYNTHETIC_DEMO
L_20260913,2026-09-13T11:42:34,69,SERVED,193.8,12,SYNTHETIC_DEMO
L_20260913,2026-09-13T12:57:39,70,ENTER,,2,SYNTHETIC_DEMO
L_20260913,2026-09-13T12:59:31,70,SERVED,111.6,2,SYNTHETIC_DEMO
L_20260913,2026-09-13T12:18:12,71,ENTER,,14,SYNTHETIC_DEMO
L_20260913,2026-09-13T12:22:23,71,SERVED,250.7,14,SYNTHETIC_DEMO
L_20260913,2026-09-13T11:46:08,72,ENTER,,17,SYNTHETIC_DEMO
L_20260913,2026-09-13T11:51:04,72,SERVED,296.1,17,SYNTHETIC_DEMO
L_20260913,2026-09-13T11:31:45,73,ENTER,,8,SYNTHETIC_DEMO
L_20260913,2026-09-13T11:33:54,73,SERVED,128.5,8,SYNTHETIC_DEMO
L_20260913,2026-09-13T11:30:00,74,ENTER,,6,SYNTHETIC_DEMO
L_20260913,2026-09-13T11:31:52,74,SERVED,112.7,6,SYNTHETIC_DEMO
L_20260913,2026-09-13T12:35:33,75,ENTER,,3,SYNTHETIC_DEMO
L_20260913,2026-09-13T12:37:33,75,SERVED,120.2,3,SYNTHETIC_DEMO
L_20260913,2026-09-13T11:53:11,76,ENTER,,20,SYNTHETIC_DEMO
L_20260913,2026-09-13T11:58:16,76,SERVED,305.6,20,SYNTHETIC_DEMO
L_20260913,2026-09-13T12:35:24,77,ENTER,,6,SYNTHETIC_DEMO
L_20260913,2026-09-13T12:37:10,77,SERVED,105.5,6,SYNTHETIC_DEMO
L_20260913,2026-09-13T11:59:52,78,ENTER,,22,SYNTHETIC_DEMO
L_20260913,2026-09-13T12:06:09,78,SERVED,377.0,22,SYNTHETIC_DEMO
L_20260913,2026-09-13T11:54:09,79,ENTER,,21,SYNTHETIC_DEMO
L_20260913,2026-09-13T11:59:24,79,SERVED,315.4,21,SYNTHETIC_DEMO
L_20260913,2026-09-13T11:39:06,80,ENTER,,12,SYNTHETIC_DEMO
L_20260913,2026-09-13T11:42:31,80,SERVED,205.3,12,SYNTHETIC_DEMO
L_20260913,2026-09-13T12:22:48,81,ENTER,,10,SYNTHETIC_DEMO
L_20260913,2026-09-13T12:26:21,81,SERVED,213.6,10,SYNTHETIC_DEMO
L_20260913,2026-09-13T12:02:32,82,ENTER,,21,SYNTHETIC_DEMO
L_20260913,2026-09-13T12:08:12,82,SERVED,340.0,21,SYNTHETIC_DEMO
L_20260913,2026-09-13T11:51:43,83,ENTER,,21,SYNTHETIC_DEMO
L_20260913,2026-09-13T11:57:13,83,SERVED,329.7,21,SYNTHETIC_DEMO
L_20260913,2026-09-13T12:22:46,84,ENTER,,12,SYNTHETIC_DEMO
L_20260913,2026-09-13T12:25:52,84,SERVED,186.1,12,SYNTHETIC_DEMO
L_20260913,2026-09-13T11:57:57,85,ENTER,,22,SYNTHETIC_DEMO
L_20260913,2026-09-13T12:04:02,85,SERVED,365.2,22,SYNTHETIC_DEMO
L_20260913,2026-09-13T11:59:10,86,ENTER,,24,SYNTHETIC_DEMO
L_20260913,2026-09-13T12:05:14,86,SERVED,364.2,24,SYNTHETIC_DEMO
L_20260913,2026-09-13T12:11:51,87,ENTER,,19,SYNTHETIC_DEMO
L_20260913,2026-09-13T12:16:26,87,SERVED,275.0,19,SYNTHETIC_DEMO
L_20260913,2026-09-13T11:51:49,88,ENTER,,20,SYNTHETIC_DEMO
L_20260913,2026-09-13T11:57:33,88,SERVED,344.4,20,SYNTHETIC_DEMO
L_20260913,2026-09-13T12:01:48,89,ENTER,,22,SYNTHETIC_DEMO
L_20260913,2026-09-13T12:07:25,89,SERVED,337.0,22,SYNTHETIC_DEMO
L_20260913,2026-09-13T11:50:18,90,ENTER,,19,SYNTHETIC_DEMO
L_20260913,2026-09-13T11:55:45,90,SERVED,326.7,19,SYNTHETIC_DEMO
L_20260913,2026-09-13T12:31:34,91,ENTER,,6,SYNTHETIC_DEMO
L_20260913,2026-09-13T12:33:56,91,SERVED,142.6,6,SYNTHETIC_DEMO
L_20260913,2026-09-13T11:45:21,92,ENTER,,15,SYNTHETIC_DEMO
L_20260913,2026-09-13T11:49:17,92,SERVED,235.6,15,SYNTHETIC_DEMO
L_20260913,2026-09-13T11:30:14,93,ENTER,,7,SYNTHETIC_DEMO
L_20260913,2026-09-13T11:32:50,93,SERVED,156.6,7,SYNTHETIC_DEMO
L_20260913,2026-09-13T11:55:06,94,ENTER,,21,SYNTHETIC_DEMO
L_20260913,2026-09-13T12:00:30,94,SERVED,323.6,21,SYNTHETIC_DEMO
L_20260913,2026-09-13T11:44:59,95,ENTER,,15,SYNTHETIC_DEMO
L_20260913,2026-09-13T11:49:34,95,SERVED,274.8,15,SYNTHETIC_DEMO
L_20260913,2026-09-13T13:01:33,96,ENTER,,2,SYNTHETIC_DEMO
L_20260913,2026-09-13T13:02:26,96,SERVED,52.7,2,SYNTHETIC_DEMO
L_20260913,2026-09-13T11:30:00,97,ENTER,,7,SYNTHETIC_DEMO
L_20260913,2026-09-13T11:31:55,97,SERVED,115.0,7,SYNTHETIC_DEMO
L_20260913,2026-09-13T12:10:08,98,ENTER,,19,SYNTHETIC_DEMO
L_20260913,2026-09-13T12:15:32,98,SERVED,323.4,19,SYNTHETIC_DEMO
L_20260913,2026-09-13T12:02:23,99,ENTER,,23,SYNTHETIC_DEMO
L_20260913,2026-09-13T12:08:12,99,SERVED,348.5,23,SYNTHETIC_DEMO
L_20260913,2026-09-13T11:38:25,100,ENTER,,12,SYNTHETIC_DEMO
L_20260913,2026-09-13T11:41:40,100,SERVED,194.4,12,SYNTHETIC_DEMO
L_20260913,2026-09-13T12:08:31,101,ENTER,,20,SYNTHETIC_DEMO
L_20260913,2026-09-13T12:14:13,101,SERVED,342.0,20,SYNTHETIC_DEMO
L_20260913,2026-09-13T12:10:45,102,ENTER,,19,SYNTHETIC_DEMO
L_20260913,2026-09-13T12:15:28,102,SERVED,283.7,19,SYNTHETIC_DEMO
L_20260913,2026-09-13T11:51:09,103,ENTER,,21,SYNTHETIC_DEMO
L_20260913,2026-09-13T11:56:36,103,SERVED,326.7,21,SYNTHETIC_DEMO
L_20260913,2026-09-13T12:44:08,104,ENTER,,2,SYNTHETIC_DEMO
L_20260913,2026-09-13T12:44:58,104,SERVED,49.8,2,SYNTHETIC_DEMO
L_20260913,2026-09-13T11:32:03,105,ENTER,,6,SYNTHETIC_DEMO
L_20260913,2026-09-13T11:33:43,105,SERVED,99.3,6,SYNTHETIC_DEMO
L_20260913,2026-09-13T12:25:16,106,ENTER,,10,SYNTHETIC_DEMO
L_20260913,2026-09-13T12:28:27,106,SERVED,191.5,10,SYNTHETIC_DEMO
L_20260913,2026-09-13T12:36:50,107,ENTER,,1,SYNTHETIC_DEMO
L_20260913,2026-09-13T12:37:49,107,SERVED,59.5,1,SYNTHETIC_DEMO
L_20260913,2026-09-13T11:31:05,108,ENTER,,8,SYNTHETIC_DEMO
L_20260913,2026-09-13T11:34:08,108,SERVED,183.5,8,SYNTHETIC_DEMO
D_20260913,2026-09-13T17:22:50,1,ENTER,,9,SYNTHETIC_DEMO
D_20260913,2026-09-13T17:25:12,1,SERVED,141.5,9,SYNTHETIC_DEMO
D_20260913,2026-09-13T17:55:31,2,ENTER,,11,SYNTHETIC_DEMO
D_20260913,2026-09-13T17:58:32,2,SERVED,180.6,11,SYNTHETIC_DEMO
D_20260913,2026-09-13T18:25:33,3,ENTER,,2,SYNTHETIC_DEMO
D_20260913,2026-09-13T18:26:52,3,SERVED,79.2,2,SYNTHETIC_DEMO
D_20260913,2026-09-13T17:53:09,4,ENTER,,11,SYNTHETIC_DEMO
D_20260913,2026-09-13T17:56:33,4,SERVED,204.2,11,SYNTHETIC_DEMO
D_20260913,2026-09-13T17:41:16,5,ENTER,,14,SYNTHETIC_DEMO
D_20260913,2026-09-13T17:45:49,5,SERVED,273.3,14,SYNTHETIC_DEMO
D_20260913,2026-09-13T17:44:01,6,ENTER,,15,SYNTHETIC_DEMO
D_20260913,2026-09-13T17:48:11,6,SERVED,250.1,15,SYNTHETIC_DEMO
D_20260913,2026-09-13T18:21:42,7,ENTER,,2,SYNTHETIC_DEMO
D_20260913,2026-09-13T18:23:16,7,SERVED,94.0,2,SYNTHETIC_DEMO
D_20260913,2026-09-13T17:51:40,8,ENTER,,11,SYNTHETIC_DEMO
D_20260913,2026-09-13T17:55:01,8,SERVED,201.4,11,SYNTHETIC_DEMO
D_20260913,2026-09-13T17:11:44,9,ENTER,,5,SYNTHETIC_DEMO
D_20260913,2026-09-13T17:13:44,9,SERVED,120.1,5,SYNTHETIC_DEMO
D_20260913,2026-09-13T17:00:00,10,ENTER,,3,SYNTHETIC_DEMO
D_20260913,2026-09-13T17:01:34,10,SERVED,94.7,3,SYNTHETIC_DEMO
D_20260913,2026-09-13T17:27:31,11,ENTER,,12,SYNTHETIC_DEMO
D_20260913,2026-09-13T17:30:56,11,SERVED,204.8,12,SYNTHETIC_DEMO
D_20260913,2026-09-13T17:00:00,12,ENTER,,3,SYNTHETIC_DEMO
D_20260913,2026-09-13T17:01:32,12,SERVED,91.8,3,SYNTHETIC_DEMO
D_20260913,2026-09-13T18:03:35,13,ENTER,,6,SYNTHETIC_DEMO
D_20260913,2026-09-13T18:05:45,13,SERVED,129.5,6,SYNTHETIC_DEMO
D_20260913,2026-09-13T18:10:20,14,ENTER,,4,SYNTHETIC_DEMO
D_20260913,2026-09-13T18:11:51,14,SERVED,91.7,4,SYNTHETIC_DEMO
D_20260913,2026-09-13T17:26:12,15,ENTER,,12,SYNTHETIC_DEMO
D_20260913,2026-09-13T17:29:55,15,SERVED,222.4,12,SYNTHETIC_DEMO
D_20260913,2026-09-13T17:10:51,16,ENTER,,5,SYNTHETIC_DEMO
D_20260913,2026-09-13T17:11:46,16,ABANDONED,,5,SYNTHETIC_DEMO
D_20260913,2026-09-13T17:57:18,17,ENTER,,10,SYNTHETIC_DEMO
D_20260913,2026-09-13T18:00:47,17,SERVED,209.4,10,SYNTHETIC_DEMO
D_20260913,2026-09-13T17:20:56,18,ENTER,,8,SYNTHETIC_DEMO
D_20260913,2026-09-13T17:23:39,18,SERVED,163.1,8,SYNTHETIC_DEMO
D_20260913,2026-09-13T17:22:59,19,ENTER,,9,SYNTHETIC_DEMO
D_20260913,2026-09-13T17:25:40,19,SERVED,160.2,9,SYNTHETIC_DEMO
D_20260913,2026-09-13T17:45:33,20,ENTER,,15,SYNTHETIC_DEMO
D_20260913,2026-09-13T17:49:30,20,SERVED,237.0,15,SYNTHETIC_DEMO
D_20260913,2026-09-13T17:28:48,21,ENTER,,12,SYNTHETIC_DEMO
D_20260913,2026-09-13T17:32:22,21,SERVED,214.3,12,SYNTHETIC_DEMO
D_20260913,2026-09-13T17:43:23,22,ENTER,,14,SYNTHETIC_DEMO
D_20260913,2026-09-13T17:47:07,22,SERVED,223.4,14,SYNTHETIC_DEMO
D_20260913,2026-09-13T17:47:57,23,ENTER,,12,SYNTHETIC_DEMO
D_20260913,2026-09-13T17:52:00,23,SERVED,243.8,12,SYNTHETIC_DEMO
D_20260913,2026-09-13T17:40:40,24,ENTER,,15,SYNTHETIC_DEMO
D_20260913,2026-09-13T17:44:17,24,SERVED,217.0,15,SYNTHETIC_DEMO
D_20260913,2026-09-13T17:12:48,25,ENTER,,6,SYNTHETIC_DEMO
D_20260913,2026-09-13T17:14:34,25,SERVED,105.4,6,SYNTHETIC_DEMO
D_20260913,2026-09-13T17:26:51,26,ENTER,,12,SYNTHETIC_DEMO
D_20260913,2026-09-13T17:30:19,26,SERVED,207.8,12,SYNTHETIC_DEMO
D_20260913,2026-09-13T17:33:16,27,ENTER,,15,SYNTHETIC_DEMO
D_20260913,2026-09-13T17:37:24,27,SERVED,247.7,15,SYNTHETIC_DEMO
D_20260913,2026-09-13T17:45:35,28,ENTER,,14,SYNTHETIC_DEMO
D_20260913,2026-09-13T17:49:57,28,SERVED,262.5,14,SYNTHETIC_DEMO
D_20260913,2026-09-13T17:24:40,29,ENTER,,12,SYNTHETIC_DEMO
D_20260913,2026-09-13T17:28:16,29,SERVED,216.3,12,SYNTHETIC_DEMO
D_20260913,2026-09-13T17:36:57,30,ENTER,,14,SYNTHETIC_DEMO
D_20260913,2026-09-13T17:41:23,30,SERVED,265.7,14,SYNTHETIC_DEMO
D_20260913,2026-09-13T17:20:59,31,ENTER,,7,SYNTHETIC_DEMO
D_20260913,2026-09-13T17:23:17,31,SERVED,138.1,7,SYNTHETIC_DEMO
D_20260913,2026-09-13T17:34:42,32,ENTER,,15,SYNTHETIC_DEMO
D_20260913,2026-09-13T17:38:50,32,SERVED,247.5,15,SYNTHETIC_DEMO
D_20260913,2026-09-13T17:25:51,33,ENTER,,9,SYNTHETIC_DEMO
D_20260913,2026-09-13T17:29:07,33,SERVED,196.2,9,SYNTHETIC_DEMO
D_20260913,2026-09-13T17:52:32,34,ENTER,,11,SYNTHETIC_DEMO
D_20260913,2026-09-13T17:56:02,34,SERVED,210.4,11,SYNTHETIC_DEMO
D_20260913,2026-09-13T17:43:22,35,ENTER,,15,SYNTHETIC_DEMO
D_20260913,2026-09-13T17:47:08,35,SERVED,226.1,15,SYNTHETIC_DEMO
D_20260913,2026-09-13T17:17:38,36,ENTER,,8,SYNTHETIC_DEMO
D_20260913,2026-09-13T17:20:47,36,SERVED,189.6,8,SYNTHETIC_DEMO
D_20260913,2026-09-13T18:11:24,37,ENTER,,4,SYNTHETIC_DEMO
D_20260913,2026-09-13T18:12:52,37,SERVED,87.8,4,SYNTHETIC_DEMO
D_20260913,2026-09-13T17:41:23,38,ENTER,,14,SYNTHETIC_DEMO
D_20260913,2026-09-13T17:45:32,38,SERVED,249.1,14,SYNTHETIC_DEMO
D_20260913,2026-09-13T17:36:03,39,ENTER,,15,SYNTHETIC_DEMO
D_20260913,2026-09-13T17:40:35,39,SERVED,272.4,15,SYNTHETIC_DEMO
D_20260913,2026-09-13T17:34:59,40,ENTER,,13,SYNTHETIC_DEMO
D_20260913,2026-09-13T17:38:26,40,SERVED,207.4,13,SYNTHETIC_DEMO
D_20260913,2026-09-13T17:44:08,41,ENTER,,13,SYNTHETIC_DEMO
D_20260913,2026-09-13T17:47:36,41,SERVED,208.3,13,SYNTHETIC_DEMO
D_20260913,2026-09-13T18:06:16,42,ENTER,,5,SYNTHETIC_DEMO
D_20260913,2026-09-13T18:07:41,42,SERVED,85.3,5,SYNTHETIC_DEMO
D_20260913,2026-09-13T18:02:24,43,ENTER,,6,SYNTHETIC_DEMO
D_20260913,2026-09-13T18:05:04,43,SERVED,159.7,6,SYNTHETIC_DEMO
D_20260913,2026-09-13T17:38:02,44,ENTER,,14,SYNTHETIC_DEMO
D_20260913,2026-09-13T17:41:37,44,SERVED,214.7,14,SYNTHETIC_DEMO
D_20260913,2026-09-13T17:30:17,45,ENTER,,14,SYNTHETIC_DEMO
D_20260913,2026-09-13T17:34:07,45,SERVED,229.9,14,SYNTHETIC_DEMO
D_20260913,2026-09-13T18:04:59,46,ENTER,,6,SYNTHETIC_DEMO
D_20260913,2026-09-13T18:07:44,46,SERVED,165.3,6,SYNTHETIC_DEMO
D_20260913,2026-09-13T17:36:39,47,ENTER,,14,SYNTHETIC_DEMO
D_20260913,2026-09-13T17:40:44,47,SERVED,245.3,14,SYNTHETIC_DEMO
D_20260913,2026-09-13T18:20:12,48,ENTER,,1,SYNTHETIC_DEMO
D_20260913,2026-09-13T18:21:53,48,SERVED,100.3,1,SYNTHETIC_DEMO
D_20260913,2026-09-13T18:13:48,49,ENTER,,4,SYNTHETIC_DEMO
D_20260913,2026-09-13T18:15:16,49,SERVED,87.3,4,SYNTHETIC_DEMO
D_20260913,2026-09-13T17:32:34,50,ENTER,,14,SYNTHETIC_DEMO
D_20260913,2026-09-13T17:36:46,50,SERVED,251.7,14,SYNTHETIC_DEMO
D_20260913,2026-09-13T17:33:53,51,ENTER,,14,SYNTHETIC_DEMO
D_20260913,2026-09-13T17:37:34,51,SERVED,221.0,14,SYNTHETIC_DEMO
D_20260913,2026-09-13T17:00:00,52,ENTER,,4,SYNTHETIC_DEMO
D_20260913,2026-09-13T17:01:37,52,SERVED,97.4,4,SYNTHETIC_DEMO
D_20260913,2026-09-13T17:50:26,53,ENTER,,13,SYNTHETIC_DEMO
D_20260913,2026-09-13T17:54:06,53,SERVED,220.0,13,SYNTHETIC_DEMO
D_20260913,2026-09-13T17:20:43,54,ENTER,,9,SYNTHETIC_DEMO
D_20260913,2026-09-13T17:23:28,54,SERVED,165.2,9,SYNTHETIC_DEMO
D_20260913,2026-09-13T17:57:40,55,ENTER,,11,SYNTHETIC_DEMO
D_20260913,2026-09-13T18:01:27,55,SERVED,227.0,11,SYNTHETIC_DEMO
D_20260913,2026-09-13T17:06:54,56,ENTER,,4,SYNTHETIC_DEMO
D_20260913,2026-09-13T17:08:47,56,SERVED,112.9,4,SYNTHETIC_DEMO
D_20260913,2026-09-13T17:38:57,57,ENTER,,15,SYNTHETIC_DEMO
D_20260913,2026-09-13T17:42:38,57,SERVED,220.3,15,SYNTHETIC_DEMO
D_20260913,2026-09-13T17:05:01,58,ENTER,,3,SYNTHETIC_DEMO
D_20260913,2026-09-13T17:06:07,58,SERVED,66.2,3,SYNTHETIC_DEMO
D_20260913,2026-09-13T17:34:59,59,ENTER,,14,SYNTHETIC_DEMO
D_20260913,2026-09-13T17:38:46,59,SERVED,227.1,14,SYNTHETIC_DEMO
D_20260913,2026-09-13T17:44:59,60,ENTER,,14,SYNTHETIC_DEMO
D_20260913,2026-09-13T17:48:42,60,SERVED,222.8,14,SYNTHETIC_DEMO
D_20260913,2026-09-13T17:47:47,61,ENTER,,13,SYNTHETIC_DEMO
D_20260913,2026-09-13T17:51:56,61,SERVED,249.7,13,SYNTHETIC_DEMO
D_20260913,2026-09-13T17:00:00,62,ENTER,,3,SYNTHETIC_DEMO
D_20260913,2026-09-13T17:01:21,62,SERVED,81.6,3,SYNTHETIC_DEMO
D_20260913,2026-09-13T17:39:15,63,ENTER,,15,SYNTHETIC_DEMO
D_20260913,2026-09-13T17:43:05,63,SERVED,229.3,15,SYNTHETIC_DEMO
D_20260913,2026-09-13T18:09:41,64,ENTER,,4,SYNTHETIC_DEMO
D_20260913,2026-09-13T18:11:28,64,SERVED,106.8,4,SYNTHETIC_DEMO
D_20260913,2026-09-13T17:11:17,65,ENTER,,4,SYNTHETIC_DEMO
D_20260913,2026-09-13T17:13:21,65,SERVED,124.0,4,SYNTHETIC_DEMO
D_20260913,2026-09-13T17:55:21,66,ENTER,,10,SYNTHETIC_DEMO
D_20260913,2026-09-13T17:58:38,66,SERVED,197.5,10,SYNTHETIC_DEMO
D_20260913,2026-09-13T17:42:56,67,ENTER,,14,SYNTHETIC_DEMO
D_20260913,2026-09-13T17:46:34,67,SERVED,218.6,14,SYNTHETIC_DEMO
D_20260913,2026-09-13T17:34:07,68,ENTER,,14,SYNTHETIC_DEMO
D_20260913,2026-09-13T17:38:13,68,SERVED,245.6,14,SYNTHETIC_DEMO
D_20260913,2026-09-13T17:36:17,69,ENTER,,14,SYNTHETIC_DEMO
D_20260913,2026-09-13T17:39:54,69,SERVED,216.4,14,SYNTHETIC_DEMO
D_20260913,2026-09-13T17:45:20,70,ENTER,,15,SYNTHETIC_DEMO
D_20260913,2026-09-13T17:49:24,70,SERVED,244.2,15,SYNTHETIC_DEMO
D_20260913,2026-09-13T18:01:50,71,ENTER,,9,SYNTHETIC_DEMO
D_20260913,2026-09-13T18:05:06,71,SERVED,195.6,9,SYNTHETIC_DEMO
D_20260913,2026-09-13T18:15:58,72,ENTER,,3,SYNTHETIC_DEMO
D_20260913,2026-09-13T18:17:16,72,SERVED,77.9,3,SYNTHETIC_DEMO
D_20260913,2026-09-13T17:34:10,73,ENTER,,14,SYNTHETIC_DEMO
D_20260913,2026-09-13T17:38:28,73,SERVED,257.7,14,SYNTHETIC_DEMO
D_20260913,2026-09-13T17:46:11,74,ENTER,,13,SYNTHETIC_DEMO
D_20260913,2026-09-13T17:49:30,74,SERVED,198.5,13,SYNTHETIC_DEMO
D_20260913,2026-09-13T17:36:24,75,ENTER,,15,SYNTHETIC_DEMO
D_20260913,2026-09-13T17:40:25,75,SERVED,240.6,15,SYNTHETIC_DEMO
D_20260913,2026-09-13T17:51:57,76,ENTER,,13,SYNTHETIC_DEMO
D_20260913,2026-09-13T17:55:37,76,SERVED,220.6,13,SYNTHETIC_DEMO
D_20260913,2026-09-13T18:00:59,77,ENTER,,8,SYNTHETIC_DEMO
D_20260913,2026-09-13T18:04:10,77,SERVED,191.2,8,SYNTHETIC_DEMO
D_20260913,2026-09-13T17:35:03,78,ENTER,,14,SYNTHETIC_DEMO
D_20260913,2026-09-13T17:38:26,78,SERVED,203.4,14,SYNTHETIC_DEMO
D_20260913,2026-09-13T17:38:27,79,ENTER,,15,SYNTHETIC_DEMO
D_20260913,2026-09-13T17:43:12,79,SERVED,285.7,15,SYNTHETIC_DEMO
D_20260913,2026-09-13T17:54:27,80,ENTER,,12,SYNTHETIC_DEMO
D_20260913,2026-09-13T17:57:24,80,SERVED,176.9,12,SYNTHETIC_DEMO
D_20260913,2026-09-13T17:12:24,81,ENTER,,5,SYNTHETIC_DEMO
D_20260913,2026-09-13T17:14:25,81,SERVED,120.8,5,SYNTHETIC_DEMO
D_20260913,2026-09-13T18:12:21,82,ENTER,,2,SYNTHETIC_DEMO
D_20260913,2026-09-13T18:13:56,82,SERVED,94.6,2,SYNTHETIC_DEMO
D_20260913,2026-09-13T17:28:44,83,ENTER,,12,SYNTHETIC_DEMO
D_20260913,2026-09-13T17:31:54,83,SERVED,189.9,12,SYNTHETIC_DEMO
D_20260913,2026-09-13T17:35:28,84,ENTER,,14,SYNTHETIC_DEMO
D_20260913,2026-09-13T17:39:35,84,SERVED,247.3,14,SYNTHETIC_DEMO
D_20260913,2026-09-13T18:09:56,85,ENTER,,4,SYNTHETIC_DEMO
D_20260913,2026-09-13T18:11:25,85,SERVED,88.7,4,SYNTHETIC_DEMO
D_20260913,2026-09-13T17:48:12,86,ENTER,,14,SYNTHETIC_DEMO
D_20260913,2026-09-13T17:51:46,86,SERVED,213.9,14,SYNTHETIC_DEMO
D_20260913,2026-09-13T17:00:00,87,ENTER,,3,SYNTHETIC_DEMO
D_20260913,2026-09-13T17:01:28,87,SERVED,88.5,3,SYNTHETIC_DEMO
D_20260913,2026-09-13T17:53:20,88,ENTER,,11,SYNTHETIC_DEMO
D_20260913,2026-09-13T17:56:40,88,SERVED,199.7,11,SYNTHETIC_DEMO
D_20260913,2026-09-13T18:00:14,89,ENTER,,9,SYNTHETIC_DEMO
D_20260913,2026-09-13T18:02:52,89,SERVED,157.9,9,SYNTHETIC_DEMO
D_20260913,2026-09-13T18:08:04,90,ENTER,,5,SYNTHETIC_DEMO
D_20260913,2026-09-13T18:10:01,90,SERVED,117.0,5,SYNTHETIC_DEMO
D_20260913,2026-09-13T17:18:39,91,ENTER,,6,SYNTHETIC_DEMO
D_20260913,2026-09-13T17:20:37,91,SERVED,118.0,6,SYNTHETIC_DEMO
D_20260913,2026-09-13T17:42:41,92,ENTER,,15,SYNTHETIC_DEMO
D_20260913,2026-09-13T17:46:47,92,SERVED,246.0,15,SYNTHETIC_DEMO
D_20260913,2026-09-13T17:48:45,93,ENTER,,13,SYNTHETIC_DEMO
D_20260913,2026-09-13T17:52:57,93,SERVED,252.0,13,SYNTHETIC_DEMO
D_20260913,2026-09-13T17:55:20,94,ENTER,,10,SYNTHETIC_DEMO
D_20260913,2026-09-13T17:58:09,94,SERVED,168.8,10,SYNTHETIC_DEMO
D_20260913,2026-09-13T17:41:52,95,ENTER,,14,SYNTHETIC_DEMO
D_20260913,2026-09-13T17:46:04,95,SERVED,252.2,14,SYNTHETIC_DEMO
D_20260913,2026-09-13T17:14:43,96,ENTER,,5,SYNTHETIC_DEMO
D_20260913,2026-09-13T17:16:53,96,SERVED,130.5,5,SYNTHETIC_DEMO
D_20260913,2026-09-13T17:45:02,97,ENTER,,15,SYNTHETIC_DEMO
D_20260913,2026-09-13T17:49:07,97,SERVED,244.6,15,SYNTHETIC_DEMO
D_20260913,2026-09-13T17:36:43,98,ENTER,,14,SYNTHETIC_DEMO
D_20260913,2026-09-13T17:40:13,98,SERVED,210.5,14,SYNTHETIC_DEMO
D_20260913,2026-09-13T17:54:52,99,ENTER,,11,SYNTHETIC_DEMO
D_20260913,2026-09-13T17:57:38,99,SERVED,166.2,11,SYNTHETIC_DEMO
D_20260913,2026-09-13T17:34:01,100,ENTER,,13,SYNTHETIC_DEMO
D_20260913,2026-09-13T17:37:25,100,SERVED,204.0,13,SYNTHETIC_DEMO
D_20260913,2026-09-13T17:48:20,101,ENTER,,12,SYNTHETIC_DEMO
D_20260913,2026-09-13T17:52:20,101,SERVED,240.3,12,SYNTHETIC_DEMO
D_20260913,2026-09-13T18:00:03,102,ENTER,,8,SYNTHETIC_DEMO
D_20260913,2026-09-13T18:02:26,102,SERVED,143.7,8,SYNTHETIC_DEMO
D_20260913,2026-09-13T17:51:31,103,ENTER,,13,SYNTHETIC_DEMO
D_20260913,2026-09-13T17:55:19,103,SERVED,228.3,13,SYNTHETIC_DEMO
D_20260913,2026-09-13T17:49:47,104,ENTER,,12,SYNTHETIC_DEMO
D_20260913,2026-09-13T17:53:21,104,SERVED,214.5,12,SYNTHETIC_DEMO
D_20260913,2026-09-13T18:04:42,105,ENTER,,6,SYNTHETIC_DEMO
D_20260913,2026-09-13T18:06:45,105,SERVED,123.5,6,SYNTHETIC_DEMO
D_20260913,2026-09-13T17:52:21,106,ENTER,,12,SYNTHETIC_DEMO
D_20260913,2026-09-13T17:56:21,106,SERVED,240.1,12,SYNTHETIC_DEMO
D_20260913,2026-09-13T17:16:53,107,ENTER,,7,SYNTHETIC_DEMO
D_20260913,2026-09-13T17:18:50,107,SERVED,117.2,7,SYNTHETIC_DEMO
D_20260913,2026-09-13T17:39:27,108,ENTER,,15,SYNTHETIC_DEMO
D_20260913,2026-09-13T17:43:26,108,SERVED,238.9,15,SYNTHETIC_DEMO
D_20260913,2026-09-13T17:59:17,109,ENTER,,9,SYNTHETIC_DEMO
D_20260913,2026-09-13T18:02:05,109,SERVED,167.5,9,SYNTHETIC_DEMO
D_20260913,2026-09-13T17:48:19,110,ENTER,,13,SYNTHETIC_DEMO
D_20260913,2026-09-13T17:51:56,110,SERVED,217.0,13,SYNTHETIC_DEMO
D_20260913,2026-09-13T17:00:50,111,ENTER,,3,SYNTHETIC_DEMO
D_20260913,2026-09-13T17:02:17,111,SERVED,87.1,3,SYNTHETIC_DEMO
D_20260913,2026-09-13T17:45:04,112,ENTER,,14,SYNTHETIC_DEMO
D_20260913,2026-09-13T17:49:29,112,SERVED,264.9,14,SYNTHETIC_DEMO
D_20260913,2026-09-13T17:33:10,113,ENTER,,13,SYNTHETIC_DEMO
D_20260913,2026-09-13T17:37:27,113,SERVED,256.8,13,SYNTHETIC_DEMO
D_20260913,2026-09-13T18:07:36,114,ENTER,,6,SYNTHETIC_DEMO
D_20260913,2026-09-13T18:10:25,114,SERVED,168.7,6,SYNTHETIC_DEMO
D_20260913,2026-09-13T18:00:21,115,ENTER,,8,SYNTHETIC_DEMO
D_20260913,2026-09-13T18:03:11,115,SERVED,169.8,8,SYNTHETIC_DEMO
D_20260913,2026-09-13T17:42:59,116,ENTER,,14,SYNTHETIC_DEMO
D_20260913,2026-09-13T17:47:31,116,SERVED,271.6,14,SYNTHETIC_DEMO
D_20260913,2026-09-13T17:55:20,117,ENTER,,11,SYNTHETIC_DEMO
D_20260913,2026-09-13T17:58:09,117,SERVED,168.8,11,SYNTHETIC_DEMO
D_20260913,2026-09-13T18:03:28,118,ENTER,,5,SYNTHETIC_DEMO
D_20260913,2026-09-13T18:05:28,118,SERVED,119.7,5,SYNTHETIC_DEMO
D_20260913,2026-09-13T17:15:12,119,ENTER,,7,SYNTHETIC_DEMO
D_20260913,2026-09-13T17:18:06,119,SERVED,174.1,7,SYNTHETIC_DEMO
D_20260913,2026-09-13T17:14:42,120,ENTER,,6,SYNTHETIC_DEMO
D_20260913,2026-09-13T17:17:05,120,SERVED,143.5,6,SYNTHETIC_DEMO
D_20260913,2026-09-13T18:03:40,121,ENTER,,6,SYNTHETIC_DEMO
D_20260913,2026-09-13T18:05:47,121,SERVED,127.3,6,SYNTHETIC_DEMO
D_20260913,2026-09-13T17:53:47,122,ENTER,,11,SYNTHETIC_DEMO
D_20260913,2026-09-13T17:57:10,122,SERVED,203.0,11,SYNTHETIC_DEMO
D_20260913,2026-09-13T17:05:54,123,ENTER,,3,SYNTHETIC_DEMO
D_20260913,2026-09-13T17:07:58,123,SERVED,124.8,3,SYNTHETIC_DEMO
D_20260913,2026-09-13T18:27:53,124,ENTER,,2,SYNTHETIC_DEMO
D_20260913,2026-09-13T18:29:11,124,SERVED,78.3,2,SYNTHETIC_DEMO
D_20260913,2026-09-13T17:00:00,125,ENTER,,2,SYNTHETIC_DEMO
D_20260913,2026-09-13T17:00:50,125,SERVED,50.4,2,SYNTHETIC_DEMO
D_20260913,2026-09-13T17:41:13,126,ENTER,,15,SYNTHETIC_DEMO
D_20260913,2026-09-13T17:45:34,126,SERVED,260.6,15,SYNTHETIC_DEMO
D_20260913,2026-09-13T17:44:24,127,ENTER,,14,SYNTHETIC_DEMO
D_20260913,2026-09-13T17:47:51,127,SERVED,206.5,14,SYNTHETIC_DEMO
D_20260913,2026-09-13T17:38:36,128,ENTER,,14,SYNTHETIC_DEMO
D_20260913,2026-09-13T17:42:28,128,SERVED,231.4,14,SYNTHETIC_DEMO
D_20260913,2026-09-13T17:52:28,129,ENTER,,12,SYNTHETIC_DEMO
D_20260913,2026-09-13T17:56:12,129,SERVED,223.3,12,SYNTHETIC_DEMO
D_20260913,2026-09-13T17:31:45,130,ENTER,,15,SYNTHETIC_DEMO
D_20260913,2026-09-13T17:36:25,130,SERVED,280.3,15,SYNTHETIC_DEMO
D_20260913,2026-09-13T17:15:32,131,ENTER,,6,SYNTHETIC_DEMO
D_20260913,2026-09-13T17:17:47,131,SERVED,135.3,6,SYNTHETIC_DEMO
D_20260913,2026-09-13T17:42:38,132,ENTER,,15,SYNTHETIC_DEMO
D_20260913,2026-09-13T17:46:53,132,SERVED,254.4,15,SYNTHETIC_DEMO
B_20260914,2026-09-14T05:41:22,1,ENTER,,7,SYNTHETIC_DEMO
B_20260914,2026-09-14T05:43:26,1,SERVED,123.5,7,SYNTHETIC_DEMO
B_20260914,2026-09-14T05:46:03,2,ENTER,,8,SYNTHETIC_DEMO
B_20260914,2026-09-14T05:48:23,2,SERVED,139.6,8,SYNTHETIC_DEMO
B_20260914,2026-09-14T06:46:16,3,ENTER,,3,SYNTHETIC_DEMO
B_20260914,2026-09-14T06:48:11,3,SERVED,114.1,3,SYNTHETIC_DEMO
B_20260914,2026-09-14T05:57:41,4,ENTER,,12,SYNTHETIC_DEMO
B_20260914,2026-09-14T06:01:00,4,SERVED,199.5,12,SYNTHETIC_DEMO
B_20260914,2026-09-14T06:10:58,5,ENTER,,13,SYNTHETIC_DEMO
B_20260914,2026-09-14T06:14:54,5,SERVED,236.8,13,SYNTHETIC_DEMO
B_20260914,2026-09-14T06:22:32,6,ENTER,,9,SYNTHETIC_DEMO
B_20260914,2026-09-14T06:25:15,6,SERVED,163.7,9,SYNTHETIC_DEMO
B_20260914,2026-09-14T06:43:43,7,ENTER,,3,SYNTHETIC_DEMO
B_20260914,2026-09-14T06:45:10,7,SERVED,86.8,3,SYNTHETIC_DEMO
B_20260914,2026-09-14T06:41:16,8,ENTER,,2,SYNTHETIC_DEMO
B_20260914,2026-09-14T06:42:59,8,SERVED,102.9,2,SYNTHETIC_DEMO
B_20260914,2026-09-14T06:13:44,9,ENTER,,12,SYNTHETIC_DEMO
B_20260914,2026-09-14T06:16:51,9,SERVED,186.4,12,SYNTHETIC_DEMO
B_20260914,2026-09-14T06:21:27,10,ENTER,,11,SYNTHETIC_DEMO
B_20260914,2026-09-14T06:25:16,10,SERVED,228.5,11,SYNTHETIC_DEMO
B_20260914,2026-09-14T06:10:21,11,ENTER,,12,SYNTHETIC_DEMO
B_20260914,2026-09-14T06:13:41,11,SERVED,199.6,12,SYNTHETIC_DEMO
B_20260914,2026-09-14T06:07:22,12,ENTER,,13,SYNTHETIC_DEMO
B_20260914,2026-09-14T06:11:27,12,SERVED,244.9,13,SYNTHETIC_DEMO
B_20260914,2026-09-14T05:52:52,13,ENTER,,11,SYNTHETIC_DEMO
B_20260914,2026-09-14T05:56:35,13,SERVED,223.0,11,SYNTHETIC_DEMO
B_20260914,2026-09-14T05:30:00,14,ENTER,,3,SYNTHETIC_DEMO
B_20260914,2026-09-14T05:32:07,14,SERVED,127.8,3,SYNTHETIC_DEMO
B_20260914,2026-09-14T05:42:31,15,ENTER,,7,SYNTHETIC_DEMO
B_20260914,2026-09-14T05:44:56,15,SERVED,144.9,7,SYNTHETIC_DEMO
B_20260914,2026-09-14T06:14:11,16,ENTER,,14,SYNTHETIC_DEMO
B_20260914,2026-09-14T06:18:04,16,SERVED,233.3,14,SYNTHETIC_DEMO
B_20260914,2026-09-14T05:54:37,17,ENTER,,11,SYNTHETIC_DEMO
B_20260914,2026-09-14T05:58:06,17,SERVED,210.0,11,SYNTHETIC_DEMO
B_20260914,2026-09-14T05:38:01,18,ENTER,,4,SYNTHETIC_DEMO
B_20260914,2026-09-14T05:39:26,18,SERVED,85.9,4,SYNTHETIC_DEMO
B_20260914,2026-09-14T06:16:22,19,ENTER,,12,SYNTHETIC_DEMO
B_20260914,2026-09-14T06:20:25,19,SERVED,243.0,12,SYNTHETIC_DEMO
B_20260914,2026-09-14T05:54:54,20,ENTER,,13,SYNTHETIC_DEMO
B_20260914,2026-09-14T05:58:43,20,SERVED,228.8,13,SYNTHETIC_DEMO
B_20260914,2026-09-14T06:13:18,21,ENTER,,11,SYNTHETIC_DEMO
B_20260914,2026-09-14T06:16:16,21,SERVED,177.4,11,SYNTHETIC_DEMO
B_20260914,2026-09-14T06:26:21,22,ENTER,,7,SYNTHETIC_DEMO
B_20260914,2026-09-14T06:29:05,22,SERVED,163.7,7,SYNTHETIC_DEMO
B_20260914,2026-09-14T06:15:09,23,ENTER,,12,SYNTHETIC_DEMO
B_20260914,2026-09-14T06:18:21,23,SERVED,191.4,12,SYNTHETIC_DEMO
B_20260914,2026-09-14T06:04:58,24,ENTER,,14,SYNTHETIC_DEMO
B_20260914,2026-09-14T06:08:33,24,SERVED,215.0,14,SYNTHETIC_DEMO
B_20260914,2026-09-14T06:03:03,25,ENTER,,14,SYNTHETIC_DEMO
B_20260914,2026-09-14T06:07:27,25,SERVED,264.5,14,SYNTHETIC_DEMO
B_20260914,2026-09-14T06:22:30,26,ENTER,,9,SYNTHETIC_DEMO
B_20260914,2026-09-14T06:25:04,26,SERVED,153.5,9,SYNTHETIC_DEMO
B_20260914,2026-09-14T05:51:00,27,ENTER,,9,SYNTHETIC_DEMO
B_20260914,2026-09-14T05:53:26,27,SERVED,146.2,9,SYNTHETIC_DEMO
B_20260914,2026-09-14T06:02:13,28,ENTER,,15,SYNTHETIC_DEMO
B_20260914,2026-09-14T06:06:37,28,SERVED,264.0,15,SYNTHETIC_DEMO
B_20260914,2026-09-14T06:30:05,29,ENTER,,6,SYNTHETIC_DEMO
B_20260914,2026-09-14T06:31:55,29,SERVED,110.1,6,SYNTHETIC_DEMO
B_20260914,2026-09-14T06:11:55,30,ENTER,,15,SYNTHETIC_DEMO
B_20260914,2026-09-14T06:15:35,30,SERVED,220.2,15,SYNTHETIC_DEMO
B_20260914,2026-09-14T06:01:46,31,ENTER,,12,SYNTHETIC_DEMO
B_20260914,2026-09-14T06:05:17,31,SERVED,211.8,12,SYNTHETIC_DEMO
B_20260914,2026-09-14T05:53:37,32,ENTER,,11,SYNTHETIC_DEMO
B_20260914,2026-09-14T05:56:44,32,SERVED,187.7,11,SYNTHETIC_DEMO
B_20260914,2026-09-14T05:51:23,33,ENTER,,11,SYNTHETIC_DEMO
B_20260914,2026-09-14T05:55:18,33,SERVED,234.6,11,SYNTHETIC_DEMO
B_20260914,2026-09-14T06:00:06,34,ENTER,,14,SYNTHETIC_DEMO
B_20260914,2026-09-14T06:04:30,34,SERVED,264.0,14,SYNTHETIC_DEMO
B_20260914,2026-09-14T06:06:05,35,ENTER,,14,SYNTHETIC_DEMO
B_20260914,2026-09-14T06:10:23,35,SERVED,258.4,14,SYNTHETIC_DEMO
B_20260914,2026-09-14T05:30:00,36,ENTER,,4,SYNTHETIC_DEMO
B_20260914,2026-09-14T05:31:15,36,SERVED,75.2,4,SYNTHETIC_DEMO
B_20260914,2026-09-14T06:00:33,37,ENTER,,13,SYNTHETIC_DEMO
B_20260914,2026-09-14T06:04:48,37,SERVED,254.8,13,SYNTHETIC_DEMO
B_20260914,2026-09-14T05:30:00,38,ENTER,,2,SYNTHETIC_DEMO
B_20260914,2026-09-14T05:31:36,38,SERVED,96.1,2,SYNTHETIC_DEMO
B_20260914,2026-09-14T07:05:11,39,ENTER,,1,SYNTHETIC_DEMO
B_20260914,2026-09-14T07:06:25,39,SERVED,73.7,1,SYNTHETIC_DEMO
B_20260914,2026-09-14T06:10:00,40,ENTER,,14,SYNTHETIC_DEMO
B_20260914,2026-09-14T06:13:58,40,SERVED,238.1,14,SYNTHETIC_DEMO
B_20260914,2026-09-14T06:13:19,41,ENTER,,12,SYNTHETIC_DEMO
B_20260914,2026-09-14T06:16:19,41,SERVED,180.5,12,SYNTHETIC_DEMO
B_20260914,2026-09-14T05:30:00,42,ENTER,,1,SYNTHETIC_DEMO
B_20260914,2026-09-14T05:30:31,42,SERVED,31.8,1,SYNTHETIC_DEMO
B_20260914,2026-09-14T05:36:52,43,ENTER,,5,SYNTHETIC_DEMO
B_20260914,2026-09-14T05:38:31,43,SERVED,99.2,5,SYNTHETIC_DEMO
B_20260914,2026-09-14T06:14:49,44,ENTER,,11,SYNTHETIC_DEMO
B_20260914,2026-09-14T06:18:35,44,SERVED,226.5,11,SYNTHETIC_DEMO
B_20260914,2026-09-14T05:54:42,45,ENTER,,13,SYNTHETIC_DEMO
B_20260914,2026-09-14T05:58:29,45,SERVED,226.8,13,SYNTHETIC_DEMO
B_20260914,2026-09-14T06:10:34,46,ENTER,,13,SYNTHETIC_DEMO
B_20260914,2026-09-14T06:13:57,46,SERVED,202.7,13,SYNTHETIC_DEMO
B_20260914,2026-09-14T06:21:36,47,ENTER,,9,SYNTHETIC_DEMO
B_20260914,2026-09-14T06:24:15,47,SERVED,158.3,9,SYNTHETIC_DEMO
B_20260914,2026-09-14T06:18:35,48,ENTER,,10,SYNTHETIC_DEMO
B_20260914,2026-09-14T06:21:31,48,SERVED,175.9,10,SYNTHETIC_DEMO
B_20260914,2026-09-14T05:50:12,49,ENTER,,11,SYNTHETIC_DEMO
B_20260914,2026-09-14T05:54:03,49,SERVED,231.2,11,SYNTHETIC_DEMO
B_20260914,2026-09-14T05:40:43,50,ENTER,,6,SYNTHETIC_DEMO
B_20260914,2026-09-14T05:42:44,50,SERVED,121.3,6,SYNTHETIC_DEMO
B_20260914,2026-09-14T05:31:44,51,ENTER,,4,SYNTHETIC_DEMO
B_20260914,2026-09-14T05:33:27,51,SERVED,102.6,4,SYNTHETIC_DEMO
B_20260914,2026-09-14T06:30:13,52,ENTER,,7,SYNTHETIC_DEMO
B_20260914,2026-09-14T06:33:15,52,SERVED,181.4,7,SYNTHETIC_DEMO
B_20260914,2026-09-14T06:04:56,53,ENTER,,13,SYNTHETIC_DEMO
B_20260914,2026-09-14T06:08:30,53,SERVED,214.5,13,SYNTHETIC_DEMO
B_20260914,2026-09-14T05:50:35,54,ENTER,,9,SYNTHETIC_DEMO
B_20260914,2026-09-14T05:53:53,54,SERVED,197.8,9,SYNTHETIC_DEMO
B_20260914,2026-09-14T06:22:22,55,ENTER,,9,SYNTHETIC_DEMO
B_20260914,2026-09-14T06:25:45,55,SERVED,203.1,9,SYNTHETIC_DEMO
B_20260914,2026-09-14T05:34:34,56,ENTER,,3,SYNTHETIC_DEMO
B_20260914,2026-09-14T05:36:28,56,SERVED,114.5,3,SYNTHETIC_DEMO
B_20260914,2026-09-14T05:30:10,57,ENTER,,3,SYNTHETIC_DEMO
B_20260914,2026-09-14T05:32:15,57,SERVED,124.9,3,SYNTHETIC_DEMO
B_20260914,2026-09-14T05:57:14,58,ENTER,,13,SYNTHETIC_DEMO
B_20260914,2026-09-14T06:01:14,58,SERVED,240.3,13,SYNTHETIC_DEMO
B_20260914,2026-09-14T06:03:49,59,ENTER,,12,SYNTHETIC_DEMO
B_20260914,2026-09-14T06:07:41,59,SERVED,232.5,12,SYNTHETIC_DEMO
B_20260914,2026-09-14T05:49:12,60,ENTER,,10,SYNTHETIC_DEMO
B_20260914,2026-09-14T05:51:55,60,SERVED,163.4,10,SYNTHETIC_DEMO
B_20260914,2026-09-14T06:02:02,61,ENTER,,15,SYNTHETIC_DEMO
B_20260914,2026-09-14T06:06:24,61,SERVED,261.8,15,SYNTHETIC_DEMO
B_20260914,2026-09-14T06:49:28,62,ENTER,,1,SYNTHETIC_DEMO
B_20260914,2026-09-14T06:51:06,62,SERVED,97.7,1,SYNTHETIC_DEMO
B_20260914,2026-09-14T05:33:41,63,ENTER,,4,SYNTHETIC_DEMO
B_20260914,2026-09-14T05:35:12,63,SERVED,91.0,4,SYNTHETIC_DEMO
B_20260914,2026-09-14T06:09:34,64,ENTER,,13,SYNTHETIC_DEMO
B_20260914,2026-09-14T06:13:12,64,SERVED,217.9,13,SYNTHETIC_DEMO
B_20260914,2026-09-14T05:51:51,65,ENTER,,12,SYNTHETIC_DEMO
B_20260914,2026-09-14T05:55:36,65,SERVED,225.3,12,SYNTHETIC_DEMO
B_20260914,2026-09-14T06:12:39,66,ENTER,,12,SYNTHETIC_DEMO
B_20260914,2026-09-14T06:16:39,66,SERVED,240.1,12,SYNTHETIC_DEMO
B_20260914,2026-09-14T06:40:48,67,ENTER,,3,SYNTHETIC_DEMO
B_20260914,2026-09-14T06:42:10,67,SERVED,82.7,3,SYNTHETIC_DEMO
B_20260914,2026-09-14T06:31:42,68,ENTER,,6,SYNTHETIC_DEMO
B_20260914,2026-09-14T06:33:20,68,SERVED,98.6,6,SYNTHETIC_DEMO
B_20260914,2026-09-14T06:03:55,69,ENTER,,15,SYNTHETIC_DEMO
B_20260914,2026-09-14T06:08:40,69,SERVED,284.6,15,SYNTHETIC_DEMO
B_20260914,2026-09-14T06:02:54,70,ENTER,,13,SYNTHETIC_DEMO
B_20260914,2026-09-14T06:06:07,70,SERVED,193.1,13,SYNTHETIC_DEMO
B_20260914,2026-09-14T06:03:50,71,ENTER,,14,SYNTHETIC_DEMO
B_20260914,2026-09-14T06:08:04,71,SERVED,254.2,14,SYNTHETIC_DEMO
B_20260914,2026-09-14T05:47:21,72,ENTER,,10,SYNTHETIC_DEMO
B_20260914,2026-09-14T05:50:18,72,SERVED,177.7,10,SYNTHETIC_DEMO
B_20260914,2026-09-14T05:50:09,73,ENTER,,12,SYNTHETIC_DEMO
B_20260914,2026-09-14T05:54:04,73,SERVED,234.7,12,SYNTHETIC_DEMO
B_20260914,2026-09-14T06:02:29,74,ENTER,,14,SYNTHETIC_DEMO
B_20260914,2026-09-14T06:07:03,74,SERVED,274.3,14,SYNTHETIC_DEMO
B_20260914,2026-09-14T05:33:40,75,ENTER,,3,SYNTHETIC_DEMO
B_20260914,2026-09-14T05:35:07,75,SERVED,86.1,3,SYNTHETIC_DEMO
B_20260914,2026-09-14T05:58:22,76,ENTER,,13,SYNTHETIC_DEMO
B_20260914,2026-09-14T06:02:41,76,SERVED,259.2,13,SYNTHETIC_DEMO
B_20260914,2026-09-14T05:56:04,77,ENTER,,11,SYNTHETIC_DEMO
B_20260914,2026-09-14T05:59:40,77,SERVED,216.4,11,SYNTHETIC_DEMO
B_20260914,2026-09-14T05:52:46,78,ENTER,,11,SYNTHETIC_DEMO
B_20260914,2026-09-14T05:56:34,78,SERVED,227.5,11,SYNTHETIC_DEMO
B_20260914,2026-09-14T05:55:41,79,ENTER,,12,SYNTHETIC_DEMO
B_20260914,2026-09-14T05:59:25,79,SERVED,223.8,12,SYNTHETIC_DEMO
B_20260914,2026-09-14T05:56:18,80,ENTER,,11,SYNTHETIC_DEMO
B_20260914,2026-09-14T05:59:25,80,SERVED,187.0,11,SYNTHETIC_DEMO
B_20260914,2026-09-14T06:06:06,81,ENTER,,14,SYNTHETIC_DEMO
B_20260914,2026-09-14T06:09:31,81,SERVED,204.4,14,SYNTHETIC_DEMO
B_20260914,2026-09-14T06:11:55,82,ENTER,,12,SYNTHETIC_DEMO
B_20260914,2026-09-14T06:15:27,82,SERVED,212.2,12,SYNTHETIC_DEMO
B_20260914,2026-09-14T05:50:22,83,ENTER,,10,SYNTHETIC_DEMO
B_20260914,2026-09-14T05:54:01,83,SERVED,218.4,10,SYNTHETIC_DEMO
B_20260914,2026-09-14T06:08:15,84,ENTER,,12,SYNTHETIC_DEMO
B_20260914,2026-09-14T06:11:39,84,SERVED,204.3,12,SYNTHETIC_DEMO
B_20260914,2026-09-14T06:09:40,85,ENTER,,12,SYNTHETIC_DEMO
B_20260914,2026-09-14T06:13:22,85,SERVED,221.5,12,SYNTHETIC_DEMO
B_20260914,2026-09-14T06:32:03,86,ENTER,,4,SYNTHETIC_DEMO
B_20260914,2026-09-14T06:33:25,86,SERVED,82.1,4,SYNTHETIC_DEMO
B_20260914,2026-09-14T05:47:28,87,ENTER,,8,SYNTHETIC_DEMO
B_20260914,2026-09-14T05:49:36,87,SERVED,127.8,8,SYNTHETIC_DEMO
B_20260914,2026-09-14T06:13:55,88,ENTER,,12,SYNTHETIC_DEMO
B_20260914,2026-09-14T06:17:28,88,SERVED,213.1,12,SYNTHETIC_DEMO
B_20260914,2026-09-14T06:00:17,89,ENTER,,14,SYNTHETIC_DEMO
B_20260914,2026-09-14T06:04:00,89,SERVED,223.2,14,SYNTHETIC_DEMO
B_20260914,2026-09-14T05:48:03,90,ENTER,,8,SYNTHETIC_DEMO
B_20260914,2026-09-14T05:51:02,90,SERVED,178.3,8,SYNTHETIC_DEMO
B_20260914,2026-09-14T05:47:55,91,ENTER,,11,SYNTHETIC_DEMO
B_20260914,2026-09-14T05:51:18,91,SERVED,202.2,11,SYNTHETIC_DEMO
B_20260914,2026-09-14T06:10:53,92,ENTER,,13,SYNTHETIC_DEMO
B_20260914,2026-09-14T06:14:09,92,SERVED,195.9,13,SYNTHETIC_DEMO
B_20260914,2026-09-14T06:06:04,93,ENTER,,14,SYNTHETIC_DEMO
B_20260914,2026-09-14T06:09:36,93,SERVED,211.9,14,SYNTHETIC_DEMO
B_20260914,2026-09-14T05:58:22,94,ENTER,,12,SYNTHETIC_DEMO
B_20260914,2026-09-14T06:01:54,94,SERVED,211.9,12,SYNTHETIC_DEMO
B_20260914,2026-09-14T06:09:46,95,ENTER,,13,SYNTHETIC_DEMO
B_20260914,2026-09-14T06:13:38,95,SERVED,231.2,13,SYNTHETIC_DEMO
B_20260914,2026-09-14T05:53:11,96,ENTER,,12,SYNTHETIC_DEMO
B_20260914,2026-09-14T05:56:59,96,SERVED,228.1,12,SYNTHETIC_DEMO
B_20260914,2026-09-14T06:31:58,97,ENTER,,3,SYNTHETIC_DEMO
B_20260914,2026-09-14T06:34:01,97,SERVED,123.1,3,SYNTHETIC_DEMO
B_20260914,2026-09-14T05:50:36,98,ENTER,,12,SYNTHETIC_DEMO
B_20260914,2026-09-14T05:54:14,98,SERVED,217.8,12,SYNTHETIC_DEMO
B_20260914,2026-09-14T05:46:55,99,ENTER,,10,SYNTHETIC_DEMO
B_20260914,2026-09-14T05:50:04,99,SERVED,189.2,10,SYNTHETIC_DEMO
B_20260914,2026-09-14T06:10:07,100,ENTER,,15,SYNTHETIC_DEMO
B_20260914,2026-09-14T06:14:24,100,SERVED,257.8,15,SYNTHETIC_DEMO
B_20260914,2026-09-14T05:56:58,101,ENTER,,14,SYNTHETIC_DEMO
B_20260914,2026-09-14T06:01:19,101,SERVED,260.4,14,SYNTHETIC_DEMO
B_20260914,2026-09-14T06:54:56,102,ENTER,,1,SYNTHETIC_DEMO
B_20260914,2026-09-14T06:56:22,102,SERVED,85.3,1,SYNTHETIC_DEMO
B_20260914,2026-09-14T05:49:56,103,ENTER,,9,SYNTHETIC_DEMO
B_20260914,2026-09-14T05:52:47,103,SERVED,171.2,9,SYNTHETIC_DEMO
B_20260914,2026-09-14T06:18:40,104,ENTER,,10,SYNTHETIC_DEMO
B_20260914,2026-09-14T06:21:24,104,SERVED,164.8,10,SYNTHETIC_DEMO
B_20260914,2026-09-14T05:58:02,105,ENTER,,13,SYNTHETIC_DEMO
B_20260914,2026-09-14T06:01:22,105,SERVED,200.3,13,SYNTHETIC_DEMO
B_20260914,2026-09-14T06:25:08,106,ENTER,,8,SYNTHETIC_DEMO
B_20260914,2026-09-14T06:27:21,106,SERVED,132.4,8,SYNTHETIC_DEMO
B_20260914,2026-09-14T05:43:52,107,ENTER,,7,SYNTHETIC_DEMO
B_20260914,2026-09-14T05:46:14,107,SERVED,142.2,7,SYNTHETIC_DEMO
B_20260914,2026-09-14T05:36:56,108,ENTER,,5,SYNTHETIC_DEMO
B_20260914,2026-09-14T05:38:49,108,SERVED,112.8,5,SYNTHETIC_DEMO
L_20260914,2026-09-14T11:38:10,1,ENTER,,9,SYNTHETIC_DEMO
L_20260914,2026-09-14T11:41:03,1,SERVED,173.2,9,SYNTHETIC_DEMO
L_20260914,2026-09-14T12:32:09,2,ENTER,,3,SYNTHETIC_DEMO
L_20260914,2026-09-14T12:33:39,2,SERVED,89.7,3,SYNTHETIC_DEMO
L_20260914,2026-09-14T11:39:07,3,ENTER,,9,SYNTHETIC_DEMO
L_20260914,2026-09-14T11:41:25,3,SERVED,137.6,9,SYNTHETIC_DEMO
L_20260914,2026-09-14T12:13:50,4,ENTER,,13,SYNTHETIC_DEMO
L_20260914,2026-09-14T12:17:31,4,SERVED,220.3,13,SYNTHETIC_DEMO
L_20260914,2026-09-14T12:26:15,5,ENTER,,8,SYNTHETIC_DEMO
L_20260914,2026-09-14T12:29:02,5,SERVED,166.5,8,SYNTHETIC_DEMO
L_20260914,2026-09-14T11:39:50,6,ENTER,,10,SYNTHETIC_DEMO
L_20260914,2026-09-14T11:42:28,6,SERVED,157.5,10,SYNTHETIC_DEMO
L_20260914,2026-09-14T11:59:36,7,ENTER,,19,SYNTHETIC_DEMO
L_20260914,2026-09-14T12:05:01,7,SERVED,325.2,19,SYNTHETIC_DEMO
L_20260914,2026-09-14T12:22:57,8,ENTER,,8,SYNTHETIC_DEMO
L_20260914,2026-09-14T12:25:02,8,SERVED,124.6,8,SYNTHETIC_DEMO
L_20260914,2026-09-14T12:12:43,9,ENTER,,13,SYNTHETIC_DEMO
L_20260914,2026-09-14T12:17:02,9,SERVED,258.8,13,SYNTHETIC_DEMO
L_20260914,2026-09-14T11:57:52,10,ENTER,,17,SYNTHETIC_DEMO
L_20260914,2026-09-14T12:02:59,10,SERVED,307.1,17,SYNTHETIC_DEMO
L_20260914,2026-09-14T11:48:08,11,ENTER,,14,SYNTHETIC_DEMO
L_20260914,2026-09-14T11:51:51,11,SERVED,223.2,14,SYNTHETIC_DEMO
L_20260914,2026-09-14T11:51:02,12,ENTER,,15,SYNTHETIC_DEMO
L_20260914,2026-09-14T11:55:23,12,SERVED,261.0,15,SYNTHETIC_DEMO
L_20260914,2026-09-14T11:53:55,13,ENTER,,16,SYNTHETIC_DEMO
L_20260914,2026-09-14T11:58:15,13,SERVED,260.0,16,SYNTHETIC_DEMO
L_20260914,2026-09-14T12:26:55,14,ENTER,,7,SYNTHETIC_DEMO
L_20260914,2026-09-14T12:29:43,14,SERVED,167.9,7,SYNTHETIC_DEMO
L_20260914,2026-09-14T12:01:01,15,ENTER,,16,SYNTHETIC_DEMO
L_20260914,2026-09-14T12:05:53,15,SERVED,291.4,16,SYNTHETIC_DEMO
L_20260914,2026-09-14T12:28:20,16,ENTER,,6,SYNTHETIC_DEMO
L_20260914,2026-09-14T12:30:54,16,SERVED,154.5,6,SYNTHETIC_DEMO
L_20260914,2026-09-14T12:26:49,17,ENTER,,8,SYNTHETIC_DEMO
L_20260914,2026-09-14T12:29:46,17,SERVED,177.3,8,SYNTHETIC_DEMO
L_20260914,2026-09-14T11:47:05,18,ENTER,,13,SYNTHETIC_DEMO
L_20260914,2026-09-14T11:51:23,18,SERVED,258.3,13,SYNTHETIC_DEMO
L_20260914,2026-09-14T12:34:34,19,ENTER,,3,SYNTHETIC_DEMO
L_20260914,2026-09-14T12:35:35,19,SERVED,61.5,3,SYNTHETIC_DEMO
L_20260914,2026-09-14T11:49:08,20,ENTER,,14,SYNTHETIC_DEMO
L_20260914,2026-09-14T11:53:26,20,SERVED,258.3,14,SYNTHETIC_DEMO
L_20260914,2026-09-14T11:46:21,21,ENTER,,13,SYNTHETIC_DEMO
L_20260914,2026-09-14T11:49:52,21,SERVED,210.2,13,SYNTHETIC_DEMO
L_20260914,2026-09-14T12:14:22,22,ENTER,,12,SYNTHETIC_DEMO
L_20260914,2026-09-14T12:18:11,22,SERVED,229.3,12,SYNTHETIC_DEMO
L_20260914,2026-09-14T12:03:07,23,ENTER,,17,SYNTHETIC_DEMO
L_20260914,2026-09-14T12:07:22,23,SERVED,255.1,17,SYNTHETIC_DEMO
L_20260914,2026-09-14T11:48:50,24,ENTER,,15,SYNTHETIC_DEMO
L_20260914,2026-09-14T11:52:35,24,SERVED,225.3,15,SYNTHETIC_DEMO
L_20260914,2026-09-14T11:31:37,25,ENTER,,6,SYNTHETIC_DEMO
L_20260914,2026-09-14T11:34:16,25,SERVED,159.1,6,SYNTHETIC_DEMO
L_20260914,2026-09-14T12:13:48,26,ENTER,,14,SYNTHETIC_DEMO
L_20260914,2026-09-14T12:17:58,26,SERVED,250.2,14,SYNTHETIC_DEMO
L_20260914,2026-09-14T12:23:57,27,ENTER,,6,SYNTHETIC_DEMO
L_20260914,2026-09-14T12:25:46,27,SERVED,109.3,6,SYNTHETIC_DEMO
L_20260914,2026-09-14T11:41:54,28,ENTER,,10,SYNTHETIC_DEMO
L_20260914,2026-09-14T11:44:57,28,SERVED,183.0,10,SYNTHETIC_DEMO
L_20260914,2026-09-14T11:47:26,29,ENTER,,14,SYNTHETIC_DEMO
L_20260914,2026-09-14T11:51:15,29,SERVED,228.1,14,SYNTHETIC_DEMO
L_20260914,2026-09-14T12:08:04,30,ENTER,,16,SYNTHETIC_DEMO
L_20260914,2026-09-14T12:12:25,30,SERVED,260.7,16,SYNTHETIC_DEMO
L_20260914,2026-09-14T12:27:41,31,ENTER,,6,SYNTHETIC_DEMO
L_20260914,2026-09-14T12:29:29,31,SERVED,108.1,6,SYNTHETIC_DEMO
L_20260914,2026-09-14T12:37:22,32,ENTER,,1,SYNTHETIC_DEMO
L_20260914,2026-09-14T12:38:32,32,SERVED,70.2,1,SYNTHETIC_DEMO
L_20260914,2026-09-14T12:09:10,33,ENTER,,15,SYNTHETIC_DEMO
L_20260914,2026-09-14T12:13:47,33,SERVED,277.6,15,SYNTHETIC_DEMO
L_20260914,2026-09-14T12:02:51,34,ENTER,,16,SYNTHETIC_DEMO
L_20260914,2026-09-14T12:07:42,34,SERVED,291.2,16,SYNTHETIC_DEMO
L_20260914,2026-09-14T12:04:14,35,ENTER,,17,SYNTHETIC_DEMO
L_20260914,2026-09-14T12:08:21,35,SERVED,246.8,17,SYNTHETIC_DEMO
L_20260914,2026-09-14T11:52:35,36,ENTER,,16,SYNTHETIC_DEMO
L_20260914,2026-09-14T11:56:28,36,SERVED,232.5,16,SYNTHETIC_DEMO
L_20260914,2026-09-14T12:03:44,37,ENTER,,17,SYNTHETIC_DEMO
L_20260914,2026-09-14T12:06:08,37,ABANDONED,,17,SYNTHETIC_DEMO
L_20260914,2026-09-14T11:30:00,38,ENTER,,6,SYNTHETIC_DEMO
L_20260914,2026-09-14T11:32:10,38,SERVED,130.5,6,SYNTHETIC_DEMO
L_20260914,2026-09-14T12:27:59,39,ENTER,,5,SYNTHETIC_DEMO
L_20260914,2026-09-14T12:30:03,39,SERVED,124.2,5,SYNTHETIC_DEMO
L_20260914,2026-09-14T12:10:09,40,ENTER,,14,SYNTHETIC_DEMO
L_20260914,2026-09-14T12:13:46,40,SERVED,217.2,14,SYNTHETIC_DEMO
L_20260914,2026-09-14T12:26:06,41,ENTER,,6,SYNTHETIC_DEMO
L_20260914,2026-09-14T12:28:54,41,SERVED,167.9,6,SYNTHETIC_DEMO
L_20260914,2026-09-14T11:43:42,42,ENTER,,12,SYNTHETIC_DEMO
L_20260914,2026-09-14T11:47:00,42,SERVED,197.5,12,SYNTHETIC_DEMO
L_20260914,2026-09-14T12:49:36,43,ENTER,,1,SYNTHETIC_DEMO
L_20260914,2026-09-14T12:51:09,43,SERVED,92.5,1,SYNTHETIC_DEMO
L_20260914,2026-09-14T12:03:36,44,ENTER,,16,SYNTHETIC_DEMO
L_20260914,2026-09-14T12:05:32,44,ABANDONED,,16,SYNTHETIC_DEMO
L_20260914,2026-09-14T11:47:03,45,ENTER,,14,SYNTHETIC_DEMO
L_20260914,2026-09-14T11:51:24,45,SERVED,261.3,14,SYNTHETIC_DEMO
L_20260914,2026-09-14T11:59:46,46,ENTER,,17,SYNTHETIC_DEMO
L_20260914,2026-09-14T12:04:27,46,SERVED,280.8,17,SYNTHETIC_DEMO
L_20260914,2026-09-14T12:22:21,47,ENTER,,8,SYNTHETIC_DEMO
L_20260914,2026-09-14T12:24:27,47,SERVED,126.3,8,SYNTHETIC_DEMO
L_20260914,2026-09-14T12:19:39,48,ENTER,,9,SYNTHETIC_DEMO
L_20260914,2026-09-14T12:22:29,48,SERVED,170.7,9,SYNTHETIC_DEMO
L_20260914,2026-09-14T12:16:17,49,ENTER,,12,SYNTHETIC_DEMO
L_20260914,2026-09-14T12:20:17,49,SERVED,240.0,12,SYNTHETIC_DEMO
L_20260914,2026-09-14T11:30:00,50,ENTER,,4,SYNTHETIC_DEMO
L_20260914,2026-09-14T11:32:04,50,SERVED,124.6,4,SYNTHETIC_DEMO
L_20260914,2026-09-14T12:21:04,51,ENTER,,9,SYNTHETIC_DEMO
L_20260914,2026-09-14T12:23:30,51,SERVED,145.9,9,SYNTHETIC_DEMO
L_20260914,2026-09-14T11:49:33,52,ENTER,,14,SYNTHETIC_DEMO
L_20260914,2026-09-14T11:53:28,52,SERVED,235.6,14,SYNTHETIC_DEMO
L_20260914,2026-09-14T12:09:45,53,ENTER,,15,SYNTHETIC_DEMO
L_20260914,2026-09-14T12:14:10,53,SERVED,265.4,15,SYNTHETIC_DEMO
L_20260914,2026-09-14T11:47:52,54,ENTER,,15,SYNTHETIC_DEMO
L_20260914,2026-09-14T11:51:32,54,SERVED,219.6,15,SYNTHETIC_DEMO
L_20260914,2026-09-14T12:19:50,55,ENTER,,9,SYNTHETIC_DEMO
L_20260914,2026-09-14T12:23:16,55,SERVED,205.3,9,SYNTHETIC_DEMO
L_20260914,2026-09-14T11:49:08,56,ENTER,,15,SYNTHETIC_DEMO
L_20260914,2026-09-14T11:53:49,56,SERVED,281.0,15,SYNTHETIC_DEMO
L_20260914,2026-09-14T12:16:18,57,ENTER,,12,SYNTHETIC_DEMO
L_20260914,2026-09-14T12:19:49,57,SERVED,211.3,12,SYNTHETIC_DEMO
L_20260914,2026-09-14T12:06:25,58,ENTER,,16,SYNTHETIC_DEMO
L_20260914,2026-09-14T12:08:32,58,ABANDONED,,16,SYNTHETIC_DEMO
L_20260914,2026-09-14T12:08:57,59,ENTER,,16,SYNTHETIC_DEMO
L_20260914,2026-09-14T12:13:00,59,SERVED,242.4,16,SYNTHETIC_DEMO
L_20260914,2026-09-14T12:15:47,60,ENTER,,13,SYNTHETIC_DEMO
L_20260914,2026-09-14T12:19:02,60,SERVED,194.9,13,SYNTHETIC_DEMO
L_20260914,2026-09-14T12:08:00,61,ENTER,,15,SYNTHETIC_DEMO
L_20260914,2026-09-14T12:12:00,61,SERVED,239.7,15,SYNTHETIC_DEMO
L_20260914,2026-09-14T12:31:25,62,ENTER,,5,SYNTHETIC_DEMO
L_20260914,2026-09-14T12:33:29,62,SERVED,123.8,5,SYNTHETIC_DEMO
L_20260914,2026-09-14T12:02:20,63,ENTER,,15,SYNTHETIC_DEMO
L_20260914,2026-09-14T12:05:57,63,SERVED,217.0,15,SYNTHETIC_DEMO
L_20260914,2026-09-14T12:10:23,64,ENTER,,16,SYNTHETIC_DEMO
L_20260914,2026-09-14T12:15:06,64,SERVED,282.9,16,SYNTHETIC_DEMO
L_20260914,2026-09-14T11:44:31,65,ENTER,,12,SYNTHETIC_DEMO
L_20260914,2026-09-14T11:48:04,65,SERVED,213.3,12,SYNTHETIC_DEMO
L_20260914,2026-09-14T12:13:48,66,ENTER,,13,SYNTHETIC_DEMO
L_20260914,2026-09-14T12:17:07,66,SERVED,198.8,13,SYNTHETIC_DEMO
L_20260914,2026-09-14T12:01:29,67,ENTER,,17,SYNTHETIC_DEMO
L_20260914,2026-09-14T12:05:50,67,SERVED,261.0,17,SYNTHETIC_DEMO
L_20260914,2026-09-14T12:32:16,68,ENTER,,4,SYNTHETIC_DEMO
L_20260914,2026-09-14T12:33:53,68,SERVED,97.7,4,SYNTHETIC_DEMO
L_20260914,2026-09-14T11:30:00,69,ENTER,,4,SYNTHETIC_DEMO
L_20260914,2026-09-14T11:31:26,69,SERVED,86.1,4,SYNTHETIC_DEMO
L_20260914,2026-09-14T12:11:35,70,ENTER,,15,SYNTHETIC_DEMO
L_20260914,2026-09-14T12:15:56,70,SERVED,261.0,15,SYNTHETIC_DEMO
L_20260914,2026-09-14T11:40:42,71,ENTER,,11,SYNTHETIC_DEMO
L_20260914,2026-09-14T11:44:32,71,SERVED,229.3,11,SYNTHETIC_DEMO
L_20260914,2026-09-14T12:03:20,72,ENTER,,18,SYNTHETIC_DEMO
L_20260914,2026-09-14T12:08:20,72,SERVED,299.6,18,SYNTHETIC_DEMO
L_20260914,2026-09-14T12:27:32,73,ENTER,,5,SYNTHETIC_DEMO
L_20260914,2026-09-14T12:29:09,73,SERVED,96.8,5,SYNTHETIC_DEMO
L_20260914,2026-09-14T12:52:57,74,ENTER,,2,SYNTHETIC_DEMO
L_20260914,2026-09-14T12:54:08,74,SERVED,70.8,2,SYNTHETIC_DEMO
L_20260914,2026-09-14T12:08:03,75,ENTER,,15,SYNTHETIC_DEMO
L_20260914,2026-09-14T12:11:50,75,SERVED,226.7,15,SYNTHETIC_DEMO
L_20260914,2026-09-14T12:07:46,76,ENTER,,15,SYNTHETIC_DEMO
L_20260914,2026-09-14T12:11:36,76,SERVED,230.8,15,SYNTHETIC_DEMO
L_20260914,2026-09-14T11:51:53,77,ENTER,,15,SYNTHETIC_DEMO
L_20260914,2026-09-14T11:55:51,77,SERVED,238.5,15,SYNTHETIC_DEMO
L_20260914,2026-09-14T12:12:50,78,ENTER,,14,SYNTHETIC_DEMO
L_20260914,2026-09-14T12:16:43,78,SERVED,233.8,14,SYNTHETIC_DEMO
L_20260914,2026-09-14T12:14:29,79,ENTER,,12,SYNTHETIC_DEMO
L_20260914,2026-09-14T12:17:41,79,SERVED,191.3,12,SYNTHETIC_DEMO
L_20260914,2026-09-14T11:54:14,80,ENTER,,16,SYNTHETIC_DEMO
L_20260914,2026-09-14T11:58:51,80,SERVED,276.6,16,SYNTHETIC_DEMO
L_20260914,2026-09-14T12:30:08,81,ENTER,,5,SYNTHETIC_DEMO
L_20260914,2026-09-14T12:32:15,81,SERVED,126.9,5,SYNTHETIC_DEMO
L_20260914,2026-09-14T11:45:25,82,ENTER,,13,SYNTHETIC_DEMO
L_20260914,2026-09-14T11:49:29,82,SERVED,244.4,13,SYNTHETIC_DEMO
L_20260914,2026-09-14T12:00:41,83,ENTER,,16,SYNTHETIC_DEMO
L_20260914,2026-09-14T12:05:42,83,SERVED,300.6,16,SYNTHETIC_DEMO
L_20260914,2026-09-14T11:49:17,84,ENTER,,15,SYNTHETIC_DEMO
L_20260914,2026-09-14T11:53:40,84,SERVED,263.0,15,SYNTHETIC_DEMO
L_20260914,2026-09-14T11:32:54,85,ENTER,,6,SYNTHETIC_DEMO
L_20260914,2026-09-14T11:35:13,85,SERVED,138.9,6,SYNTHETIC_DEMO
L_20260914,2026-09-14T12:02:52,86,ENTER,,16,SYNTHETIC_DEMO
L_20260914,2026-09-14T12:07:30,86,SERVED,277.7,16,SYNTHETIC_DEMO
L_20260914,2026-09-14T12:05:10,87,ENTER,,17,SYNTHETIC_DEMO
L_20260914,2026-09-14T12:10:10,87,SERVED,300.8,17,SYNTHETIC_DEMO
L_20260914,2026-09-14T12:11:48,88,ENTER,,13,SYNTHETIC_DEMO
L_20260914,2026-09-14T12:15:36,88,SERVED,227.4,13,SYNTHETIC_DEMO
L_20260914,2026-09-14T12:20:39,89,ENTER,,10,SYNTHETIC_DEMO
L_20260914,2026-09-14T12:23:10,89,SERVED,150.3,10,SYNTHETIC_DEMO
L_20260914,2026-09-14T12:31:43,90,ENTER,,5,SYNTHETIC_DEMO
L_20260914,2026-09-14T12:33:55,90,SERVED,131.4,5,SYNTHETIC_DEMO
L_20260914,2026-09-14T11:59:45,91,ENTER,,17,SYNTHETIC_DEMO
L_20260914,2026-09-14T12:04:10,91,SERVED,264.7,17,SYNTHETIC_DEMO
L_20260914,2026-09-14T11:39:30,92,ENTER,,9,SYNTHETIC_DEMO
L_20260914,2026-09-14T11:42:14,92,SERVED,164.1,9,SYNTHETIC_DEMO
L_20260914,2026-09-14T11:30:00,93,ENTER,,5,SYNTHETIC_DEMO
L_20260914,2026-09-14T11:32:10,93,SERVED,131.0,5,SYNTHETIC_DEMO
L_20260914,2026-09-14T11:58:20,94,ENTER,,16,SYNTHETIC_DEMO
L_20260914,2026-09-14T12:02:44,94,SERVED,263.5,16,SYNTHETIC_DEMO
L_20260914,2026-09-14T11:41:36,95,ENTER,,11,SYNTHETIC_DEMO
L_20260914,2026-09-14T11:44:49,95,SERVED,193.0,11,SYNTHETIC_DEMO
L_20260914,2026-09-14T12:18:18,96,ENTER,,13,SYNTHETIC_DEMO
L_20260914,2026-09-14T12:21:41,96,SERVED,203.5,13,SYNTHETIC_DEMO
L_20260914,2026-09-14T11:36:59,97,ENTER,,8,SYNTHETIC_DEMO
L_20260914,2026-09-14T11:40:12,97,SERVED,192.8,8,SYNTHETIC_DEMO
L_20260914,2026-09-14T12:04:24,98,ENTER,,16,SYNTHETIC_DEMO
L_20260914,2026-09-14T12:08:46,98,SERVED,262.3,16,SYNTHETIC_DEMO
L_20260914,2026-09-14T12:07:41,99,ENTER,,15,SYNTHETIC_DEMO
L_20260914,2026-09-14T12:11:30,99,SERVED,228.2,15,SYNTHETIC_DEMO
L_20260914,2026-09-14T12:28:59,100,ENTER,,6,SYNTHETIC_DEMO
L_20260914,2026-09-14T12:31:02,100,SERVED,123.3,6,SYNTHETIC_DEMO
L_20260914,2026-09-14T12:09:38,101,ENTER,,15,SYNTHETIC_DEMO
L_20260914,2026-09-14T12:13:14,101,SERVED,216.2,15,SYNTHETIC_DEMO
L_20260914,2026-09-14T11:34:50,102,ENTER,,6,SYNTHETIC_DEMO
L_20260914,2026-09-14T11:37:26,102,SERVED,156.9,6,SYNTHETIC_DEMO
L_20260914,2026-09-14T12:08:25,103,ENTER,,16,SYNTHETIC_DEMO
L_20260914,2026-09-14T12:13:21,103,SERVED,296.5,16,SYNTHETIC_DEMO
L_20260914,2026-09-14T11:31:01,104,ENTER,,5,SYNTHETIC_DEMO
L_20260914,2026-09-14T11:33:29,104,SERVED,147.3,5,SYNTHETIC_DEMO
L_20260914,2026-09-14T11:57:18,105,ENTER,,17,SYNTHETIC_DEMO
L_20260914,2026-09-14T12:01:48,105,SERVED,269.6,17,SYNTHETIC_DEMO
L_20260914,2026-09-14T11:31:26,106,ENTER,,6,SYNTHETIC_DEMO
L_20260914,2026-09-14T11:33:52,106,SERVED,146.2,6,SYNTHETIC_DEMO
L_20260914,2026-09-14T12:08:21,107,ENTER,,15,SYNTHETIC_DEMO
L_20260914,2026-09-14T12:12:39,107,SERVED,258.3,15,SYNTHETIC_DEMO
L_20260914,2026-09-14T12:12:45,108,ENTER,,13,SYNTHETIC_DEMO
L_20260914,2026-09-14T12:16:34,108,SERVED,228.8,13,SYNTHETIC_DEMO
L_20260914,2026-09-14T11:39:45,109,ENTER,,11,SYNTHETIC_DEMO
L_20260914,2026-09-14T11:42:59,109,SERVED,193.6,11,SYNTHETIC_DEMO
L_20260914,2026-09-14T11:48:09,110,ENTER,,13,SYNTHETIC_DEMO
L_20260914,2026-09-14T11:51:30,110,SERVED,200.9,13,SYNTHETIC_DEMO
L_20260914,2026-09-14T11:46:09,111,ENTER,,12,SYNTHETIC_DEMO
L_20260914,2026-09-14T11:49:38,111,SERVED,209.3,12,SYNTHETIC_DEMO
L_20260914,2026-09-14T12:10:14,112,ENTER,,15,SYNTHETIC_DEMO
L_20260914,2026-09-14T12:14:30,112,SERVED,256.1,15,SYNTHETIC_DEMO
L_20260914,2026-09-14T11:57:05,113,ENTER,,18,SYNTHETIC_DEMO
L_20260914,2026-09-14T12:02:05,113,SERVED,300.1,18,SYNTHETIC_DEMO
D_20260914,2026-09-14T17:47:20,1,ENTER,,15,SYNTHETIC_DEMO
D_20260914,2026-09-14T17:51:23,1,SERVED,243.6,15,SYNTHETIC_DEMO
D_20260914,2026-09-14T17:56:22,2,ENTER,,10,SYNTHETIC_DEMO
D_20260914,2026-09-14T17:59:53,2,SERVED,211.9,10,SYNTHETIC_DEMO
D_20260914,2026-09-14T17:32:25,3,ENTER,,15,SYNTHETIC_DEMO
D_20260914,2026-09-14T17:36:59,3,SERVED,273.8,15,SYNTHETIC_DEMO
D_20260914,2026-09-14T17:42:44,4,ENTER,,16,SYNTHETIC_DEMO
D_20260914,2026-09-14T17:47:11,4,SERVED,267.2,16,SYNTHETIC_DEMO
D_20260914,2026-09-14T17:20:15,5,ENTER,,9,SYNTHETIC_DEMO
D_20260914,2026-09-14T17:23:35,5,SERVED,200.7,9,SYNTHETIC_DEMO
D_20260914,2026-09-14T17:23:53,6,ENTER,,10,SYNTHETIC_DEMO
D_20260914,2026-09-14T17:27:26,6,SERVED,213.2,10,SYNTHETIC_DEMO
D_20260914,2026-09-14T17:50:08,7,ENTER,,14,SYNTHETIC_DEMO
D_20260914,2026-09-14T17:53:39,7,SERVED,211.8,14,SYNTHETIC_DEMO
D_20260914,2026-09-14T17:11:02,8,ENTER,,5,SYNTHETIC_DEMO
D_20260914,2026-09-14T17:13:29,8,SERVED,147.0,5,SYNTHETIC_DEMO
D_20260914,2026-09-14T17:49:37,9,ENTER,,16,SYNTHETIC_DEMO
D_20260914,2026-09-14T17:53:27,9,SERVED,229.4,16,SYNTHETIC_DEMO
D_20260914,2026-09-14T18:08:47,10,ENTER,,4,SYNTHETIC_DEMO
D_20260914,2026-09-14T18:10:26,10,SERVED,98.4,4,SYNTHETIC_DEMO
D_20260914,2026-09-14T17:52:11,11,ENTER,,14,SYNTHETIC_DEMO
D_20260914,2026-09-14T17:56:20,11,SERVED,248.4,14,SYNTHETIC_DEMO
D_20260914,2026-09-14T17:27:16,12,ENTER,,12,SYNTHETIC_DEMO
D_20260914,2026-09-14T17:31:19,12,SERVED,243.0,12,SYNTHETIC_DEMO
D_20260914,2026-09-14T17:23:58,13,ENTER,,10,SYNTHETIC_DEMO
D_20260914,2026-09-14T17:27:24,13,SERVED,205.8,10,SYNTHETIC_DEMO
D_20260914,2026-09-14T18:05:26,14,ENTER,,6,SYNTHETIC_DEMO
D_20260914,2026-09-14T18:07:38,14,SERVED,131.5,6,SYNTHETIC_DEMO
D_20260914,2026-09-14T18:16:37,15,ENTER,,4,SYNTHETIC_DEMO
D_20260914,2026-09-14T18:17:59,15,SERVED,82.6,4,SYNTHETIC_DEMO
D_20260914,2026-09-14T17:46:40,16,ENTER,,15,SYNTHETIC_DEMO
D_20260914,2026-09-14T17:50:26,16,SERVED,225.6,15,SYNTHETIC_DEMO
D_20260914,2026-09-14T17:19:34,17,ENTER,,10,SYNTHETIC_DEMO
D_20260914,2026-09-14T17:22:18,17,SERVED,163.9,10,SYNTHETIC_DEMO
D_20260914,2026-09-14T17:50:51,18,ENTER,,14,SYNTHETIC_DEMO
D_20260914,2026-09-14T17:55:01,18,SERVED,249.9,14,SYNTHETIC_DEMO
D_20260914,2026-09-14T17:42:02,19,ENTER,,16,SYNTHETIC_DEMO
D_20260914,2026-09-14T17:46:42,19,SERVED,280.1,16,SYNTHETIC_DEMO
D_20260914,2026-09-14T17:33:20,20,ENTER,,18,SYNTHETIC_DEMO
D_20260914,2026-09-14T17:38:17,20,SERVED,297.0,18,SYNTHETIC_DEMO
D_20260914,2026-09-14T17:41:35,21,ENTER,,16,SYNTHETIC_DEMO
D_20260914,2026-09-14T17:46:10,21,SERVED,274.8,16,SYNTHETIC_DEMO
D_20260914,2026-09-14T17:37:52,22,ENTER,,16,SYNTHETIC_DEMO
D_20260914,2026-09-14T17:42:22,22,SERVED,270.6,16,SYNTHETIC_DEMO
D_20260914,2026-09-14T17:56:11,23,ENTER,,10,SYNTHETIC_DEMO
D_20260914,2026-09-14T17:59:13,23,SERVED,182.2,10,SYNTHETIC_DEMO
D_20260914,2026-09-14T17:52:09,24,ENTER,,13,SYNTHETIC_DEMO
D_20260914,2026-09-14T17:56:25,24,SERVED,256.1,13,SYNTHETIC_DEMO
D_20260914,2026-09-14T17:24:36,25,ENTER,,12,SYNTHETIC_DEMO
D_20260914,2026-09-14T17:28:19,25,SERVED,223.0,12,SYNTHETIC_DEMO
D_20260914,2026-09-14T17:20:26,26,ENTER,,8,SYNTHETIC_DEMO
D_20260914,2026-09-14T17:22:40,26,SERVED,134.8,8,SYNTHETIC_DEMO
D_20260914,2026-09-14T18:09:35,27,ENTER,,4,SYNTHETIC_DEMO
D_20260914,2026-09-14T18:11:53,27,SERVED,138.3,4,SYNTHETIC_DEMO
D_20260914,2026-09-14T17:18:27,28,ENTER,,8,SYNTHETIC_DEMO
D_20260914,2026-09-14T17:21:42,28,SERVED,195.4,8,SYNTHETIC_DEMO
D_20260914,2026-09-14T17:25:55,29,ENTER,,12,SYNTHETIC_DEMO
D_20260914,2026-09-14T17:29:52,29,SERVED,236.1,12,SYNTHETIC_DEMO
D_20260914,2026-09-14T17:00:09,30,ENTER,,3,SYNTHETIC_DEMO
D_20260914,2026-09-14T17:01:51,30,SERVED,102.2,3,SYNTHETIC_DEMO
D_20260914,2026-09-14T17:35:50,31,ENTER,,15,SYNTHETIC_DEMO
D_20260914,2026-09-14T17:40:23,31,SERVED,273.3,15,SYNTHETIC_DEMO
D_20260914,2026-09-14T17:38:44,32,ENTER,,16,SYNTHETIC_DEMO
D_20260914,2026-09-14T17:42:53,32,SERVED,248.7,16,SYNTHETIC_DEMO
D_20260914,2026-09-14T17:48:13,33,ENTER,,15,SYNTHETIC_DEMO
D_20260914,2026-09-14T17:53:00,33,SERVED,287.1,15,SYNTHETIC_DEMO
D_20260914,2026-09-14T17:24:44,34,ENTER,,13,SYNTHETIC_DEMO
D_20260914,2026-09-14T17:28:44,34,SERVED,239.6,13,SYNTHETIC_DEMO
D_20260914,2026-09-14T17:14:55,35,ENTER,,7,SYNTHETIC_DEMO
D_20260914,2026-09-14T17:17:41,35,SERVED,165.8,7,SYNTHETIC_DEMO
D_20260914,2026-09-14T17:25:35,36,ENTER,,13,SYNTHETIC_DEMO
D_20260914,2026-09-14T17:28:59,36,SERVED,203.5,13,SYNTHETIC_DEMO
D_20260914,2026-09-14T17:25:44,37,ENTER,,12,SYNTHETIC_DEMO
D_20260914,2026-09-14T17:29:02,37,SERVED,198.1,12,SYNTHETIC_DEMO
D_20260914,2026-09-14T17:28:51,38,ENTER,,15,SYNTHETIC_DEMO
D_20260914,2026-09-14T17:32:50,38,SERVED,239.4,15,SYNTHETIC_DEMO
D_20260914,2026-09-14T17:40:28,39,ENTER,,15,SYNTHETIC_DEMO
D_20260914,2026-09-14T17:44:21,39,SERVED,233.4,15,SYNTHETIC_DEMO
D_20260914,2026-09-14T17:48:46,40,ENTER,,13,SYNTHETIC_DEMO
D_20260914,2026-09-14T17:52:27,40,SERVED,220.3,13,SYNTHETIC_DEMO
D_20260914,2026-09-14T18:03:04,41,ENTER,,9,SYNTHETIC_DEMO
D_20260914,2026-09-14T18:06:07,41,SERVED,182.6,9,SYNTHETIC_DEMO
D_20260914,2026-09-14T18:00:00,42,ENTER,,8,SYNTHETIC_DEMO
D_20260914,2026-09-14T18:03:12,42,SERVED,192.1,8,SYNTHETIC_DEMO
D_20260914,2026-09-14T18:05:01,43,ENTER,,6,SYNTHETIC_DEMO
D_20260914,2026-09-14T18:06:55,43,SERVED,113.0,6,SYNTHETIC_DEMO
D_20260914,2026-09-14T17:53:27,44,ENTER,,13,SYNTHETIC_DEMO
D_20260914,2026-09-14T17:57:40,44,SERVED,252.6,13,SYNTHETIC_DEMO
D_20260914,2026-09-14T17:39:46,45,ENTER,,17,SYNTHETIC_DEMO
D_20260914,2026-09-14T17:44:24,45,SERVED,277.7,17,SYNTHETIC_DEMO
D_20260914,2026-09-14T17:15:00,46,ENTER,,6,SYNTHETIC_DEMO
D_20260914,2026-09-14T17:16:48,46,SERVED,107.9,6,SYNTHETIC_DEMO
D_20260914,2026-09-14T18:13:02,47,ENTER,,3,SYNTHETIC_DEMO
D_20260914,2026-09-14T18:14:27,47,SERVED,84.8,3,SYNTHETIC_DEMO
D_20260914,2026-09-14T17:49:07,48,ENTER,,15,SYNTHETIC_DEMO
D_20260914,2026-09-14T17:53:44,48,SERVED,276.6,15,SYNTHETIC_DEMO
D_20260914,2026-09-14T17:59:38,49,ENTER,,10,SYNTHETIC_DEMO
D_20260914,2026-09-14T18:02:23,49,SERVED,165.9,10,SYNTHETIC_DEMO
D_20260914,2026-09-14T17:22:37,50,ENTER,,11,SYNTHETIC_DEMO
D_20260914,2026-09-14T17:25:24,50,SERVED,167.4,11,SYNTHETIC_DEMO
D_20260914,2026-09-14T17:02:54,51,ENTER,,3,SYNTHETIC_DEMO
D_20260914,2026-09-14T17:04:38,51,SERVED,103.7,3,SYNTHETIC_DEMO
D_20260914,2026-09-14T17:20:06,52,ENTER,,10,SYNTHETIC_DEMO
D_20260914,2026-09-14T17:22:51,52,SERVED,164.6,10,SYNTHETIC_DEMO
D_20260914,2026-09-14T18:00:26,53,ENTER,,9,SYNTHETIC_DEMO
D_20260914,2026-09-14T18:02:45,53,SERVED,139.1,9,SYNTHETIC_DEMO
D_20260914,2026-09-14T17:35:12,54,ENTER,,16,SYNTHETIC_DEMO
D_20260914,2026-09-14T17:39:34,54,SERVED,262.4,16,SYNTHETIC_DEMO
D_20260914,2026-09-14T17:58:38,55,ENTER,,9,SYNTHETIC_DEMO
D_20260914,2026-09-14T18:01:05,55,SERVED,147.6,9,SYNTHETIC_DEMO
D_20260914,2026-09-14T17:36:09,56,ENTER,,16,SYNTHETIC_DEMO
D_20260914,2026-09-14T17:40:46,56,SERVED,277.4,16,SYNTHETIC_DEMO
D_20260914,2026-09-14T17:08:37,57,ENTER,,4,SYNTHETIC_DEMO
D_20260914,2026-09-14T17:10:20,57,SERVED,103.4,4,SYNTHETIC_DEMO
D_20260914,2026-09-14T17:16:19,58,ENTER,,8,SYNTHETIC_DEMO
D_20260914,2026-09-14T17:18:41,58,SERVED,142.0,8,SYNTHETIC_DEMO
D_20260914,2026-09-14T17:28:14,59,ENTER,,14,SYNTHETIC_DEMO
D_20260914,2026-09-14T17:32:15,59,SERVED,241.0,14,SYNTHETIC_DEMO
D_20260914,2026-09-14T17:14:03,60,ENTER,,4,SYNTHETIC_DEMO
D_20260914,2026-09-14T17:15:46,60,SERVED,103.0,4,SYNTHETIC_DEMO
D_20260914,2026-09-14T17:00:00,61,ENTER,,2,SYNTHETIC_DEMO
D_20260914,2026-09-14T17:01:01,61,SERVED,61.3,2,SYNTHETIC_DEMO
D_20260914,2026-09-14T18:04:26,62,ENTER,,7,SYNTHETIC_DEMO
D_20260914,2026-09-14T18:06:48,62,SERVED,142.1,7,SYNTHETIC_DEMO
D_20260914,2026-09-14T17:38:18,63,ENTER,,18,SYNTHETIC_DEMO
D_20260914,2026-09-14T17:43:16,63,SERVED,298.1,18,SYNTHETIC_DEMO
D_20260914,2026-09-14T18:28:01,64,ENTER,,3,SYNTHETIC_DEMO
D_20260914,2026-09-14T18:30:00,64,SERVED,118.9,3,SYNTHETIC_DEMO
D_20260914,2026-09-14T17:44:38,65,ENTER,,17,SYNTHETIC_DEMO
D_20260914,2026-09-14T17:48:51,65,SERVED,253.3,17,SYNTHETIC_DEMO
D_20260914,2026-09-14T17:56:19,66,ENTER,,12,SYNTHETIC_DEMO
D_20260914,2026-09-14T17:59:47,66,SERVED,208.5,12,SYNTHETIC_DEMO
D_20260914,2026-09-14T17:55:45,67,ENTER,,12,SYNTHETIC_DEMO
D_20260914,2026-09-14T17:59:20,67,SERVED,215.0,12,SYNTHETIC_DEMO
D_20260914,2026-09-14T17:46:51,68,ENTER,,16,SYNTHETIC_DEMO
D_20260914,2026-09-14T17:51:40,68,SERVED,289.1,16,SYNTHETIC_DEMO
D_20260914,2026-09-14T17:10:51,69,ENTER,,4,SYNTHETIC_DEMO
D_20260914,2026-09-14T17:13:00,69,SERVED,128.1,4,SYNTHETIC_DEMO
D_20260914,2026-09-14T17:26:08,70,ENTER,,12,SYNTHETIC_DEMO
D_20260914,2026-09-14T17:29:35,70,SERVED,206.7,12,SYNTHETIC_DEMO
D_20260914,2026-09-14T17:12:53,71,ENTER,,6,SYNTHETIC_DEMO
D_20260914,2026-09-14T17:14:42,71,SERVED,109.3,6,SYNTHETIC_DEMO
D_20260914,2026-09-14T17:41:58,72,ENTER,,17,SYNTHETIC_DEMO
D_20260914,2026-09-14T17:47:05,72,SERVED,307.7,17,SYNTHETIC_DEMO
D_20260914,2026-09-14T17:45:05,73,ENTER,,18,SYNTHETIC_DEMO
D_20260914,2026-09-14T17:49:27,73,SERVED,261.8,18,SYNTHETIC_DEMO
D_20260914,2026-09-14T18:07:45,74,ENTER,,5,SYNTHETIC_DEMO
D_20260914,2026-09-14T18:09:13,74,SERVED,88.5,5,SYNTHETIC_DEMO
D_20260914,2026-09-14T17:35:29,75,ENTER,,15,SYNTHETIC_DEMO
D_20260914,2026-09-14T17:39:33,75,SERVED,243.4,15,SYNTHETIC_DEMO
D_20260914,2026-09-14T17:55:53,76,ENTER,,12,SYNTHETIC_DEMO
D_20260914,2026-09-14T17:59:21,76,SERVED,208.1,12,SYNTHETIC_DEMO
D_20260914,2026-09-14T17:24:27,77,ENTER,,12,SYNTHETIC_DEMO
D_20260914,2026-09-14T17:28:06,77,SERVED,219.5,12,SYNTHETIC_DEMO
D_20260914,2026-09-14T17:19:15,78,ENTER,,10,SYNTHETIC_DEMO
D_20260914,2026-09-14T17:21:50,78,SERVED,154.7,10,SYNTHETIC_DEMO
D_20260914,2026-09-14T17:41:50,79,ENTER,,15,SYNTHETIC_DEMO
D_20260914,2026-09-14T17:46:31,79,SERVED,281.4,15,SYNTHETIC_DEMO
D_20260914,2026-09-14T17:31:52,80,ENTER,,15,SYNTHETIC_DEMO
D_20260914,2026-09-14T17:36:30,80,SERVED,278.3,15,SYNTHETIC_DEMO
D_20260914,2026-09-14T18:29:25,81,ENTER,,2,SYNTHETIC_DEMO
D_20260914,2026-09-14T18:30:21,81,SERVED,56.0,2,SYNTHETIC_DEMO
D_20260914,2026-09-14T17:33:28,82,ENTER,,16,SYNTHETIC_DEMO
D_20260914,2026-09-14T17:38:02,82,SERVED,274.1,16,SYNTHETIC_DEMO
D_20260914,2026-09-14T17:13:05,83,ENTER,,7,SYNTHETIC_DEMO
D_20260914,2026-09-14T17:15:41,83,SERVED,156.5,7,SYNTHETIC_DEMO
D_20260914,2026-09-14T17:00:00,84,ENTER,,2,SYNTHETIC_DEMO
D_20260914,2026-09-14T17:01:44,84,SERVED,104.3,2,SYNTHETIC_DEMO
D_20260914,2026-09-14T18:17:14,85,ENTER,,4,SYNTHETIC_DEMO
D_20260914,2026-09-14T18:18:55,85,SERVED,101.5,4,SYNTHETIC_DEMO
D_20260914,2026-09-14T17:58:44,86,ENTER,,11,SYNTHETIC_DEMO
D_20260914,2026-09-14T18:02:01,86,SERVED,196.8,11,SYNTHETIC_DEMO
D_20260914,2026-09-14T17:30:46,87,ENTER,,14,SYNTHETIC_DEMO
D_20260914,2026-09-14T17:34:09,87,SERVED,202.9,14,SYNTHETIC_DEMO
D_20260914,2026-09-14T17:14:57,88,ENTER,,7,SYNTHETIC_DEMO
D_20260914,2026-09-14T17:16:50,88,SERVED,112.5,7,SYNTHETIC_DEMO
D_20260914,2026-09-14T17:39:18,89,ENTER,,16,SYNTHETIC_DEMO
D_20260914,2026-09-14T17:43:18,89,SERVED,240.3,16,SYNTHETIC_DEMO
D_20260914,2026-09-14T18:07:51,90,ENTER,,6,SYNTHETIC_DEMO
D_20260914,2026-09-14T18:10:03,90,SERVED,131.7,6,SYNTHETIC_DEMO
D_20260914,2026-09-14T17:13:39,91,ENTER,,6,SYNTHETIC_DEMO
D_20260914,2026-09-14T17:16:06,91,SERVED,147.7,6,SYNTHETIC_DEMO
D_20260914,2026-09-14T17:45:13,92,ENTER,,16,SYNTHETIC_DEMO
D_20260914,2026-09-14T17:49:06,92,SERVED,233.4,16,SYNTHETIC_DEMO
D_20260914,2026-09-14T18:12:17,93,ENTER,,5,SYNTHETIC_DEMO
D_20260914,2026-09-14T18:14:43,93,SERVED,146.3,5,SYNTHETIC_DEMO
D_20260914,2026-09-14T17:25:17,94,ENTER,,13,SYNTHETIC_DEMO
D_20260914,2026-09-14T17:28:58,94,SERVED,220.9,13,SYNTHETIC_DEMO
D_20260914,2026-09-14T17:29:17,95,ENTER,,13,SYNTHETIC_DEMO
D_20260914,2026-09-14T17:33:12,95,SERVED,235.2,13,SYNTHETIC_DEMO
D_20260914,2026-09-14T17:35:33,96,ENTER,,18,SYNTHETIC_DEMO
D_20260914,2026-09-14T17:40:32,96,SERVED,299.5,18,SYNTHETIC_DEMO
D_20260914,2026-09-14T18:01:59,97,ENTER,,7,SYNTHETIC_DEMO
D_20260914,2026-09-14T18:04:57,97,SERVED,177.5,7,SYNTHETIC_DEMO
D_20260914,2026-09-14T17:22:23,98,ENTER,,12,SYNTHETIC_DEMO
D_20260914,2026-09-14T17:23:52,98,ABANDONED,,12,SYNTHETIC_DEMO
D_20260914,2026-09-14T18:03:22,99,ENTER,,7,SYNTHETIC_DEMO
D_20260914,2026-09-14T18:05:30,99,SERVED,127.1,7,SYNTHETIC_DEMO
D_20260914,2026-09-14T17:32:18,100,ENTER,,15,SYNTHETIC_DEMO
D_20260914,2026-09-14T17:36:05,100,SERVED,226.4,15,SYNTHETIC_DEMO
D_20260914,2026-09-14T17:06:20,101,ENTER,,4,SYNTHETIC_DEMO
D_20260914,2026-09-14T17:07:35,101,SERVED,74.8,4,SYNTHETIC_DEMO
D_20260914,2026-09-14T17:29:37,102,ENTER,,15,SYNTHETIC_DEMO
D_20260914,2026-09-14T17:33:43,102,SERVED,246.4,15,SYNTHETIC_DEMO
D_20260914,2026-09-14T17:15:31,103,ENTER,,6,SYNTHETIC_DEMO
D_20260914,2026-09-14T17:18:02,103,SERVED,150.6,6,SYNTHETIC_DEMO
D_20260914,2026-09-14T17:34:42,104,ENTER,,15,SYNTHETIC_DEMO
D_20260914,2026-09-14T17:39:15,104,SERVED,272.7,15,SYNTHETIC_DEMO
D_20260914,2026-09-14T17:38:11,105,ENTER,,17,SYNTHETIC_DEMO
D_20260914,2026-09-14T17:42:22,105,SERVED,251.1,17,SYNTHETIC_DEMO
D_20260914,2026-09-14T17:29:11,106,ENTER,,15,SYNTHETIC_DEMO
D_20260914,2026-09-14T17:33:07,106,SERVED,235.9,15,SYNTHETIC_DEMO
D_20260914,2026-09-14T18:19:28,107,ENTER,,2,SYNTHETIC_DEMO
D_20260914,2026-09-14T18:20:19,107,SERVED,51.8,2,SYNTHETIC_DEMO
D_20260914,2026-09-14T17:41:31,108,ENTER,,16,SYNTHETIC_DEMO
D_20260914,2026-09-14T17:45:47,108,SERVED,255.7,16,SYNTHETIC_DEMO
D_20260914,2026-09-14T18:05:46,109,ENTER,,8,SYNTHETIC_DEMO
D_20260914,2026-09-14T18:07:05,109,ABANDONED,,8,SYNTHETIC_DEMO
D_20260914,2026-09-14T17:41:23,110,ENTER,,15,SYNTHETIC_DEMO
D_20260914,2026-09-14T17:45:17,110,SERVED,233.4,15,SYNTHETIC_DEMO
D_20260914,2026-09-14T18:09:22,111,ENTER,,4,SYNTHETIC_DEMO
D_20260914,2026-09-14T18:10:44,111,SERVED,81.6,4,SYNTHETIC_DEMO
D_20260914,2026-09-14T17:42:59,112,ENTER,,17,SYNTHETIC_DEMO
D_20260914,2026-09-14T17:47:20,112,SERVED,260.5,17,SYNTHETIC_DEMO
D_20260914,2026-09-14T17:38:10,113,ENTER,,16,SYNTHETIC_DEMO
D_20260914,2026-09-14T17:42:56,113,SERVED,286.6,16,SYNTHETIC_DEMO
D_20260914,2026-09-14T17:21:06,114,ENTER,,10,SYNTHETIC_DEMO
D_20260914,2026-09-14T17:24:43,114,SERVED,217.9,10,SYNTHETIC_DEMO
D_20260914,2026-09-14T17:53:14,115,ENTER,,13,SYNTHETIC_DEMO
D_20260914,2026-09-14T17:54:57,115,ABANDONED,,13,SYNTHETIC_DEMO
D_20260914,2026-09-14T17:26:24,116,ENTER,,13,SYNTHETIC_DEMO
D_20260914,2026-09-14T17:30:24,116,SERVED,239.3,13,SYNTHETIC_DEMO
D_20260914,2026-09-14T17:38:53,117,ENTER,,16,SYNTHETIC_DEMO
D_20260914,2026-09-14T17:43:46,117,SERVED,293.5,16,SYNTHETIC_DEMO
D_20260914,2026-09-14T18:00:10,118,ENTER,,11,SYNTHETIC_DEMO
D_20260914,2026-09-14T18:02:57,118,SERVED,166.2,11,SYNTHETIC_DEMO
